timestamp,elapsed_s,sample,system_powertop_W
2026-06-09 16:15:18,0,1,18.3
2026-06-09 16:15:20,2,2,235
2026-06-09 16:15:22,4,3,106
2026-06-09 16:15:25,7,4,422
2026-06-09 16:15:27,9,5,135
2026-06-09 16:15:29,11,6,356
2026-06-09 16:15:32,14,7,162
2026-06-09 16:15:34,16,8,31.8
2026-06-09 16:15:36,18,9,264
2026-06-09 16:15:38,20,10,203
2026-06-09 16:15:40,22,11,212
2026-06-09 16:15:43,25,12,19.6
2026-06-09 16:15:45,27,13,22.3
2026-06-09 16:15:47,29,14,46.9
2026-06-09 16:15:49,31,15,22.8
2026-06-09 16:15:51,33,16,41.1
2026-06-09 16:15:53,35,17,31.4
2026-06-09 16:15:55,37,18,247
2026-06-09 16:15:57,39,19,221
2026-06-09 16:15:59,41,20,230
2026-06-09 16:16:02,44,21,24.9
2026-06-09 16:16:04,46,22,19.7
2026-06-09 16:16:06,48,23,167
2026-06-09 16:16:08,50,24,117
2026-06-09 16:16:10,52,25,39.6
2026-06-09 16:16:12,54,26,21.3
2026-06-09 16:16:14,56,27,37.6
2026-06-09 16:16:17,59,28,30.7
2026-06-09 16:16:19,61,29,247
2026-06-09 16:16:21,63,30,36.0
2026-06-09 16:16:23,65,31,37.2
2026-06-09 16:16:26,68,32,142
2026-06-09 16:16:28,70,33,19.9
2026-06-09 16:16:30,72,34,249
2026-06-09 16:16:32,74,35,117
2026-06-09 16:16:34,76,36,68.1
2026-06-09 16:16:36,78,37,31.1
2026-06-09 16:16:39,81,38,137
2026-06-09 16:16:41,83,39,39.5
2026-06-09 16:16:43,85,40,34.7
2026-06-09 16:16:45,87,41,106
2026-06-09 16:16:47,89,42,25.5
2026-06-09 16:16:49,91,43,124
2026-06-09 16:16:51,93,44,69.1
2026-06-09 16:16:53,95,45,46.4
2026-06-09 16:16:56,98,46,194
2026-06-09 16:16:58,100,47,20.4
2026-06-09 16:17:00,102,48,128
2026-06-09 16:17:02,104,49,215
2026-06-09 16:17:04,106,50,83.5
2026-06-09 16:17:06,108,51,22.3
2026-06-09 16:17:08,110,52,260
2026-06-09 16:17:11,113,53,30.1
2026-06-09 16:17:13,115,54,55.1
2026-06-09 16:17:15,117,55,94.9
2026-06-09 16:17:17,119,56,42.8
2026-06-09 16:17:19,121,57,74.3
2026-06-09 16:17:22,124,58,35.5
2026-06-09 16:17:24,126,59,248
2026-06-09 16:17:26,128,60,49.9
2026-06-09 16:17:28,130,61,17.5
2026-06-09 16:17:30,132,62,30.5
2026-06-09 16:17:32,134,63,150
2026-06-09 16:17:35,137,64,31.1
2026-06-09 16:17:37,139,65,29.8
2026-06-09 16:17:39,141,66,20.7
2026-06-09 16:17:41,143,67,170
2026-06-09 16:17:44,146,68,22.0
2026-06-09 16:17:46,148,69,41.7
2026-06-09 16:17:48,150,70,401
2026-06-09 16:17:50,152,71,75.6
2026-06-09 16:17:52,154,72,28.7
2026-06-09 16:17:54,156,73,91.6
2026-06-09 16:17:56,158,74,39.7
2026-06-09 16:17:59,161,75,210
2026-06-09 16:18:01,163,76,36.9
2026-06-09 16:18:03,165,77,20.2
2026-06-09 16:18:05,167,78,45.0
2026-06-09 16:18:08,170,79,85.0
2026-06-09 16:18:10,172,80,38.4
2026-06-09 16:18:12,174,81,140
2026-06-09 16:18:14,176,82,25.3
2026-06-09 16:18:16,178,83,33.0
2026-06-09 16:18:19,181,84,300
2026-06-09 16:18:21,183,85,35.4
2026-06-09 16:18:23,185,86,115
2026-06-09 16:18:25,187,87,23.3
2026-06-09 16:18:27,189,88,76.2
2026-06-09 16:18:29,191,89,32.4
2026-06-09 16:18:32,194,90,193
2026-06-09 16:18:34,196,91,35.3
2026-06-09 16:18:36,198,92,40.3
2026-06-09 16:18:38,200,93,46.6
2026-06-09 16:18:40,202,94,208
2026-06-09 16:18:43,205,95,26.1
2026-06-09 16:18:45,207,96,30.8
2026-06-09 16:18:47,209,97,34.6
2026-06-09 16:18:49,211,98,102
2026-06-09 16:18:51,213,99,50.0
2026-06-09 16:18:53,215,100,200
2026-06-09 16:18:55,217,101,35.6
2026-06-09 16:18:57,219,102,34.9
2026-06-09 16:19:00,222,103,41.7
2026-06-09 16:19:02,224,104,82.7
2026-06-09 16:19:04,226,105,35.3
2026-06-09 16:19:06,228,106,234
2026-06-09 16:19:08,230,107,35.1
2026-06-09 16:19:10,232,108,21.2
2026-06-09 16:19:12,234,109,63.7
2026-06-09 16:19:14,236,110,108
2026-06-09 16:19:17,239,111,44.0
2026-06-09 16:19:19,241,112,27.9
2026-06-09 16:19:21,243,113,340
2026-06-09 16:19:23,245,114,74.4
2026-06-09 16:19:25,247,115,28.3
2026-06-09 16:19:27,249,116,120
2026-06-09 16:19:29,251,117,85.5
2026-06-09 16:19:32,254,118,406
2026-06-09 16:19:34,256,119,128
2026-06-09 16:19:37,259,120,83.4
2026-06-09 16:19:40,262,121,196
2026-06-09 16:19:43,265,122,52.5
2026-06-09 16:19:46,268,123,127
2026-06-09 16:19:49,271,124,150
2026-06-09 16:19:52,274,125,297
2026-06-09 16:19:54,276,126,147
2026-06-09 16:19:57,279,127,101
2026-06-09 16:20:00,282,128,21.4
2026-06-09 16:20:03,285,129,123
2026-06-09 16:20:06,288,130,158
2026-06-09 16:20:09,291,131,41.5
2026-06-09 16:20:12,294,132,137
2026-06-09 16:20:15,297,133,280
2026-06-09 16:20:18,300,134,182
2026-06-09 16:20:20,302,135,120
2026-06-09 16:20:23,305,136,79.9
2026-06-09 16:20:26,308,137,29.8
2026-06-09 16:20:29,311,138,42.8
2026-06-09 16:20:32,314,139,347
2026-06-09 16:20:35,317,140,272
2026-06-09 16:20:38,320,141,91.8
2026-06-09 16:20:40,322,142,57.7
2026-06-09 16:20:43,325,143,55.1
2026-06-09 16:20:46,328,144,93.1
2026-06-09 16:20:49,331,145,103
2026-06-09 16:20:52,334,146,236
2026-06-09 16:20:55,337,147,87.8
2026-06-09 16:20:58,340,148,232
2026-06-09 16:21:00,342,149,310
2026-06-09 16:21:03,345,150,390
2026-06-09 16:21:06,348,151,153
2026-06-09 16:21:09,351,152,93.3
2026-06-09 16:21:12,354,153,250
2026-06-09 16:21:15,357,154,310
2026-06-09 16:21:18,360,155,181
2026-06-09 16:21:20,362,156,281
2026-06-09 16:21:23,365,157,131
2026-06-09 16:21:26,368,158,194
2026-06-09 16:21:29,371,159,106
2026-06-09 16:21:31,373,160,267
2026-06-09 16:21:34,376,161,137
2026-06-09 16:21:37,379,162,105
2026-06-09 16:21:39,381,163,80.3
2026-06-09 16:21:42,384,164,226
2026-06-09 16:21:45,387,165,54.2
2026-06-09 16:21:48,390,166,69.7
2026-06-09 16:21:51,393,167,247
2026-06-09 16:21:53,395,168,140
2026-06-09 16:21:56,398,169,413
2026-06-09 16:21:59,401,170,147
2026-06-09 16:22:02,404,171,353
2026-06-09 16:22:04,406,172,276
2026-06-09 16:22:07,409,173,145
2026-06-09 16:22:10,412,174,36.8
2026-06-09 16:22:12,414,175,32.6
2026-06-09 16:22:14,416,176,22.3
2026-06-09 16:22:16,418,177,27.6
2026-06-09 16:22:18,420,178,89.3
2026-06-09 16:22:20,422,179,38.5
2026-06-09 16:22:22,424,180,38.5
2026-06-09 16:22:25,427,181,232
2026-06-09 16:22:27,429,182,365
2026-06-09 16:22:30,432,183,42.9
2026-06-09 16:22:33,435,184,143
2026-06-09 16:22:36,438,185,76.1
2026-06-09 16:22:39,441,186,59.8
2026-06-09 16:22:41,443,187,178
2026-06-09 16:22:44,446,188,198
2026-06-09 16:22:47,449,189,29.8
2026-06-09 16:22:50,452,190,61.8
2026-06-09 16:22:52,454,191,175
2026-06-09 16:22:55,457,192,163
2026-06-09 16:22:58,460,193,367
2026-06-09 16:23:01,463,194,40.6
2026-06-09 16:23:04,466,195,147
2026-06-09 16:23:06,468,196,78.5
2026-06-09 16:23:09,471,197,296
2026-06-09 16:23:12,474,198,292
2026-06-09 16:23:15,477,199,71.8
2026-06-09 16:23:17,479,200,221
2026-06-09 16:23:20,482,201,159
2026-06-09 16:23:23,485,202,358
2026-06-09 16:23:26,488,203,76.6
2026-06-09 16:23:29,491,204,117
2026-06-09 16:23:32,494,205,90.7
2026-06-09 16:23:35,497,206,180
2026-06-09 16:23:38,500,207,166
2026-06-09 16:23:41,503,208,154
2026-06-09 16:23:44,506,209,115
2026-06-09 16:23:47,509,210,125
2026-06-09 16:23:50,512,211,166
2026-06-09 16:23:52,514,212,279
2026-06-09 16:23:55,517,213,62.8
2026-06-09 16:23:58,520,214,174
2026-06-09 16:24:01,523,215,201
2026-06-09 16:24:04,526,216,23.5
2026-06-09 16:24:06,528,217,234
2026-06-09 16:24:09,531,218,39.9
2026-06-09 16:24:11,533,219,130
2026-06-09 16:24:14,536,220,294
2026-06-09 16:24:17,539,221,171
2026-06-09 16:24:20,542,222,342
2026-06-09 16:24:23,545,223,111
2026-06-09 16:24:26,548,224,106
2026-06-09 16:24:29,551,225,61.6
2026-06-09 16:24:32,554,226,80.4
2026-06-09 16:24:34,556,227,29.1
2026-06-09 16:24:37,559,228,49.6
2026-06-09 16:24:40,562,229,233
2026-06-09 16:24:42,564,230,60.0
2026-06-09 16:24:45,567,231,57.3
2026-06-09 16:24:48,570,232,125
2026-06-09 16:24:51,573,233,152
2026-06-09 16:24:53,575,234,280
2026-06-09 16:24:56,578,235,187
2026-06-09 16:24:59,581,236,53.0
2026-06-09 16:25:02,584,237,138
2026-06-09 16:25:05,587,238,34.3
2026-06-09 16:25:07,589,239,34.3
2026-06-09 16:25:09,591,240,32.3
2026-06-09 16:25:11,593,241,185
2026-06-09 16:25:13,595,242,137
2026-06-09 16:25:15,597,243,23.6
2026-06-09 16:25:17,599,244,182
2026-06-09 16:25:21,603,245,252
2026-06-09 16:25:24,606,246,159
2026-06-09 16:25:26,608,247,184
2026-06-09 16:25:29,611,248,202
2026-06-09 16:25:32,614,249,64.5
2026-06-09 16:25:35,617,250,64.6
2026-06-09 16:25:38,620,251,178
2026-06-09 16:25:40,622,252,93.0
2026-06-09 16:25:43,625,253,76.8
2026-06-09 16:25:46,628,254,288
2026-06-09 16:25:49,631,255,191
2026-06-09 16:25:52,634,256,62.8
2026-06-09 16:25:55,637,257,33.6
2026-06-09 16:25:57,639,258,75.6
2026-06-09 16:26:00,642,259,144
2026-06-09 16:26:03,645,260,31.2
2026-06-09 16:26:06,648,261,109
2026-06-09 16:26:09,651,262,47.6
2026-06-09 16:26:11,653,263,129
2026-06-09 16:26:14,656,264,90.5
2026-06-09 16:26:17,659,265,89.5
2026-06-09 16:26:20,662,266,87.4
2026-06-09 16:26:22,664,267,228
2026-06-09 16:26:25,667,268,121
2026-06-09 16:26:28,670,269,161
2026-06-09 16:26:31,673,270,136
2026-06-09 16:26:33,675,271,314
2026-06-09 16:26:36,678,272,142
2026-06-09 16:26:39,681,273,209
2026-06-09 16:26:42,684,274,95.9
2026-06-09 16:26:44,686,275,127
2026-06-09 16:26:47,689,276,183
2026-06-09 16:26:49,691,277,129
2026-06-09 16:26:52,694,278,191
2026-06-09 16:26:55,697,279,350
2026-06-09 16:26:58,700,280,55.8
2026-06-09 16:27:01,703,281,101
2026-06-09 16:27:04,706,282,153
2026-06-09 16:27:06,708,283,159
2026-06-09 16:27:09,711,284,176
2026-06-09 16:27:12,714,285,296
2026-06-09 16:27:15,717,286,98.4
2026-06-09 16:27:18,720,287,267
2026-06-09 16:27:21,723,288,27.3
2026-06-09 16:27:23,725,289,108
2026-06-09 16:27:26,728,290,38.6
2026-06-09 16:27:29,731,291,216
2026-06-09 16:27:32,734,292,126
2026-06-09 16:27:35,737,293,75.2
2026-06-09 16:27:37,739,294,75.9
2026-06-09 16:27:40,742,295,63.3
2026-06-09 16:27:43,745,296,146
2026-06-09 16:27:46,748,297,97.1
2026-06-09 16:27:49,751,298,371
2026-06-09 16:27:52,754,299,364
2026-06-09 16:27:54,756,300,41.1
2026-06-09 16:27:57,759,301,25.2
2026-06-09 16:27:59,761,302,48.5
2026-06-09 16:28:01,763,303,37.3
2026-06-09 16:28:03,765,304,260
2026-06-09 16:28:06,768,305,327
2026-06-09 16:28:08,770,306,169
2026-06-09 16:28:10,772,307,200
2026-06-09 16:28:13,775,308,42.6
2026-06-09 16:28:16,778,309,257
2026-06-09 16:28:19,781,310,282
2026-06-09 16:28:21,783,311,152
2026-06-09 16:28:24,786,312,72.3
2026-06-09 16:28:27,789,313,36.9
2026-06-09 16:28:30,792,314,148
2026-06-09 16:28:33,795,315,54.5
2026-06-09 16:28:36,798,316,186
2026-06-09 16:28:38,800,317,172
2026-06-09 16:28:41,803,318,369
2026-06-09 16:28:44,806,319,231
2026-06-09 16:28:47,809,320,235
2026-06-09 16:28:50,812,321,116
2026-06-09 16:28:53,815,322,61.9
2026-06-09 16:28:56,818,323,158
2026-06-09 16:28:59,821,324,101
2026-06-09 16:29:02,824,325,41.2
2026-06-09 16:29:04,826,326,179
2026-06-09 16:29:07,829,327,182
2026-06-09 16:29:10,832,328,114
2026-06-09 16:29:13,835,329,53.7
2026-06-09 16:29:15,837,330,281
2026-06-09 16:29:18,840,331,45.6
2026-06-09 16:29:21,843,332,161
2026-06-09 16:29:23,845,333,242
2026-06-09 16:29:26,848,334,157
2026-06-09 16:29:29,851,335,64.1
2026-06-09 16:29:33,855,336,179
2026-06-09 16:29:35,857,337,161
2026-06-09 16:29:38,860,338,69.6
2026-06-09 16:29:41,863,339,144
2026-06-09 16:29:43,865,340,318
2026-06-09 16:29:46,868,341,359
2026-06-09 16:29:49,871,342,113
2026-06-09 16:29:51,873,343,132
2026-06-09 16:29:54,876,344,43.0
2026-06-09 16:29:56,878,345,231
2026-06-09 16:29:59,881,346,256
2026-06-09 16:30:02,884,347,68.1
2026-06-09 16:30:05,887,348,218
2026-06-09 16:30:07,889,349,58.5
2026-06-09 16:30:10,892,350,279
2026-06-09 16:30:13,895,351,167
2026-06-09 16:30:16,898,352,112
2026-06-09 16:30:18,900,353,44.9
2026-06-09 16:30:21,903,354,41.4
2026-06-09 16:30:24,906,355,168
2026-06-09 16:30:27,909,356,80.7
2026-06-09 16:30:29,911,357,66.1
2026-06-09 16:30:32,914,358,101
2026-06-09 16:30:35,917,359,129
2026-06-09 16:30:38,920,360,140
2026-06-09 16:30:41,923,361,112
2026-06-09 16:30:44,926,362,177
2026-06-09 16:30:46,928,363,158
2026-06-09 16:30:49,931,364,26.2
2026-06-09 16:30:51,933,365,74.5
2026-06-09 16:30:53,935,366,35.1
2026-06-09 16:30:55,937,367,497
2026-06-09 16:30:57,939,368,74.1
2026-06-09 16:31:00,942,369,97.5
2026-06-09 16:31:02,944,370,91.9
2026-06-09 16:31:04,946,371,139
2026-06-09 16:31:07,949,372,80.3
2026-06-09 16:31:10,952,373,231
2026-06-09 16:31:13,955,374,32.0
2026-06-09 16:31:16,958,375,284
2026-06-09 16:31:19,961,376,159
2026-06-09 16:31:22,964,377,202
2026-06-09 16:31:25,967,378,78.8
2026-06-09 16:31:28,970,379,140
2026-06-09 16:31:30,972,380,187
2026-06-09 16:31:33,975,381,58.3
2026-06-09 16:31:36,978,382,207
2026-06-09 16:31:39,981,383,340
2026-06-09 16:31:42,984,384,282
2026-06-09 16:31:45,987,385,163
2026-06-09 16:31:48,990,386,55.3
2026-06-09 16:31:50,992,387,114
2026-06-09 16:31:53,995,388,31.2
2026-06-09 16:31:55,997,389,25.1
2026-06-09 16:31:57,999,390,32.2
2026-06-09 16:31:59,1001,391,125
2026-06-09 16:32:02,1004,392,93.0
2026-06-09 16:32:05,1007,393,113
2026-06-09 16:32:07,1009,394,433
2026-06-09 16:32:10,1012,395,188
2026-06-09 16:32:13,1015,396,87.7
2026-06-09 16:32:16,1018,397,357
2026-06-09 16:32:18,1020,398,217
2026-06-09 16:32:21,1023,399,210
2026-06-09 16:32:24,1026,400,90.8
2026-06-09 16:32:27,1029,401,60.0
2026-06-09 16:32:30,1032,402,33.9
2026-06-09 16:32:33,1035,403,356
2026-06-09 16:32:36,1038,404,167
2026-06-09 16:32:38,1040,405,331
2026-06-09 16:32:42,1044,406,148
2026-06-09 16:32:45,1047,407,138
2026-06-09 16:32:48,1050,408,333
2026-06-09 16:32:50,1052,409,28.7
2026-06-09 16:32:53,1055,410,244
2026-06-09 16:32:55,1057,411,56.6
2026-06-09 16:32:58,1060,412,159
2026-06-09 16:33:01,1063,413,51.0
2026-06-09 16:33:03,1065,414,45.7
2026-06-09 16:33:06,1068,415,11.3
2026-06-09 16:33:09,1071,416,78.9
2026-06-09 16:33:12,1074,417,179
2026-06-09 16:33:14,1076,418,141
2026-06-09 16:33:17,1079,419,32.3
2026-06-09 16:33:20,1082,420,169
2026-06-09 16:33:23,1085,421,356
2026-06-09 16:33:26,1088,422,134
2026-06-09 16:33:28,1090,423,191
2026-06-09 16:33:31,1093,424,76.2
2026-06-09 16:33:34,1096,425,109
2026-06-09 16:33:37,1099,426,53.5
2026-06-09 16:33:39,1101,427,262
2026-06-09 16:33:42,1104,428,44.3
2026-06-09 16:33:45,1107,429,40.4
2026-06-09 16:33:47,1109,430,40.9
2026-06-09 16:33:49,1111,431,25.7
2026-06-09 16:33:51,1113,432,131
2026-06-09 16:33:53,1115,433,188
2026-06-09 16:33:56,1118,434,216
2026-06-09 16:33:58,1120,435,42.3
2026-06-09 16:34:01,1123,436,212
2026-06-09 16:34:03,1125,437,124
2026-06-09 16:34:06,1128,438,118
2026-06-09 16:34:09,1131,439,74.0
2026-06-09 16:34:12,1134,440,70.7
2026-06-09 16:34:15,1137,441,55.0
2026-06-09 16:34:18,1140,442,167
2026-06-09 16:34:21,1143,443,222
2026-06-09 16:34:24,1146,444,190
2026-06-09 16:34:27,1149,445,205
2026-06-09 16:34:30,1152,446,56.7
2026-06-09 16:34:32,1154,447,200
2026-06-09 16:34:35,1157,448,149
2026-06-09 16:34:38,1160,449,85.1
2026-06-09 16:34:41,1163,450,330
2026-06-09 16:34:44,1166,451,177
2026-06-09 16:34:46,1168,452,73.6
2026-06-09 16:34:49,1171,453,319
2026-06-09 16:34:52,1174,454,38.0
2026-06-09 16:34:54,1176,455,274
2026-06-09 16:34:57,1179,456,284
2026-06-09 16:35:00,1182,457,109
2026-06-09 16:35:02,1184,458,128
2026-06-09 16:35:05,1187,459,168
2026-06-09 16:35:08,1190,460,137
2026-06-09 16:35:11,1193,461,182
2026-06-09 16:35:13,1195,462,140
2026-06-09 16:35:16,1198,463,309
2026-06-09 16:35:19,1201,464,113
2026-06-09 16:35:22,1204,465,161
2026-06-09 16:35:25,1207,466,322
2026-06-09 16:35:27,1209,467,303
2026-06-09 16:35:30,1212,468,129
2026-06-09 16:35:33,1215,469,87.3
2026-06-09 16:35:36,1218,470,180
2026-06-09 16:35:38,1220,471,37.7
2026-06-09 16:35:41,1223,472,287
2026-06-09 16:35:43,1225,473,113
2026-06-09 16:35:46,1228,474,35.6
2026-06-09 16:35:48,1230,475,89.2
2026-06-09 16:35:51,1233,476,119
2026-06-09 16:35:54,1236,477,195
2026-06-09 16:35:56,1238,478,190
2026-06-09 16:35:59,1241,479,184
2026-06-09 16:36:02,1244,480,285
2026-06-09 16:36:05,1247,481,58.5
2026-06-09 16:36:08,1250,482,106
2026-06-09 16:36:11,1253,483,315
2026-06-09 16:36:13,1255,484,78.8
2026-06-09 16:36:16,1258,485,53.7
2026-06-09 16:36:19,1261,486,111
2026-06-09 16:36:22,1264,487,392
2026-06-09 16:36:25,1267,488,77.2
2026-06-09 16:36:27,1269,489,78.0
2026-06-09 16:36:30,1272,490,321
2026-06-09 16:36:33,1275,491,79.5
2026-06-09 16:36:36,1278,492,167
2026-06-09 16:36:39,1281,493,212
2026-06-09 16:36:41,1283,494,59.5
2026-06-09 16:36:44,1286,495,32.7
2026-06-09 16:36:46,1288,496,22.0
2026-06-09 16:36:48,1290,497,291
2026-06-09 16:36:50,1292,498,53.9
2026-06-09 16:36:52,1294,499,78.9
2026-06-09 16:36:54,1296,500,22.8
2026-06-09 16:36:57,1299,501,284
2026-06-09 16:36:59,1301,502,319
2026-06-09 16:37:02,1304,503,181
2026-06-09 16:37:05,1307,504,206
2026-06-09 16:37:08,1310,505,79.3
2026-06-09 16:37:11,1313,506,74.1
2026-06-09 16:37:15,1317,507,148
2026-06-09 16:37:17,1319,508,373
2026-06-09 16:37:20,1322,509,288
2026-06-09 16:37:23,1325,510,59.2
2026-06-09 16:37:26,1328,511,48.6
2026-06-09 16:37:28,1330,512,209
2026-06-09 16:37:31,1333,513,82.0
2026-06-09 16:37:34,1336,514,81.8
2026-06-09 16:37:37,1339,515,220
2026-06-09 16:37:40,1342,516,193
2026-06-09 16:37:43,1345,517,238
2026-06-09 16:37:45,1347,518,277
2026-06-09 16:37:48,1350,519,27.2
2026-06-09 16:37:50,1352,520,71.7
2026-06-09 16:37:53,1355,521,39.8
2026-06-09 16:37:56,1358,522,86.0
2026-06-09 16:37:58,1360,523,58.0
2026-06-09 16:38:01,1363,524,47.1
2026-06-09 16:38:05,1367,525,211
2026-06-09 16:38:08,1370,526,285
2026-06-09 16:38:10,1372,527,211
2026-06-09 16:38:13,1375,528,119
2026-06-09 16:38:16,1378,529,193
2026-06-09 16:38:18,1380,530,193
2026-06-09 16:38:21,1383,531,167
2026-06-09 16:38:24,1386,532,217
2026-06-09 16:38:27,1389,533,226
2026-06-09 16:38:30,1392,534,374
2026-06-09 16:38:32,1394,535,306
2026-06-09 16:38:35,1397,536,135
2026-06-09 16:38:38,1400,537,25.1
2026-06-09 16:38:41,1403,538,108
2026-06-09 16:38:43,1405,539,67.6
2026-06-09 16:38:46,1408,540,151
2026-06-09 16:38:49,1411,541,229
2026-06-09 16:38:52,1414,542,205
2026-06-09 16:38:54,1416,543,37.5
2026-06-09 16:38:57,1419,544,323
2026-06-09 16:39:00,1422,545,311
2026-06-09 16:39:03,1425,546,80.5
2026-06-09 16:39:05,1427,547,225
2026-06-09 16:39:08,1430,548,79.0
2026-06-09 16:39:10,1432,549,72.9
2026-06-09 16:39:13,1435,550,367
2026-06-09 16:39:16,1438,551,28.5
2026-06-09 16:39:19,1441,552,115
2026-06-09 16:39:22,1444,553,75.4
2026-06-09 16:39:24,1446,554,103
2026-06-09 16:39:27,1449,555,203
2026-06-09 16:39:30,1452,556,39.5
2026-06-09 16:39:32,1454,557,37.8
2026-06-09 16:39:34,1456,558,28.3
2026-06-09 16:39:36,1458,559,29.7
2026-06-09 16:39:38,1460,560,811
2026-06-09 16:39:40,1462,561,144
2026-06-09 16:39:43,1465,562,28.2
2026-06-09 16:39:45,1467,563,269
2026-06-09 16:39:48,1470,564,217
2026-06-09 16:39:51,1473,565,349
2026-06-09 16:39:54,1476,566,351
2026-06-09 16:39:57,1479,567,332
2026-06-09 16:40:00,1482,568,122
2026-06-09 16:40:02,1484,569,57.4
2026-06-09 16:40:05,1487,570,105
2026-06-09 16:40:08,1490,571,91.2
2026-06-09 16:40:11,1493,572,246
2026-06-09 16:40:13,1495,573,93.8
2026-06-09 16:40:16,1498,574,46.9
2026-06-09 16:40:19,1501,575,197
2026-06-09 16:40:22,1504,576,136
2026-06-09 16:40:25,1507,577,216
2026-06-09 16:40:28,1510,578,117
2026-06-09 16:40:31,1513,579,213
2026-06-09 16:40:34,1516,580,124
2026-06-09 16:40:36,1518,581,23.9
2026-06-09 16:40:39,1521,582,40.8
2026-06-09 16:40:42,1524,583,108
2026-06-09 16:40:44,1526,584,41.7
2026-06-09 16:40:47,1529,585,224
2026-06-09 16:40:50,1532,586,312
2026-06-09 16:40:53,1535,587,160
2026-06-09 16:40:56,1538,588,162
2026-06-09 16:40:59,1541,589,355
2026-06-09 16:41:01,1543,590,79.1
2026-06-09 16:41:04,1546,591,117
2026-06-09 16:41:07,1549,592,39.6
2026-06-09 16:41:10,1552,593,298
2026-06-09 16:41:13,1555,594,298
2026-06-09 16:41:15,1557,595,169
2026-06-09 16:41:18,1560,596,101
2026-06-09 16:41:21,1563,597,80.4
2026-06-09 16:41:24,1566,598,120
2026-06-09 16:41:27,1569,599,125
2026-06-09 16:41:29,1571,600,283
2026-06-09 16:41:32,1574,601,25.6
2026-06-09 16:41:35,1577,602,149
2026-06-09 16:41:38,1580,603,192
2026-06-09 16:41:40,1582,604,295
2026-06-09 16:41:43,1585,605,121
2026-06-09 16:41:46,1588,606,147
2026-06-09 16:41:49,1591,607,48.0
2026-06-09 16:41:52,1594,608,243
2026-06-09 16:41:54,1596,609,249
2026-06-09 16:41:57,1599,610,310
2026-06-09 16:42:00,1602,611,130
2026-06-09 16:42:03,1605,612,112
2026-06-09 16:42:06,1608,613,323
2026-06-09 16:42:08,1610,614,233
2026-06-09 16:42:11,1613,615,287
2026-06-09 16:42:14,1616,616,90.9
2026-06-09 16:42:17,1619,617,117
2026-06-09 16:42:20,1622,618,105
2026-06-09 16:42:23,1625,619,47.9
2026-06-09 16:42:25,1627,620,37.5
2026-06-09 16:42:28,1630,621,30.5
2026-06-09 16:42:30,1632,622,41.2
2026-06-09 16:42:32,1634,623,38.0
2026-06-09 16:42:34,1636,624,104
2026-06-09 16:42:36,1638,625,123
2026-06-09 16:42:38,1640,626,47.7
2026-06-09 16:42:41,1643,627,64.6
2026-06-09 16:42:44,1646,628,76.8
2026-06-09 16:42:47,1649,629,114
2026-06-09 16:42:50,1652,630,133
2026-06-09 16:42:52,1654,631,203
2026-06-09 16:42:55,1657,632,121
2026-06-09 16:42:58,1660,633,112
2026-06-09 16:43:01,1663,634,274
2026-06-09 16:43:04,1666,635,459
2026-06-09 16:43:06,1668,636,247
2026-06-09 16:43:09,1671,637,185
2026-06-09 16:43:12,1674,638,242
2026-06-09 16:43:14,1676,639,122
2026-06-09 16:43:17,1679,640,89.0
2026-06-09 16:43:20,1682,641,178
2026-06-09 16:43:23,1685,642,213
2026-06-09 16:43:25,1687,643,158
2026-06-09 16:43:28,1690,644,130
2026-06-09 16:43:31,1693,645,107
2026-06-09 16:43:34,1696,646,172
2026-06-09 16:43:36,1698,647,91.6
2026-06-09 16:43:39,1701,648,287
2026-06-09 16:43:42,1704,649,151
2026-06-09 16:43:44,1706,650,79.0
2026-06-09 16:43:47,1709,651,307
2026-06-09 16:43:50,1712,652,195
2026-06-09 16:43:52,1714,653,137
2026-06-09 16:43:55,1717,654,26.5
2026-06-09 16:43:58,1720,655,293
2026-06-09 16:44:01,1723,656,167
2026-06-09 16:44:03,1725,657,259
2026-06-09 16:44:06,1728,658,53.2
2026-06-09 16:44:09,1731,659,304
2026-06-09 16:44:12,1734,660,158
2026-06-09 16:44:14,1736,661,137
2026-06-09 16:44:17,1739,662,309
2026-06-09 16:44:20,1742,663,96.0
2026-06-09 16:44:22,1744,664,122
2026-06-09 16:44:25,1747,665,157
2026-06-09 16:44:28,1750,666,111
2026-06-09 16:44:31,1753,667,51.3
2026-06-09 16:44:34,1756,668,142
2026-06-09 16:44:36,1758,669,37.8
2026-06-09 16:44:39,1761,670,122
2026-06-09 16:44:42,1764,671,43.0
2026-06-09 16:44:45,1767,672,163
2026-06-09 16:44:47,1769,673,84.5
2026-06-09 16:44:50,1772,674,88.5
2026-06-09 16:44:53,1775,675,134
2026-06-09 16:44:56,1778,676,200
2026-06-09 16:44:58,1780,677,204
2026-06-09 16:45:01,1783,678,184
2026-06-09 16:45:04,1786,679,201
2026-06-09 16:45:07,1789,680,83.5
2026-06-09 16:45:09,1791,681,69.8
2026-06-09 16:45:12,1794,682,149
2026-06-09 16:45:15,1797,683,90.0
2026-06-09 16:45:18,1800,684,261
2026-06-09 16:45:21,1803,685,178
2026-06-09 16:45:24,1806,686,33.5
2026-06-09 16:45:26,1808,687,33.5
2026-06-09 16:45:28,1810,688,43.3
2026-06-09 16:45:30,1812,689,302
2026-06-09 16:45:32,1814,690,121
2026-06-09 16:45:35,1817,691,46.0
2026-06-09 16:45:37,1819,692,28.6
2026-06-09 16:45:39,1821,693,148
2026-06-09 16:45:42,1824,694,240
2026-06-09 16:45:45,1827,695,174
2026-06-09 16:45:48,1830,696,249
2026-06-09 16:45:51,1833,697,423
2026-06-09 16:45:54,1836,698,290
2026-06-09 16:45:56,1838,699,287
2026-06-09 16:45:59,1841,700,367
2026-06-09 16:46:02,1844,701,333
2026-06-09 16:46:04,1846,702,220
2026-06-09 16:46:07,1849,703,308
2026-06-09 16:46:10,1852,704,354
2026-06-09 16:46:13,1855,705,100
2026-06-09 16:46:16,1858,706,115
2026-06-09 16:46:18,1860,707,82.6
2026-06-09 16:46:21,1863,708,38.0
2026-06-09 16:46:24,1866,709,208
2026-06-09 16:46:27,1869,710,225
2026-06-09 16:46:29,1871,711,29.2
2026-06-09 16:46:32,1874,712,123
2026-06-09 16:46:34,1876,713,104
2026-06-09 16:46:37,1879,714,264
2026-06-09 16:46:40,1882,715,293
2026-06-09 16:46:43,1885,716,101
2026-06-09 16:46:45,1887,717,403
2026-06-09 16:46:48,1890,718,140
2026-06-09 16:46:51,1893,719,101
2026-06-09 16:46:54,1896,720,292
2026-06-09 16:46:56,1898,721,58.2
2026-06-09 16:46:59,1901,722,205
2026-06-09 16:47:02,1904,723,104
2026-06-09 16:47:05,1907,724,165
2026-06-09 16:47:07,1909,725,190
2026-06-09 16:47:10,1912,726,282
2026-06-09 16:47:13,1915,727,194
2026-06-09 16:47:15,1917,728,158
2026-06-09 16:47:18,1920,729,87.5
2026-06-09 16:47:21,1923,730,71.5
2026-06-09 16:47:23,1925,731,283
2026-06-09 16:47:26,1928,732,84.2
2026-06-09 16:47:29,1931,733,191
2026-06-09 16:47:32,1934,734,278
2026-06-09 16:47:34,1936,735,95.6
2026-06-09 16:47:37,1939,736,166
2026-06-09 16:47:40,1942,737,63.9
2026-06-09 16:47:42,1944,738,130
2026-06-09 16:47:45,1947,739,349
2026-06-09 16:47:48,1950,740,197
2026-06-09 16:47:51,1953,741,316
2026-06-09 16:47:53,1955,742,330
2026-06-09 16:47:56,1958,743,221
2026-06-09 16:47:59,1961,744,86.2
2026-06-09 16:48:01,1963,745,310
2026-06-09 16:48:04,1966,746,130
2026-06-09 16:48:07,1969,747,106
2026-06-09 16:48:10,1972,748,192
2026-06-09 16:48:12,1974,749,64.1
2026-06-09 16:48:15,1977,750,64.5
2026-06-09 16:48:18,1980,751,47.9
2026-06-09 16:48:20,1982,752,38.8
2026-06-09 16:48:22,1984,753,36.0
2026-06-09 16:48:24,1986,754,233
2026-06-09 16:48:26,1988,755,97.7
2026-06-09 16:48:28,1990,756,35.7
2026-06-09 16:48:31,1993,757,85.5
2026-06-09 16:48:34,1996,758,66.4
2026-06-09 16:48:37,1999,759,338
2026-06-09 16:48:39,2001,760,72.3
2026-06-09 16:48:42,2004,761,324
2026-06-09 16:48:45,2007,762,127
2026-06-09 16:48:48,2010,763,123
2026-06-09 16:48:51,2013,764,419
2026-06-09 16:48:53,2015,765,32.2
2026-06-09 16:48:56,2018,766,36.1
2026-06-09 16:48:59,2021,767,67.0
2026-06-09 16:49:01,2023,768,180
2026-06-09 16:49:04,2026,769,47.6
2026-06-09 16:49:07,2029,770,61.9
2026-06-09 16:49:10,2032,771,127
2026-06-09 16:49:13,2035,772,91.2
2026-06-09 16:49:16,2038,773,152
2026-06-09 16:49:18,2040,774,135
2026-06-09 16:49:21,2043,775,35.6
2026-06-09 16:49:24,2046,776,65.0
2026-06-09 16:49:27,2049,777,70.8
2026-06-09 16:49:29,2051,778,58.4
2026-06-09 16:49:32,2054,779,214
2026-06-09 16:49:35,2057,780,145
2026-06-09 16:49:38,2060,781,187
2026-06-09 16:49:41,2063,782,22.5
2026-06-09 16:49:44,2066,783,118
2026-06-09 16:49:47,2069,784,114
2026-06-09 16:49:50,2072,785,298
2026-06-09 16:49:53,2075,786,207
2026-06-09 16:49:55,2077,787,132
2026-06-09 16:49:58,2080,788,195
2026-06-09 16:50:01,2083,789,51.5
2026-06-09 16:50:04,2086,790,407
2026-06-09 16:50:06,2088,791,163
2026-06-09 16:50:09,2091,792,167
2026-06-09 16:50:12,2094,793,140
2026-06-09 16:50:15,2097,794,257
2026-06-09 16:50:18,2100,795,41.5
2026-06-09 16:50:20,2102,796,150
2026-06-09 16:50:22,2104,797,105
2026-06-09 16:50:25,2107,798,152
2026-06-09 16:50:28,2110,799,67.9
2026-06-09 16:50:31,2113,800,66.1
2026-06-09 16:50:33,2115,801,309
2026-06-09 16:50:36,2118,802,91.8
2026-06-09 16:50:39,2121,803,38.6
2026-06-09 16:50:42,2124,804,256
2026-06-09 16:50:44,2126,805,100
2026-06-09 16:50:47,2129,806,148
2026-06-09 16:50:50,2132,807,26.6
2026-06-09 16:50:53,2135,808,293
2026-06-09 16:50:55,2137,809,101
2026-06-09 16:50:58,2140,810,194
2026-06-09 16:51:01,2143,811,125
2026-06-09 16:51:04,2146,812,154
2026-06-09 16:51:07,2149,813,228
2026-06-09 16:51:09,2151,814,271
2026-06-09 16:51:12,2154,815,33.2
2026-06-09 16:51:14,2156,816,34.6
2026-06-09 16:51:16,2158,817,15.3
2026-06-09 16:51:18,2160,818,193
2026-06-09 16:51:21,2163,819,79.8
2026-06-09 16:51:23,2165,820,35.9
2026-06-09 16:51:25,2167,821,29.7
2026-06-09 16:51:27,2169,822,44.8
2026-06-09 16:51:29,2171,823,28.1
2026-06-09 16:51:31,2173,824,114
2026-06-09 16:51:33,2175,825,27.5
2026-06-09 16:51:35,2177,826,78.4
2026-06-09 16:51:38,2180,827,31.9
2026-06-09 16:51:40,2182,828,48.2
2026-06-09 16:51:42,2184,829,39.8
2026-06-09 16:51:44,2186,830,27.9
2026-06-09 16:51:46,2188,831,55.3
2026-06-09 16:51:48,2190,832,130
2026-06-09 16:51:50,2192,833,145
2026-06-09 16:51:52,2194,834,180
2026-06-09 16:51:54,2196,835,287
2026-06-09 16:51:56,2198,836,42.2
2026-06-09 16:51:59,2201,837,27.2
2026-06-09 16:52:01,2203,838,21.0
2026-06-09 16:52:03,2205,839,26.0
2026-06-09 16:52:05,2207,840,21.6
2026-06-09 16:52:07,2209,841,169
2026-06-09 16:52:09,2211,842,18.3
2026-06-09 16:52:11,2213,843,38.7
2026-06-09 16:52:13,2215,844,24.7
2026-06-09 16:52:15,2217,845,30.4
2026-06-09 16:52:17,2219,846,404
2026-06-09 16:52:19,2221,847,58.4
2026-06-09 16:52:22,2224,848,34.6
2026-06-09 16:52:24,2226,849,21.9
2026-06-09 16:52:26,2228,850,50.3
2026-06-09 16:52:28,2230,851,25.0
2026-06-09 16:52:30,2232,852,30.6
2026-06-09 16:52:32,2234,853,27.9
2026-06-09 16:52:34,2236,854,115
2026-06-09 16:52:36,2238,855,173
2026-06-09 16:52:38,2240,856,28.2
2026-06-09 16:52:40,2242,857,128
2026-06-09 16:52:43,2245,858,39.5
2026-06-09 16:52:45,2247,859,60.4
2026-06-09 16:52:47,2249,860,23.2
2026-06-09 16:52:49,2251,861,36.0
2026-06-09 16:52:51,2253,862,44.3
2026-06-09 16:52:53,2255,863,33.4
2026-06-09 16:52:55,2257,864,21.1
2026-06-09 16:52:57,2259,865,19.5
2026-06-09 16:52:59,2261,866,44.2
2026-06-09 16:53:01,2263,867,41.5
2026-06-09 16:53:03,2265,868,140
2026-06-09 16:53:06,2268,869,31.0
2026-06-09 16:53:08,2270,870,49.1
2026-06-09 16:53:10,2272,871,18.8
2026-06-09 16:53:12,2274,872,23.0
2026-06-09 16:53:14,2276,873,43.0
2026-06-09 16:53:16,2278,874,32.1
2026-06-09 16:53:18,2280,875,30.7
2026-06-09 16:53:20,2282,876,17.8
2026-06-09 16:53:22,2284,877,42.7
2026-06-09 16:53:24,2286,878,42.8
2026-06-09 16:53:26,2288,879,262
2026-06-09 16:53:29,2291,880,191
2026-06-09 16:53:31,2293,881,37.2
2026-06-09 16:53:33,2295,882,32.3
2026-06-09 16:53:35,2297,883,31.0
2026-06-09 16:53:37,2299,884,35.9
2026-06-09 16:53:39,2301,885,119
2026-06-09 16:53:41,2303,886,31.5
2026-06-09 16:53:43,2305,887,19.1
2026-06-09 16:53:45,2307,888,31.2
2026-06-09 16:53:48,2310,889,20.7
2026-06-09 16:53:50,2312,890,22.6
2026-06-09 16:53:52,2314,891,26.2
2026-06-09 16:53:54,2316,892,28.0
2026-06-09 16:53:56,2318,893,176
2026-06-09 16:53:58,2320,894,33.5
2026-06-09 16:54:00,2322,895,42.9
2026-06-09 16:54:02,2324,896,230
2026-06-09 16:54:04,2326,897,32.5
2026-06-09 16:54:06,2328,898,35.3
2026-06-09 16:54:08,2330,899,38.2
2026-06-09 16:54:10,2332,900,30.8
2026-06-09 16:54:13,2335,901,32.2
2026-06-09 16:54:15,2337,902,39.1
2026-06-09 16:54:17,2339,903,33.3
2026-06-09 16:54:19,2341,904,29.0
2026-06-09 16:54:21,2343,905,25.5
2026-06-09 16:54:23,2345,906,21.8
2026-06-09 16:54:25,2347,907,83.9
2026-06-09 16:54:28,2350,908,24.6
2026-06-09 16:54:30,2352,909,53.1
2026-06-09 16:54:32,2354,910,29.3
2026-06-09 16:54:34,2356,911,24.7
2026-06-09 16:54:36,2358,912,167
2026-06-09 16:54:38,2360,913,24.3
2026-06-09 16:54:40,2362,914,37.3
2026-06-09 16:54:42,2364,915,27.4
2026-06-09 16:54:44,2366,916,26.5
2026-06-09 16:54:46,2368,917,35.3
2026-06-09 16:54:48,2370,918,219
2026-06-09 16:54:51,2373,919,264
2026-06-09 16:54:53,2375,920,216
2026-06-09 16:54:56,2378,921,83.1
2026-06-09 16:54:58,2380,922,151
2026-06-09 16:55:01,2383,923,184
2026-06-09 16:55:03,2385,924,170
2026-06-09 16:55:06,2388,925,282
2026-06-09 16:55:08,2390,926,260
2026-06-09 16:55:11,2393,927,220
2026-06-09 16:55:13,2395,928,40.3
2026-06-09 16:55:15,2397,929,29.8
2026-06-09 16:55:17,2399,930,25.0
2026-06-09 16:55:19,2401,931,86.0
2026-06-09 16:55:22,2404,932,15.6
2026-06-09 16:55:24,2406,933,147
2026-06-09 16:55:26,2408,934,146
2026-06-09 16:55:28,2410,935,262
2026-06-09 16:55:31,2413,936,35.8
2026-06-09 16:55:33,2415,937,143
2026-06-09 16:55:36,2418,938,150
2026-06-09 16:55:38,2420,939,244
2026-06-09 16:55:41,2423,940,60.1
2026-06-09 16:55:43,2425,941,132
2026-06-09 16:55:45,2427,942,218
2026-06-09 16:55:48,2430,943,103
2026-06-09 16:55:50,2432,944,26.6
2026-06-09 16:55:53,2435,945,49.9
2026-06-09 16:55:55,2437,946,18.0
2026-06-09 16:55:57,2439,947,41.3
2026-06-09 16:55:59,2441,948,20.5
2026-06-09 16:56:01,2443,949,66.6
2026-06-09 16:56:03,2445,950,237
2026-06-09 16:56:05,2447,951,46.6
2026-06-09 16:56:07,2449,952,44.2
2026-06-09 16:56:09,2451,953,27.6
2026-06-09 16:56:11,2453,954,50.1
2026-06-09 16:56:14,2456,955,29.9
2026-06-09 16:56:16,2458,956,38.8
2026-06-09 16:56:18,2460,957,37.4
2026-06-09 16:56:20,2462,958,78.2
2026-06-09 16:56:22,2464,959,29.7
2026-06-09 16:56:24,2466,960,44.1
2026-06-09 16:56:26,2468,961,44.3
2026-06-09 16:56:28,2470,962,25.1
2026-06-09 16:56:30,2472,963,36.3
2026-06-09 16:56:32,2474,964,32.2
2026-06-09 16:56:34,2476,965,342
2026-06-09 16:56:37,2479,966,264
2026-06-09 16:56:39,2481,967,187
2026-06-09 16:56:41,2483,968,33.7
2026-06-09 16:56:43,2485,969,33.4
2026-06-09 16:56:45,2487,970,62.8
2026-06-09 16:56:47,2489,971,29.9
2026-06-09 16:56:49,2491,972,16.6
2026-06-09 16:56:51,2493,973,43.3
2026-06-09 16:56:53,2495,974,40.2
2026-06-09 16:56:55,2497,975,56.6
2026-06-09 16:56:57,2499,976,26.0
2026-06-09 16:57:00,2502,977,302
2026-06-09 16:57:02,2504,978,32.1
2026-06-09 16:57:04,2506,979,26.9
2026-06-09 16:57:06,2508,980,38.7
2026-06-09 16:57:08,2510,981,22.1
2026-06-09 16:57:10,2512,982,114
2026-06-09 16:57:12,2514,983,32.0
2026-06-09 16:57:14,2516,984,107
2026-06-09 16:57:17,2519,985,36.4
2026-06-09 16:57:19,2521,986,134
2026-06-09 16:57:21,2523,987,33.8
2026-06-09 16:57:23,2525,988,120
2026-06-09 16:57:25,2527,989,136
2026-06-09 16:57:27,2529,990,29.1
2026-06-09 16:57:29,2531,991,44.7
2026-06-09 16:57:31,2533,992,46.8
2026-06-09 16:57:34,2536,993,32.2
2026-06-09 16:57:36,2538,994,25.3
2026-06-09 16:57:38,2540,995,40.7
2026-06-09 16:57:40,2542,996,28.5
2026-06-09 16:57:42,2544,997,30.9
2026-06-09 16:57:44,2546,998,47.4
2026-06-09 16:57:46,2548,999,30.7
2026-06-09 16:57:48,2550,1000,26.5
2026-06-09 16:57:50,2552,1001,20.6
2026-06-09 16:57:53,2555,1002,36.8
2026-06-09 16:57:55,2557,1003,54.1
2026-06-09 16:57:57,2559,1004,35.4
2026-06-09 16:57:59,2561,1005,106
2026-06-09 16:58:01,2563,1006,110
2026-06-09 16:58:03,2565,1007,39.8
2026-06-09 16:58:05,2567,1008,31.1
2026-06-09 16:58:07,2569,1009,37.9
2026-06-09 16:58:09,2571,1010,419
2026-06-09 16:58:11,2573,1011,23.1
2026-06-09 16:58:13,2575,1012,23.0
2026-06-09 16:58:16,2578,1013,45.8
2026-06-09 16:58:18,2580,1014,40.7
2026-06-09 16:58:20,2582,1015,21.8
2026-06-09 16:58:22,2584,1016,30.8
2026-06-09 16:58:24,2586,1017,39.0
2026-06-09 16:58:26,2588,1018,19.0
2026-06-09 16:58:28,2590,1019,40.4
2026-06-09 16:58:30,2592,1020,31.4
2026-06-09 16:58:32,2594,1021,29.2
2026-06-09 16:58:34,2596,1022,27.4
2026-06-09 16:58:36,2598,1023,20.4
2026-06-09 16:58:38,2600,1024,31.0
2026-06-09 16:58:40,2602,1025,44.1
2026-06-09 16:58:42,2604,1026,18.1
2026-06-09 16:58:45,2607,1027,32.8
2026-06-09 16:58:47,2609,1028,31.0
2026-06-09 16:58:49,2611,1029,45.6
2026-06-09 16:58:51,2613,1030,29.8
2026-06-09 16:58:53,2615,1031,33.5
2026-06-09 16:58:55,2617,1032,35.1
2026-06-09 16:58:57,2619,1033,23.7
2026-06-09 16:58:58,2620,1034,36.7
2026-06-09 16:59:00,2622,1035,40.9
2026-06-09 16:59:02,2624,1036,90.3
2026-06-09 16:59:04,2626,1037,225
2026-06-09 16:59:06,2628,1038,21.2
2026-06-09 16:59:08,2630,1039,22.5
2026-06-09 16:59:11,2633,1040,30.7
2026-06-09 16:59:13,2634,1041,201
2026-06-09 16:59:15,2637,1042,18.6
2026-06-09 16:59:17,2639,1043,33.1
2026-06-09 16:59:19,2641,1044,29.5
2026-06-09 16:59:21,2643,1045,23.1
2026-06-09 16:59:23,2645,1046,34.3
2026-06-09 16:59:25,2647,1047,25.2
2026-06-09 16:59:27,2649,1048,29.4
2026-06-09 16:59:29,2651,1049,23.6
2026-06-09 16:59:31,2653,1050,37.4
2026-06-09 16:59:33,2655,1051,34.8
2026-06-09 16:59:35,2657,1052,62.1
2026-06-09 16:59:37,2659,1053,40.0
2026-06-09 16:59:39,2661,1054,34.5
2026-06-09 16:59:41,2663,1055,22.8
2026-06-09 16:59:43,2665,1056,27.3
2026-06-09 16:59:45,2667,1057,21.7
2026-06-09 16:59:47,2669,1058,29.5
2026-06-09 16:59:49,2671,1059,34.3
2026-06-09 16:59:51,2673,1060,44.7
2026-06-09 16:59:53,2675,1061,254
2026-06-09 16:59:55,2677,1062,187
2026-06-09 16:59:57,2679,1063,55.2
2026-06-09 16:59:59,2681,1064,24.1
2026-06-09 17:00:01,2683,1065,24.4
2026-06-09 17:00:03,2685,1066,42.3
2026-06-09 17:00:06,2688,1067,35.2
2026-06-09 17:00:08,2690,1068,289
2026-06-09 17:00:10,2692,1069,63.1
2026-06-09 17:00:12,2694,1070,37.3
2026-06-09 17:00:14,2696,1071,55.1
2026-06-09 17:00:16,2698,1072,32.2
2026-06-09 17:00:18,2700,1073,21.9
2026-06-09 17:00:21,2703,1074,38.0
2026-06-09 17:00:23,2705,1075,42.5
2026-06-09 17:00:25,2707,1076,550
2026-06-09 17:00:27,2709,1077,27.6
2026-06-09 17:00:29,2711,1078,36.8
2026-06-09 17:00:31,2713,1079,26.8
2026-06-09 17:00:33,2715,1080,47.1
2026-06-09 17:00:35,2717,1081,26.9
2026-06-09 17:00:37,2719,1082,38.7
2026-06-09 17:00:39,2721,1083,58.7
2026-06-09 17:00:41,2723,1084,31.1
2026-06-09 17:00:43,2725,1085,27.7
2026-06-09 17:00:45,2727,1086,30.2
2026-06-09 17:00:47,2729,1087,47.5
2026-06-09 17:00:50,2732,1088,30.6
2026-06-09 17:00:52,2734,1089,31.0
2026-06-09 17:00:54,2736,1090,35.1
2026-06-09 17:00:56,2738,1091,28.5
2026-06-09 17:00:58,2740,1092,37.9
2026-06-09 17:01:00,2742,1093,27.4
2026-06-09 17:01:02,2744,1094,65.4
2026-06-09 17:01:04,2746,1095,16.2
2026-06-09 17:01:06,2748,1096,22.9
2026-06-09 17:01:08,2750,1097,20.8
2026-06-09 17:01:10,2752,1098,22.5
2026-06-09 17:01:12,2754,1099,31.6
2026-06-09 17:01:14,2756,1100,24.5
2026-06-09 17:01:16,2758,1101,67.4
2026-06-09 17:01:18,2760,1102,25.0
2026-06-09 17:01:20,2762,1103,35.9
2026-06-09 17:01:22,2764,1104,28.2
2026-06-09 17:01:24,2766,1105,20.9
2026-06-09 17:01:26,2768,1106,31.2
2026-06-09 17:01:28,2770,1107,39.0
2026-06-09 17:01:30,2772,1108,41.1
2026-06-09 17:01:32,2774,1109,30.3
2026-06-09 17:01:34,2776,1110,303
2026-06-09 17:01:36,2778,1111,39.5
2026-06-09 17:01:39,2781,1112,41.3
2026-06-09 17:01:41,2783,1113,26.6
2026-06-09 17:01:43,2785,1114,31.0
2026-06-09 17:01:45,2787,1115,31.4
2026-06-09 17:01:47,2789,1116,27.4
2026-06-09 17:01:49,2791,1117,19.9
2026-06-09 17:01:51,2793,1118,48.4
2026-06-09 17:01:53,2795,1119,42.0
2026-06-09 17:01:55,2797,1120,39.4
2026-06-09 17:01:57,2799,1121,36.1
2026-06-09 17:01:59,2801,1122,22.8
2026-06-09 17:02:01,2803,1123,41.0
2026-06-09 17:02:03,2805,1124,175
2026-06-09 17:02:05,2807,1125,43.5
2026-06-09 17:02:07,2809,1126,34.0
2026-06-09 17:02:09,2811,1127,38.8
2026-06-09 17:02:11,2813,1128,35.5
2026-06-09 17:02:13,2815,1129,41.2
2026-06-09 17:02:15,2817,1130,168
2026-06-09 17:02:17,2819,1131,29.9
2026-06-09 17:02:20,2822,1132,35.2
2026-06-09 17:02:22,2824,1133,31.3
2026-06-09 17:02:24,2826,1134,28.7
2026-06-09 17:02:26,2828,1135,50.1
2026-06-09 17:02:28,2830,1136,20.0
2026-06-09 17:02:30,2832,1137,36.8
2026-06-09 17:02:32,2834,1138,36.7
2026-06-09 17:02:34,2836,1139,29.8
2026-06-09 17:02:36,2838,1140,182
2026-06-09 17:02:38,2840,1141,31.8
2026-06-09 17:02:40,2842,1142,32.9
2026-06-09 17:02:42,2844,1143,15.1
2026-06-09 17:02:44,2846,1144,23.1
2026-06-09 17:02:46,2848,1145,34.9
2026-06-09 17:02:48,2850,1146,32.3
2026-06-09 17:02:50,2852,1147,27.6
2026-06-09 17:02:52,2854,1148,28.6
2026-06-09 17:02:54,2856,1149,36.9
2026-06-09 17:02:56,2858,1150,41.3
2026-06-09 17:02:58,2860,1151,51.5
2026-06-09 17:03:00,2862,1152,34.0
2026-06-09 17:03:02,2864,1153,30.8
2026-06-09 17:03:04,2866,1154,36.5
2026-06-09 17:03:06,2868,1155,190
2026-06-09 17:03:08,2870,1156,52.5
2026-06-09 17:03:10,2872,1157,35.2
2026-06-09 17:03:12,2874,1158,33.1
2026-06-09 17:03:14,2876,1159,37.3
2026-06-09 17:03:16,2878,1160,55.6
2026-06-09 17:03:18,2880,1161,18.6
2026-06-09 17:03:20,2882,1162,22.9
2026-06-09 17:03:22,2884,1163,22.6
2026-06-09 17:03:24,2886,1164,22.0
2026-06-09 17:03:27,2889,1165,29.7
2026-06-09 17:03:29,2891,1166,34.1
2026-06-09 17:03:31,2893,1167,26.4
2026-06-09 17:03:33,2895,1168,29.6
2026-06-09 17:03:35,2897,1169,38.7
2026-06-09 17:03:37,2899,1170,22.8
2026-06-09 17:03:39,2901,1171,26.6
2026-06-09 17:03:41,2903,1172,33.8
2026-06-09 17:03:43,2905,1173,27.0
2026-06-09 17:03:45,2907,1174,34.4
2026-06-09 17:03:47,2909,1175,35.7
2026-06-09 17:03:49,2911,1176,18.3
2026-06-09 17:03:51,2913,1177,35.8
2026-06-09 17:03:53,2915,1178,30.1
2026-06-09 17:03:55,2917,1179,35.7
2026-06-09 17:03:57,2919,1180,35.4
2026-06-09 17:03:59,2921,1181,20.0
2026-06-09 17:04:01,2923,1182,46.4
2026-06-09 17:04:03,2925,1183,27.0
2026-06-09 17:04:05,2927,1184,39.4
2026-06-09 17:04:07,2929,1185,28.5
2026-06-09 17:04:09,2931,1186,26.4
2026-06-09 17:04:11,2933,1187,31.7
2026-06-09 17:04:13,2935,1188,39.3
2026-06-09 17:04:15,2937,1189,28.8
2026-06-09 17:04:17,2939,1190,30.7
2026-06-09 17:04:19,2941,1191,23.2
2026-06-09 17:04:21,2943,1192,21.8
2026-06-09 17:04:23,2945,1193,36.0
2026-06-09 17:04:25,2947,1194,41.7
2026-06-09 17:04:27,2949,1195,37.1
2026-06-09 17:04:29,2951,1196,33.6
2026-06-09 17:04:31,2953,1197,31.7
2026-06-09 17:04:33,2955,1198,291
2026-06-09 17:04:35,2957,1199,38.5
2026-06-09 17:04:37,2959,1200,16.2
2026-06-09 17:04:40,2962,1201,14.5
2026-06-09 17:04:42,2964,1202,41.0
2026-06-09 17:04:44,2966,1203,31.4
2026-06-09 17:04:46,2968,1204,26.3
2026-06-09 17:04:48,2970,1205,31.5
2026-06-09 17:04:50,2972,1206,54.0
2026-06-09 17:04:52,2974,1207,30.7
2026-06-09 17:04:54,2976,1208,26.9
2026-06-09 17:04:56,2978,1209,21.2
2026-06-09 17:04:58,2980,1210,22.3
2026-06-09 17:05:00,2982,1211,47.7
2026-06-09 17:05:02,2984,1212,29.7
2026-06-09 17:05:04,2986,1213,18.5
2026-06-09 17:05:06,2988,1214,43.4
2026-06-09 17:05:08,2990,1215,25.7
2026-06-09 17:05:10,2992,1216,31.6
2026-06-09 17:05:12,2994,1217,20.9
2026-06-09 17:05:14,2996,1218,26.3
2026-06-09 17:05:16,2998,1219,34.2
2026-06-09 17:05:18,3000,1220,23.9
2026-06-09 17:05:20,3002,1221,42.4
2026-06-09 17:05:22,3004,1222,30.6
2026-06-09 17:05:24,3006,1223,27.0
2026-06-09 17:05:27,3009,1224,23.6
2026-06-09 17:05:29,3011,1225,48.1
2026-06-09 17:05:31,3013,1226,40.5
2026-06-09 17:05:33,3015,1227,26.1
2026-06-09 17:05:35,3017,1228,23.0
2026-06-09 17:05:37,3019,1229,35.5
2026-06-09 17:05:39,3021,1230,16.6
2026-06-09 17:05:41,3023,1231,41.2
2026-06-09 17:05:43,3025,1232,34.8
2026-06-09 17:05:45,3027,1233,30.4
2026-06-09 17:05:47,3029,1234,29.8
2026-06-09 17:05:49,3031,1235,16.5
2026-06-09 17:05:51,3033,1236,22.8
2026-06-09 17:05:53,3035,1237,17.8
2026-06-09 17:05:55,3037,1238,37.3
2026-06-09 17:05:57,3039,1239,123
2026-06-09 17:05:59,3041,1240,43.7
2026-06-09 17:06:01,3043,1241,18.5
2026-06-09 17:06:04,3046,1242,20.2
2026-06-09 17:06:06,3048,1243,13.9
2026-06-09 17:06:08,3050,1244,32.5
2026-06-09 17:06:10,3052,1245,32.6
2026-06-09 17:06:12,3054,1246,47.3
2026-06-09 17:06:14,3056,1247,21.1
2026-06-09 17:06:16,3058,1248,37.5
2026-06-09 17:06:18,3060,1249,74.9
2026-06-09 17:06:20,3062,1250,34.0
2026-06-09 17:06:22,3064,1251,32.2
2026-06-09 17:06:24,3066,1252,34.1
2026-06-09 17:06:26,3068,1253,28.8
2026-06-09 17:06:28,3070,1254,28.2
2026-06-09 17:06:30,3072,1255,37.7
2026-06-09 17:06:32,3074,1256,35.8
2026-06-09 17:06:34,3076,1257,38.8
2026-06-09 17:06:36,3078,1258,27.6
2026-06-09 17:06:38,3080,1259,42.5
2026-06-09 17:06:40,3082,1260,36.1
2026-06-09 17:06:42,3084,1261,39.2
2026-06-09 17:06:44,3086,1262,31.0
2026-06-09 17:06:46,3088,1263,31.4
2026-06-09 17:06:48,3090,1264,30.7
2026-06-09 17:06:50,3092,1265,45.6
2026-06-09 17:06:52,3094,1266,36.5
2026-06-09 17:06:54,3096,1267,26.2
2026-06-09 17:06:56,3098,1268,39.0
2026-06-09 17:06:58,3100,1269,24.7
2026-06-09 17:07:00,3102,1270,45.8
2026-06-09 17:07:02,3104,1271,11.8
2026-06-09 17:07:04,3106,1272,27.8
2026-06-09 17:07:06,3108,1273,33.4
2026-06-09 17:07:08,3110,1274,25.6
2026-06-09 17:07:10,3112,1275,23.3
2026-06-09 17:07:12,3114,1276,38.7
2026-06-09 17:07:14,3116,1277,32.6
2026-06-09 17:07:16,3118,1278,50.6
2026-06-09 17:07:18,3120,1279,71.8
2026-06-09 17:07:20,3122,1280,36.6
2026-06-09 17:07:22,3124,1281,24.5
2026-06-09 17:07:25,3127,1282,508
2026-06-09 17:07:27,3129,1283,20.1
2026-06-09 17:07:29,3131,1284,23.0
2026-06-09 17:07:31,3133,1285,69.4
2026-06-09 17:07:33,3135,1286,39.0
2026-06-09 17:07:35,3137,1287,26.4
2026-06-09 17:07:38,3139,1288,377
2026-06-09 17:07:40,3142,1289,190
2026-06-09 17:07:42,3144,1290,202
2026-06-09 17:07:44,3146,1291,174
2026-06-09 17:07:46,3148,1292,26.0
2026-06-09 17:07:48,3150,1293,40.2
2026-06-09 17:07:50,3152,1294,31.3
2026-06-09 17:07:52,3154,1295,31.8
2026-06-09 17:07:54,3156,1296,31.5
2026-06-09 17:07:56,3158,1297,20.7
2026-06-09 17:07:58,3160,1298,39.9
2026-06-09 17:08:00,3162,1299,23.6
2026-06-09 17:08:02,3164,1300,35.1
2026-06-09 17:08:04,3166,1301,91.0
2026-06-09 17:08:06,3168,1302,62.9
2026-06-09 17:08:08,3170,1303,42.1
2026-06-09 17:08:10,3172,1304,24.0
2026-06-09 17:08:12,3174,1305,33.4
2026-06-09 17:08:15,3177,1306,214
2026-06-09 17:08:17,3179,1307,34.9
2026-06-09 17:08:19,3181,1308,31.1
2026-06-09 17:08:21,3183,1309,49.5
2026-06-09 17:08:23,3185,1310,34.1
2026-06-09 17:08:25,3187,1311,26.8
2026-06-09 17:08:27,3189,1312,33.6
2026-06-09 17:08:29,3191,1313,26.5
2026-06-09 17:08:31,3193,1314,29.2
2026-06-09 17:08:33,3195,1315,15.1
2026-06-09 17:08:35,3197,1316,35.2
2026-06-09 17:08:37,3199,1317,26.3
2026-06-09 17:08:39,3201,1318,29.9
2026-06-09 17:08:41,3203,1319,20.6
2026-06-09 17:08:43,3205,1320,31.1
2026-06-09 17:08:45,3207,1321,39.4
2026-06-09 17:08:47,3209,1322,36.1
2026-06-09 17:08:49,3211,1323,40.6
2026-06-09 17:08:51,3213,1324,26.2
2026-06-09 17:08:53,3215,1325,36.9
2026-06-09 17:08:55,3217,1326,25.6
2026-06-09 17:08:57,3219,1327,41.0
2026-06-09 17:08:59,3221,1328,30.5
2026-06-09 17:09:01,3223,1329,41.5
2026-06-09 17:09:03,3225,1330,36.7
2026-06-09 17:09:05,3227,1331,29.0
2026-06-09 17:09:07,3229,1332,24.6
2026-06-09 17:09:10,3232,1333,25.7
2026-06-09 17:09:12,3234,1334,18.5
2026-06-09 17:09:14,3236,1335,29.3
2026-06-09 17:09:16,3238,1336,26.0
2026-06-09 17:09:18,3240,1337,30.7
2026-06-09 17:09:20,3242,1338,29.8
2026-06-09 17:09:22,3244,1339,35.3
2026-06-09 17:09:24,3246,1340,35.8
2026-06-09 17:09:26,3248,1341,21.8
2026-06-09 17:09:28,3250,1342,21.2
2026-06-09 17:09:30,3252,1343,44.6
2026-06-09 17:09:32,3254,1344,28.5
2026-06-09 17:09:34,3256,1345,43.5
2026-06-09 17:09:36,3258,1346,48.6
2026-06-09 17:09:38,3260,1347,37.7
2026-06-09 17:09:40,3262,1348,45.2
2026-06-09 17:09:42,3264,1349,27.4
2026-06-09 17:09:44,3266,1350,41.9
2026-06-09 17:09:46,3268,1351,31.9
2026-06-09 17:09:48,3270,1352,42.0
2026-06-09 17:09:50,3272,1353,27.4
2026-06-09 17:09:52,3274,1354,44.1
2026-06-09 17:09:54,3276,1355,26.1
2026-06-09 17:09:56,3278,1356,28.8
2026-06-09 17:09:58,3280,1357,29.5
2026-06-09 17:10:00,3282,1358,45.3
2026-06-09 17:10:02,3284,1359,35.2
2026-06-09 17:10:04,3286,1360,43.8
2026-06-09 17:10:06,3288,1361,49.4
2026-06-09 17:10:08,3290,1362,34.3
2026-06-09 17:10:10,3292,1363,53.6
2026-06-09 17:10:12,3294,1364,47.0
2026-06-09 17:10:14,3296,1365,36.8
2026-06-09 17:10:16,3298,1366,31.3
2026-06-09 17:10:18,3300,1367,50.1
2026-06-09 17:10:20,3302,1368,33.4
2026-06-09 17:10:23,3305,1369,20.5
2026-06-09 17:10:25,3307,1370,20.4
2026-06-09 17:10:27,3309,1371,17.4
2026-06-09 17:10:29,3311,1372,35.2
2026-06-09 17:10:31,3313,1373,101
2026-06-09 17:10:33,3315,1374,59.3
2026-06-09 17:10:35,3317,1375,29.5
2026-06-09 17:10:37,3319,1376,24.6
2026-06-09 17:10:40,3322,1377,54.6
2026-06-09 17:10:42,3324,1378,32.2
2026-06-09 17:10:44,3326,1379,26.9
2026-06-09 17:10:46,3328,1380,63.7
2026-06-09 17:10:48,3330,1381,42.3
2026-06-09 17:10:50,3332,1382,36.6
2026-06-09 17:10:52,3334,1383,54.9
2026-06-09 17:10:54,3336,1384,38.4
2026-06-09 17:10:56,3338,1385,44.2
2026-06-09 17:10:58,3340,1386,38.1
2026-06-09 17:11:00,3342,1387,29.8
2026-06-09 17:11:02,3344,1388,54.2
2026-06-09 17:11:05,3347,1389,28.5
2026-06-09 17:11:07,3349,1390,31.7
2026-06-09 17:11:09,3351,1391,36.9
2026-06-09 17:11:11,3353,1392,53.1
2026-06-09 17:11:13,3355,1393,49.6
2026-06-09 17:11:15,3357,1394,45.3
2026-06-09 17:11:17,3359,1395,35.2
2026-06-09 17:11:19,3361,1396,36.5
2026-06-09 17:11:21,3363,1397,36.9
2026-06-09 17:11:23,3365,1398,40.3
2026-06-09 17:11:25,3367,1399,48.6
2026-06-09 17:11:27,3369,1400,40.3
2026-06-09 17:11:29,3371,1401,46.5
2026-06-09 17:11:31,3373,1402,61.4
2026-06-09 17:11:33,3375,1403,38.2
2026-06-09 17:11:35,3377,1404,30.6
2026-06-09 17:11:37,3379,1405,41.7
2026-06-09 17:11:39,3381,1406,36.5
2026-06-09 17:11:41,3383,1407,38.6
2026-06-09 17:11:43,3385,1408,27.8
2026-06-09 17:11:45,3387,1409,31.4
2026-06-09 17:11:47,3389,1410,37.9
2026-06-09 17:11:49,3391,1411,36.9
2026-06-09 17:11:51,3393,1412,43.2
2026-06-09 17:11:53,3395,1413,43.6
2026-06-09 17:11:55,3397,1414,29.6
2026-06-09 17:11:57,3399,1415,30.5
2026-06-09 17:11:59,3401,1416,27.1
2026-06-09 17:12:01,3403,1417,41.0
2026-06-09 17:12:03,3405,1418,33.9
2026-06-09 17:12:05,3407,1419,22.7
2026-06-09 17:12:07,3409,1420,44.3
2026-06-09 17:12:09,3411,1421,64.6
2026-06-09 17:12:11,3413,1422,53.3
2026-06-09 17:12:13,3415,1423,38.0
2026-06-09 17:12:15,3417,1424,34.9
2026-06-09 17:12:17,3419,1425,32.9
2026-06-09 17:12:20,3422,1426,36.9
2026-06-09 17:12:22,3424,1427,100
2026-06-09 17:12:24,3426,1428,36.8
2026-06-09 17:12:26,3428,1429,41.6
2026-06-09 17:12:28,3430,1430,43.1
2026-06-09 17:12:30,3432,1431,44.0
2026-06-09 17:12:32,3434,1432,17.7
2026-06-09 17:12:34,3436,1433,28.7
2026-06-09 17:12:36,3438,1434,25.2
2026-06-09 17:12:38,3440,1435,43.3
2026-06-09 17:12:40,3442,1436,46.9
2026-06-09 17:12:42,3444,1437,32.4
2026-06-09 17:12:44,3446,1438,26.1
2026-06-09 17:12:46,3448,1439,28.6
2026-06-09 17:12:48,3450,1440,66.5
2026-06-09 17:12:50,3452,1441,33.0
2026-06-09 17:12:52,3454,1442,28.6
2026-06-09 17:12:54,3456,1443,47.7
2026-06-09 17:12:56,3458,1444,20.5
2026-06-09 17:12:58,3460,1445,26.8
2026-06-09 17:13:00,3462,1446,41.8
2026-06-09 17:13:02,3464,1447,48.2
2026-06-09 17:13:04,3466,1448,493
2026-06-09 17:13:06,3468,1449,32.1
2026-06-09 17:13:09,3471,1450,105
2026-06-09 17:13:11,3473,1451,35.6
2026-06-09 17:13:13,3475,1452,41.4
2026-06-09 17:13:15,3477,1453,32.1
2026-06-09 17:13:17,3479,1454,47.5
2026-06-09 17:13:19,3481,1455,98.4
2026-06-09 17:13:21,3483,1456,46.0
2026-06-09 17:13:24,3486,1457,34.1
2026-06-09 17:13:26,3488,1458,22.2
2026-06-09 17:13:28,3490,1459,42.2
2026-06-09 17:13:30,3492,1460,39.6
2026-06-09 17:13:32,3494,1461,31.3
2026-06-09 17:13:34,3496,1462,41.8
2026-06-09 17:13:36,3498,1463,31.6
2026-06-09 17:13:38,3500,1464,31.8
2026-06-09 17:13:40,3502,1465,24.3
2026-06-09 17:13:42,3504,1466,55.7
2026-06-09 17:13:44,3506,1467,40.6
2026-06-09 17:13:46,3508,1468,61.7
2026-06-09 17:13:48,3510,1469,56.2
2026-06-09 17:13:51,3513,1470,26.9
2026-06-09 17:13:53,3515,1471,26.2
2026-06-09 17:13:55,3517,1472,54.3
2026-06-09 17:13:57,3519,1473,37.2
2026-06-09 17:13:59,3521,1474,54.8
2026-06-09 17:14:01,3523,1475,64.1
2026-06-09 17:14:03,3525,1476,42.3
2026-06-09 17:14:05,3527,1477,184
2026-06-09 17:14:07,3529,1478,46.4
2026-06-09 17:14:09,3531,1479,36.3
2026-06-09 17:14:11,3533,1480,37.0
2026-06-09 17:14:13,3535,1481,46.3
2026-06-09 17:14:15,3537,1482,198
2026-06-09 17:14:17,3539,1483,36.2
2026-06-09 17:14:19,3541,1484,32.8
2026-06-09 17:14:21,3543,1485,39.0
2026-06-09 17:14:23,3545,1486,28.8
2026-06-09 17:14:26,3548,1487,57.6
2026-06-09 17:14:28,3550,1488,60.3
2026-06-09 17:14:30,3552,1489,64.3
2026-06-09 17:14:32,3554,1490,43.7
2026-06-09 17:14:34,3556,1491,35.4
2026-06-09 17:14:36,3558,1492,47.0
2026-06-09 17:14:38,3560,1493,43.3
2026-06-09 17:14:40,3562,1494,56.9
2026-06-09 17:14:42,3564,1495,33.6
2026-06-09 17:14:44,3566,1496,205
2026-06-09 17:14:46,3568,1497,24.2
2026-06-09 17:14:48,3570,1498,53.3
2026-06-09 17:14:50,3572,1499,43.8
2026-06-09 17:14:52,3574,1500,47.4
2026-06-09 17:14:54,3576,1501,34.7
2026-06-09 17:14:56,3578,1502,31.3
2026-06-09 17:14:58,3580,1503,29.0
2026-06-09 17:15:00,3582,1504,38.4
2026-06-09 17:15:02,3584,1505,23.1
2026-06-09 17:15:04,3586,1506,66.9
2026-06-09 17:15:07,3589,1507,29.8
2026-06-09 17:15:09,3591,1508,42.2
2026-06-09 17:15:11,3593,1509,25.7
2026-06-09 17:15:13,3595,1510,42.4
2026-06-09 17:15:15,3597,1511,41.3
2026-06-09 17:15:17,3599,1512,35.7
2026-06-09 17:15:19,3601,1513,31.2
2026-06-09 17:15:21,3603,1514,31.9
2026-06-09 17:15:23,3605,1515,32.6
2026-06-09 17:15:25,3607,1516,42.9
2026-06-09 17:15:27,3609,1517,36.7
2026-06-09 17:15:30,3612,1518,59.4
2026-06-09 17:15:32,3614,1519,148
2026-06-09 17:15:34,3616,1520,30.1
2026-06-09 17:15:36,3618,1521,20.9
2026-06-09 17:15:38,3620,1522,17.4
2026-06-09 17:15:40,3622,1523,19.3
2026-06-09 17:15:42,3624,1524,190
2026-06-09 17:15:44,3626,1525,42.3
2026-06-09 17:15:46,3628,1526,36.8
2026-06-09 17:15:48,3630,1527,120
2026-06-09 17:15:50,3632,1528,35.6
2026-06-09 17:15:53,3635,1529,33.1
2026-06-09 17:15:55,3637,1530,25.1
2026-06-09 17:15:57,3639,1531,27.1
2026-06-09 17:15:59,3641,1532,29.1
2026-06-09 17:16:01,3643,1533,41.2
2026-06-09 17:16:03,3645,1534,17.1
2026-06-09 17:16:05,3647,1535,19.4
2026-06-09 17:16:07,3649,1536,31.7
2026-06-09 17:16:09,3651,1537,38.6
2026-06-09 17:16:11,3653,1538,31.2
2026-06-09 17:16:13,3655,1539,51.2
2026-06-09 17:16:15,3657,1540,167
2026-06-09 17:16:18,3660,1541,94.9
2026-06-09 17:16:20,3662,1542,29.7
2026-06-09 17:16:22,3664,1543,27.6
2026-06-09 17:16:24,3666,1544,46.7
2026-06-09 17:16:26,3668,1545,35.1
2026-06-09 17:16:28,3670,1546,35.7
2026-06-09 17:16:31,3673,1547,35.7
2026-06-09 17:16:33,3675,1548,54.0
2026-06-09 17:16:35,3677,1549,63.9
2026-06-09 17:16:37,3679,1550,37.9
2026-06-09 17:16:39,3681,1551,31.0
2026-06-09 17:16:41,3683,1552,39.8
2026-06-09 17:16:43,3685,1553,43.5
2026-06-09 17:16:45,3687,1554,36.4
2026-06-09 17:16:47,3689,1555,34.5
2026-06-09 17:16:49,3691,1556,37.5
2026-06-09 17:16:51,3693,1557,36.8
2026-06-09 17:16:53,3695,1558,30.6
2026-06-09 17:16:55,3697,1559,42.8
2026-06-09 17:16:57,3699,1560,42.0
2026-06-09 17:16:59,3701,1561,32.7
2026-06-09 17:17:01,3703,1562,46.2
2026-06-09 17:17:03,3705,1563,32.1
2026-06-09 17:17:05,3707,1564,33.7
2026-06-09 17:17:07,3709,1565,27.9
2026-06-09 17:17:10,3712,1566,33.0
2026-06-09 17:17:12,3714,1567,38.6
2026-06-09 17:17:14,3716,1568,53.2
2026-06-09 17:17:16,3718,1569,49.0
2026-06-09 17:17:18,3720,1570,42.6
2026-06-09 17:17:20,3722,1571,53.6
2026-06-09 17:17:22,3724,1572,43.2
2026-06-09 17:17:24,3726,1573,40.1
2026-06-09 17:17:26,3728,1574,51.9
2026-06-09 17:17:28,3730,1575,35.6
2026-06-09 17:17:30,3732,1576,28.5
2026-06-09 17:17:32,3734,1577,31.7
2026-06-09 17:17:34,3736,1578,27.6
2026-06-09 17:17:36,3738,1579,48.4
2026-06-09 17:17:38,3740,1580,39.4
2026-06-09 17:17:40,3742,1581,48.2
2026-06-09 17:17:42,3744,1582,43.0
2026-06-09 17:17:44,3746,1583,33.6
2026-06-09 17:17:47,3749,1584,24.7
2026-06-09 17:17:49,3751,1585,269
2026-06-09 17:17:51,3753,1586,28.9
2026-06-09 17:17:53,3755,1587,26.7
2026-06-09 17:17:55,3757,1588,31.0
2026-06-09 17:17:57,3759,1589,30.5
2026-06-09 17:17:59,3761,1590,24.5
2026-06-09 17:18:01,3763,1591,31.6
2026-06-09 17:18:03,3765,1592,35.6
2026-06-09 17:18:05,3767,1593,80.6
2026-06-09 17:18:07,3769,1594,203
2026-06-09 17:18:10,3772,1595,116
2026-06-09 17:18:12,3774,1596,26.6
2026-06-09 17:18:14,3776,1597,48.4
2026-06-09 17:18:17,3779,1598,46.8
2026-06-09 17:18:19,3781,1599,109
2026-06-09 17:18:21,3783,1600,48.5
2026-06-09 17:18:23,3785,1601,32.2
2026-06-09 17:18:25,3787,1602,42.1
2026-06-09 17:18:27,3789,1603,40.7
2026-06-09 17:18:29,3791,1604,26.4
2026-06-09 17:18:31,3793,1605,37.8
2026-06-09 17:18:33,3795,1606,43.9
2026-06-09 17:18:35,3797,1607,26.3
2026-06-09 17:18:37,3799,1608,47.0
2026-06-09 17:18:40,3802,1609,33.4
2026-06-09 17:18:42,3804,1610,42.1
2026-06-09 17:18:44,3806,1611,42.8
2026-06-09 17:18:46,3808,1612,25.1
2026-06-09 17:18:48,3810,1613,33.3
2026-06-09 17:18:50,3812,1614,38.1
2026-06-09 17:18:52,3814,1615,43.4
2026-06-09 17:18:54,3816,1616,35.1
2026-06-09 17:18:56,3818,1617,47.2
2026-06-09 17:18:58,3820,1618,33.1
2026-06-09 17:19:00,3822,1619,33.5
2026-06-09 17:19:02,3824,1620,22.4
2026-06-09 17:19:04,3826,1621,26.2
2026-06-09 17:19:06,3828,1622,48.4
2026-06-09 17:19:08,3830,1623,33.6
2026-06-09 17:19:10,3832,1624,31.0
2026-06-09 17:19:12,3834,1625,37.4
2026-06-09 17:19:14,3836,1626,19.5
2026-06-09 17:19:17,3839,1627,40.6
2026-06-09 17:19:19,3841,1628,45.9
2026-06-09 17:19:21,3843,1629,42.0
2026-06-09 17:19:23,3845,1630,36.7
2026-06-09 17:19:25,3847,1631,54.2
2026-06-09 17:19:27,3849,1632,40.4
2026-06-09 17:19:29,3851,1633,23.4
2026-06-09 17:19:31,3853,1634,31.4
2026-06-09 17:19:33,3855,1635,37.4
2026-06-09 17:19:35,3857,1636,20.4
2026-06-09 17:19:37,3859,1637,28.5
2026-06-09 17:19:39,3861,1638,37.3
2026-06-09 17:19:41,3863,1639,37.0
2026-06-09 17:19:43,3865,1640,37.5
2026-06-09 17:19:45,3867,1641,54.3
2026-06-09 17:19:47,3869,1642,32.6
2026-06-09 17:19:49,3871,1643,547
2026-06-09 17:19:51,3873,1644,112
2026-06-09 17:19:54,3876,1645,21.0
2026-06-09 17:19:56,3878,1646,35.7
2026-06-09 17:19:58,3880,1647,47.8
2026-06-09 17:20:00,3882,1648,42.5
2026-06-09 17:20:02,3884,1649,29.6
2026-06-09 17:20:04,3886,1650,55.7
2026-06-09 17:20:06,3888,1651,34.3
2026-06-09 17:20:08,3890,1652,29.2
2026-06-09 17:20:10,3892,1653,97.0
2026-06-09 17:20:12,3894,1654,32.3
2026-06-09 17:20:14,3896,1655,290
2026-06-09 17:20:17,3899,1656,40.4
2026-06-09 17:20:19,3901,1657,34.1
2026-06-09 17:20:21,3903,1658,39.1
2026-06-09 17:20:23,3905,1659,44.3
2026-06-09 17:20:25,3907,1660,41.1
2026-06-09 17:20:27,3909,1661,36.4
2026-06-09 17:20:29,3911,1662,38.4
2026-06-09 17:20:31,3913,1663,28.6
2026-06-09 17:20:33,3915,1664,63.4
2026-06-09 17:20:35,3917,1665,28.0
2026-06-09 17:20:37,3919,1666,45.7
2026-06-09 17:20:39,3921,1667,45.8
2026-06-09 17:20:41,3923,1668,36.2
2026-06-09 17:20:43,3925,1669,25.8
2026-06-09 17:20:45,3927,1670,29.4
2026-06-09 17:20:47,3929,1671,40.2
2026-06-09 17:20:49,3931,1672,29.6
2026-06-09 17:20:52,3934,1673,40.3
2026-06-09 17:20:54,3936,1674,28.2
2026-06-09 17:20:56,3938,1675,32.2
2026-06-09 17:20:58,3940,1676,48.6
2026-06-09 17:21:00,3942,1677,54.1
2026-06-09 17:21:02,3944,1678,38.8
2026-06-09 17:21:04,3946,1679,41.3
2026-06-09 17:21:06,3948,1680,30.7
2026-06-09 17:21:08,3950,1681,22.8
2026-06-09 17:21:10,3952,1682,31.5
2026-06-09 17:21:12,3954,1683,33.9
2026-06-09 17:21:14,3956,1684,40.9
2026-06-09 17:21:16,3958,1685,59.7
2026-06-09 17:21:18,3960,1686,39.8
2026-06-09 17:21:20,3962,1687,22.0
2026-06-09 17:21:22,3964,1688,58.5
2026-06-09 17:21:24,3966,1689,39.2
2026-06-09 17:21:26,3968,1690,27.9
2026-06-09 17:21:28,3970,1691,46.6
2026-06-09 17:21:30,3972,1692,38.0
2026-06-09 17:21:33,3975,1693,42.1
2026-06-09 17:21:35,3977,1694,34.2
2026-06-09 17:21:37,3979,1695,28.3
2026-06-09 17:21:39,3981,1696,23.1
2026-06-09 17:21:41,3983,1697,23.3
2026-06-09 17:21:43,3985,1698,32.7
2026-06-09 17:21:45,3987,1699,29.7
2026-06-09 17:21:47,3989,1700,29.7
2026-06-09 17:21:49,3991,1701,26.1
2026-06-09 17:21:51,3993,1702,31.6
2026-06-09 17:21:53,3995,1703,34.4
2026-06-09 17:21:56,3998,1704,25.4
2026-06-09 17:21:58,4000,1705,98.2
2026-06-09 17:22:00,4002,1706,39.8
2026-06-09 17:22:02,4004,1707,38.6
2026-06-09 17:22:05,4007,1708,46.3
2026-06-09 17:22:07,4009,1709,41.1
2026-06-09 17:22:09,4011,1710,34.1
2026-06-09 17:22:11,4013,1711,53.6
2026-06-09 17:22:13,4015,1712,40.0
2026-06-09 17:22:15,4017,1713,55.5
2026-06-09 17:22:17,4019,1714,104
2026-06-09 17:22:19,4021,1715,29.7
2026-06-09 17:22:21,4023,1716,43.1
2026-06-09 17:22:23,4025,1717,40.8
2026-06-09 17:22:25,4027,1718,33.1
2026-06-09 17:22:27,4029,1719,53.0
2026-06-09 17:22:30,4032,1720,31.6
2026-06-09 17:22:32,4034,1721,44.4
2026-06-09 17:22:34,4036,1722,28.4
2026-06-09 17:22:36,4038,1723,37.6
2026-06-09 17:22:38,4040,1724,39.7
2026-06-09 17:22:40,4042,1725,61.6
2026-06-09 17:22:42,4044,1726,35.4
2026-06-09 17:22:44,4046,1727,43.7
2026-06-09 17:22:46,4048,1728,52.1
2026-06-09 17:22:48,4050,1729,35.4
2026-06-09 17:22:50,4052,1730,42.6
2026-06-09 17:22:52,4054,1731,54.4
2026-06-09 17:22:54,4056,1732,24.3
2026-06-09 17:22:56,4058,1733,34.1
2026-06-09 17:22:58,4060,1734,32.7
2026-06-09 17:23:00,4062,1735,36.0
2026-06-09 17:23:02,4064,1736,30.2
2026-06-09 17:23:04,4066,1737,19.3
2026-06-09 17:23:06,4068,1738,36.4
2026-06-09 17:23:09,4071,1739,26.0
2026-06-09 17:23:11,4073,1740,36.9
2026-06-09 17:23:13,4075,1741,42.6
2026-06-09 17:23:15,4077,1742,14.7
2026-06-09 17:23:17,4079,1743,31.3
2026-06-09 17:23:19,4081,1744,22.0
2026-06-09 17:23:21,4083,1745,43.5
2026-06-09 17:23:23,4085,1746,30.6
2026-06-09 17:23:25,4087,1747,33.5
2026-06-09 17:23:27,4089,1748,51.3
2026-06-09 17:23:29,4091,1749,263
2026-06-09 17:23:31,4093,1750,33.4
2026-06-09 17:23:33,4095,1751,49.4
2026-06-09 17:23:35,4097,1752,33.1
2026-06-09 17:23:37,4099,1753,28.3
2026-06-09 17:23:39,4101,1754,33.5
2026-06-09 17:23:41,4103,1755,23.0
2026-06-09 17:23:43,4105,1756,37.1
2026-06-09 17:23:46,4108,1757,40.1
2026-06-09 17:23:48,4110,1758,346
2026-06-09 17:23:50,4112,1759,205
2026-06-09 17:23:52,4114,1760,135
2026-06-09 17:23:54,4116,1761,96.3
2026-06-09 17:23:56,4118,1762,38.2
2026-06-09 17:23:59,4121,1763,36.5
2026-06-09 17:24:01,4123,1764,54.8
2026-06-09 17:24:03,4125,1765,52.1
2026-06-09 17:24:05,4127,1766,37.6
2026-06-09 17:24:07,4129,1767,47.7
2026-06-09 17:24:09,4131,1768,50.7
2026-06-09 17:24:11,4133,1769,46.0
2026-06-09 17:24:13,4135,1770,32.0
2026-06-09 17:24:15,4137,1771,34.8
2026-06-09 17:24:17,4139,1772,34.0
2026-06-09 17:24:19,4141,1773,41.6
2026-06-09 17:24:22,4144,1774,28.5
2026-06-09 17:24:24,4146,1775,58.3
2026-06-09 17:24:26,4148,1776,32.0
2026-06-09 17:24:28,4150,1777,37.4
2026-06-09 17:24:30,4152,1778,44.8
2026-06-09 17:24:32,4154,1779,21.9
2026-06-09 17:24:34,4156,1780,24.4
2026-06-09 17:24:36,4158,1781,33.5
2026-06-09 17:24:38,4160,1782,35.3
2026-06-09 17:24:40,4162,1783,33.2
2026-06-09 17:24:42,4164,1784,43.4
2026-06-09 17:24:44,4166,1785,37.2
2026-06-09 17:24:46,4168,1786,47.6
2026-06-09 17:24:48,4170,1787,36.8
2026-06-09 17:24:50,4172,1788,53.1
2026-06-09 17:24:52,4174,1789,33.4
2026-06-09 17:24:54,4176,1790,33.2
2026-06-09 17:24:56,4178,1791,34.0
2026-06-09 17:24:58,4180,1792,49.2
2026-06-09 17:25:01,4183,1793,29.9
2026-06-09 17:25:03,4185,1794,46.0
2026-06-09 17:25:05,4187,1795,131
2026-06-09 17:25:07,4189,1796,30.9
2026-06-09 17:25:09,4191,1797,28.7
2026-06-09 17:25:11,4193,1798,21.5
2026-06-09 17:25:13,4195,1799,35.6
2026-06-09 17:25:15,4197,1800,58.5
2026-06-09 17:25:17,4199,1801,51.5
2026-06-09 17:25:19,4201,1802,274
2026-06-09 17:25:21,4203,1803,41.6
2026-06-09 17:25:23,4205,1804,28.0
2026-06-09 17:25:26,4208,1805,24.5
2026-06-09 17:25:28,4210,1806,217
2026-06-09 17:25:30,4212,1807,29.4
2026-06-09 17:25:32,4214,1808,28.6
2026-06-09 17:25:34,4216,1809,24.6
2026-06-09 17:25:36,4218,1810,33.6
2026-06-09 17:25:38,4220,1811,28.5
2026-06-09 17:25:40,4222,1812,40.7
2026-06-09 17:25:42,4224,1813,48.7
2026-06-09 17:25:44,4226,1814,12.8
2026-06-09 17:25:46,4228,1815,24.7
2026-06-09 17:25:48,4230,1816,37.1
2026-06-09 17:25:50,4232,1817,32.6
2026-06-09 17:25:52,4234,1818,29.1
2026-06-09 17:25:54,4236,1819,31.9
2026-06-09 17:25:56,4238,1820,41.0
2026-06-09 17:25:59,4241,1821,34.7
2026-06-09 17:26:01,4243,1822,20.6
2026-06-09 17:26:03,4245,1823,33.9
2026-06-09 17:26:05,4247,1824,45.6
2026-06-09 17:26:07,4249,1825,31.4
2026-06-09 17:26:09,4251,1826,43.1
2026-06-09 17:26:11,4253,1827,27.6
2026-06-09 17:26:13,4255,1828,34.7
2026-06-09 17:26:15,4257,1829,33.3
2026-06-09 17:26:17,4259,1830,31.9
2026-06-09 17:26:19,4261,1831,37.6
2026-06-09 17:26:21,4263,1832,26.6
2026-06-09 17:26:23,4265,1833,19.5
2026-06-09 17:26:25,4267,1834,41.3
2026-06-09 17:26:27,4269,1835,42.8
2026-06-09 17:26:29,4271,1836,37.0
2026-06-09 17:26:31,4273,1837,34.6
2026-06-09 17:26:33,4275,1838,27.1
2026-06-09 17:26:35,4277,1839,24.1
2026-06-09 17:26:38,4280,1840,42.0
2026-06-09 17:26:40,4282,1841,67.8
2026-06-09 17:26:42,4284,1842,36.4
2026-06-09 17:26:44,4286,1843,34.7
2026-06-09 17:26:46,4288,1844,32.9
2026-06-09 17:26:48,4290,1845,29.2
2026-06-09 17:26:50,4292,1846,24.2
2026-06-09 17:26:52,4294,1847,36.0
2026-06-09 17:26:54,4296,1848,27.6
2026-06-09 17:26:56,4298,1849,28.9
2026-06-09 17:26:58,4300,1850,28.3
2026-06-09 17:27:00,4302,1851,30.4
2026-06-09 17:27:02,4304,1852,24.1
2026-06-09 17:27:04,4306,1853,33.3
2026-06-09 17:27:06,4308,1854,32.5
2026-06-09 17:27:08,4310,1855,35.4
2026-06-09 17:27:10,4312,1856,20.5
2026-06-09 17:27:12,4314,1857,18.2
2026-06-09 17:27:14,4316,1858,25.0
2026-06-09 17:27:16,4318,1859,45.9
2026-06-09 17:27:18,4320,1860,33.6
2026-06-09 17:27:20,4322,1861,13.6
2026-06-09 17:27:22,4324,1862,27.6
2026-06-09 17:27:24,4326,1863,34.2
2026-06-09 17:27:26,4328,1864,26.6
2026-06-09 17:27:29,4331,1865,28.6
2026-06-09 17:27:31,4333,1866,31.4
2026-06-09 17:27:33,4335,1867,12.6
2026-06-09 17:27:35,4337,1868,25.4
2026-06-09 17:27:37,4339,1869,10.5
2026-06-09 17:27:39,4341,1870,16.5
2026-06-09 17:27:41,4343,1871,31.2
2026-06-09 17:27:43,4345,1872,32.7
2026-06-09 17:27:45,4347,1873,16.4
2026-06-09 17:27:47,4349,1874,20.0
2026-06-09 17:27:49,4351,1875,21.8
2026-06-09 17:27:51,4353,1876,35.4
2026-06-09 17:27:53,4355,1877,21.9
2026-06-09 17:27:55,4357,1878,40.0
2026-06-09 17:27:57,4359,1879,26.2
2026-06-09 17:27:59,4361,1880,24.7
2026-06-09 17:28:01,4363,1881,33.5
2026-06-09 17:28:03,4365,1882,27.1
2026-06-09 17:28:06,4367,1883,30.4
2026-06-09 17:28:07,4369,1884,28.7
2026-06-09 17:28:10,4372,1885,37.3
2026-06-09 17:28:12,4374,1886,19.7
2026-06-09 17:28:14,4376,1887,38.2
2026-06-09 17:28:16,4378,1888,23.4
2026-06-09 17:28:18,4380,1889,30.3
2026-06-09 17:28:20,4382,1890,17.4
2026-06-09 17:28:22,4384,1891,38.3
2026-06-09 17:28:24,4386,1892,27.8
2026-06-09 17:28:26,4388,1893,35.0
2026-06-09 17:28:28,4390,1894,38.8
2026-06-09 17:28:30,4392,1895,33.2
2026-06-09 17:28:32,4394,1896,59.7
2026-06-09 17:28:34,4396,1897,39.1
2026-06-09 17:28:36,4398,1898,29.2
2026-06-09 17:28:38,4400,1899,29.4
2026-06-09 17:28:40,4402,1900,19.0
2026-06-09 17:28:42,4404,1901,87.1
2026-06-09 17:28:45,4407,1902,31.5
2026-06-09 17:28:47,4409,1903,34.7
2026-06-09 17:28:49,4411,1904,36.9
2026-06-09 17:28:51,4413,1905,20.5
2026-06-09 17:28:53,4415,1906,24.7
2026-06-09 17:28:55,4417,1907,21.1
2026-06-09 17:28:57,4419,1908,41.1
2026-06-09 17:28:59,4421,1909,29.7
2026-06-09 17:29:01,4423,1910,29.5
2026-06-09 17:29:03,4425,1911,24.6
2026-06-09 17:29:05,4427,1912,22.7
2026-06-09 17:29:07,4429,1913,24.5
2026-06-09 17:29:09,4431,1914,34.6
2026-06-09 17:29:11,4433,1915,25.3
2026-06-09 17:29:13,4435,1916,36.3
2026-06-09 17:29:15,4437,1917,32.5
2026-06-09 17:29:17,4439,1918,45.0
2026-06-09 17:29:19,4441,1919,38.6
2026-06-09 17:29:21,4443,1920,61.2
2026-06-09 17:29:23,4445,1921,47.8
2026-06-09 17:29:25,4447,1922,20.4
2026-06-09 17:29:28,4450,1923,29.0
2026-06-09 17:29:30,4452,1924,133
2026-06-09 17:29:32,4454,1925,31.3
2026-06-09 17:29:34,4456,1926,29.4
2026-06-09 17:29:36,4458,1927,42.2
2026-06-09 17:29:38,4460,1928,28.9
2026-06-09 17:29:40,4462,1929,143
2026-06-09 17:29:42,4464,1930,28.1
2026-06-09 17:29:44,4466,1931,44.0
2026-06-09 17:29:47,4469,1932,157
2026-06-09 17:29:49,4471,1933,127
2026-06-09 17:29:51,4473,1934,43.9
2026-06-09 17:29:53,4475,1935,34.0
2026-06-09 17:29:55,4477,1936,184
2026-06-09 17:29:57,4479,1937,41.7
2026-06-09 17:29:59,4481,1938,42.3
2026-06-09 17:30:01,4483,1939,38.9
2026-06-09 17:30:03,4485,1940,47.9
2026-06-09 17:30:05,4487,1941,61.7
2026-06-09 17:30:07,4489,1942,42.8
2026-06-09 17:30:09,4491,1943,51.4
2026-06-09 17:30:11,4493,1944,50.8
2026-06-09 17:30:14,4496,1945,35.5
2026-06-09 17:30:16,4498,1946,52.5
2026-06-09 17:30:18,4500,1947,38.0
2026-06-09 17:30:20,4502,1948,36.4
2026-06-09 17:30:22,4504,1949,42.8
2026-06-09 17:30:24,4506,1950,29.2
2026-06-09 17:30:26,4508,1951,34.9
2026-06-09 17:30:28,4510,1952,48.3
2026-06-09 17:30:30,4512,1953,40.1
2026-06-09 17:30:32,4514,1954,48.7
2026-06-09 17:30:34,4516,1955,33.8
2026-06-09 17:30:36,4518,1956,33.4
2026-06-09 17:30:38,4520,1957,38.9
2026-06-09 17:30:40,4522,1958,32.0
2026-06-09 17:30:42,4524,1959,46.3
2026-06-09 17:30:44,4526,1960,43.8
2026-06-09 17:30:46,4528,1961,51.4
2026-06-09 17:30:48,4530,1962,28.4
2026-06-09 17:30:50,4532,1963,42.4
2026-06-09 17:30:52,4534,1964,43.7
2026-06-09 17:30:54,4536,1965,43.7
2026-06-09 17:30:56,4538,1966,39.7
2026-06-09 17:30:58,4540,1967,28.2
2026-06-09 17:31:00,4542,1968,35.4
2026-06-09 17:31:02,4544,1969,54.7
2026-06-09 17:31:04,4546,1970,38.3
2026-06-09 17:31:06,4548,1971,41.5
2026-06-09 17:31:08,4550,1972,35.9
2026-06-09 17:31:10,4552,1973,36.7
2026-06-09 17:31:13,4555,1974,30.1
2026-06-09 17:31:15,4557,1975,31.6
2026-06-09 17:31:17,4558,1976,34.0
2026-06-09 17:31:19,4561,1977,47.9
2026-06-09 17:31:21,4563,1978,17.6
2026-06-09 17:31:23,4565,1979,40.6
2026-06-09 17:31:25,4567,1980,110
2026-06-09 17:31:27,4569,1981,43.8
2026-06-09 17:31:29,4571,1982,36.6
2026-06-09 17:31:31,4573,1983,39.6
2026-06-09 17:31:34,4576,1984,33.6
2026-06-09 17:31:36,4578,1985,23.0
2026-06-09 17:31:38,4580,1986,44.3
2026-06-09 17:31:40,4582,1987,209
2026-06-09 17:31:42,4584,1988,37.6
2026-06-09 17:31:44,4586,1989,24.5
2026-06-09 17:31:46,4588,1990,27.4
2026-06-09 17:31:48,4590,1991,43.9
2026-06-09 17:31:50,4592,1992,91.2
2026-06-09 17:31:52,4594,1993,23.9
2026-06-09 17:31:54,4596,1994,239
2026-06-09 17:31:57,4599,1995,302
2026-06-09 17:31:59,4601,1996,79.2
2026-06-09 17:32:01,4603,1997,29.2
2026-06-09 17:32:03,4605,1998,35.7
2026-06-09 17:32:05,4607,1999,308
2026-06-09 17:32:08,4610,2000,37.6
2026-06-09 17:32:10,4612,2001,186
2026-06-09 17:32:12,4614,2002,162
2026-06-09 17:32:14,4616,2003,230
2026-06-09 17:32:16,4618,2004,191
2026-06-09 17:32:18,4620,2005,177
2026-06-09 17:32:20,4622,2006,167
2026-06-09 17:32:23,4625,2007,196
2026-06-09 17:32:25,4627,2008,226
2026-06-09 17:32:27,4629,2009,224
2026-06-09 17:32:30,4632,2010,159
2026-06-09 17:32:32,4634,2011,192
2026-06-09 17:32:34,4636,2012,215
2026-06-09 17:32:36,4638,2013,225
2026-06-09 17:32:38,4640,2014,161
2026-06-09 17:32:40,4642,2015,201
2026-06-09 17:32:43,4645,2016,197
2026-06-09 17:32:45,4647,2017,34.3
2026-06-09 17:32:47,4649,2018,62.0
2026-06-09 17:32:50,4652,2019,259
2026-06-09 17:32:52,4654,2020,41.8
2026-06-09 17:32:55,4657,2021,43.2
2026-06-09 17:32:57,4659,2022,47.4
2026-06-09 17:33:00,4662,2023,40.4
2026-06-09 17:33:03,4665,2024,60.8
2026-06-09 17:33:05,4667,2025,212
2026-06-09 17:33:08,4670,2026,673
2026-06-09 17:33:11,4673,2027,55.6
2026-06-09 17:33:14,4676,2028,44.0
2026-06-09 17:33:16,4678,2029,33.0
2026-06-09 17:33:19,4681,2030,45.2
2026-06-09 17:33:22,4684,2031,220
2026-06-09 17:33:25,4687,2032,699
2026-06-09 17:33:27,4689,2033,161
2026-06-09 17:33:29,4691,2034,140
2026-06-09 17:33:32,4694,2035,52.2
2026-06-09 17:33:34,4696,2036,27.0
2026-06-09 17:33:36,4698,2037,56.0
2026-06-09 17:33:39,4701,2038,33.7
2026-06-09 17:33:41,4703,2039,44.3
2026-06-09 17:33:43,4705,2040,30.4
2026-06-09 17:33:45,4707,2041,48.4
2026-06-09 17:33:47,4709,2042,40.5
2026-06-09 17:33:49,4711,2043,42.0
2026-06-09 17:33:51,4713,2044,31.7
2026-06-09 17:33:54,4716,2045,17.8
2026-06-09 17:33:56,4718,2046,50.0
2026-06-09 17:33:58,4720,2047,40.2
2026-06-09 17:34:00,4722,2048,42.6
2026-06-09 17:34:02,4724,2049,53.7
2026-06-09 17:34:04,4726,2050,36.8
2026-06-09 17:34:06,4728,2051,25.8
2026-06-09 17:34:08,4730,2052,28.5
2026-06-09 17:34:10,4732,2053,47.8
2026-06-09 17:34:12,4734,2054,50.2
2026-06-09 17:34:14,4736,2055,49.3
2026-06-09 17:34:16,4738,2056,46.5
2026-06-09 17:34:18,4740,2057,29.3
2026-06-09 17:34:20,4742,2058,37.2
2026-06-09 17:34:22,4744,2059,38.3
2026-06-09 17:34:24,4746,2060,34.8
2026-06-09 17:34:26,4748,2061,34.5
2026-06-09 17:34:28,4750,2062,34.5
2026-06-09 17:34:30,4752,2063,41.2
2026-06-09 17:34:32,4754,2064,44.1
2026-06-09 17:34:34,4756,2065,55.8
2026-06-09 17:34:36,4758,2066,41.9
2026-06-09 17:34:39,4761,2067,56.1
2026-06-09 17:34:41,4763,2068,39.7
2026-06-09 17:34:43,4765,2069,32.7
2026-06-09 17:34:45,4767,2070,36.4
2026-06-09 17:34:47,4769,2071,29.2
2026-06-09 17:34:49,4771,2072,51.4
2026-06-09 17:34:51,4773,2073,35.7
2026-06-09 17:34:53,4775,2074,41.8
2026-06-09 17:34:55,4777,2075,32.5
2026-06-09 17:34:57,4779,2076,38.7
2026-06-09 17:34:59,4781,2077,40.1
2026-06-09 17:35:01,4783,2078,259
2026-06-09 17:35:04,4786,2079,25.8
2026-06-09 17:35:06,4788,2080,29.3
2026-06-09 17:35:08,4790,2081,23.6
2026-06-09 17:35:10,4792,2082,23.5
2026-06-09 17:35:12,4794,2083,40.4
2026-06-09 17:35:14,4796,2084,37.8
2026-06-09 17:35:16,4798,2085,39.5
2026-06-09 17:35:18,4800,2086,35.0
2026-06-09 17:35:20,4802,2087,34.2
2026-06-09 17:35:22,4804,2088,36.2
2026-06-09 17:35:25,4806,2089,36.8
2026-06-09 17:35:27,4809,2090,27.5
2026-06-09 17:35:29,4811,2091,60.3
2026-06-09 17:35:31,4813,2092,30.1
2026-06-09 17:35:33,4815,2093,45.3
2026-06-09 17:35:35,4817,2094,30.4
2026-06-09 17:35:37,4819,2095,26.5
2026-06-09 17:35:39,4821,2096,29.1
2026-06-09 17:35:41,4823,2097,32.6
2026-06-09 17:35:43,4825,2098,20.9
2026-06-09 17:35:45,4827,2099,34.0
2026-06-09 17:35:47,4829,2100,39.8
2026-06-09 17:35:49,4831,2101,31.5
2026-06-09 17:35:51,4833,2102,30.1
2026-06-09 17:35:53,4835,2103,19.3
2026-06-09 17:35:55,4837,2104,39.7
2026-06-09 17:35:57,4839,2105,24.6
2026-06-09 17:35:59,4841,2106,36.9
2026-06-09 17:36:01,4843,2107,18.4
2026-06-09 17:36:03,4845,2108,40.6
2026-06-09 17:36:05,4847,2109,45.2
2026-06-09 17:36:07,4849,2110,35.3
2026-06-09 17:36:09,4851,2111,39.5
2026-06-09 17:36:11,4853,2112,35.6
2026-06-09 17:36:13,4855,2113,32.5
2026-06-09 17:36:15,4857,2114,19.6
2026-06-09 17:36:17,4859,2115,16.8
2026-06-09 17:36:19,4861,2116,30.7
2026-06-09 17:36:21,4863,2117,30.7
2026-06-09 17:36:24,4866,2118,28.5
2026-06-09 17:36:26,4868,2119,28.0
2026-06-09 17:36:28,4870,2120,36.9
2026-06-09 17:36:30,4872,2121,29.4
2026-06-09 17:36:32,4874,2122,23.1
2026-06-09 17:36:34,4876,2123,61.3
2026-06-09 17:36:36,4878,2124,13.3
2026-06-09 17:36:38,4880,2125,30.3
2026-06-09 17:36:40,4882,2126,31.0
2026-06-09 17:36:42,4884,2127,22.0
2026-06-09 17:36:44,4886,2128,31.1
2026-06-09 17:36:46,4888,2129,31.8
2026-06-09 17:36:48,4890,2130,42.2
2026-06-09 17:36:50,4892,2131,37.5
2026-06-09 17:36:52,4894,2132,50.3
2026-06-09 17:36:54,4896,2133,37.9
2026-06-09 17:36:56,4898,2134,21.4
2026-06-09 17:36:58,4900,2135,38.7
2026-06-09 17:37:00,4902,2136,24.0
2026-06-09 17:37:02,4904,2137,36.8
2026-06-09 17:37:04,4906,2138,29.3
2026-06-09 17:37:07,4909,2139,28.3
2026-06-09 17:37:09,4911,2140,21.9
2026-06-09 17:37:11,4913,2141,22.0
2026-06-09 17:37:13,4915,2142,35.6
2026-06-09 17:37:15,4917,2143,21.1
2026-06-09 17:37:17,4919,2144,33.8
2026-06-09 17:37:19,4921,2145,34.8
2026-06-09 17:37:21,4923,2146,19.7
2026-06-09 17:37:23,4925,2147,34.9
2026-06-09 17:37:25,4927,2148,35.4
2026-06-09 17:37:27,4929,2149,46.2
2026-06-09 17:37:29,4931,2150,34.9
2026-06-09 17:37:31,4933,2151,41.8
2026-06-09 17:37:33,4935,2152,18.4
2026-06-09 17:37:35,4937,2153,33.1
2026-06-09 17:37:37,4939,2154,38.8
2026-06-09 17:37:39,4941,2155,33.1
2026-06-09 17:37:41,4943,2156,41.5
2026-06-09 17:37:43,4945,2157,38.2
2026-06-09 17:37:45,4947,2158,18.6
2026-06-09 17:37:47,4949,2159,34.1
2026-06-09 17:37:49,4951,2160,38.0
2026-06-09 17:37:51,4953,2161,40.0
2026-06-09 17:37:54,4956,2162,27.2
2026-06-09 17:37:56,4958,2163,35.7
2026-06-09 17:37:58,4960,2164,31.9
2026-06-09 17:38:00,4962,2165,29.0
2026-06-09 17:38:02,4964,2166,34.9
2026-06-09 17:38:04,4966,2167,26.4
2026-06-09 17:38:06,4968,2168,24.9
2026-06-09 17:38:08,4970,2169,44.8
2026-06-09 17:38:10,4972,2170,154
2026-06-09 17:38:12,4974,2171,39.9
2026-06-09 17:38:14,4976,2172,46.9
2026-06-09 17:38:16,4978,2173,41.7
2026-06-09 17:38:18,4980,2174,20.7
2026-06-09 17:38:20,4982,2175,36.3
2026-06-09 17:38:22,4984,2176,16.5
2026-06-09 17:38:24,4986,2177,28.1
2026-06-09 17:38:27,4988,2178,41.9
2026-06-09 17:38:29,4991,2179,41.5
2026-06-09 17:38:31,4993,2180,20.6
2026-06-09 17:38:33,4995,2181,32.1
2026-06-09 17:38:35,4997,2182,24.6
2026-06-09 17:38:37,4999,2183,42.2
2026-06-09 17:38:39,5001,2184,22.5
2026-06-09 17:38:41,5003,2185,53.8
2026-06-09 17:38:43,5005,2186,31.9
2026-06-09 17:38:45,5007,2187,19.7
2026-06-09 17:38:47,5009,2188,29.2
2026-06-09 17:38:49,5011,2189,34.5
2026-06-09 17:38:51,5013,2190,14.9
2026-06-09 17:38:53,5015,2191,28.1
2026-06-09 17:38:55,5017,2192,18.9
2026-06-09 17:38:58,5019,2193,33.5
2026-06-09 17:39:00,5022,2194,148
2026-06-09 17:39:02,5024,2195,46.3
2026-06-09 17:39:04,5026,2196,19.2
2026-06-09 17:39:06,5028,2197,30.9
2026-06-09 17:39:08,5030,2198,33.2
2026-06-09 17:39:10,5032,2199,37.7
2026-06-09 17:39:12,5034,2200,29.7
2026-06-09 17:39:14,5036,2201,36.9
2026-06-09 17:39:16,5038,2202,50.2
2026-06-09 17:39:18,5040,2203,29.0
2026-06-09 17:39:20,5042,2204,26.1
2026-06-09 17:39:22,5044,2205,23.0
2026-06-09 17:39:24,5046,2206,44.4
2026-06-09 17:39:26,5048,2207,28.4
2026-06-09 17:39:28,5050,2208,15.0
2026-06-09 17:39:30,5052,2209,38.1
2026-06-09 17:39:33,5055,2210,15.2
2026-06-09 17:39:35,5057,2211,18.8
2026-06-09 17:39:37,5059,2212,23.9
2026-06-09 17:39:39,5061,2213,27.3
2026-06-09 17:39:41,5063,2214,30.9
2026-06-09 17:39:43,5065,2215,25.6
2026-06-09 17:39:45,5067,2216,40.7
2026-06-09 17:39:47,5069,2217,29.6
2026-06-09 17:39:49,5071,2218,27.5
2026-06-09 17:39:51,5073,2219,43.2
2026-06-09 17:39:53,5075,2220,28.5
2026-06-09 17:39:55,5077,2221,35.2
2026-06-09 17:39:58,5080,2222,18.8
2026-06-09 17:40:00,5082,2223,17.5
2026-06-09 17:40:02,5084,2224,38.3
2026-06-09 17:40:04,5086,2225,26.3
2026-06-09 17:40:06,5088,2226,32.8
2026-06-09 17:40:08,5090,2227,28.4
2026-06-09 17:40:10,5092,2228,23.9
2026-06-09 17:40:12,5094,2229,21.8
2026-06-09 17:40:14,5096,2230,40.0
2026-06-09 17:40:16,5098,2231,32.9
2026-06-09 17:40:18,5100,2232,28.8
2026-06-09 17:40:20,5102,2233,28.9
2026-06-09 17:40:22,5104,2234,33.0
2026-06-09 17:40:24,5106,2235,17.3
2026-06-09 17:40:26,5108,2236,47.8
2026-06-09 17:40:28,5110,2237,28.8
2026-06-09 17:40:31,5113,2238,35.0
2026-06-09 17:40:33,5115,2239,30.4
2026-06-09 17:40:35,5117,2240,126
2026-06-09 17:40:37,5119,2241,21.6
2026-06-09 17:40:39,5121,2242,43.2
2026-06-09 17:40:41,5123,2243,36.3
2026-06-09 17:40:43,5125,2244,28.7
2026-06-09 17:40:45,5127,2245,38.5
2026-06-09 17:40:47,5129,2246,14.2
2026-06-09 17:40:49,5131,2247,22.2
2026-06-09 17:40:51,5133,2248,29.4
2026-06-09 17:40:53,5135,2249,34.4
2026-06-09 17:40:55,5137,2250,29.8
2026-06-09 17:40:57,5139,2251,42.4
2026-06-09 17:40:59,5141,2252,29.2
2026-06-09 17:41:01,5143,2253,52.7
2026-06-09 17:41:03,5145,2254,28.0
2026-06-09 17:41:05,5147,2255,56.0
2026-06-09 17:41:07,5149,2256,30.8
2026-06-09 17:41:09,5151,2257,36.9
2026-06-09 17:41:11,5153,2258,24.7
2026-06-09 17:41:13,5155,2259,15.9
2026-06-09 17:41:15,5157,2260,34.8
2026-06-09 17:41:18,5160,2261,33.8
2026-06-09 17:41:20,5162,2262,25.0
2026-06-09 17:41:22,5164,2263,27.6
2026-06-09 17:41:24,5166,2264,25.7
2026-06-09 17:41:26,5168,2265,42.5
2026-06-09 17:41:28,5170,2266,44.7
2026-06-09 17:41:30,5172,2267,39.5
2026-06-09 17:41:32,5174,2268,34.9
2026-06-09 17:41:34,5176,2269,31.0
2026-06-09 17:41:36,5178,2270,29.4
2026-06-09 17:41:38,5180,2271,199
2026-06-09 17:41:40,5182,2272,32.9
2026-06-09 17:41:42,5184,2273,36.6
2026-06-09 17:41:44,5186,2274,14.9
2026-06-09 17:41:46,5188,2275,37.9
2026-06-09 17:41:48,5190,2276,177
2026-06-09 17:41:50,5192,2277,47.3
2026-06-09 17:41:52,5194,2278,33.2
2026-06-09 17:41:54,5196,2279,25.6
2026-06-09 17:41:56,5198,2280,35.7
2026-06-09 17:41:58,5200,2281,48.9
2026-06-09 17:42:00,5202,2282,35.1
2026-06-09 17:42:02,5204,2283,44.3
2026-06-09 17:42:04,5206,2284,33.7
2026-06-09 17:42:06,5208,2285,26.5
2026-06-09 17:42:08,5210,2286,29.0
2026-06-09 17:42:11,5213,2287,45.0
2026-06-09 17:42:13,5215,2288,37.5
2026-06-09 17:42:15,5217,2289,32.6
2026-06-09 17:42:17,5219,2290,37.5
2026-06-09 17:42:19,5221,2291,34.7
2026-06-09 17:42:21,5223,2292,20.9
2026-06-09 17:42:23,5225,2293,18.5
2026-06-09 17:42:25,5227,2294,36.1
2026-06-09 17:42:27,5229,2295,36.6
2026-06-09 17:42:29,5231,2296,35.9
2026-06-09 17:42:31,5233,2297,28.2
2026-06-09 17:42:33,5235,2298,22.2
2026-06-09 17:42:35,5237,2299,36.4
2026-06-09 17:42:37,5239,2300,23.2
2026-06-09 17:42:39,5241,2301,24.9
2026-06-09 17:42:41,5243,2302,33.3
2026-06-09 17:42:43,5245,2303,21.3
2026-06-09 17:42:45,5247,2304,29.5
2026-06-09 17:42:47,5249,2305,17.8
2026-06-09 17:42:49,5251,2306,21.8
2026-06-09 17:42:51,5253,2307,22.2
2026-06-09 17:42:53,5255,2308,49.4
2026-06-09 17:42:55,5257,2309,27.7
2026-06-09 17:42:57,5259,2310,24.3
2026-06-09 17:43:00,5261,2311,37.0
2026-06-09 17:43:02,5264,2312,33.2
2026-06-09 17:43:04,5266,2313,19.6
2026-06-09 17:43:06,5268,2314,60.5
2026-06-09 17:43:08,5270,2315,17.6
2026-06-09 17:43:10,5272,2316,19.7
2026-06-09 17:43:12,5274,2317,30.0
2026-06-09 17:43:14,5276,2318,33.5
2026-06-09 17:43:16,5278,2319,27.1
2026-06-09 17:43:18,5280,2320,28.5
2026-06-09 17:43:20,5282,2321,49.2
2026-06-09 17:43:22,5284,2322,30.3
2026-06-09 17:43:24,5286,2323,39.0
2026-06-09 17:43:26,5288,2324,35.9
2026-06-09 17:43:28,5290,2325,30.7
2026-06-09 17:43:30,5292,2326,34.7
2026-06-09 17:43:32,5294,2327,39.1
2026-06-09 17:43:34,5296,2328,19.5
2026-06-09 17:43:36,5298,2329,32.6
2026-06-09 17:43:38,5300,2330,30.5
2026-06-09 17:43:40,5302,2331,37.3
2026-06-09 17:43:42,5304,2332,34.1
2026-06-09 17:43:44,5306,2333,32.7
2026-06-09 17:43:46,5308,2334,29.3
2026-06-09 17:43:48,5310,2335,361
2026-06-09 17:43:51,5313,2336,133
2026-06-09 17:43:53,5315,2337,294
2026-06-09 17:43:55,5317,2338,140
2026-06-09 17:43:57,5319,2339,345
2026-06-09 17:44:00,5322,2340,33.5
2026-06-09 17:44:02,5324,2341,83.8
2026-06-09 17:44:04,5326,2342,26.9
2026-06-09 17:44:06,5328,2343,36.9
2026-06-09 17:44:09,5331,2344,228
2026-06-09 17:44:11,5333,2345,218
2026-06-09 17:44:13,5335,2346,225
2026-06-09 17:44:15,5337,2347,123
2026-06-09 17:44:17,5339,2348,178
2026-06-09 17:44:19,5341,2349,178
2026-06-09 17:44:21,5343,2350,183
2026-06-09 17:44:24,5346,2351,185
2026-06-09 17:44:26,5348,2352,190
2026-06-09 17:44:28,5350,2353,182
2026-06-09 17:44:30,5352,2354,159
2026-06-09 17:44:32,5354,2355,180
2026-06-09 17:44:34,5356,2356,164
2026-06-09 17:44:37,5359,2357,183
2026-06-09 17:44:39,5361,2358,24.4
2026-06-09 17:44:41,5363,2359,26.1
2026-06-09 17:44:44,5366,2360,345
2026-06-09 17:44:46,5368,2361,30.1
2026-06-09 17:44:49,5371,2362,29.1
2026-06-09 17:44:51,5373,2363,35.0
2026-06-09 17:44:54,5376,2364,37.1
2026-06-09 17:44:56,5378,2365,95.6
2026-06-09 17:44:59,5381,2366,53.2
2026-06-09 17:45:02,5384,2367,31.5
2026-06-09 17:45:05,5387,2368,39.0
2026-06-09 17:45:07,5389,2369,33.6
2026-06-09 17:45:10,5392,2370,17.1
2026-06-09 17:45:13,5395,2371,109
2026-06-09 17:45:16,5398,2372,99.1
2026-06-09 17:45:18,5400,2373,678
2026-06-09 17:45:21,5403,2374,37.1
2026-06-09 17:45:23,5405,2375,41.7
2026-06-09 17:45:26,5408,2376,62.6
2026-06-09 17:45:28,5410,2377,21.6
2026-06-09 17:45:30,5412,2378,45.4
2026-06-09 17:45:32,5414,2379,28.2
2026-06-09 17:45:34,5416,2380,179
2026-06-09 17:45:36,5418,2381,39.7
2026-06-09 17:45:38,5420,2382,28.8
2026-06-09 17:45:40,5422,2383,173
2026-06-09 17:45:43,5425,2384,25.0
2026-06-09 17:45:45,5427,2385,27.8
2026-06-09 17:45:47,5429,2386,27.0
2026-06-09 17:45:49,5431,2387,42.2
2026-06-09 17:45:51,5433,2388,208
2026-06-09 17:45:53,5435,2389,55.0
2026-06-09 17:45:55,5437,2390,50.7
2026-06-09 17:45:57,5439,2391,53.2
2026-06-09 17:45:59,5441,2392,51.5
2026-06-09 17:46:01,5443,2393,22.8
2026-06-09 17:46:03,5445,2394,35.9
2026-06-09 17:46:05,5447,2395,47.9
2026-06-09 17:46:07,5449,2396,30.5
2026-06-09 17:46:09,5451,2397,37.6
2026-06-09 17:46:11,5453,2398,34.0
2026-06-09 17:46:13,5455,2399,55.4
2026-06-09 17:46:15,5457,2400,28.4
2026-06-09 17:46:17,5459,2401,36.1
2026-06-09 17:46:19,5461,2402,37.1
2026-06-09 17:46:21,5463,2403,31.6
2026-06-09 17:46:23,5465,2404,24.0
2026-06-09 17:46:25,5467,2405,33.7
2026-06-09 17:46:27,5469,2406,29.7
2026-06-09 17:46:29,5471,2407,45.7
2026-06-09 17:46:31,5473,2408,30.6
2026-06-09 17:46:33,5475,2409,30.4
2026-06-09 17:46:35,5477,2410,15.6
2026-06-09 17:46:37,5479,2411,42.3
2026-06-09 17:46:39,5481,2412,34.4
2026-06-09 17:46:42,5483,2413,31.2
2026-06-09 17:46:44,5485,2414,21.1
2026-06-09 17:46:46,5488,2415,23.8
2026-06-09 17:46:48,5490,2416,22.3
2026-06-09 17:46:50,5492,2417,41.8
2026-06-09 17:46:52,5494,2418,39.4
2026-06-09 17:46:54,5496,2419,31.9
2026-06-09 17:46:56,5498,2420,22.1
2026-06-09 17:46:58,5500,2421,25.3
2026-06-09 17:47:00,5502,2422,30.0
2026-06-09 17:47:02,5504,2423,32.1
2026-06-09 17:47:04,5506,2424,43.9
2026-06-09 17:47:06,5508,2425,13.8
2026-06-09 17:47:08,5510,2426,46.1
2026-06-09 17:47:10,5512,2427,56.2
2026-06-09 17:47:12,5514,2428,33.7
2026-06-09 17:47:14,5516,2429,35.0
2026-06-09 17:47:16,5518,2430,27.4
2026-06-09 17:47:18,5520,2431,67.7
2026-06-09 17:47:20,5522,2432,19.3
2026-06-09 17:47:22,5524,2433,29.8
2026-06-09 17:47:25,5527,2434,71.0
2026-06-09 17:47:27,5529,2435,36.0
2026-06-09 17:47:29,5531,2436,35.1
2026-06-09 17:47:31,5533,2437,33.8
2026-06-09 17:47:33,5535,2438,28.4
2026-06-09 17:47:35,5537,2439,31.4
2026-06-09 17:47:37,5539,2440,40.1
2026-06-09 17:47:39,5541,2441,50.0
2026-06-09 17:47:41,5543,2442,38.7
2026-06-09 17:47:43,5545,2443,34.5
2026-06-09 17:47:45,5547,2444,33.8
2026-06-09 17:47:47,5549,2445,28.3
2026-06-09 17:47:49,5551,2446,42.0
2026-06-09 17:47:51,5553,2447,32.9
2026-06-09 17:47:53,5555,2448,15.4
2026-06-09 17:47:55,5557,2449,25.2
2026-06-09 17:47:57,5559,2450,34.5
2026-06-09 17:47:59,5561,2451,233
2026-06-09 17:48:01,5563,2452,27.7
2026-06-09 17:48:03,5565,2453,43.2
2026-06-09 17:48:05,5567,2454,22.7
2026-06-09 17:48:07,5569,2455,15.7
2026-06-09 17:48:09,5571,2456,197
2026-06-09 17:48:11,5573,2457,42.4
2026-06-09 17:48:13,5575,2458,28.6
2026-06-09 17:48:16,5578,2459,17.9
2026-06-09 17:48:18,5580,2460,30.8
2026-06-09 17:48:20,5582,2461,219
2026-06-09 17:48:22,5584,2462,34.3
2026-06-09 17:48:24,5586,2463,22.4
2026-06-09 17:48:26,5588,2464,20.8
2026-06-09 17:48:28,5590,2465,31.6
2026-06-09 17:48:30,5592,2466,21.0
2026-06-09 17:48:32,5594,2467,46.2
2026-06-09 17:48:34,5596,2468,47.2
2026-06-09 17:48:36,5598,2469,41.3
2026-06-09 17:48:38,5600,2470,34.9
2026-06-09 17:48:40,5602,2471,201
2026-06-09 17:48:42,5604,2472,24.7
2026-06-09 17:48:44,5606,2473,29.1
2026-06-09 17:48:46,5608,2474,33.2
2026-06-09 17:48:48,5610,2475,27.4
2026-06-09 17:48:50,5612,2476,211
2026-06-09 17:48:52,5614,2477,28.8
2026-06-09 17:48:54,5616,2478,18.6
2026-06-09 17:48:57,5619,2479,24.9
2026-06-09 17:48:59,5621,2480,30.2
2026-06-09 17:49:01,5623,2481,220
2026-06-09 17:49:03,5625,2482,24.5
2026-06-09 17:49:05,5627,2483,20.4
2026-06-09 17:49:07,5629,2484,46.0
2026-06-09 17:49:09,5631,2485,28.5
2026-06-09 17:49:11,5633,2486,29.9
2026-06-09 17:49:13,5635,2487,36.2
2026-06-09 17:49:15,5637,2488,44.4
2026-06-09 17:49:17,5639,2489,21.4
2026-06-09 17:49:19,5641,2490,33.8
2026-06-09 17:49:21,5643,2491,85.2
2026-06-09 17:49:23,5645,2492,28.7
2026-06-09 17:49:25,5647,2493,23.5
2026-06-09 17:49:27,5649,2494,30.8
2026-06-09 17:49:29,5651,2495,46.7
2026-06-09 17:49:31,5653,2496,36.6
2026-06-09 17:49:33,5655,2497,29.4
2026-06-09 17:49:35,5657,2498,32.6
2026-06-09 17:49:37,5659,2499,37.8
2026-06-09 17:49:39,5661,2500,37.3
2026-06-09 17:49:41,5663,2501,24.5
2026-06-09 17:49:44,5666,2502,26.5
2026-06-09 17:49:46,5668,2503,28.7
2026-06-09 17:49:48,5670,2504,40.4
2026-06-09 17:49:50,5672,2505,41.8
2026-06-09 17:49:52,5674,2506,44.6
2026-06-09 17:49:54,5676,2507,34.3
2026-06-09 17:49:56,5678,2508,35.2
2026-06-09 17:49:58,5680,2509,52.1
2026-06-09 17:50:00,5682,2510,125
2026-06-09 17:50:02,5684,2511,159
2026-06-09 17:50:04,5686,2512,40.3
2026-06-09 17:50:06,5688,2513,69.6
2026-06-09 17:50:09,5691,2514,293
2026-06-09 17:50:11,5693,2515,32.7
2026-06-09 17:50:13,5695,2516,62.8
2026-06-09 17:50:15,5697,2517,43.8
2026-06-09 17:50:17,5699,2518,36.5
2026-06-09 17:50:19,5701,2519,131
2026-06-09 17:50:22,5704,2520,196
2026-06-09 17:50:24,5706,2521,148
2026-06-09 17:50:26,5708,2522,186
2026-06-09 17:50:28,5710,2523,162
2026-06-09 17:50:30,5712,2524,188
2026-06-09 17:50:32,5714,2525,168
2026-06-09 17:50:35,5717,2526,176
2026-06-09 17:50:37,5719,2527,224
2026-06-09 17:50:39,5721,2528,178
2026-06-09 17:50:41,5723,2529,164
2026-06-09 17:50:43,5725,2530,223
2026-06-09 17:50:45,5727,2531,207
2026-06-09 17:50:48,5730,2532,226
2026-06-09 17:50:50,5732,2533,41.1
2026-06-09 17:50:52,5734,2534,358
2026-06-09 17:50:54,5736,2535,28.8
2026-06-09 17:50:57,5739,2536,59.9
2026-06-09 17:51:00,5742,2537,28.4
2026-06-09 17:51:02,5744,2538,37.8
2026-06-09 17:51:05,5747,2539,23.2
2026-06-09 17:51:08,5750,2540,79.9
2026-06-09 17:51:11,5753,2541,109
2026-06-09 17:51:13,5755,2542,185
2026-06-09 17:51:16,5758,2543,65.2
2026-06-09 17:51:19,5761,2544,98.2
2026-06-09 17:51:22,5764,2545,21.5
2026-06-09 17:51:24,5766,2546,68.2
2026-06-09 17:51:27,5769,2547,319
2026-06-09 17:51:30,5772,2548,498
2026-06-09 17:51:32,5774,2549,439
2026-06-09 17:51:35,5777,2550,215
2026-06-09 17:51:37,5779,2551,20.3
2026-06-09 17:51:39,5781,2552,74.6
2026-06-09 17:51:41,5783,2553,102
2026-06-09 17:51:44,5786,2554,130
2026-06-09 17:51:46,5788,2555,537
2026-06-09 17:51:48,5790,2556,212
2026-06-09 17:51:50,5792,2557,26.6
2026-06-09 17:51:52,5794,2558,176
2026-06-09 17:51:54,5796,2559,103
2026-06-09 17:51:57,5799,2560,116
2026-06-09 17:51:59,5801,2561,21.9
2026-06-09 17:52:01,5803,2562,39.3
2026-06-09 17:52:03,5805,2563,93.6
2026-06-09 17:52:05,5807,2564,21.1
2026-06-09 17:52:07,5809,2565,184
2026-06-09 17:52:09,5811,2566,205
2026-06-09 17:52:11,5813,2567,206
2026-06-09 17:52:14,5816,2568,37.7
2026-06-09 17:52:16,5818,2569,49.1
2026-06-09 17:52:18,5820,2570,15.4
2026-06-09 17:52:20,5822,2571,44.7
2026-06-09 17:52:22,5824,2572,32.4
2026-06-09 17:52:24,5826,2573,45.9
2026-06-09 17:52:26,5828,2574,37.9
2026-06-09 17:52:28,5830,2575,75.9
2026-06-09 17:52:31,5833,2576,35.3
2026-06-09 17:52:33,5835,2577,149
2026-06-09 17:52:35,5837,2578,87.8
2026-06-09 17:52:37,5839,2579,420
2026-06-09 17:52:40,5842,2580,31.5
2026-06-09 17:52:42,5844,2581,259
2026-06-09 17:52:44,5846,2582,109
2026-06-09 17:52:46,5848,2583,24.5
2026-06-09 17:52:48,5850,2584,210
2026-06-09 17:52:51,5853,2585,192
2026-06-09 17:52:53,5855,2586,213
2026-06-09 17:52:55,5857,2587,203
2026-06-09 17:52:57,5859,2588,225
2026-06-09 17:52:59,5861,2589,205
2026-06-09 17:53:01,5863,2590,216
2026-06-09 17:53:04,5866,2591,226
2026-06-09 17:53:06,5868,2592,213
2026-06-09 17:53:08,5870,2593,196
2026-06-09 17:53:10,5872,2594,202
2026-06-09 17:53:12,5874,2595,176
2026-06-09 17:53:14,5876,2596,212
2026-06-09 17:53:16,5878,2597,32.9
2026-06-09 17:53:19,5881,2598,617
2026-06-09 17:53:21,5883,2599,30.0
2026-06-09 17:53:24,5886,2600,59.8
2026-06-09 17:53:26,5888,2601,91.5
2026-06-09 17:53:29,5891,2602,44.1
2026-06-09 17:53:32,5894,2603,72.9
2026-06-09 17:53:35,5897,2604,44.4
2026-06-09 17:53:37,5899,2605,227
2026-06-09 17:53:40,5902,2606,102
2026-06-09 17:53:43,5905,2607,15.5
2026-06-09 17:53:45,5907,2608,25.1
2026-06-09 17:53:47,5909,2609,37.8
2026-06-09 17:53:50,5912,2610,39.7
2026-06-09 17:53:52,5914,2611,37.9
2026-06-09 17:53:55,5917,2612,189
2026-06-09 17:53:58,5920,2613,486
2026-06-09 17:54:00,5922,2614,27.8
2026-06-09 17:54:03,5925,2615,19.5
2026-06-09 17:54:05,5927,2616,83.0
2026-06-09 17:54:07,5929,2617,31.2
2026-06-09 17:54:10,5932,2618,52.4
2026-06-09 17:54:12,5934,2619,21.5
2026-06-09 17:54:14,5936,2620,13.0
2026-06-09 17:54:16,5938,2621,27.0
2026-06-09 17:54:18,5940,2622,22.7
2026-06-09 17:54:20,5942,2623,173
2026-06-09 17:54:22,5944,2624,47.7
2026-06-09 17:54:24,5946,2625,29.5
2026-06-09 17:54:26,5948,2626,27.5
2026-06-09 17:54:28,5950,2627,32.2
2026-06-09 17:54:30,5952,2628,27.1
2026-06-09 17:54:32,5954,2629,24.2
2026-06-09 17:54:34,5956,2630,41.7
2026-06-09 17:54:36,5958,2631,33.2
2026-06-09 17:54:38,5960,2632,37.6
2026-06-09 17:54:40,5962,2633,24.5
2026-06-09 17:54:42,5964,2634,25.4
2026-06-09 17:54:44,5966,2635,39.3
2026-06-09 17:54:46,5968,2636,27.8
2026-06-09 17:54:48,5970,2637,42.0
2026-06-09 17:54:50,5972,2638,30.7
2026-06-09 17:54:52,5974,2639,32.9
2026-06-09 17:54:54,5976,2640,23.6
2026-06-09 17:54:56,5978,2641,21.5
2026-06-09 17:54:58,5980,2642,31.4
2026-06-09 17:55:00,5982,2643,26.8
2026-06-09 17:55:02,5984,2644,43.2
2026-06-09 17:55:04,5986,2645,31.1
2026-06-09 17:55:06,5988,2646,45.5
2026-06-09 17:55:09,5990,2647,23.2
2026-06-09 17:55:11,5993,2648,27.4
2026-06-09 17:55:13,5995,2649,48.5
2026-06-09 17:55:15,5997,2650,67.8
2026-06-09 17:55:17,5999,2651,26.3
2026-06-09 17:55:19,6001,2652,43.9
2026-06-09 17:55:21,6003,2653,26.6
2026-06-09 17:55:23,6005,2654,35.2
2026-06-09 17:55:25,6007,2655,35.4
2026-06-09 17:55:27,6009,2656,33.0
2026-06-09 17:55:29,6011,2657,23.9
2026-06-09 17:55:31,6013,2658,12.2
2026-06-09 17:55:33,6015,2659,33.3
2026-06-09 17:55:35,6017,2660,29.6
2026-06-09 17:55:37,6019,2661,33.2
2026-06-09 17:55:39,6021,2662,22.8
2026-06-09 17:55:41,6023,2663,39.9
2026-06-09 17:55:43,6025,2664,44.6
2026-06-09 17:55:45,6027,2665,31.4
2026-06-09 17:55:47,6029,2666,22.2
2026-06-09 17:55:50,6032,2667,357
2026-06-09 17:55:52,6034,2668,44.3
2026-06-09 17:55:54,6036,2669,38.0
2026-06-09 17:55:56,6038,2670,26.7
2026-06-09 17:55:58,6040,2671,32.1
2026-06-09 17:56:00,6042,2672,36.7
2026-06-09 17:56:02,6044,2673,15.4
2026-06-09 17:56:04,6046,2674,59.4
2026-06-09 17:56:06,6048,2675,28.8
2026-06-09 17:56:08,6050,2676,115
2026-06-09 17:56:10,6052,2677,23.7
2026-06-09 17:56:12,6054,2678,31.3
2026-06-09 17:56:14,6056,2679,28.0
2026-06-09 17:56:16,6058,2680,37.3
2026-06-09 17:56:18,6060,2681,184
2026-06-09 17:56:20,6062,2682,18.4
2026-06-09 17:56:22,6064,2683,35.1
2026-06-09 17:56:24,6066,2684,29.1
2026-06-09 17:56:26,6068,2685,37.9
2026-06-09 17:56:28,6070,2686,191
2026-06-09 17:56:30,6072,2687,35.7
2026-06-09 17:56:33,6075,2688,44.0
2026-06-09 17:56:35,6077,2689,60.8
2026-06-09 17:56:37,6079,2690,38.0
2026-06-09 17:56:39,6081,2691,193
2026-06-09 17:56:41,6083,2692,47.7
2026-06-09 17:56:43,6085,2693,28.1
2026-06-09 17:56:45,6087,2694,33.4
2026-06-09 17:56:47,6089,2695,30.0
2026-06-09 17:56:49,6091,2696,47.1
2026-06-09 17:56:51,6093,2697,68.3
2026-06-09 17:56:53,6095,2698,46.9
2026-06-09 17:56:55,6097,2699,33.7
2026-06-09 17:56:57,6099,2700,41.6
2026-06-09 17:56:59,6101,2701,54.9
2026-06-09 17:57:01,6103,2702,26.4
2026-06-09 17:57:03,6105,2703,21.1
2026-06-09 17:57:05,6107,2704,32.9
2026-06-09 17:57:07,6109,2705,29.3
2026-06-09 17:57:09,6111,2706,35.3
2026-06-09 17:57:11,6113,2707,36.0
2026-06-09 17:57:13,6115,2708,17.9
2026-06-09 17:57:15,6117,2709,41.6
2026-06-09 17:57:17,6119,2710,29.4
2026-06-09 17:57:20,6122,2711,32.3
2026-06-09 17:57:22,6124,2712,41.5
2026-06-09 17:57:24,6126,2713,26.2
2026-06-09 17:57:26,6128,2714,18.3
2026-06-09 17:57:28,6130,2715,25.1
2026-06-09 17:57:30,6132,2716,22.3
2026-06-09 17:57:32,6134,2717,31.8
2026-06-09 17:57:34,6136,2718,20.5
2026-06-09 17:57:36,6138,2719,47.4
2026-06-09 17:57:38,6140,2720,38.9
2026-06-09 17:57:40,6142,2721,44.4
2026-06-09 17:57:42,6144,2722,19.2
2026-06-09 17:57:44,6146,2723,17.8
2026-06-09 17:57:46,6148,2724,25.2
2026-06-09 17:57:48,6150,2725,40.3
2026-06-09 17:57:50,6152,2726,133
2026-06-09 17:57:52,6154,2727,27.1
2026-06-09 17:57:54,6156,2728,41.0
2026-06-09 17:57:57,6159,2729,27.0
2026-06-09 17:57:59,6161,2730,22.8
2026-06-09 17:58:01,6163,2731,21.5
2026-06-09 17:58:03,6165,2732,19.9
2026-06-09 17:58:05,6167,2733,20.7
2026-06-09 17:58:07,6169,2734,28.5
2026-06-09 17:58:09,6171,2735,44.8
2026-06-09 17:58:11,6173,2736,167
2026-06-09 17:58:13,6175,2737,40.4
2026-06-09 17:58:15,6177,2738,33.1
2026-06-09 17:58:17,6179,2739,28.2
2026-06-09 17:58:19,6181,2740,30.3
2026-06-09 17:58:21,6183,2741,195
2026-06-09 17:58:23,6185,2742,29.9
2026-06-09 17:58:25,6187,2743,24.6
2026-06-09 17:58:27,6189,2744,34.7
2026-06-09 17:58:29,6191,2745,35.2
2026-06-09 17:58:31,6193,2746,36.2
2026-06-09 17:58:33,6195,2747,39.8
2026-06-09 17:58:35,6197,2748,238
2026-06-09 17:58:38,6200,2749,41.0
2026-06-09 17:58:40,6202,2750,39.5
2026-06-09 17:58:42,6204,2751,61.1
2026-06-09 17:58:44,6206,2752,75.8
2026-06-09 17:58:46,6208,2753,21.3
2026-06-09 17:58:48,6210,2754,27.8
2026-06-09 17:58:50,6212,2755,40.1
2026-06-09 17:58:52,6214,2756,31.4
2026-06-09 17:58:54,6216,2757,26.2
2026-06-09 17:58:56,6218,2758,48.7
2026-06-09 17:58:58,6220,2759,41.5
2026-06-09 17:59:00,6222,2760,32.4
2026-06-09 17:59:03,6225,2761,41.4
2026-06-09 17:59:05,6227,2762,21.0
2026-06-09 17:59:07,6229,2763,20.1
2026-06-09 17:59:09,6231,2764,33.4
2026-06-09 17:59:11,6233,2765,35.6
2026-06-09 17:59:13,6235,2766,37.5
2026-06-09 17:59:15,6237,2767,30.4
2026-06-09 17:59:17,6239,2768,34.3
2026-06-09 17:59:19,6241,2769,24.0
2026-06-09 17:59:21,6243,2770,36.9
2026-06-09 17:59:23,6245,2771,23.6
2026-06-09 17:59:25,6247,2772,41.1
2026-06-09 17:59:27,6249,2773,34.9
2026-06-09 17:59:29,6251,2774,32.3
2026-06-09 17:59:31,6253,2775,27.6
2026-06-09 17:59:33,6255,2776,37.6
2026-06-09 17:59:36,6258,2777,26.6
2026-06-09 17:59:38,6260,2778,35.5
2026-06-09 17:59:40,6262,2779,29.8
2026-06-09 17:59:42,6264,2780,29.5
2026-06-09 17:59:44,6266,2781,47.1
2026-06-09 17:59:46,6268,2782,40.3
2026-06-09 17:59:48,6270,2783,34.0
2026-06-09 17:59:50,6272,2784,31.0
2026-06-09 17:59:52,6274,2785,34.6
2026-06-09 17:59:54,6276,2786,27.1
2026-06-09 17:59:56,6278,2787,33.3
2026-06-09 17:59:58,6280,2788,38.0
2026-06-09 18:00:00,6282,2789,42.5
2026-06-09 18:00:02,6284,2790,38.4
2026-06-09 18:00:04,6286,2791,43.4
2026-06-09 18:00:06,6288,2792,33.9
2026-06-09 18:00:08,6290,2793,24.4
2026-06-09 18:00:10,6292,2794,41.8
2026-06-09 18:00:12,6294,2795,40.6
2026-06-09 18:00:14,6296,2796,38.2
2026-06-09 18:00:16,6298,2797,25.5
2026-06-09 18:00:18,6300,2798,27.3
2026-06-09 18:00:20,6302,2799,47.8
2026-06-09 18:00:22,6304,2800,58.9
2026-06-09 18:00:24,6306,2801,107
2026-06-09 18:00:26,6308,2802,50.1
2026-06-09 18:00:28,6310,2803,33.8
2026-06-09 18:00:31,6313,2804,33.6
2026-06-09 18:00:33,6314,2805,29.6
2026-06-09 18:00:35,6317,2806,40.9
2026-06-09 18:00:37,6319,2807,18.7
2026-06-09 18:00:39,6321,2808,26.4
2026-06-09 18:00:41,6323,2809,18.0
2026-06-09 18:00:43,6325,2810,33.5
2026-06-09 18:00:45,6327,2811,25.5
2026-06-09 18:00:47,6329,2812,18.7
2026-06-09 18:00:49,6331,2813,28.4
2026-06-09 18:00:51,6333,2814,31.2
2026-06-09 18:00:53,6335,2815,20.4
2026-06-09 18:00:55,6337,2816,35.0
2026-06-09 18:00:57,6339,2817,14.8
2026-06-09 18:00:59,6341,2818,26.2
2026-06-09 18:01:01,6343,2819,29.5
2026-06-09 18:01:03,6345,2820,18.0
2026-06-09 18:01:05,6347,2821,33.3
2026-06-09 18:01:07,6349,2822,25.8
2026-06-09 18:01:09,6351,2823,27.0
2026-06-09 18:01:11,6353,2824,23.0
2026-06-09 18:01:13,6355,2825,30.6
2026-06-09 18:01:15,6357,2826,15.2
2026-06-09 18:01:18,6360,2827,20.3
2026-06-09 18:01:20,6362,2828,51.2
2026-06-09 18:01:22,6364,2829,14.1
2026-06-09 18:01:24,6366,2830,48.2
2026-06-09 18:01:26,6368,2831,15.3
2026-06-09 18:01:28,6370,2832,29.0
2026-06-09 18:01:30,6372,2833,60.8
2026-06-09 18:01:32,6374,2834,28.8
2026-06-09 18:01:34,6376,2835,23.7
2026-06-09 18:01:36,6378,2836,43.9
2026-06-09 18:01:38,6380,2837,64.3
2026-06-09 18:01:40,6382,2838,19.0
2026-06-09 18:01:42,6384,2839,14.3
2026-06-09 18:01:44,6386,2840,24.1
2026-06-09 18:01:46,6388,2841,27.1
2026-06-09 18:01:48,6390,2842,39.5
2026-06-09 18:01:50,6392,2843,26.0
2026-06-09 18:01:52,6394,2844,29.1
2026-06-09 18:01:55,6397,2845,23.3
2026-06-09 18:01:57,6399,2846,41.2
2026-06-09 18:01:59,6401,2847,24.2
2026-06-09 18:02:01,6403,2848,14.4
2026-06-09 18:02:03,6405,2849,36.1
2026-06-09 18:02:05,6407,2850,20.3
2026-06-09 18:02:07,6409,2851,38.4
2026-06-09 18:02:09,6411,2852,43.9
2026-06-09 18:02:11,6413,2853,24.0
2026-06-09 18:02:13,6415,2854,38.3
2026-06-09 18:02:15,6417,2855,26.8
2026-06-09 18:02:17,6419,2856,53.9
2026-06-09 18:02:19,6421,2857,39.5
2026-06-09 18:02:21,6423,2858,18.4
2026-06-09 18:02:23,6425,2859,22.7
2026-06-09 18:02:25,6427,2860,18.8
2026-06-09 18:02:27,6429,2861,22.5
2026-06-09 18:02:29,6431,2862,28.0
2026-06-09 18:02:31,6433,2863,32.9
2026-06-09 18:02:33,6435,2864,24.7
2026-06-09 18:02:35,6437,2865,20.0
2026-06-09 18:02:38,6440,2866,26.3
2026-06-09 18:02:40,6442,2867,243
2026-06-09 18:02:42,6444,2868,41.5
2026-06-09 18:02:44,6446,2869,24.3
2026-06-09 18:02:46,6448,2870,46.3
2026-06-09 18:02:48,6450,2871,17.4
2026-06-09 18:02:50,6452,2872,26.0
2026-06-09 18:02:52,6454,2873,24.2
2026-06-09 18:02:54,6456,2874,21.9
2026-06-09 18:02:56,6458,2875,49.6
2026-06-09 18:02:58,6460,2876,38.6
2026-06-09 18:03:00,6462,2877,238
2026-06-09 18:03:02,6464,2878,28.5
2026-06-09 18:03:05,6467,2879,145
2026-06-09 18:03:07,6469,2880,66.0
2026-06-09 18:03:09,6471,2881,35.4
2026-06-09 18:03:11,6473,2882,466
2026-06-09 18:03:13,6475,2883,68.4
2026-06-09 18:03:15,6477,2884,28.6
2026-06-09 18:03:17,6479,2885,20.0
2026-06-09 18:03:20,6482,2886,52.0
2026-06-09 18:03:22,6484,2887,22.6
2026-06-09 18:03:24,6486,2888,31.5
2026-06-09 18:03:26,6488,2889,34.4
2026-06-09 18:03:28,6490,2890,57.0
2026-06-09 18:03:30,6492,2891,107
2026-06-09 18:03:33,6495,2892,48.8
2026-06-09 18:03:35,6497,2893,38.2
2026-06-09 18:03:37,6499,2894,30.5
2026-06-09 18:03:39,6501,2895,82.9
2026-06-09 18:03:42,6504,2896,24.0
2026-06-09 18:03:44,6506,2897,30.2
2026-06-09 18:03:46,6508,2898,194
2026-06-09 18:03:48,6510,2899,180
2026-06-09 18:03:50,6512,2900,201
2026-06-09 18:03:52,6514,2901,217
2026-06-09 18:03:55,6517,2902,191
2026-06-09 18:03:57,6519,2903,214
2026-06-09 18:03:59,6521,2904,201
2026-06-09 18:04:01,6523,2905,183
2026-06-09 18:04:03,6525,2906,217
2026-06-09 18:04:05,6527,2907,200
2026-06-09 18:04:08,6530,2908,197
2026-06-09 18:04:10,6532,2909,235
2026-06-09 18:04:12,6534,2910,210
2026-06-09 18:04:14,6536,2911,32.5
2026-06-09 18:04:16,6538,2912,103
2026-06-09 18:04:19,6541,2913,31.6
2026-06-09 18:04:22,6544,2914,20.9
2026-06-09 18:04:25,6547,2915,29.3
2026-06-09 18:04:27,6549,2916,85.7
2026-06-09 18:04:30,6552,2917,48.9
2026-06-09 18:04:33,6555,2918,71.1
2026-06-09 18:04:35,6557,2919,50.3
2026-06-09 18:04:38,6560,2920,30.4
2026-06-09 18:04:40,6562,2921,62.1
2026-06-09 18:04:43,6565,2922,38.9
2026-06-09 18:04:46,6568,2923,62.4
2026-06-09 18:04:49,6571,2924,58.2
2026-06-09 18:04:51,6573,2925,402
2026-06-09 18:04:54,6576,2926,321
2026-06-09 18:04:57,6579,2927,39.0
2026-06-09 18:04:59,6581,2928,57.0
2026-06-09 18:05:01,6583,2929,16.1
2026-06-09 18:05:04,6586,2930,16.9
2026-06-09 18:05:06,6588,2931,19.1
2026-06-09 18:05:08,6590,2932,30.7
2026-06-09 18:05:10,6592,2933,31.5
2026-06-09 18:05:12,6594,2934,31.5
2026-06-09 18:05:14,6596,2935,24.2
2026-06-09 18:05:16,6598,2936,38.8
2026-06-09 18:05:18,6600,2937,17.7
2026-06-09 18:05:20,6602,2938,19.6
2026-06-09 18:05:22,6604,2939,28.1
2026-06-09 18:05:24,6606,2940,35.9
2026-06-09 18:05:26,6608,2941,18.0
2026-06-09 18:05:29,6611,2942,58.6
2026-06-09 18:05:31,6613,2943,39.3
2026-06-09 18:05:33,6615,2944,34.3
2026-06-09 18:05:35,6617,2945,52.1
2026-06-09 18:05:37,6619,2946,115
2026-06-09 18:05:39,6621,2947,38.5
2026-06-09 18:05:41,6623,2948,19.8
2026-06-09 18:05:43,6625,2949,52.0
2026-06-09 18:05:45,6627,2950,17.8
2026-06-09 18:05:47,6629,2951,45.3
2026-06-09 18:05:49,6631,2952,18.3
2026-06-09 18:05:51,6633,2953,41.2
2026-06-09 18:05:53,6635,2954,38.7
2026-06-09 18:05:55,6637,2955,40.6
2026-06-09 18:05:57,6639,2956,45.4
2026-06-09 18:06:00,6642,2957,50.6
2026-06-09 18:06:02,6644,2958,27.0
2026-06-09 18:06:04,6646,2959,37.3
2026-06-09 18:06:06,6648,2960,38.1
2026-06-09 18:06:08,6650,2961,28.4
2026-06-09 18:06:10,6652,2962,36.4
2026-06-09 18:06:12,6654,2963,31.0
2026-06-09 18:06:14,6656,2964,23.4
2026-06-09 18:06:16,6658,2965,34.0
2026-06-09 18:06:18,6660,2966,26.1
2026-06-09 18:06:20,6662,2967,27.2
2026-06-09 18:06:22,6664,2968,43.7
2026-06-09 18:06:24,6666,2969,39.2
2026-06-09 18:06:26,6668,2970,45.0
2026-06-09 18:06:28,6670,2971,82.1
2026-06-09 18:06:30,6672,2972,24.5
2026-06-09 18:06:32,6674,2973,30.7
2026-06-09 18:06:34,6676,2974,14.1
2026-06-09 18:06:36,6678,2975,24.0
2026-06-09 18:06:38,6680,2976,193
2026-06-09 18:06:40,6682,2977,19.1
2026-06-09 18:06:42,6684,2978,28.1
2026-06-09 18:06:44,6686,2979,21.3
2026-06-09 18:06:46,6688,2980,40.3
2026-06-09 18:06:48,6690,2981,227
2026-06-09 18:06:51,6693,2982,23.5
2026-06-09 18:06:53,6695,2983,19.6
2026-06-09 18:06:55,6697,2984,65.9
2026-06-09 18:06:57,6699,2985,28.7
2026-06-09 18:06:59,6701,2986,24.8
2026-06-09 18:07:01,6703,2987,20.2
2026-06-09 18:07:03,6705,2988,18.9
2026-06-09 18:07:05,6707,2989,14.9
2026-06-09 18:07:07,6709,2990,35.6
2026-06-09 18:07:09,6711,2991,36.8
2026-06-09 18:07:11,6713,2992,31.1
2026-06-09 18:07:13,6715,2993,36.1
2026-06-09 18:07:15,6717,2994,13.3
2026-06-09 18:07:17,6719,2995,16.6
2026-06-09 18:07:19,6721,2996,34.5
2026-06-09 18:07:21,6723,2997,34.4
2026-06-09 18:07:23,6725,2998,33.8
2026-06-09 18:07:25,6727,2999,24.6
2026-06-09 18:07:27,6729,3000,32.1
2026-06-09 18:07:29,6731,3001,33.1
2026-06-09 18:07:31,6733,3002,20.6
2026-06-09 18:07:33,6735,3003,35.0
2026-06-09 18:07:35,6737,3004,28.7
2026-06-09 18:07:37,6739,3005,25.7
2026-06-09 18:07:39,6741,3006,15.5
2026-06-09 18:07:41,6743,3007,38.9
2026-06-09 18:07:43,6745,3008,11.8
2026-06-09 18:07:45,6747,3009,36.9
2026-06-09 18:07:47,6749,3010,25.3
2026-06-09 18:07:49,6751,3011,45.0
2026-06-09 18:07:51,6753,3012,45.9
2026-06-09 18:07:53,6755,3013,27.8
2026-06-09 18:07:56,6758,3014,34.6
2026-06-09 18:07:58,6760,3015,43.0
2026-06-09 18:08:00,6762,3016,21.1
2026-06-09 18:08:02,6764,3017,37.5
2026-06-09 18:08:04,6766,3018,28.6
2026-06-09 18:08:06,6768,3019,46.9
2026-06-09 18:08:08,6770,3020,19.0
2026-06-09 18:08:10,6772,3021,50.5
2026-06-09 18:08:12,6774,3022,39.0
2026-06-09 18:08:14,6776,3023,51.3
2026-06-09 18:08:16,6778,3024,33.6
2026-06-09 18:08:18,6780,3025,30.3
2026-06-09 18:08:20,6782,3026,37.0
2026-06-09 18:08:22,6784,3027,39.7
2026-06-09 18:08:24,6786,3028,37.8
2026-06-09 18:08:26,6788,3029,29.2
2026-06-09 18:08:28,6790,3030,33.9
2026-06-09 18:08:30,6792,3031,29.0
2026-06-09 18:08:32,6794,3032,85.0
2026-06-09 18:08:35,6797,3033,26.7
2026-06-09 18:08:37,6799,3034,44.4
2026-06-09 18:08:39,6801,3035,30.0
2026-06-09 18:08:41,6803,3036,37.8
2026-06-09 18:08:43,6805,3037,22.9
2026-06-09 18:08:45,6807,3038,16.9
2026-06-09 18:08:47,6809,3039,37.9
2026-06-09 18:08:49,6811,3040,25.3
2026-06-09 18:08:51,6813,3041,31.8
2026-06-09 18:08:53,6815,3042,27.8
2026-06-09 18:08:55,6817,3043,36.0
2026-06-09 18:08:57,6819,3044,29.5
2026-06-09 18:08:59,6821,3045,30.1
2026-06-09 18:09:01,6823,3046,22.6
2026-06-09 18:09:03,6825,3047,24.1
2026-06-09 18:09:05,6827,3048,41.1
2026-06-09 18:09:07,6829,3049,201
2026-06-09 18:09:09,6831,3050,44.6
2026-06-09 18:09:11,6833,3051,39.0
2026-06-09 18:09:13,6835,3052,54.4
2026-06-09 18:09:15,6837,3053,39.6
2026-06-09 18:09:17,6839,3054,21.7
2026-06-09 18:09:19,6841,3055,44.0
2026-06-09 18:09:21,6843,3056,32.8
2026-06-09 18:09:23,6845,3057,31.5
2026-06-09 18:09:25,6847,3058,28.4
2026-06-09 18:09:27,6849,3059,252
2026-06-09 18:09:30,6852,3060,61.0
2026-06-09 18:09:32,6854,3061,86.9
2026-06-09 18:09:34,6856,3062,91.3
2026-06-09 18:09:36,6858,3063,76.3
2026-06-09 18:09:38,6860,3064,355
2026-06-09 18:09:40,6862,3065,169
2026-06-09 18:09:43,6865,3066,22.8
2026-06-09 18:09:45,6867,3067,145
2026-06-09 18:09:47,6869,3068,29.3
2026-06-09 18:09:49,6871,3069,30.5
2026-06-09 18:09:51,6873,3070,199
2026-06-09 18:09:53,6875,3071,18.8
2026-06-09 18:09:55,6877,3072,22.7
2026-06-09 18:09:57,6879,3073,44.6
2026-06-09 18:09:59,6881,3074,37.7
2026-06-09 18:10:01,6883,3075,47.4
2026-06-09 18:10:03,6885,3076,42.4
2026-06-09 18:10:05,6887,3077,34.9
2026-06-09 18:10:07,6889,3078,34.5
2026-06-09 18:10:09,6891,3079,30.3
2026-06-09 18:10:11,6893,3080,24.6
2026-06-09 18:10:13,6895,3081,24.2
2026-06-09 18:10:15,6897,3082,39.7
2026-06-09 18:10:17,6899,3083,22.0
2026-06-09 18:10:20,6902,3084,39.5
2026-06-09 18:10:22,6904,3085,74.0
2026-06-09 18:10:24,6906,3086,29.0
2026-06-09 18:10:26,6908,3087,29.4
2026-06-09 18:10:28,6910,3088,33.2
2026-06-09 18:10:30,6912,3089,42.6
2026-06-09 18:10:32,6914,3090,205
2026-06-09 18:10:34,6916,3091,31.1
2026-06-09 18:10:36,6918,3092,28.1
2026-06-09 18:10:38,6920,3093,48.6
2026-06-09 18:10:40,6922,3094,40.6
2026-06-09 18:10:42,6924,3095,211
2026-06-09 18:10:44,6926,3096,36.7
2026-06-09 18:10:46,6928,3097,30.2
2026-06-09 18:10:48,6930,3098,29.5
2026-06-09 18:10:50,6932,3099,18.2
2026-06-09 18:10:52,6934,3100,20.9
2026-06-09 18:10:54,6936,3101,30.5
2026-06-09 18:10:57,6939,3102,34.2
2026-06-09 18:10:59,6941,3103,29.9
2026-06-09 18:11:01,6943,3104,34.7
2026-06-09 18:11:03,6945,3105,46.2
2026-06-09 18:11:05,6947,3106,39.4
2026-06-09 18:11:07,6949,3107,34.4
2026-06-09 18:11:09,6951,3108,26.2
2026-06-09 18:11:11,6953,3109,14.8
2026-06-09 18:11:13,6955,3110,30.1
2026-06-09 18:11:15,6957,3111,30.2
2026-06-09 18:11:17,6959,3112,24.3
2026-06-09 18:11:19,6961,3113,41.7
2026-06-09 18:11:21,6963,3114,28.2
2026-06-09 18:11:23,6965,3115,34.3
2026-06-09 18:11:25,6967,3116,20.8
2026-06-09 18:11:27,6969,3117,27.3
2026-06-09 18:11:29,6971,3118,27.9
2026-06-09 18:11:31,6973,3119,15.7
2026-06-09 18:11:33,6975,3120,28.6
2026-06-09 18:11:35,6977,3121,16.0
2026-06-09 18:11:37,6979,3122,30.5
2026-06-09 18:11:39,6981,3123,16.3
2026-06-09 18:11:42,6984,3124,19.2
2026-06-09 18:11:44,6986,3125,31.4
2026-06-09 18:11:46,6988,3126,26.0
2026-06-09 18:11:48,6990,3127,49.7
2026-06-09 18:11:50,6992,3128,27.4
2026-06-09 18:11:52,6994,3129,17.7
2026-06-09 18:11:54,6996,3130,46.1
2026-06-09 18:11:56,6998,3131,22.3
2026-06-09 18:11:58,7000,3132,22.8
2026-06-09 18:12:00,7002,3133,28.8
2026-06-09 18:12:02,7004,3134,25.9
2026-06-09 18:12:04,7006,3135,19.5
2026-06-09 18:12:06,7008,3136,43.9
2026-06-09 18:12:08,7010,3137,45.2
2026-06-09 18:12:10,7012,3138,34.7
2026-06-09 18:12:12,7014,3139,44.3
2026-06-09 18:12:14,7016,3140,28.8
2026-06-09 18:12:16,7018,3141,45.5
2026-06-09 18:12:18,7020,3142,44.8
2026-06-09 18:12:20,7022,3143,35.8
2026-06-09 18:12:22,7024,3144,35.5
2026-06-09 18:12:24,7026,3145,37.6
2026-06-09 18:12:26,7028,3146,40.8
2026-06-09 18:12:28,7030,3147,26.6
2026-06-09 18:12:30,7032,3148,13.2
2026-06-09 18:12:33,7035,3149,44.3
2026-06-09 18:12:35,7037,3150,22.3
2026-06-09 18:12:37,7039,3151,19.7
2026-06-09 18:12:39,7041,3152,20.9
2026-06-09 18:12:41,7043,3153,28.3
2026-06-09 18:12:43,7045,3154,22.8
2026-06-09 18:12:45,7047,3155,48.2
2026-06-09 18:12:47,7049,3156,25.5
2026-06-09 18:12:49,7051,3157,31.1
2026-06-09 18:12:51,7053,3158,40.5
2026-06-09 18:12:53,7055,3159,40.4
2026-06-09 18:12:55,7057,3160,43.3
2026-06-09 18:12:57,7059,3161,44.9
2026-06-09 18:12:59,7061,3162,42.4
2026-06-09 18:13:01,7063,3163,31.0
2026-06-09 18:13:03,7065,3164,15.4
2026-06-09 18:13:05,7067,3165,13.6
2026-06-09 18:13:07,7069,3166,47.3
2026-06-09 18:13:09,7071,3167,24.4
2026-06-09 18:13:11,7073,3168,29.1
2026-06-09 18:13:14,7076,3169,43.2
2026-06-09 18:13:16,7078,3170,42.9
2026-06-09 18:13:18,7080,3171,28.5
2026-06-09 18:13:20,7082,3172,48.0
2026-06-09 18:13:22,7084,3173,17.1
2026-06-09 18:13:24,7086,3174,22.9
2026-06-09 18:13:26,7088,3175,30.4
2026-06-09 18:13:28,7090,3176,22.7
2026-06-09 18:13:30,7092,3177,29.1
2026-06-09 18:13:32,7094,3178,19.9
2026-06-09 18:13:34,7096,3179,35.4
2026-06-09 18:13:36,7098,3180,31.4
2026-06-09 18:13:38,7100,3181,39.6
2026-06-09 18:13:40,7102,3182,35.9
2026-06-09 18:13:42,7104,3183,32.0
2026-06-09 18:13:45,7107,3184,34.2
2026-06-09 18:13:47,7109,3185,31.6
2026-06-09 18:13:49,7111,3186,39.3
2026-06-09 18:13:51,7113,3187,20.4
2026-06-09 18:13:53,7115,3188,36.2
2026-06-09 18:13:55,7117,3189,20.5
2026-06-09 18:13:57,7119,3190,25.1
2026-06-09 18:13:59,7121,3191,23.8
2026-06-09 18:14:01,7123,3192,48.6
2026-06-09 18:14:03,7125,3193,21.3
2026-06-09 18:14:05,7127,3194,16.5
2026-06-09 18:14:07,7129,3195,90.4
2026-06-09 18:14:09,7131,3196,98.6
2026-06-09 18:14:12,7134,3197,33.5
2026-06-09 18:14:14,7136,3198,20.1
2026-06-09 18:14:16,7138,3199,71.2
2026-06-09 18:14:18,7140,3200,200
2026-06-09 18:14:20,7142,3201,29.0
2026-06-09 18:14:22,7144,3202,30.6
2026-06-09 18:14:24,7146,3203,50.6
2026-06-09 18:14:26,7148,3204,31.3
2026-06-09 18:14:28,7150,3205,36.0
2026-06-09 18:14:30,7152,3206,20.1
2026-06-09 18:14:32,7154,3207,33.7
2026-06-09 18:14:34,7156,3208,38.6
2026-06-09 18:14:37,7159,3209,19.5
2026-06-09 18:14:39,7161,3210,22.6
2026-06-09 18:14:41,7163,3211,34.7
2026-06-09 18:14:43,7165,3212,66.7
2026-06-09 18:14:45,7167,3213,42.8
2026-06-09 18:14:47,7169,3214,28.6
2026-06-09 18:14:49,7171,3215,39.5
2026-06-09 18:14:51,7173,3216,28.8
2026-06-09 18:14:53,7175,3217,23.4
2026-06-09 18:14:55,7177,3218,196
2026-06-09 18:14:57,7179,3219,30.2
2026-06-09 18:14:59,7181,3220,22.1
2026-06-09 18:15:01,7183,3221,33.4
2026-06-09 18:15:03,7185,3222,21.9
2026-06-09 18:15:05,7187,3223,154
2026-06-09 18:15:07,7189,3224,68.2
2026-06-09 18:15:10,7192,3225,37.7
2026-06-09 18:15:12,7194,3226,36.8
2026-06-09 18:15:14,7196,3227,32.7
2026-06-09 18:15:16,7198,3228,237
2026-06-09 18:15:18,7200,3229,25.1
2026-06-09 18:15:20,7202,3230,255
2026-06-09 18:15:22,7204,3231,41.0
2026-06-09 18:15:24,7206,3232,39.0
2026-06-09 18:15:26,7208,3233,174
2026-06-09 18:15:28,7210,3234,25.7
2026-06-09 18:15:30,7212,3235,45.1
2026-06-09 18:15:32,7214,3236,25.2
2026-06-09 18:15:34,7216,3237,30.7
2026-06-09 18:15:36,7218,3238,36.2
2026-06-09 18:15:38,7220,3239,37.7
2026-06-09 18:15:40,7222,3240,49.6
2026-06-09 18:15:42,7224,3241,28.9
2026-06-09 18:15:44,7226,3242,30.9
2026-06-09 18:15:46,7228,3243,31.4
2026-06-09 18:15:48,7230,3244,53.4
2026-06-09 18:15:50,7232,3245,30.5
2026-06-09 18:15:52,7234,3246,28.6
2026-06-09 18:15:54,7236,3247,34.3
2026-06-09 18:15:56,7238,3248,43.7
2026-06-09 18:15:59,7240,3249,33.2
2026-06-09 18:16:01,7243,3250,21.7
2026-06-09 18:16:03,7245,3251,42.5
2026-06-09 18:16:05,7247,3252,32.6
2026-06-09 18:16:07,7249,3253,41.3
2026-06-09 18:16:09,7251,3254,35.1
2026-06-09 18:16:11,7253,3255,32.0
2026-06-09 18:16:13,7255,3256,46.6
2026-06-09 18:16:15,7257,3257,30.3
2026-06-09 18:16:17,7259,3258,24.8
2026-06-09 18:16:19,7261,3259,32.9
2026-06-09 18:16:21,7263,3260,25.4
2026-06-09 18:16:23,7265,3261,25.9
2026-06-09 18:16:25,7267,3262,22.4
2026-06-09 18:16:27,7269,3263,22.9
2026-06-09 18:16:29,7271,3264,18.6
2026-06-09 18:16:31,7273,3265,127
2026-06-09 18:16:33,7275,3266,43.4
2026-06-09 18:16:35,7277,3267,35.9
2026-06-09 18:16:37,7279,3268,35.7
2026-06-09 18:16:39,7281,3269,41.3
2026-06-09 18:16:41,7283,3270,48.0
2026-06-09 18:16:43,7285,3271,30.6
2026-06-09 18:16:45,7287,3272,26.4
2026-06-09 18:16:47,7289,3273,47.1
2026-06-09 18:16:49,7291,3274,20.5
2026-06-09 18:16:52,7294,3275,32.6
2026-06-09 18:16:54,7296,3276,28.6
2026-06-09 18:16:56,7298,3277,44.0
2026-06-09 18:16:58,7300,3278,21.4
2026-06-09 18:17:00,7302,3279,20.4
2026-06-09 18:17:02,7304,3280,23.4
2026-06-09 18:17:04,7306,3281,33.8
2026-06-09 18:17:06,7308,3282,35.8
2026-06-09 18:17:08,7310,3283,21.7
2026-06-09 18:17:10,7312,3284,39.4
2026-06-09 18:17:12,7314,3285,29.0
2026-06-09 18:17:14,7316,3286,27.6
2026-06-09 18:17:16,7318,3287,35.3
2026-06-09 18:17:18,7320,3288,44.9
2026-06-09 18:17:20,7322,3289,40.8
2026-06-09 18:17:22,7324,3290,38.5
2026-06-09 18:17:24,7326,3291,26.8
2026-06-09 18:17:26,7328,3292,37.1
2026-06-09 18:17:28,7330,3293,34.0
2026-06-09 18:17:30,7332,3294,42.7
2026-06-09 18:17:32,7334,3295,25.4
2026-06-09 18:17:35,7337,3296,38.9
2026-06-09 18:17:37,7339,3297,38.1
2026-06-09 18:17:39,7341,3298,33.3
2026-06-09 18:17:41,7343,3299,23.4
2026-06-09 18:17:43,7345,3300,27.7
2026-06-09 18:17:45,7347,3301,35.1
2026-06-09 18:17:47,7349,3302,21.4
2026-06-09 18:17:49,7351,3303,23.4
2026-06-09 18:17:51,7353,3304,25.3
2026-06-09 18:17:53,7355,3305,35.2
2026-06-09 18:17:55,7357,3306,48.9
2026-06-09 18:17:57,7359,3307,21.8
2026-06-09 18:17:59,7361,3308,15.0
2026-06-09 18:18:01,7363,3309,36.7
2026-06-09 18:18:03,7365,3310,40.7
2026-06-09 18:18:05,7367,3311,41.9
2026-06-09 18:18:07,7369,3312,19.4
2026-06-09 18:18:09,7371,3313,19.7
2026-06-09 18:18:11,7373,3314,35.3
2026-06-09 18:18:14,7376,3315,23.3
2026-06-09 18:18:16,7378,3316,21.1
2026-06-09 18:18:18,7380,3317,29.8
2026-06-09 18:18:20,7382,3318,45.6
2026-06-09 18:18:22,7384,3319,32.1
2026-06-09 18:18:24,7386,3320,28.0
2026-06-09 18:18:26,7388,3321,31.1
2026-06-09 18:18:28,7390,3322,26.7
2026-06-09 18:18:30,7392,3323,26.1
2026-06-09 18:18:32,7394,3324,27.5
2026-06-09 18:18:34,7396,3325,258
2026-06-09 18:18:36,7398,3326,198
2026-06-09 18:18:38,7400,3327,20.9
2026-06-09 18:18:40,7402,3328,25.0
2026-06-09 18:18:43,7405,3329,23.2
2026-06-09 18:18:45,7407,3330,35.3
2026-06-09 18:18:47,7409,3331,37.3
2026-06-09 18:18:49,7411,3332,41.0
2026-06-09 18:18:51,7413,3333,20.1
2026-06-09 18:18:53,7415,3334,22.0
2026-06-09 18:18:55,7417,3335,37.2
2026-06-09 18:18:57,7419,3336,26.4
2026-06-09 18:18:59,7421,3337,46.3
2026-06-09 18:19:01,7423,3338,82.4
2026-06-09 18:19:03,7425,3339,27.4
2026-06-09 18:19:05,7427,3340,32.7
2026-06-09 18:19:07,7429,3341,21.2
2026-06-09 18:19:09,7431,3342,31.6
2026-06-09 18:19:11,7433,3343,17.2
2026-06-09 18:19:13,7435,3344,31.0
2026-06-09 18:19:15,7437,3345,49.4
2026-06-09 18:19:17,7439,3346,35.0
2026-06-09 18:19:19,7441,3347,22.4
2026-06-09 18:19:22,7444,3348,46.8
2026-06-09 18:19:24,7446,3349,30.5
2026-06-09 18:19:26,7448,3350,21.8
2026-06-09 18:19:28,7450,3351,43.5
2026-06-09 18:19:30,7452,3352,43.7
2026-06-09 18:19:32,7454,3353,29.2
2026-06-09 18:19:34,7456,3354,34.0
2026-06-09 18:19:36,7458,3355,44.8
2026-06-09 18:19:38,7460,3356,24.0
2026-06-09 18:19:40,7462,3357,28.3
2026-06-09 18:19:42,7464,3358,16.9
2026-06-09 18:19:44,7466,3359,28.0
2026-06-09 18:19:46,7468,3360,24.0
2026-06-09 18:19:48,7470,3361,16.3
2026-06-09 18:19:50,7472,3362,32.6
2026-06-09 18:19:52,7474,3363,26.7
2026-06-09 18:19:54,7476,3364,38.2
2026-06-09 18:19:56,7478,3365,18.3
2026-06-09 18:19:58,7480,3366,27.2
2026-06-09 18:20:00,7482,3367,23.9
2026-06-09 18:20:02,7484,3368,47.6
2026-06-09 18:20:05,7487,3369,36.5
2026-06-09 18:20:07,7489,3370,20.9
2026-06-09 18:20:09,7491,3371,46.2
2026-06-09 18:20:11,7493,3372,51.4
2026-06-09 18:20:13,7495,3373,19.8
2026-06-09 18:20:15,7497,3374,29.9
2026-06-09 18:20:17,7499,3375,39.7
2026-06-09 18:20:19,7501,3376,30.2
2026-06-09 18:20:21,7503,3377,31.5
2026-06-09 18:20:23,7505,3378,23.8
2026-06-09 18:20:25,7507,3379,27.1
2026-06-09 18:20:27,7509,3380,125
2026-06-09 18:20:29,7511,3381,31.4
2026-06-09 18:20:31,7513,3382,29.6
2026-06-09 18:20:33,7515,3383,34.6
2026-06-09 18:20:35,7517,3384,25.0
2026-06-09 18:20:37,7519,3385,199
2026-06-09 18:20:39,7521,3386,42.1
2026-06-09 18:20:41,7523,3387,36.2
2026-06-09 18:20:43,7525,3388,36.6
2026-06-09 18:20:45,7527,3389,23.6
2026-06-09 18:20:47,7529,3390,38.7
2026-06-09 18:20:49,7531,3391,36.3
2026-06-09 18:20:51,7533,3392,35.3
2026-06-09 18:20:53,7535,3393,31.4
2026-06-09 18:20:55,7537,3394,23.0
2026-06-09 18:20:57,7539,3395,33.2
2026-06-09 18:21:00,7542,3396,11.8
2026-06-09 18:21:02,7544,3397,30.2
2026-06-09 18:21:04,7546,3398,35.8
2026-06-09 18:21:06,7548,3399,22.6
2026-06-09 18:21:08,7550,3400,72.0
2026-06-09 18:21:10,7552,3401,37.0
2026-06-09 18:21:12,7554,3402,12.0
2026-06-09 18:21:14,7556,3403,26.6
2026-06-09 18:21:16,7558,3404,36.2
2026-06-09 18:21:18,7560,3405,28.1
2026-06-09 18:21:20,7562,3406,30.4
2026-06-09 18:21:22,7564,3407,27.7
2026-06-09 18:21:24,7566,3408,36.5
2026-06-09 18:21:26,7568,3409,44.7
2026-06-09 18:21:28,7570,3410,34.2
2026-06-09 18:21:30,7572,3411,28.1
2026-06-09 18:21:32,7574,3412,25.3
2026-06-09 18:21:34,7576,3413,32.8
2026-06-09 18:21:36,7578,3414,44.5
2026-06-09 18:21:38,7580,3415,16.4
2026-06-09 18:21:40,7582,3416,29.2
2026-06-09 18:21:42,7584,3417,41.1
2026-06-09 18:21:44,7586,3418,32.8
2026-06-09 18:21:46,7588,3419,29.8
2026-06-09 18:21:48,7590,3420,14.4
2026-06-09 18:21:51,7592,3421,51.5
2026-06-09 18:21:53,7595,3422,40.8
2026-06-09 18:21:55,7597,3423,31.2
2026-06-09 18:21:57,7599,3424,43.0
2026-06-09 18:21:59,7601,3425,25.6
2026-06-09 18:22:01,7603,3426,35.4
2026-06-09 18:22:03,7605,3427,19.5
2026-06-09 18:22:05,7607,3428,29.3
2026-06-09 18:22:07,7609,3429,43.4
2026-06-09 18:22:09,7611,3430,42.9
2026-06-09 18:22:11,7613,3431,35.5
2026-06-09 18:22:13,7615,3432,36.3
2026-06-09 18:22:15,7617,3433,37.2
2026-06-09 18:22:17,7619,3434,36.1
2026-06-09 18:22:19,7621,3435,21.6
2026-06-09 18:22:21,7623,3436,19.1
2026-06-09 18:22:23,7625,3437,34.5
2026-06-09 18:22:25,7627,3438,41.6
2026-06-09 18:22:27,7629,3439,35.1
2026-06-09 18:22:29,7631,3440,40.8
2026-06-09 18:22:31,7633,3441,35.9
2026-06-09 18:22:33,7635,3442,31.8
2026-06-09 18:22:35,7637,3443,32.7
2026-06-09 18:22:37,7639,3444,34.0
2026-06-09 18:22:39,7641,3445,28.5
2026-06-09 18:22:41,7643,3446,35.0
2026-06-09 18:22:43,7645,3447,33.1
2026-06-09 18:22:45,7647,3448,191
2026-06-09 18:22:47,7649,3449,18.5
2026-06-09 18:22:49,7651,3450,31.0
2026-06-09 18:22:51,7653,3451,36.3
2026-06-09 18:22:53,7655,3452,38.8
2026-06-09 18:22:55,7657,3453,88.2
2026-06-09 18:22:58,7660,3454,144
2026-06-09 18:23:00,7662,3455,42.9
2026-06-09 18:23:02,7664,3456,33.8
2026-06-09 18:23:04,7666,3457,54.3
2026-06-09 18:23:06,7668,3458,27.6
2026-06-09 18:23:08,7670,3459,29.0
2026-06-09 18:23:11,7673,3460,40.2
2026-06-09 18:23:13,7675,3461,99.0
2026-06-09 18:23:15,7677,3462,26.0
2026-06-09 18:23:17,7679,3463,94.1
2026-06-09 18:23:19,7681,3464,218
2026-06-09 18:23:22,7684,3465,30.8
2026-06-09 18:23:24,7686,3466,32.6
2026-06-09 18:23:26,7688,3467,46.0
2026-06-09 18:23:28,7690,3468,23.6
2026-06-09 18:23:30,7692,3469,206
2026-06-09 18:23:33,7695,3470,210
2026-06-09 18:23:35,7697,3471,185
2026-06-09 18:23:37,7699,3472,228
2026-06-09 18:23:39,7701,3473,207
2026-06-09 18:23:41,7703,3474,205
2026-06-09 18:23:44,7706,3475,199
2026-06-09 18:23:46,7708,3476,198
2026-06-09 18:23:48,7710,3477,182
2026-06-09 18:23:50,7712,3478,164
2026-06-09 18:23:52,7714,3479,174
2026-06-09 18:23:54,7716,3480,206
2026-06-09 18:23:57,7719,3481,251
2026-06-09 18:23:59,7721,3482,28.0
2026-06-09 18:24:01,7723,3483,49.3
2026-06-09 18:24:03,7725,3484,63.3
2026-06-09 18:24:06,7728,3485,358
2026-06-09 18:24:08,7730,3486,53.6
2026-06-09 18:24:10,7732,3487,61.8
2026-06-09 18:24:13,7735,3488,19.7
2026-06-09 18:24:16,7738,3489,29.6
2026-06-09 18:24:18,7740,3490,26.5
2026-06-09 18:24:21,7743,3491,59.8
2026-06-09 18:24:24,7746,3492,113
2026-06-09 18:24:27,7749,3493,26.2
2026-06-09 18:24:29,7751,3494,141
2026-06-09 18:24:32,7754,3495,52.6
2026-06-09 18:24:35,7757,3496,47.8
2026-06-09 18:24:38,7760,3497,70.2
2026-06-09 18:24:40,7762,3498,408
2026-06-09 18:24:43,7765,3499,668
2026-06-09 18:24:45,7767,3500,131
2026-06-09 18:24:47,7769,3501,61.2
2026-06-09 18:24:49,7771,3502,31.6
2026-06-09 18:24:51,7773,3503,30.7
2026-06-09 18:24:54,7776,3504,157
2026-06-09 18:24:56,7778,3505,211
2026-06-09 18:24:58,7780,3506,374
2026-06-09 18:25:00,7782,3507,164
2026-06-09 18:25:02,7784,3508,40.9
2026-06-09 18:25:04,7786,3509,29.6
2026-06-09 18:25:07,7788,3510,35.5
2026-06-09 18:25:09,7791,3511,14.2
2026-06-09 18:25:11,7793,3512,29.8
2026-06-09 18:25:13,7795,3513,31.7
2026-06-09 18:25:15,7797,3514,33.6
2026-06-09 18:25:17,7799,3515,38.2
2026-06-09 18:25:19,7801,3516,31.9
2026-06-09 18:25:21,7803,3517,35.6
2026-06-09 18:25:23,7805,3518,27.7
2026-06-09 18:25:25,7807,3519,21.0
2026-06-09 18:25:27,7809,3520,32.3
2026-06-09 18:25:29,7811,3521,28.9
2026-06-09 18:25:31,7813,3522,169
2026-06-09 18:25:33,7815,3523,16.5
2026-06-09 18:25:35,7817,3524,18.7
2026-06-09 18:25:37,7819,3525,28.5
2026-06-09 18:25:39,7821,3526,30.8
2026-06-09 18:25:42,7824,3527,105
2026-06-09 18:25:44,7826,3528,36.1
2026-06-09 18:25:46,7828,3529,27.0
2026-06-09 18:25:48,7830,3530,39.1
2026-06-09 18:25:50,7832,3531,24.9
2026-06-09 18:25:52,7834,3532,186
2026-06-09 18:25:54,7836,3533,36.5
2026-06-09 18:25:56,7838,3534,47.5
2026-06-09 18:25:58,7840,3535,36.5
2026-06-09 18:26:00,7842,3536,36.2
2026-06-09 18:26:02,7844,3537,26.4
2026-06-09 18:26:04,7846,3538,28.6
2026-06-09 18:26:06,7848,3539,41.2
2026-06-09 18:26:08,7850,3540,36.8
2026-06-09 18:26:10,7852,3541,32.1
2026-06-09 18:26:12,7854,3542,22.0
2026-06-09 18:26:15,7857,3543,18.0
2026-06-09 18:26:17,7859,3544,34.1
2026-06-09 18:26:19,7861,3545,44.0
2026-06-09 18:26:21,7863,3546,40.3
2026-06-09 18:26:23,7865,3547,25.4
2026-06-09 18:26:25,7867,3548,37.6
2026-06-09 18:26:27,7869,3549,27.7
2026-06-09 18:26:29,7871,3550,32.7
2026-06-09 18:26:31,7873,3551,25.0
2026-06-09 18:26:33,7875,3552,214
2026-06-09 18:26:35,7877,3553,44.1
2026-06-09 18:26:37,7879,3554,42.0
2026-06-09 18:26:39,7881,3555,24.6
2026-06-09 18:26:41,7883,3556,29.8
2026-06-09 18:26:43,7885,3557,46.9
2026-06-09 18:26:45,7887,3558,46.4
2026-06-09 18:26:48,7890,3559,32.4
2026-06-09 18:26:50,7892,3560,27.7
2026-06-09 18:26:52,7894,3561,46.1
2026-06-09 18:26:54,7896,3562,16.6
2026-06-09 18:26:56,7898,3563,30.3
2026-06-09 18:26:58,7900,3564,35.5
2026-06-09 18:27:00,7902,3565,34.2
2026-06-09 18:27:02,7904,3566,31.6
2026-06-09 18:27:04,7906,3567,42.7
2026-06-09 18:27:06,7908,3568,44.9
2026-06-09 18:27:08,7910,3569,41.2
2026-06-09 18:27:10,7912,3570,27.2
2026-06-09 18:27:12,7914,3571,37.2
2026-06-09 18:27:14,7916,3572,98.6
2026-06-09 18:27:16,7918,3573,41.4
2026-06-09 18:27:18,7920,3574,22.7
2026-06-09 18:27:20,7922,3575,36.3
2026-06-09 18:27:22,7924,3576,29.8
2026-06-09 18:27:25,7927,3577,42.6
2026-06-09 18:27:27,7929,3578,34.7
2026-06-09 18:27:29,7931,3579,43.0
2026-06-09 18:27:31,7933,3580,20.0
2026-06-09 18:27:33,7935,3581,43.8
2026-06-09 18:27:35,7937,3582,73.0
2026-06-09 18:27:37,7939,3583,29.1
2026-06-09 18:27:39,7941,3584,21.8
2026-06-09 18:27:41,7943,3585,28.2
2026-06-09 18:27:43,7945,3586,32.5
2026-06-09 18:27:45,7947,3587,86.6
2026-06-09 18:27:47,7949,3588,45.6
2026-06-09 18:27:49,7951,3589,40.6
2026-06-09 18:27:51,7953,3590,27.0
2026-06-09 18:27:53,7955,3591,30.2
2026-06-09 18:27:55,7957,3592,103
2026-06-09 18:27:58,7960,3593,33.5
2026-06-09 18:28:00,7962,3594,45.8
2026-06-09 18:28:02,7964,3595,44.3
2026-06-09 18:28:04,7966,3596,47.2
2026-06-09 18:28:06,7968,3597,179
2026-06-09 18:28:08,7970,3598,64.8
2026-06-09 18:28:10,7972,3599,48.8
2026-06-09 18:28:12,7974,3600,44.3
2026-06-09 18:28:14,7976,3601,37.2
2026-06-09 18:28:16,7978,3602,61.3
2026-06-09 18:28:18,7980,3603,45.5
2026-06-09 18:28:20,7982,3604,20.5
2026-06-09 18:28:22,7984,3605,34.1
2026-06-09 18:28:24,7986,3606,28.1
2026-06-09 18:28:26,7988,3607,24.2
2026-06-09 18:28:28,7990,3608,42.1
2026-06-09 18:28:30,7992,3609,12.4
2026-06-09 18:28:32,7994,3610,43.1
2026-06-09 18:28:34,7996,3611,39.9
2026-06-09 18:28:36,7998,3612,24.8
2026-06-09 18:28:38,8000,3613,34.8
2026-06-09 18:28:40,8002,3614,22.7
2026-06-09 18:28:42,8004,3615,30.2
2026-06-09 18:28:44,8006,3616,44.4
2026-06-09 18:28:46,8008,3617,20.1
2026-06-09 18:28:49,8011,3618,33.1
2026-06-09 18:28:51,8013,3619,38.6
2026-06-09 18:28:53,8015,3620,28.4
2026-06-09 18:28:55,8017,3621,44.6
2026-06-09 18:28:57,8019,3622,44.2
2026-06-09 18:28:59,8021,3623,25.4
2026-06-09 18:29:01,8023,3624,37.4
2026-06-09 18:29:03,8025,3625,32.6
2026-06-09 18:29:05,8027,3626,39.6
2026-06-09 18:29:07,8029,3627,27.4
2026-06-09 18:29:09,8031,3628,28.7
2026-06-09 18:29:11,8033,3629,30.8
2026-06-09 18:29:13,8035,3630,32.0
2026-06-09 18:29:15,8037,3631,30.1
2026-06-09 18:29:18,8040,3632,35.0
2026-06-09 18:29:20,8042,3633,34.3
2026-06-09 18:29:22,8044,3634,41.0
2026-06-09 18:29:24,8046,3635,26.9
2026-06-09 18:29:26,8048,3636,32.5
2026-06-09 18:29:28,8050,3637,48.9
2026-06-09 18:29:30,8052,3638,31.3
2026-06-09 18:29:32,8054,3639,46.4
2026-06-09 18:29:34,8056,3640,55.3
2026-06-09 18:29:36,8058,3641,51.3
2026-06-09 18:29:38,8060,3642,24.4
2026-06-09 18:29:40,8062,3643,33.8
2026-06-09 18:29:43,8065,3644,38.0
2026-06-09 18:29:45,8067,3645,33.6
2026-06-09 18:29:47,8069,3646,30.3
2026-06-09 18:29:49,8071,3647,28.6
2026-06-09 18:29:51,8073,3648,30.9
2026-06-09 18:29:53,8075,3649,30.9
2026-06-09 18:29:55,8077,3650,32.0
2026-06-09 18:29:57,8079,3651,31.4
2026-06-09 18:29:59,8081,3652,29.0
2026-06-09 18:30:01,8083,3653,41.1
2026-06-09 18:30:03,8085,3654,28.7
2026-06-09 18:30:05,8087,3655,28.4
2026-06-09 18:30:07,8089,3656,27.2
2026-06-09 18:30:09,8091,3657,19.7
2026-06-09 18:30:11,8093,3658,115
2026-06-09 18:30:13,8095,3659,37.4
2026-06-09 18:30:15,8097,3660,17.7
2026-06-09 18:30:17,8099,3661,34.1
2026-06-09 18:30:20,8102,3662,22.0
2026-06-09 18:30:22,8104,3663,150
2026-06-09 18:30:24,8106,3664,32.7
2026-06-09 18:30:26,8108,3665,30.6
2026-06-09 18:30:28,8110,3666,36.3
2026-06-09 18:30:30,8112,3667,24.0
2026-06-09 18:30:32,8114,3668,49.2
2026-06-09 18:30:34,8116,3669,33.1
2026-06-09 18:30:36,8118,3670,28.0
2026-06-09 18:30:38,8120,3671,26.8
2026-06-09 18:30:40,8122,3672,35.3
2026-06-09 18:30:42,8124,3673,150
2026-06-09 18:30:44,8126,3674,42.6
2026-06-09 18:30:46,8128,3675,38.4
2026-06-09 18:30:48,8130,3676,23.2
2026-06-09 18:30:50,8132,3677,25.1
2026-06-09 18:30:52,8134,3678,226
2026-06-09 18:30:54,8136,3679,36.5
2026-06-09 18:30:56,8138,3680,31.6
2026-06-09 18:30:58,8140,3681,36.8
2026-06-09 18:31:01,8143,3682,25.0
2026-06-09 18:31:03,8145,3683,147
2026-06-09 18:31:05,8147,3684,28.8
2026-06-09 18:31:07,8149,3685,15.7
2026-06-09 18:31:09,8151,3686,19.7
2026-06-09 18:31:11,8153,3687,42.4
2026-06-09 18:31:13,8155,3688,37.3
2026-06-09 18:31:15,8157,3689,19.2
2026-06-09 18:31:17,8159,3690,37.3
2026-06-09 18:31:19,8161,3691,23.9
2026-06-09 18:31:21,8163,3692,22.4
2026-06-09 18:31:23,8165,3693,62.2
2026-06-09 18:31:25,8167,3694,28.3
2026-06-09 18:31:27,8169,3695,23.6
2026-06-09 18:31:29,8171,3696,37.6
2026-06-09 18:31:31,8173,3697,40.3
2026-06-09 18:31:33,8175,3698,62.7
2026-06-09 18:31:36,8177,3699,21.1
2026-06-09 18:31:38,8180,3700,45.3
2026-06-09 18:31:40,8182,3701,30.6
2026-06-09 18:31:42,8184,3702,51.5
2026-06-09 18:31:44,8186,3703,25.4
2026-06-09 18:31:46,8188,3704,44.3
2026-06-09 18:31:48,8190,3705,32.0
2026-06-09 18:31:50,8192,3706,33.2
2026-06-09 18:31:52,8194,3707,42.0
2026-06-09 18:31:54,8196,3708,38.4
2026-06-09 18:31:56,8198,3709,35.0
2026-06-09 18:31:58,8200,3710,28.2
2026-06-09 18:32:00,8202,3711,46.1
2026-06-09 18:32:02,8204,3712,31.4
2026-06-09 18:32:04,8206,3713,56.8
2026-06-09 18:32:06,8208,3714,35.4
2026-06-09 18:32:08,8210,3715,29.8
2026-06-09 18:32:10,8212,3716,29.6
2026-06-09 18:32:12,8214,3717,41.4
2026-06-09 18:32:14,8216,3718,38.6
2026-06-09 18:32:16,8218,3719,28.3
2026-06-09 18:32:18,8220,3720,25.0
2026-06-09 18:32:20,8222,3721,27.8
2026-06-09 18:32:22,8224,3722,30.3
2026-06-09 18:32:24,8226,3723,36.6
2026-06-09 18:32:26,8228,3724,42.6
2026-06-09 18:32:28,8230,3725,23.5
2026-06-09 18:32:30,8232,3726,44.8
2026-06-09 18:32:32,8234,3727,36.6
2026-06-09 18:32:34,8236,3728,33.0
2026-06-09 18:32:36,8238,3729,27.6
2026-06-09 18:32:39,8241,3730,27.5
2026-06-09 18:32:41,8243,3731,28.2
2026-06-09 18:32:43,8245,3732,34.6
2026-06-09 18:32:45,8247,3733,60.4
2026-06-09 18:32:47,8249,3734,34.7
2026-06-09 18:32:49,8251,3735,46.8
2026-06-09 18:32:51,8253,3736,50.2
2026-06-09 18:32:53,8255,3737,36.8
2026-06-09 18:32:55,8257,3738,46.5
2026-06-09 18:32:57,8259,3739,30.8
2026-06-09 18:32:59,8261,3740,40.1
2026-06-09 18:33:01,8263,3741,14.7
2026-06-09 18:33:03,8265,3742,27.2
2026-06-09 18:33:05,8267,3743,51.5
2026-06-09 18:33:07,8269,3744,29.9
2026-06-09 18:33:09,8271,3745,50.0
2026-06-09 18:33:11,8273,3746,39.4
2026-06-09 18:33:14,8276,3747,20.6
2026-06-09 18:33:16,8278,3748,37.6
2026-06-09 18:33:18,8280,3749,35.6
2026-06-09 18:33:20,8282,3750,49.8
2026-06-09 18:33:22,8284,3751,19.3
2026-06-09 18:33:24,8286,3752,35.2
2026-06-09 18:33:26,8288,3753,45.4
2026-06-09 18:33:28,8290,3754,18.5
2026-06-09 18:33:30,8292,3755,28.6
2026-06-09 18:33:32,8294,3756,39.5
2026-06-09 18:33:34,8296,3757,14.8
2026-06-09 18:33:36,8298,3758,23.8
2026-06-09 18:33:38,8300,3759,17.1
2026-06-09 18:33:40,8302,3760,145
2026-06-09 18:33:43,8305,3761,99.5
2026-06-09 18:33:45,8307,3762,27.1
2026-06-09 18:33:47,8309,3763,130
2026-06-09 18:33:49,8311,3764,104
2026-06-09 18:33:51,8313,3765,232
2026-06-09 18:33:53,8315,3766,314
2026-06-09 18:33:56,8318,3767,43.4
2026-06-09 18:33:58,8320,3768,338
2026-06-09 18:34:00,8322,3769,25.2
2026-06-09 18:34:02,8324,3770,26.0
2026-06-09 18:34:05,8327,3771,175
2026-06-09 18:34:07,8329,3772,227
2026-06-09 18:34:09,8331,3773,201
2026-06-09 18:34:11,8333,3774,154
2026-06-09 18:34:13,8335,3775,187
2026-06-09 18:34:15,8337,3776,448
2026-06-09 18:34:18,8340,3777,138
2026-06-09 18:34:20,8342,3778,195
2026-06-09 18:34:22,8344,3779,230
2026-06-09 18:34:24,8346,3780,215
2026-06-09 18:34:26,8348,3781,222
2026-06-09 18:34:28,8350,3782,240
2026-06-09 18:34:30,8352,3783,193
2026-06-09 18:34:33,8355,3784,146
2026-06-09 18:34:35,8357,3785,35.8
2026-06-09 18:34:37,8359,3786,33.8
2026-06-09 18:34:39,8361,3787,33.9
2026-06-09 18:34:42,8364,3788,149
2026-06-09 18:34:44,8366,3789,16.7
2026-06-09 18:34:47,8369,3790,28.8
2026-06-09 18:34:50,8372,3791,50.2
2026-06-09 18:34:53,8375,3792,56.3
2026-06-09 18:34:55,8377,3793,24.9
2026-06-09 18:34:58,8380,3794,129
2026-06-09 18:35:01,8383,3795,20.5
2026-06-09 18:35:03,8385,3796,27.1
2026-06-09 18:35:06,8388,3797,37.5
2026-06-09 18:35:09,8391,3798,48.0
2026-06-09 18:35:12,8394,3799,18.2
2026-06-09 18:35:14,8396,3800,198
2026-06-09 18:35:17,8399,3801,418
2026-06-09 18:35:19,8401,3802,453
2026-06-09 18:35:22,8404,3803,76.4
2026-06-09 18:35:25,8406,3804,98.3
2026-06-09 18:35:27,8409,3805,35.7
2026-06-09 18:35:29,8411,3806,82.9
2026-06-09 18:35:31,8413,3807,83.4
2026-06-09 18:35:33,8415,3808,58.5
2026-06-09 18:35:35,8417,3809,61.5
2026-06-09 18:35:38,8420,3810,195
2026-06-09 18:35:40,8422,3811,143
2026-06-09 18:35:42,8424,3812,46.8
2026-06-09 18:35:44,8426,3813,280
2026-06-09 18:35:47,8429,3814,55.2
2026-06-09 18:35:49,8431,3815,68.6
2026-06-09 18:35:52,8434,3816,84.3
2026-06-09 18:35:55,8437,3817,113
2026-06-09 18:35:58,8440,3818,89.8
2026-06-09 18:36:01,8443,3819,149
2026-06-09 18:36:04,8446,3820,367
2026-06-09 18:36:07,8449,3821,101
2026-06-09 18:36:10,8452,3822,82.7
2026-06-09 18:36:13,8455,3823,132
2026-06-09 18:36:16,8458,3824,79.0
2026-06-09 18:36:19,8461,3825,35.8
2026-06-09 18:36:22,8464,3826,45.6
2026-06-09 18:36:25,8467,3827,102
2026-06-09 18:36:28,8470,3828,155
2026-06-09 18:36:31,8473,3829,57.0
2026-06-09 18:36:34,8476,3830,29.3
2026-06-09 18:36:37,8479,3831,199
2026-06-09 18:36:40,8482,3832,65.8
2026-06-09 18:36:43,8485,3833,46.1
2026-06-09 18:36:46,8488,3834,156
2026-06-09 18:36:49,8491,3835,139
2026-06-09 18:36:52,8494,3836,36.2
2026-06-09 18:36:55,8497,3837,42.0
2026-06-09 18:36:58,8500,3838,55.8
2026-06-09 18:37:02,8504,3839,152
2026-06-09 18:37:04,8506,3840,98.0
2026-06-09 18:37:07,8509,3841,102
2026-06-09 18:37:11,8513,3842,169
2026-06-09 18:37:14,8516,3843,45.9
2026-06-09 18:37:17,8519,3844,116
2026-06-09 18:37:21,8523,3845,36.4
2026-06-09 18:37:24,8526,3846,82.2
2026-06-09 18:37:27,8529,3847,32.7
2026-06-09 18:37:30,8532,3848,NA
2026-06-09 18:37:33,8535,3849,52.2
2026-06-09 18:37:36,8538,3850,57.0
2026-06-09 18:37:39,8541,3851,28.9
2026-06-09 18:37:42,8544,3852,133
2026-06-09 18:37:45,8547,3853,239
2026-06-09 18:37:48,8550,3854,87.9
2026-06-09 18:37:51,8553,3855,204
2026-06-09 18:37:54,8556,3856,116
2026-06-09 18:37:58,8560,3857,61.0
2026-06-09 18:38:01,8563,3858,104
2026-06-09 18:38:04,8566,3859,39.1
2026-06-09 18:38:07,8569,3860,141
2026-06-09 18:38:10,8572,3861,128
2026-06-09 18:38:13,8575,3862,44.4
2026-06-09 18:38:17,8579,3863,77.4
2026-06-09 18:38:20,8582,3864,54.4
2026-06-09 18:38:23,8585,3865,14.6
2026-06-09 18:38:26,8588,3866,95.9
2026-06-09 18:38:29,8591,3867,78.4
2026-06-09 18:38:32,8594,3868,12.3
2026-06-09 18:38:35,8597,3869,144
2026-06-09 18:38:38,8600,3870,82.2
2026-06-09 18:38:41,8603,3871,58.9
2026-06-09 18:38:44,8606,3872,95.3
2026-06-09 18:38:47,8609,3873,143
2026-06-09 18:38:50,8612,3874,146
2026-06-09 18:38:53,8615,3875,98.6
2026-06-09 18:38:56,8618,3876,165
2026-06-09 18:39:00,8622,3877,30.5
2026-06-09 18:39:02,8624,3878,41.7
2026-06-09 18:39:06,8628,3879,301
2026-06-09 18:39:09,8631,3880,192
2026-06-09 18:39:12,8634,3881,127
2026-06-09 18:39:14,8636,3882,163
2026-06-09 18:39:17,8639,3883,33.0
2026-06-09 18:39:20,8642,3884,47.7
2026-06-09 18:39:24,8646,3885,341
2026-06-09 18:39:27,8649,3886,16.9
2026-06-09 18:39:30,8652,3887,107
2026-06-09 18:39:33,8655,3888,14.7
2026-06-09 18:39:36,8658,3889,194
2026-06-09 18:39:39,8661,3890,45.2
2026-06-09 18:39:42,8664,3891,101
2026-06-09 18:39:45,8667,3892,279
2026-06-09 18:39:48,8670,3893,87.0
2026-06-09 18:39:51,8673,3894,85.3
2026-06-09 18:39:54,8676,3895,33.6
2026-06-09 18:39:57,8679,3896,95.7
2026-06-09 18:40:00,8682,3897,158
2026-06-09 18:40:03,8685,3898,35.4
2026-06-09 18:40:07,8689,3899,139
2026-06-09 18:40:09,8691,3900,47.5
2026-06-09 18:40:12,8694,3901,111
2026-06-09 18:40:15,8697,3902,42.4
2026-06-09 18:40:18,8700,3903,159
2026-06-09 18:40:21,8703,3904,90.7
2026-06-09 18:40:25,8707,3905,169
2026-06-09 18:40:28,8710,3906,28.6
2026-06-09 18:40:31,8713,3907,29.5
2026-06-09 18:40:34,8716,3908,32.7
2026-06-09 18:40:37,8719,3909,35.3
2026-06-09 18:40:40,8722,3910,59.7
2026-06-09 18:40:43,8725,3911,60.5
2026-06-09 18:40:46,8728,3912,27.1
2026-06-09 18:40:49,8731,3913,75.4
2026-06-09 18:40:52,8734,3914,181
2026-06-09 18:40:55,8737,3915,73.0
2026-06-09 18:40:58,8740,3916,234
2026-06-09 18:41:00,8742,3917,72.0
2026-06-09 18:41:03,8745,3918,28.9
2026-06-09 18:41:06,8748,3919,72.7
2026-06-09 18:41:10,8752,3920,183
2026-06-09 18:41:13,8755,3921,44.6
2026-06-09 18:41:16,8758,3922,53.3
2026-06-09 18:41:19,8761,3923,74.4
2026-06-09 18:41:22,8764,3924,72.2
2026-06-09 18:41:25,8767,3925,130
2026-06-09 18:41:28,8770,3926,20.5
2026-06-09 18:41:31,8773,3927,33.6
2026-06-09 18:41:34,8776,3928,63.8
2026-06-09 18:41:37,8779,3929,106
2026-06-09 18:41:40,8782,3930,114
2026-06-09 18:41:43,8785,3931,17.3
2026-06-09 18:41:46,8788,3932,128
2026-06-09 18:41:49,8791,3933,281
2026-06-09 18:41:52,8794,3934,18.4
2026-06-09 18:41:55,8797,3935,213
2026-06-09 18:41:58,8800,3936,32.8
2026-06-09 18:42:01,8803,3937,125
2026-06-09 18:42:04,8806,3938,343
2026-06-09 18:42:07,8809,3939,25.8
2026-06-09 18:42:10,8812,3940,49.8
2026-06-09 18:42:13,8815,3941,52.3
2026-06-09 18:42:17,8819,3942,36.3
2026-06-09 18:42:20,8822,3943,24.0
2026-06-09 18:42:23,8825,3944,37.8
2026-06-09 18:42:26,8828,3945,376
2026-06-09 18:42:29,8831,3946,163
2026-06-09 18:42:32,8834,3947,24.3
2026-06-09 18:42:35,8837,3948,62.3
2026-06-09 18:42:38,8840,3949,118
2026-06-09 18:42:41,8843,3950,106
2026-06-09 18:42:44,8846,3951,29.6
2026-06-09 18:42:47,8849,3952,31.3
2026-06-09 18:42:50,8852,3953,182
2026-06-09 18:42:53,8855,3954,142
2026-06-09 18:42:56,8858,3955,19.5
2026-06-09 18:42:59,8861,3956,28.8
2026-06-09 18:43:02,8864,3957,24.0
2026-06-09 18:43:05,8867,3958,112
2026-06-09 18:43:08,8870,3959,48.7
2026-06-09 18:43:12,8874,3960,94.7
2026-06-09 18:43:15,8877,3961,74.1
2026-06-09 18:43:18,8880,3962,229
2026-06-09 18:43:21,8883,3963,43.1
2026-06-09 18:43:24,8886,3964,149
2026-06-09 18:43:27,8889,3965,61.2
2026-06-09 18:43:30,8892,3966,28.0
2026-06-09 18:43:33,8895,3967,39.0
2026-06-09 18:43:36,8898,3968,73.0
2026-06-09 18:43:38,8900,3969,23.0
2026-06-09 18:43:41,8903,3970,30.3
2026-06-09 18:43:44,8906,3971,240
2026-06-09 18:43:47,8909,3972,65.5
2026-06-09 18:43:51,8913,3973,99.2
2026-06-09 18:43:54,8916,3974,51.9
2026-06-09 18:43:57,8919,3975,41.0
2026-06-09 18:44:00,8922,3976,168
2026-06-09 18:44:03,8925,3977,16.7
2026-06-09 18:44:05,8927,3978,303
2026-06-09 18:44:08,8930,3979,62.7
2026-06-09 18:44:11,8933,3980,12.6
2026-06-09 18:44:14,8936,3981,94.9
2026-06-09 18:44:17,8939,3982,167
2026-06-09 18:44:20,8942,3983,46.5
2026-06-09 18:44:23,8945,3984,157
2026-06-09 18:44:26,8948,3985,137
2026-06-09 18:44:29,8951,3986,23.8
2026-06-09 18:44:32,8954,3987,78.7
2026-06-09 18:44:35,8957,3988,27.2
2026-06-09 18:44:38,8960,3989,235
2026-06-09 18:44:40,8962,3990,73.3
2026-06-09 18:44:42,8964,3991,80.0
2026-06-09 18:44:44,8966,3992,156
2026-06-09 18:44:47,8969,3993,14.7
2026-06-09 18:44:49,8971,3994,301
2026-06-09 18:44:52,8974,3995,153
2026-06-09 18:44:55,8977,3996,26.4
2026-06-09 18:44:58,8980,3997,234
2026-06-09 18:45:02,8984,3998,38.3
2026-06-09 18:45:05,8987,3999,40.5
2026-06-09 18:45:08,8990,4000,72.8
2026-06-09 18:45:11,8993,4001,215
2026-06-09 18:45:14,8996,4002,134
2026-06-09 18:45:17,8999,4003,191
2026-06-09 18:45:20,9002,4004,166
2026-06-09 18:45:23,9005,4005,222
2026-06-09 18:45:26,9008,4006,34.8
2026-06-09 18:45:29,9011,4007,99.0
2026-06-09 18:45:32,9014,4008,142
2026-06-09 18:45:35,9017,4009,138
2026-06-09 18:45:38,9020,4010,33.5
2026-06-09 18:45:41,9023,4011,27.9
2026-06-09 18:45:44,9026,4012,132
2026-06-09 18:45:47,9029,4013,29.4
2026-06-09 18:45:50,9032,4014,106
2026-06-09 18:45:53,9035,4015,55.0
2026-06-09 18:45:57,9039,4016,60.1
2026-06-09 18:46:00,9042,4017,14.3
2026-06-09 18:46:03,9045,4018,27.6
2026-06-09 18:46:06,9048,4019,62.0
2026-06-09 18:46:09,9051,4020,243
2026-06-09 18:46:12,9054,4021,80.0
2026-06-09 18:46:15,9057,4022,94.8
2026-06-09 18:46:18,9060,4023,56.2
2026-06-09 18:46:21,9063,4024,83.8
2026-06-09 18:46:24,9066,4025,47.1
2026-06-09 18:46:27,9069,4026,29.4
2026-06-09 18:46:30,9072,4027,79.7
2026-06-09 18:46:33,9075,4028,78.7
2026-06-09 18:46:36,9078,4029,156
2026-06-09 18:46:39,9081,4030,59.6
2026-06-09 18:46:42,9084,4031,39.0
2026-06-09 18:46:45,9087,4032,43.5
2026-06-09 18:46:48,9090,4033,162
2026-06-09 18:46:51,9093,4034,25.5
2026-06-09 18:46:54,9096,4035,98.6
2026-06-09 18:46:58,9100,4036,150
2026-06-09 18:47:01,9103,4037,33.6
2026-06-09 18:47:04,9106,4038,95.0
2026-06-09 18:47:08,9110,4039,94.9
2026-06-09 18:47:11,9113,4040,125
2026-06-09 18:47:14,9116,4041,213
2026-06-09 18:47:17,9119,4042,235
2026-06-09 18:47:20,9122,4043,22.1
2026-06-09 18:47:23,9125,4044,96.8
2026-06-09 18:47:27,9129,4045,128
2026-06-09 18:47:30,9132,4046,238
2026-06-09 18:47:33,9135,4047,81.0
2026-06-09 18:47:37,9139,4048,20.3
2026-06-09 18:47:40,9142,4049,162
2026-06-09 18:47:43,9145,4050,45.2
2026-06-09 18:47:46,9148,4051,30.3
2026-06-09 18:47:49,9151,4052,124
2026-06-09 18:47:52,9154,4053,257
2026-06-09 18:47:55,9157,4054,125
2026-06-09 18:47:59,9161,4055,95.0
2026-06-09 18:48:02,9164,4056,110
2026-06-09 18:48:05,9167,4057,52.1
2026-06-09 18:48:08,9170,4058,170
2026-06-09 18:48:11,9173,4059,18.8
2026-06-09 18:48:14,9176,4060,155
2026-06-09 18:48:17,9179,4061,101
2026-06-09 18:48:20,9182,4062,137
2026-06-09 18:48:23,9185,4063,79.6
2026-06-09 18:48:26,9188,4064,29.5
2026-06-09 18:48:29,9191,4065,60.0
2026-06-09 18:48:32,9194,4066,102
2026-06-09 18:48:35,9197,4067,20.4
2026-06-09 18:48:38,9200,4068,24.6
2026-06-09 18:48:41,9203,4069,31.9
2026-06-09 18:48:44,9206,4070,89.6
2026-06-09 18:48:47,9209,4071,29.2
2026-06-09 18:48:51,9213,4072,186
2026-06-09 18:48:54,9216,4073,178
2026-06-09 18:48:57,9219,4074,23.7
2026-06-09 18:49:00,9222,4075,67.3
2026-06-09 18:49:03,9225,4076,91.1
2026-06-09 18:49:07,9229,4077,114
2026-06-09 18:49:10,9232,4078,107
2026-06-09 18:49:13,9235,4079,178
2026-06-09 18:49:16,9238,4080,118
2026-06-09 18:49:19,9241,4081,80.6
2026-06-09 18:49:21,9243,4082,28.5
2026-06-09 18:49:25,9247,4083,93.0
2026-06-09 18:49:28,9250,4084,106
2026-06-09 18:49:31,9253,4085,25.3
2026-06-09 18:49:34,9256,4086,151
2026-06-09 18:49:37,9259,4087,28.3
2026-06-09 18:49:41,9263,4088,316
2026-06-09 18:49:44,9266,4089,33.5
2026-06-09 18:49:47,9269,4090,114
2026-06-09 18:49:50,9272,4091,26.6
2026-06-09 18:49:53,9275,4092,108
2026-06-09 18:49:56,9278,4093,113
2026-06-09 18:49:59,9281,4094,72.7
2026-06-09 18:50:02,9284,4095,16.6
2026-06-09 18:50:04,9286,4096,137
2026-06-09 18:50:07,9289,4097,151
2026-06-09 18:50:10,9292,4098,121
2026-06-09 18:50:14,9296,4099,52.6
2026-06-09 18:50:17,9299,4100,93.0
2026-06-09 18:50:20,9302,4101,19.7
2026-06-09 18:50:23,9305,4102,29.9
2026-06-09 18:50:26,9308,4103,104
2026-06-09 18:50:29,9311,4104,172
2026-06-09 18:50:32,9314,4105,33.6
2026-06-09 18:50:35,9317,4106,398
2026-06-09 18:50:37,9319,4107,158
2026-06-09 18:50:39,9321,4108,84.5
2026-06-09 18:50:41,9323,4109,52.9
2026-06-09 18:50:43,9325,4110,45.4
2026-06-09 18:50:45,9327,4111,40.6
2026-06-09 18:50:48,9330,4112,76.3
2026-06-09 18:50:51,9333,4113,72.3
2026-06-09 18:50:54,9336,4114,312
2026-06-09 18:50:57,9339,4115,54.3
2026-06-09 18:51:00,9342,4116,109
2026-06-09 18:51:03,9345,4117,120
2026-06-09 18:51:06,9348,4118,147
2026-06-09 18:51:09,9351,4119,25.3
2026-06-09 18:51:12,9354,4120,130
2026-06-09 18:51:15,9357,4121,97.9
2026-06-09 18:51:18,9360,4122,134
2026-06-09 18:51:21,9363,4123,94.8
2026-06-09 18:51:24,9366,4124,137
2026-06-09 18:51:27,9369,4125,47.4
2026-06-09 18:51:30,9372,4126,213
2026-06-09 18:51:33,9375,4127,30.8
2026-06-09 18:51:36,9378,4128,105
2026-06-09 18:51:39,9381,4129,57.8
2026-06-09 18:51:42,9384,4130,28.2
2026-06-09 18:51:45,9387,4131,23.6
2026-06-09 18:51:48,9390,4132,103
2026-06-09 18:51:51,9393,4133,108
2026-06-09 18:51:54,9396,4134,136
2026-06-09 18:51:57,9399,4135,23.0
2026-06-09 18:52:00,9402,4136,84.1
2026-06-09 18:52:03,9405,4137,35.9
2026-06-09 18:52:06,9408,4138,150
2026-06-09 18:52:10,9412,4139,29.8
2026-06-09 18:52:13,9415,4140,123
2026-06-09 18:52:16,9418,4141,148
2026-06-09 18:52:19,9421,4142,91.7
2026-06-09 18:52:22,9424,4143,139
2026-06-09 18:52:25,9427,4144,45.2
2026-06-09 18:52:28,9430,4145,135
2026-06-09 18:52:31,9433,4146,168
2026-06-09 18:52:34,9436,4147,228
2026-06-09 18:52:37,9439,4148,72.6
2026-06-09 18:52:40,9442,4149,150
2026-06-09 18:52:43,9445,4150,211
2026-06-09 18:52:46,9448,4151,70.5
2026-06-09 18:52:49,9451,4152,46.6
2026-06-09 18:52:52,9454,4153,44.3
2026-06-09 18:52:55,9457,4154,45.0
2026-06-09 18:52:57,9459,4155,53.9
2026-06-09 18:53:00,9462,4156,112
2026-06-09 18:53:03,9465,4157,48.1
2026-06-09 18:53:06,9468,4158,224
2026-06-09 18:53:09,9471,4159,93.4
2026-06-09 18:53:12,9474,4160,339
2026-06-09 18:53:16,9478,4161,54.0
2026-06-09 18:53:18,9480,4162,89.1
2026-06-09 18:53:21,9483,4163,108
2026-06-09 18:53:25,9487,4164,90.8
2026-06-09 18:53:28,9490,4165,136
2026-06-09 18:53:31,9493,4166,81.4
2026-06-09 18:53:34,9496,4167,29.3
2026-06-09 18:53:37,9499,4168,90.2
2026-06-09 18:53:40,9502,4169,29.3
2026-06-09 18:53:43,9505,4170,76.0
2026-06-09 18:53:46,9508,4171,171
2026-06-09 18:53:49,9511,4172,108
2026-06-09 18:53:52,9514,4173,184
2026-06-09 18:53:55,9517,4174,106
2026-06-09 18:53:58,9520,4175,113
2026-06-09 18:54:01,9523,4176,210
2026-06-09 18:54:04,9526,4177,39.3
2026-06-09 18:54:07,9529,4178,280
2026-06-09 18:54:10,9532,4179,99.2
2026-06-09 18:54:13,9535,4180,52.1
2026-06-09 18:54:16,9538,4181,66.7
2026-06-09 18:54:19,9541,4182,55.2
2026-06-09 18:54:22,9544,4183,112
2026-06-09 18:54:25,9547,4184,84.6
2026-06-09 18:54:28,9550,4185,45.0
2026-06-09 18:54:31,9553,4186,371
2026-06-09 18:54:34,9556,4187,57.8
2026-06-09 18:54:37,9559,4188,127
2026-06-09 18:54:40,9562,4189,22.4
2026-06-09 18:54:43,9565,4190,250
2026-06-09 18:54:46,9568,4191,184
2026-06-09 18:54:49,9571,4192,90.4
2026-06-09 18:54:52,9574,4193,86.0
2026-06-09 18:54:55,9577,4194,24.1
2026-06-09 18:54:59,9581,4195,157
2026-06-09 18:55:02,9584,4196,170
2026-06-09 18:55:05,9587,4197,115
2026-06-09 18:55:08,9590,4198,140
2026-06-09 18:55:11,9593,4199,67.8
2026-06-09 18:55:15,9597,4200,105
2026-06-09 18:55:18,9600,4201,111
2026-06-09 18:55:21,9603,4202,63.8
2026-06-09 18:55:24,9606,4203,28.5
2026-06-09 18:55:27,9609,4204,126
2026-06-09 18:55:30,9612,4205,32.4
2026-06-09 18:55:33,9615,4206,77.1
2026-06-09 18:55:36,9618,4207,55.5
2026-06-09 18:55:39,9621,4208,90.7
2026-06-09 18:55:42,9624,4209,72.7
2026-06-09 18:55:45,9627,4210,56.3
2026-06-09 18:55:48,9630,4211,20.5
2026-06-09 18:55:51,9633,4212,104
2026-06-09 18:55:54,9636,4213,25.1
2026-06-09 18:55:57,9639,4214,24.4
2026-06-09 18:56:01,9643,4215,119
2026-06-09 18:56:04,9646,4216,44.3
2026-06-09 18:56:07,9649,4217,120
2026-06-09 18:56:10,9652,4218,92.8
2026-06-09 18:56:13,9655,4219,36.2
2026-06-09 18:56:16,9658,4220,146
2026-06-09 18:56:19,9661,4221,107
2026-06-09 18:56:22,9664,4222,140
2026-06-09 18:56:25,9667,4223,36.4
2026-06-09 18:56:29,9671,4224,134
2026-06-09 18:56:32,9674,4225,142
2026-06-09 18:56:35,9677,4226,153
2026-06-09 18:56:38,9680,4227,79.9
2026-06-09 18:56:41,9683,4228,58.5
2026-06-09 18:56:44,9686,4229,142
2026-06-09 18:56:47,9689,4230,86.4
2026-06-09 18:56:50,9692,4231,63.8
2026-06-09 18:56:52,9694,4232,48.3
2026-06-09 18:56:55,9697,4233,113
2026-06-09 18:56:58,9700,4234,200
2026-06-09 18:57:01,9703,4235,96.8
2026-06-09 18:57:04,9706,4236,30.0
2026-06-09 18:57:07,9709,4237,40.4
2026-06-09 18:57:10,9712,4238,231
2026-06-09 18:57:13,9715,4239,34.8
2026-06-09 18:57:17,9719,4240,81.7
2026-06-09 18:57:20,9722,4241,36.0
2026-06-09 18:57:23,9725,4242,53.4
2026-06-09 18:57:25,9727,4243,38.0
2026-06-09 18:57:28,9730,4244,21.4
2026-06-09 18:57:31,9733,4245,37.1
2026-06-09 18:57:34,9736,4246,39.4
2026-06-09 18:57:37,9739,4247,255
2026-06-09 18:57:40,9742,4248,28.2
2026-06-09 18:57:43,9745,4249,82.6
2026-06-09 18:57:46,9748,4250,45.1
2026-06-09 18:57:50,9752,4251,126
2026-06-09 18:57:53,9755,4252,50.0
2026-06-09 18:57:56,9758,4253,21.8
2026-06-09 18:57:58,9760,4254,76.3
2026-06-09 18:58:01,9763,4255,249
2026-06-09 18:58:05,9767,4256,21.0
2026-06-09 18:58:08,9770,4257,228
2026-06-09 18:58:11,9773,4258,117
2026-06-09 18:58:14,9776,4259,129
2026-06-09 18:58:17,9779,4260,145
2026-06-09 18:58:20,9782,4261,159
2026-06-09 18:58:23,9785,4262,69.7
2026-06-09 18:58:26,9788,4263,59.2
2026-06-09 18:58:29,9791,4264,15.8
2026-06-09 18:58:32,9794,4265,83.3
2026-06-09 18:58:35,9797,4266,70.4
2026-06-09 18:58:39,9801,4267,44.4
2026-06-09 18:58:42,9804,4268,145
2026-06-09 18:58:45,9807,4269,195
2026-06-09 18:58:48,9810,4270,45.8
2026-06-09 18:58:51,9813,4271,171
2026-06-09 18:58:54,9816,4272,37.8
2026-06-09 18:58:57,9819,4273,29.3
2026-06-09 18:59:00,9822,4274,165
2026-06-09 18:59:03,9825,4275,175
2026-06-09 18:59:06,9828,4276,30.2
2026-06-09 18:59:09,9831,4277,33.6
2026-06-09 18:59:13,9835,4278,75.2
2026-06-09 18:59:16,9838,4279,267
2026-06-09 18:59:19,9841,4280,19.8
2026-06-09 18:59:22,9844,4281,28.5
2026-06-09 18:59:25,9847,4282,26.8
2026-06-09 18:59:28,9850,4283,115
2026-06-09 18:59:31,9853,4284,55.5
2026-06-09 18:59:33,9855,4285,50.4
2026-06-09 18:59:36,9858,4286,26.6
2026-06-09 18:59:38,9860,4287,168
2026-06-09 18:59:41,9863,4288,139
2026-06-09 18:59:43,9865,4289,75.7
2026-06-09 18:59:45,9867,4290,70.5
2026-06-09 18:59:47,9869,4291,294
2026-06-09 18:59:49,9871,4292,245
2026-06-09 18:59:52,9874,4293,132
2026-06-09 18:59:55,9877,4294,95.1
2026-06-09 18:59:58,9880,4295,150
2026-06-09 19:00:01,9883,4296,25.6
2026-06-09 19:00:04,9886,4297,101
2026-06-09 19:00:07,9889,4298,112
2026-06-09 19:00:10,9892,4299,47.8
2026-06-09 19:00:13,9895,4300,45.4
2026-06-09 19:00:16,9898,4301,100
2026-06-09 19:00:19,9901,4302,31.8
2026-06-09 19:00:22,9904,4303,125
2026-06-09 19:00:25,9907,4304,78.1
2026-06-09 19:00:28,9910,4305,99.9
2026-06-09 19:00:31,9913,4306,118
2026-06-09 19:00:34,9916,4307,99.8
2026-06-09 19:00:37,9919,4308,28.9
2026-06-09 19:00:41,9923,4309,85.5
2026-06-09 19:00:44,9926,4310,60.9
2026-06-09 19:00:47,9929,4311,81.4
2026-06-09 19:00:50,9932,4312,49.3
2026-06-09 19:00:53,9935,4313,135
2026-06-09 19:00:56,9938,4314,236
2026-06-09 19:00:59,9941,4315,94.0
2026-06-09 19:01:02,9944,4316,49.0
2026-06-09 19:01:05,9947,4317,23.3
2026-06-09 19:01:08,9950,4318,228
2026-06-09 19:01:11,9953,4319,215
2026-06-09 19:01:14,9956,4320,157
2026-06-09 19:01:17,9959,4321,42.3
2026-06-09 19:01:20,9962,4322,128
2026-06-09 19:01:23,9965,4323,80.1
2026-06-09 19:01:26,9968,4324,121
2026-06-09 19:01:29,9971,4325,114
2026-06-09 19:01:33,9975,4326,251
2026-06-09 19:01:36,9978,4327,24.9
2026-06-09 19:01:39,9981,4328,28.9
2026-06-09 19:01:42,9984,4329,113
2026-06-09 19:01:45,9987,4330,78.0
2026-06-09 19:01:48,9990,4331,200
2026-06-09 19:01:52,9994,4332,75.4
2026-06-09 19:01:55,9997,4333,110
2026-06-09 19:01:58,10000,4334,88.0
2026-06-09 19:02:01,10003,4335,57.5
2026-06-09 19:02:04,10006,4336,133
2026-06-09 19:02:07,10009,4337,224
2026-06-09 19:02:11,10013,4338,38.3
2026-06-09 19:02:14,10016,4339,16.7
2026-06-09 19:02:17,10019,4340,134
2026-06-09 19:02:20,10022,4341,287
2026-06-09 19:02:23,10025,4342,118
2026-06-09 19:02:26,10028,4343,101
2026-06-09 19:02:29,10031,4344,29.3
2026-06-09 19:02:32,10034,4345,29.4
2026-06-09 19:02:35,10037,4346,145
2026-06-09 19:02:38,10040,4347,40.6
2026-06-09 19:02:41,10043,4348,86.3
2026-06-09 19:02:45,10047,4349,61.3
2026-06-09 19:02:48,10050,4350,55.5
2026-06-09 19:02:51,10053,4351,46.4
2026-06-09 19:02:54,10056,4352,34.7
2026-06-09 19:02:58,10060,4353,138
2026-06-09 19:03:00,10062,4354,31.7
2026-06-09 19:03:04,10066,4355,25.3
2026-06-09 19:03:07,10069,4356,117
2026-06-09 19:03:10,10072,4357,229
2026-06-09 19:03:13,10075,4358,107
2026-06-09 19:03:16,10078,4359,41.3
2026-06-09 19:03:20,10082,4360,69.1
2026-06-09 19:03:23,10085,4361,39.3
2026-06-09 19:03:26,10088,4362,88.9
2026-06-09 19:03:29,10091,4363,227
2026-06-09 19:03:32,10094,4364,276
2026-06-09 19:03:35,10097,4365,49.1
2026-06-09 19:03:38,10100,4366,94.9
2026-06-09 19:03:41,10103,4367,55.7
2026-06-09 19:03:44,10106,4368,248
2026-06-09 19:03:48,10110,4369,122
2026-06-09 19:03:51,10113,4370,193
2026-06-09 19:03:54,10116,4371,26.6
2026-06-09 19:03:57,10119,4372,137
2026-06-09 19:04:00,10122,4373,175
2026-06-09 19:04:03,10125,4374,37.7
2026-06-09 19:04:06,10128,4375,90.0
2026-06-09 19:04:09,10131,4376,19.0
2026-06-09 19:04:12,10134,4377,34.2
2026-06-09 19:04:15,10137,4378,83.0
2026-06-09 19:04:18,10140,4379,32.8
2026-06-09 19:04:21,10143,4380,28.6
2026-06-09 19:04:24,10146,4381,145
2026-06-09 19:04:27,10149,4382,48.3
2026-06-09 19:04:30,10152,4383,118
2026-06-09 19:04:33,10155,4384,231
2026-06-09 19:04:35,10157,4385,119
2026-06-09 19:04:39,10161,4386,18.2
2026-06-09 19:04:42,10164,4387,106
2026-06-09 19:04:45,10167,4388,91.8
2026-06-09 19:04:48,10170,4389,72.7
2026-06-09 19:04:51,10173,4390,278
2026-06-09 19:04:54,10176,4391,46.9
2026-06-09 19:04:57,10179,4392,60.4
2026-06-09 19:05:00,10182,4393,156
2026-06-09 19:05:03,10185,4394,8.09
2026-06-09 19:05:06,10188,4395,17.1
2026-06-09 19:05:09,10191,4396,144
2026-06-09 19:05:12,10194,4397,79.6
2026-06-09 19:05:15,10197,4398,46.5
2026-06-09 19:05:18,10200,4399,119
2026-06-09 19:05:21,10203,4400,161
2026-06-09 19:05:24,10206,4401,334
2026-06-09 19:05:27,10209,4402,135
2026-06-09 19:05:30,10212,4403,156
2026-06-09 19:05:33,10215,4404,89.0
2026-06-09 19:05:37,10219,4405,73.7
2026-06-09 19:05:40,10222,4406,146
2026-06-09 19:05:43,10225,4407,35.9
2026-06-09 19:05:45,10227,4408,44.9
2026-06-09 19:05:49,10231,4409,190
2026-06-09 19:05:52,10234,4410,218
2026-06-09 19:05:55,10237,4411,41.9
2026-06-09 19:05:58,10240,4412,64.0
2026-06-09 19:06:01,10243,4413,50.5
2026-06-09 19:06:04,10246,4414,100
2026-06-09 19:06:07,10249,4415,21.6
2026-06-09 19:06:10,10252,4416,29.4
2026-06-09 19:06:13,10255,4417,105
2026-06-09 19:06:16,10258,4418,27.7
2026-06-09 19:06:19,10261,4419,224
2026-06-09 19:06:22,10264,4420,69.1
2026-06-09 19:06:26,10268,4421,251
2026-06-09 19:06:29,10271,4422,32.8
2026-06-09 19:06:32,10274,4423,139
2026-06-09 19:06:35,10277,4424,212
2026-06-09 19:06:37,10279,4425,25.4
2026-06-09 19:06:41,10283,4426,190
2026-06-09 19:06:44,10286,4427,96.0
2026-06-09 19:06:47,10289,4428,16.9
2026-06-09 19:06:50,10292,4429,25.2
2026-06-09 19:06:53,10295,4430,25.4
2026-06-09 19:06:56,10298,4431,90.1
2026-06-09 19:06:59,10301,4432,339
2026-06-09 19:07:02,10304,4433,149
2026-06-09 19:07:05,10307,4434,157
2026-06-09 19:07:08,10310,4435,288
2026-06-09 19:07:11,10313,4436,100
2026-06-09 19:07:14,10316,4437,89.3
2026-06-09 19:07:17,10319,4438,49.4
2026-06-09 19:07:20,10322,4439,45.2
2026-06-09 19:07:23,10325,4440,216
2026-06-09 19:07:26,10328,4441,30.0
2026-06-09 19:07:29,10331,4442,32.7
2026-06-09 19:07:32,10334,4443,45.8
2026-06-09 19:07:35,10337,4444,31.4
2026-06-09 19:07:38,10340,4445,73.9
2026-06-09 19:07:41,10343,4446,64.8
2026-06-09 19:07:44,10346,4447,38.2
2026-06-09 19:07:47,10349,4448,16.6
2026-06-09 19:07:51,10353,4449,31.5
2026-06-09 19:07:54,10356,4450,322
2026-06-09 19:07:57,10359,4451,156
2026-06-09 19:08:00,10362,4452,32.6
2026-06-09 19:08:03,10365,4453,45.9
2026-06-09 19:08:06,10368,4454,229
2026-06-09 19:08:09,10371,4455,42.0
2026-06-09 19:08:12,10374,4456,130
2026-06-09 19:08:15,10377,4457,89.1
2026-06-09 19:08:18,10380,4458,139
2026-06-09 19:08:20,10382,4459,105
2026-06-09 19:08:23,10385,4460,15.4
2026-06-09 19:08:26,10388,4461,30.1
2026-06-09 19:08:29,10391,4462,81.5
2026-06-09 19:08:32,10394,4463,52.2
2026-06-09 19:08:35,10397,4464,234
2026-06-09 19:08:37,10399,4465,140
2026-06-09 19:08:39,10401,4466,102
2026-06-09 19:08:41,10403,4467,27.4
2026-06-09 19:08:43,10405,4468,194
2026-06-09 19:08:46,10408,4469,24.7
2026-06-09 19:08:48,10410,4470,142
2026-06-09 19:08:51,10413,4471,49.3
2026-06-09 19:08:54,10416,4472,25.2
2026-06-09 19:08:57,10419,4473,90.8
2026-06-09 19:09:01,10423,4474,149
2026-06-09 19:09:04,10426,4475,192
2026-06-09 19:09:07,10429,4476,132
2026-06-09 19:09:10,10432,4477,31.6
2026-06-09 19:09:13,10435,4478,149
2026-06-09 19:09:16,10438,4479,302
2026-06-09 19:09:19,10441,4480,41.6
2026-06-09 19:09:22,10444,4481,79.3
2026-06-09 19:09:25,10447,4482,82.8
2026-06-09 19:09:28,10450,4483,185
2026-06-09 19:09:31,10453,4484,128
2026-06-09 19:09:34,10456,4485,215
2026-06-09 19:09:37,10459,4486,76.9
2026-06-09 19:09:41,10463,4487,106
2026-06-09 19:09:43,10465,4488,44.1
2026-06-09 19:09:47,10469,4489,172
2026-06-09 19:09:50,10472,4490,234
2026-06-09 19:09:53,10475,4491,52.2
2026-06-09 19:09:56,10478,4492,19.2
2026-06-09 19:09:59,10481,4493,110
2026-06-09 19:10:02,10484,4494,135
2026-06-09 19:10:05,10487,4495,8.55
2026-06-09 19:10:08,10490,4496,73.3
2026-06-09 19:10:11,10493,4497,103
2026-06-09 19:10:14,10496,4498,92.4
2026-06-09 19:10:17,10499,4499,32.3
2026-06-09 19:10:20,10502,4500,74.0
2026-06-09 19:10:24,10506,4501,112
2026-06-09 19:10:27,10509,4502,77.3
2026-06-09 19:10:30,10512,4503,30.1
2026-06-09 19:10:33,10515,4504,43.6
2026-06-09 19:10:36,10518,4505,228
2026-06-09 19:10:39,10521,4506,38.9
2026-06-09 19:10:43,10525,4507,122
2026-06-09 19:10:46,10528,4508,140
2026-06-09 19:10:50,10532,4509,96.1
2026-06-09 19:10:52,10534,4510,21.2
2026-06-09 19:10:55,10537,4511,115
2026-06-09 19:10:59,10541,4512,151
2026-06-09 19:11:02,10544,4513,112
2026-06-09 19:11:05,10547,4514,26.2
2026-06-09 19:11:08,10550,4515,88.1
2026-06-09 19:11:11,10553,4516,103
2026-06-09 19:11:14,10556,4517,63.0
2026-06-09 19:11:17,10559,4518,63.5
2026-06-09 19:11:20,10562,4519,182
2026-06-09 19:11:23,10565,4520,89.2
2026-06-09 19:11:26,10568,4521,25.5
2026-06-09 19:11:29,10571,4522,125
2026-06-09 19:11:32,10574,4523,146
2026-06-09 19:11:35,10577,4524,126
2026-06-09 19:11:38,10580,4525,97.4
2026-06-09 19:11:41,10583,4526,32.9
2026-06-09 19:11:45,10587,4527,68.9
2026-06-09 19:11:47,10589,4528,45.2
2026-06-09 19:11:50,10592,4529,177
2026-06-09 19:11:53,10595,4530,146
2026-06-09 19:11:57,10599,4531,47.4
2026-06-09 19:11:59,10601,4532,24.3
2026-06-09 19:12:02,10604,4533,130
2026-06-09 19:12:06,10608,4534,95.9
2026-06-09 19:12:09,10611,4535,58.7
2026-06-09 19:12:12,10614,4536,168
2026-06-09 19:12:15,10617,4537,74.5
2026-06-09 19:12:18,10620,4538,170
2026-06-09 19:12:21,10623,4539,46.8
2026-06-09 19:12:24,10626,4540,117
2026-06-09 19:12:27,10629,4541,276
2026-06-09 19:12:30,10632,4542,97.2
2026-06-09 19:12:33,10635,4543,92.1
2026-06-09 19:12:36,10638,4544,86.9
2026-06-09 19:12:40,10642,4545,211
2026-06-09 19:12:43,10645,4546,79.0
2026-06-09 19:12:46,10648,4547,171
2026-06-09 19:12:49,10651,4548,20.5
2026-06-09 19:12:52,10654,4549,119
2026-06-09 19:12:55,10657,4550,111
2026-06-09 19:12:58,10660,4551,76.5
2026-06-09 19:13:01,10663,4552,37.2
2026-06-09 19:13:04,10666,4553,39.9
2026-06-09 19:13:07,10669,4554,167
2026-06-09 19:13:10,10672,4555,87.4
2026-06-09 19:13:13,10675,4556,88.6
2026-06-09 19:13:16,10678,4557,255
2026-06-09 19:13:20,10682,4558,38.6
2026-06-09 19:13:23,10685,4559,35.8
2026-06-09 19:13:26,10688,4560,16.8
2026-06-09 19:13:29,10691,4561,56.1
2026-06-09 19:13:32,10694,4562,92.1
2026-06-09 19:13:35,10697,4563,38.4
2026-06-09 19:13:38,10700,4564,297
2026-06-09 19:13:41,10703,4565,25.7
2026-06-09 19:13:44,10706,4566,33.1
2026-06-09 19:13:47,10709,4567,289
2026-06-09 19:13:50,10712,4568,35.7
2026-06-09 19:13:53,10715,4569,107
2026-06-09 19:13:56,10718,4570,143
2026-06-09 19:14:00,10722,4571,54.2
2026-06-09 19:14:03,10725,4572,143
2026-06-09 19:14:06,10728,4573,181
2026-06-09 19:14:09,10731,4574,64.5
2026-06-09 19:14:13,10735,4575,62.8
2026-06-09 19:14:16,10738,4576,50.4
2026-06-09 19:14:19,10741,4577,163
2026-06-09 19:14:22,10744,4578,18.0
2026-06-09 19:14:25,10747,4579,31.8
2026-06-09 19:14:28,10750,4580,124
2026-06-09 19:14:31,10753,4581,31.2
2026-06-09 19:14:35,10757,4582,66.9
2026-06-09 19:14:38,10760,4583,170
2026-06-09 19:14:41,10763,4584,29.5
2026-06-09 19:14:44,10766,4585,276
2026-06-09 19:14:47,10769,4586,36.2
2026-06-09 19:14:50,10772,4587,25.3
2026-06-09 19:14:53,10775,4588,133
2026-06-09 19:14:56,10778,4589,118
2026-06-09 19:15:00,10782,4590,81.9
2026-06-09 19:15:02,10784,4591,154
2026-06-09 19:15:06,10788,4592,39.5
2026-06-09 19:15:09,10791,4593,46.1
2026-06-09 19:15:12,10794,4594,44.1
2026-06-09 19:15:15,10797,4595,144
2026-06-09 19:15:18,10800,4596,37.4
2026-06-09 19:15:21,10803,4597,56.6
2026-06-09 19:15:24,10806,4598,66.4
2026-06-09 19:15:27,10809,4599,62.3
2026-06-09 19:15:30,10812,4600,64.7
2026-06-09 19:15:33,10815,4601,158
2026-06-09 19:15:36,10818,4602,21.2
2026-06-09 19:15:40,10822,4603,76.3
2026-06-09 19:15:43,10825,4604,129
2026-06-09 19:15:46,10828,4605,168
2026-06-09 19:15:49,10831,4606,54.9
2026-06-09 19:15:52,10834,4607,93.5
2026-06-09 19:15:55,10837,4608,84.1
2026-06-09 19:15:58,10840,4609,103
2026-06-09 19:16:02,10844,4610,95.9
2026-06-09 19:16:04,10846,4611,165
2026-06-09 19:16:08,10850,4612,85.3
2026-06-09 19:16:11,10853,4613,181
2026-06-09 19:16:14,10856,4614,155
2026-06-09 19:16:17,10859,4615,59.7
2026-06-09 19:16:20,10862,4616,44.0
2026-06-09 19:16:23,10865,4617,57.9
2026-06-09 19:16:26,10868,4618,70.2
2026-06-09 19:16:29,10871,4619,115
2026-06-09 19:16:32,10874,4620,42.1
2026-06-09 19:16:35,10877,4621,25.7
2026-06-09 19:16:38,10880,4622,66.7
2026-06-09 19:16:41,10883,4623,50.7
2026-06-09 19:16:44,10886,4624,306
2026-06-09 19:16:48,10890,4625,209
2026-06-09 19:16:51,10893,4626,98.2
2026-06-09 19:16:54,10896,4627,25.8
2026-06-09 19:16:57,10899,4628,187
2026-06-09 19:17:00,10902,4629,56.4
2026-06-09 19:17:03,10905,4630,34.5
2026-06-09 19:17:06,10908,4631,117
2026-06-09 19:17:09,10911,4632,92.5
2026-06-09 19:17:12,10914,4633,33.0
2026-06-09 19:17:15,10917,4634,82.1
2026-06-09 19:17:18,10920,4635,31.4
2026-06-09 19:17:22,10924,4636,350
2026-06-09 19:17:25,10927,4637,80.5
2026-06-09 19:17:28,10930,4638,77.9
2026-06-09 19:17:31,10933,4639,29.5
2026-06-09 19:17:34,10936,4640,107
2026-06-09 19:17:37,10939,4641,39.9
2026-06-09 19:17:39,10941,4642,39.8
2026-06-09 19:17:42,10944,4643,116
2026-06-09 19:17:44,10946,4644,234
2026-06-09 19:17:46,10948,4645,200
2026-06-09 19:17:49,10951,4646,291
2026-06-09 19:17:51,10953,4647,187
2026-06-09 19:17:53,10955,4648,198
2026-06-09 19:17:55,10957,4649,28.7
2026-06-09 19:17:58,10960,4650,32.5
2026-06-09 19:18:01,10963,4651,71.7
2026-06-09 19:18:04,10966,4652,44.2
2026-06-09 19:18:07,10969,4653,179
2026-06-09 19:18:10,10972,4654,70.2
2026-06-09 19:18:14,10976,4655,117
2026-06-09 19:18:17,10979,4656,27.9
2026-06-09 19:18:20,10982,4657,70.5
2026-06-09 19:18:23,10985,4658,163
2026-06-09 19:18:27,10989,4659,54.3
2026-06-09 19:18:30,10992,4660,106
2026-06-09 19:18:33,10995,4661,55.8
2026-06-09 19:18:36,10998,4662,135
2026-06-09 19:18:39,11001,4663,93.6
2026-06-09 19:18:42,11004,4664,25.2
2026-06-09 19:18:45,11007,4665,197
2026-06-09 19:18:48,11010,4666,151
2026-06-09 19:18:51,11013,4667,25.2
2026-06-09 19:18:54,11016,4668,52.8
2026-06-09 19:18:57,11019,4669,178
2026-06-09 19:19:00,11022,4670,188
2026-06-09 19:19:03,11025,4671,39.3
2026-06-09 19:19:07,11028,4672,208
2026-06-09 19:19:10,11032,4673,276
2026-06-09 19:19:13,11035,4674,110
2026-06-09 19:19:16,11038,4675,158
2026-06-09 19:19:19,11041,4676,108
2026-06-09 19:19:23,11045,4677,33.7
2026-06-09 19:19:26,11048,4678,95.8
2026-06-09 19:19:29,11051,4679,57.9
2026-06-09 19:19:32,11054,4680,45.6
2026-06-09 19:19:35,11057,4681,222
2026-06-09 19:19:39,11061,4682,210
2026-06-09 19:19:42,11064,4683,129
2026-06-09 19:19:45,11067,4684,25.7
2026-06-09 19:19:48,11070,4685,150
2026-06-09 19:19:52,11074,4686,28.0
2026-06-09 19:19:55,11077,4687,51.6
2026-06-09 19:19:58,11080,4688,28.8
2026-06-09 19:20:01,11083,4689,124
2026-06-09 19:20:04,11086,4690,132
2026-06-09 19:20:07,11089,4691,119
2026-06-09 19:20:11,11093,4692,70.3
2026-06-09 19:20:14,11096,4693,29.4
2026-06-09 19:20:17,11099,4694,47.8
2026-06-09 19:20:20,11102,4695,65.4
2026-06-09 19:20:23,11105,4696,75.8
2026-06-09 19:20:26,11108,4697,239
2026-06-09 19:20:29,11111,4698,163
2026-06-09 19:20:33,11115,4699,41.7
2026-06-09 19:20:36,11118,4700,70.3
2026-06-09 19:20:39,11121,4701,72.3
2026-06-09 19:20:42,11124,4702,46.9
2026-06-09 19:20:45,11127,4703,8.15
2026-06-09 19:20:48,11130,4704,136
2026-06-09 19:20:51,11133,4705,117
2026-06-09 19:20:54,11136,4706,87.3
2026-06-09 19:20:57,11139,4707,113
2026-06-09 19:21:00,11142,4708,172
2026-06-09 19:21:03,11145,4709,109
2026-06-09 19:21:07,11149,4710,49.4
2026-06-09 19:21:10,11152,4711,69.8
2026-06-09 19:21:13,11155,4712,66.6
2026-06-09 19:21:16,11158,4713,114
2026-06-09 19:21:19,11161,4714,87.8
2026-06-09 19:21:22,11164,4715,90.9
2026-06-09 19:21:24,11166,4716,27.6
2026-06-09 19:21:28,11170,4717,121
2026-06-09 19:21:31,11173,4718,23.9
2026-06-09 19:21:34,11176,4719,104
2026-06-09 19:21:38,11180,4720,19.6
2026-06-09 19:21:41,11183,4721,36.5
2026-06-09 19:21:44,11186,4722,152
2026-06-09 19:21:47,11189,4723,58.7
2026-06-09 19:21:50,11192,4724,44.3
2026-06-09 19:21:53,11195,4725,113
2026-06-09 19:21:56,11198,4726,75.7
2026-06-09 19:21:59,11201,4727,126
2026-06-09 19:22:02,11204,4728,181
2026-06-09 19:22:05,11207,4729,90.7
2026-06-09 19:22:08,11210,4730,58.8
2026-06-09 19:22:11,11213,4731,52.8
2026-06-09 19:22:14,11216,4732,59.2
2026-06-09 19:22:17,11219,4733,133
2026-06-09 19:22:20,11222,4734,191
2026-06-09 19:22:24,11226,4735,243
2026-06-09 19:22:27,11229,4736,114
2026-06-09 19:22:30,11232,4737,119
2026-06-09 19:22:33,11235,4738,104
2026-06-09 19:22:36,11238,4739,43.6
2026-06-09 19:22:39,11241,4740,116
2026-06-09 19:22:42,11244,4741,59.3
2026-06-09 19:22:45,11247,4742,85.8
2026-06-09 19:22:48,11250,4743,156
2026-06-09 19:22:51,11253,4744,6.81
2026-06-09 19:22:54,11256,4745,88.6
2026-06-09 19:22:57,11259,4746,116
2026-06-09 19:23:00,11262,4747,29.5
2026-06-09 19:23:03,11265,4748,113
2026-06-09 19:23:06,11268,4749,115
2026-06-09 19:23:10,11272,4750,24.2
2026-06-09 19:23:13,11275,4751,121
2026-06-09 19:23:16,11278,4752,33.3
2026-06-09 19:23:19,11281,4753,44.0
2026-06-09 19:23:22,11284,4754,40.4
2026-06-09 19:23:25,11287,4755,114
2026-06-09 19:23:29,11291,4756,108
2026-06-09 19:23:32,11294,4757,115
2026-06-09 19:23:35,11297,4758,129
2026-06-09 19:23:38,11300,4759,19.1
2026-06-09 19:23:41,11303,4760,32.7
2026-06-09 19:23:44,11306,4761,31.1
2026-06-09 19:23:46,11308,4762,216
2026-06-09 19:23:49,11311,4763,91.1
2026-06-09 19:23:51,11313,4764,47.6
2026-06-09 19:23:53,11315,4765,34.2
2026-06-09 19:23:55,11317,4766,215
2026-06-09 19:23:58,11320,4767,65.5
2026-06-09 19:24:00,11322,4768,381
2026-06-09 19:24:03,11325,4769,50.6
2026-06-09 19:24:06,11328,4770,150
2026-06-09 19:24:10,11332,4771,67.9
2026-06-09 19:24:13,11335,4772,15.2
2026-06-09 19:24:16,11338,4773,44.7
2026-06-09 19:24:19,11341,4774,92.3
2026-06-09 19:24:22,11344,4775,66.3
2026-06-09 19:24:25,11347,4776,217
2026-06-09 19:24:28,11350,4777,37.4
2026-06-09 19:24:31,11353,4778,102
2026-06-09 19:24:34,11356,4779,35.2
2026-06-09 19:24:37,11359,4780,49.5
2026-06-09 19:24:40,11362,4781,168
2026-06-09 19:24:44,11366,4782,253
2026-06-09 19:24:47,11369,4783,305
2026-06-09 19:24:50,11372,4784,57.9
2026-06-09 19:24:53,11375,4785,183
2026-06-09 19:24:56,11378,4786,127
2026-06-09 19:24:59,11381,4787,83.1
2026-06-09 19:25:03,11385,4788,22.2
2026-06-09 19:25:06,11388,4789,26.8
2026-06-09 19:25:09,11391,4790,16.2
2026-06-09 19:25:12,11394,4791,41.8
2026-06-09 19:25:14,11396,4792,91.3
2026-06-09 19:25:18,11400,4793,101
2026-06-09 19:25:21,11403,4794,47.0
2026-06-09 19:25:24,11406,4795,33.3
2026-06-09 19:25:27,11409,4796,88.6
2026-06-09 19:25:30,11412,4797,178
2026-06-09 19:25:33,11415,4798,21.6
2026-06-09 19:25:36,11418,4799,75.5
2026-06-09 19:25:39,11421,4800,148
2026-06-09 19:25:42,11424,4801,43.5
2026-06-09 19:25:45,11427,4802,70.0
2026-06-09 19:25:49,11431,4803,36.1
2026-06-09 19:25:52,11434,4804,18.4
2026-06-09 19:25:55,11437,4805,33.6
2026-06-09 19:25:58,11440,4806,176
2026-06-09 19:26:01,11443,4807,104
2026-06-09 19:26:04,11446,4808,235
2026-06-09 19:26:07,11449,4809,31.1
2026-06-09 19:26:09,11451,4810,162
2026-06-09 19:26:13,11455,4811,67.1
2026-06-09 19:26:16,11458,4812,61.8
2026-06-09 19:26:19,11461,4813,149
2026-06-09 19:26:22,11464,4814,43.3
2026-06-09 19:26:25,11467,4815,10.3
2026-06-09 19:26:28,11470,4816,49.8
2026-06-09 19:26:31,11473,4817,25.5
2026-06-09 19:26:34,11476,4818,88.2
2026-06-09 19:26:38,11480,4819,13.7
2026-06-09 19:26:41,11483,4820,38.2
2026-06-09 19:26:44,11486,4821,85.6
2026-06-09 19:26:47,11489,4822,113
2026-06-09 19:26:50,11492,4823,195
2026-06-09 19:26:53,11495,4824,68.4
2026-06-09 19:26:56,11498,4825,72.3
2026-06-09 19:26:59,11501,4826,282
2026-06-09 19:27:03,11505,4827,50.6
2026-06-09 19:27:06,11508,4828,77.8
2026-06-09 19:27:09,11511,4829,135
2026-06-09 19:27:12,11514,4830,32.3
2026-06-09 19:27:15,11517,4831,29.6
2026-06-09 19:27:18,11520,4832,137
2026-06-09 19:27:21,11523,4833,61.0
2026-06-09 19:27:24,11526,4834,92.7
2026-06-09 19:27:28,11530,4835,46.3
2026-06-09 19:27:31,11533,4836,24.3
2026-06-09 19:27:34,11536,4837,55.9
2026-06-09 19:27:38,11540,4838,98.0
2026-06-09 19:27:41,11543,4839,34.5
2026-06-09 19:27:44,11546,4840,67.0
2026-06-09 19:27:47,11549,4841,48.8
2026-06-09 19:27:50,11552,4842,57.8
2026-06-09 19:27:53,11555,4843,105
2026-06-09 19:27:56,11558,4844,185
2026-06-09 19:27:59,11561,4845,44.0
2026-06-09 19:28:02,11564,4846,67.6
2026-06-09 19:28:05,11567,4847,217
2026-06-09 19:28:08,11570,4848,126
2026-06-09 19:28:11,11573,4849,229
2026-06-09 19:28:15,11577,4850,120
2026-06-09 19:28:17,11579,4851,168
2026-06-09 19:28:20,11582,4852,40.4
2026-06-09 19:28:23,11585,4853,40.6
2026-06-09 19:28:26,11588,4854,254
2026-06-09 19:28:30,11592,4855,61.0
2026-06-09 19:28:33,11595,4856,142
2026-06-09 19:28:36,11598,4857,82.8
2026-06-09 19:28:39,11601,4858,129
2026-06-09 19:28:42,11604,4859,162
2026-06-09 19:28:45,11607,4860,75.5
2026-06-09 19:28:48,11610,4861,184
2026-06-09 19:28:51,11613,4862,294
2026-06-09 19:28:54,11616,4863,168
2026-06-09 19:28:58,11620,4864,64.1
2026-06-09 19:29:01,11623,4865,189
2026-06-09 19:29:04,11626,4866,32.2
2026-06-09 19:29:07,11629,4867,24.3
2026-06-09 19:29:10,11632,4868,74.2
2026-06-09 19:29:13,11635,4869,131
2026-06-09 19:29:16,11638,4870,128
2026-06-09 19:29:19,11641,4871,129
2026-06-09 19:29:22,11644,4872,102
2026-06-09 19:29:25,11647,4873,20.2
2026-06-09 19:29:28,11650,4874,42.4
2026-06-09 19:29:31,11653,4875,26.5
2026-06-09 19:29:34,11656,4876,104
2026-06-09 19:29:37,11659,4877,55.3
2026-06-09 19:29:40,11662,4878,18.4
2026-06-09 19:29:43,11665,4879,54.7
2026-06-09 19:29:46,11668,4880,162
2026-06-09 19:29:49,11671,4881,29.8
2026-06-09 19:29:51,11673,4882,234
2026-06-09 19:29:54,11676,4883,58.1
2026-06-09 19:29:56,11678,4884,77.1
2026-06-09 19:29:59,11680,4885,61.0
2026-06-09 19:30:01,11683,4886,95.0
2026-06-09 19:30:03,11685,4887,124
2026-06-09 19:30:05,11687,4888,26.9
2026-06-09 19:30:07,11689,4889,170
2026-06-09 19:30:10,11692,4890,136
2026-06-09 19:30:13,11695,4891,36.5
2026-06-09 19:30:16,11698,4892,375
2026-06-09 19:30:19,11701,4893,45.2
2026-06-09 19:30:22,11704,4894,39.4
2026-06-09 19:30:25,11707,4895,237
2026-06-09 19:30:28,11710,4896,125
2026-06-09 19:30:31,11713,4897,24.3
2026-06-09 19:30:34,11716,4898,257
2026-06-09 19:30:38,11720,4899,218
2026-06-09 19:30:41,11723,4900,91.4
2026-06-09 19:30:44,11726,4901,38.2
2026-06-09 19:30:46,11728,4902,31.2
2026-06-09 19:30:50,11732,4903,80.1
2026-06-09 19:30:53,11735,4904,87.2
2026-06-09 19:30:56,11738,4905,125
2026-06-09 19:30:59,11741,4906,141
2026-06-09 19:31:02,11744,4907,51.6
2026-06-09 19:31:06,11748,4908,31.6
2026-06-09 19:31:09,11751,4909,57.7
2026-06-09 19:31:12,11754,4910,143
2026-06-09 19:31:15,11757,4911,81.0
2026-06-09 19:31:18,11760,4912,32.0
2026-06-09 19:31:21,11763,4913,32.1
2026-06-09 19:31:25,11767,4914,91.8
2026-06-09 19:31:28,11770,4915,48.0
2026-06-09 19:31:31,11773,4916,47.8
2026-06-09 19:31:34,11776,4917,47.4
2026-06-09 19:31:38,11780,4918,159
2026-06-09 19:31:41,11783,4919,20.3
2026-06-09 19:31:44,11786,4920,134
2026-06-09 19:31:47,11789,4921,63.6
2026-06-09 19:31:50,11792,4922,90.6
2026-06-09 19:31:53,11795,4923,28.9
2026-06-09 19:31:56,11798,4924,30.3
2026-06-09 19:31:59,11801,4925,103
2026-06-09 19:32:02,11804,4926,42.4
2026-06-09 19:32:05,11807,4927,42.3
2026-06-09 19:32:08,11810,4928,47.7
2026-06-09 19:32:12,11814,4929,39.4
2026-06-09 19:32:15,11817,4930,31.5
2026-06-09 19:32:18,11820,4931,71.6
2026-06-09 19:32:21,11823,4932,318
2026-06-09 19:32:24,11826,4933,30.3
2026-06-09 19:32:27,11829,4934,119
2026-06-09 19:32:30,11832,4935,85.4
2026-06-09 19:32:33,11835,4936,112
2026-06-09 19:32:36,11838,4937,118
2026-06-09 19:32:39,11841,4938,167
2026-06-09 19:32:42,11844,4939,19.6
2026-06-09 19:32:45,11847,4940,35.9
2026-06-09 19:32:48,11850,4941,96.3
2026-06-09 19:32:51,11853,4942,39.8
2026-06-09 19:32:54,11856,4943,171
2026-06-09 19:32:57,11859,4944,116
2026-06-09 19:33:01,11863,4945,75.5
2026-06-09 19:33:04,11866,4946,67.8
2026-06-09 19:33:07,11869,4947,27.0
2026-06-09 19:33:10,11872,4948,182
2026-06-09 19:33:13,11875,4949,156
2026-06-09 19:33:15,11877,4950,159
2026-06-09 19:33:18,11880,4951,34.9
2026-06-09 19:33:22,11884,4952,82.5
2026-06-09 19:33:24,11886,4953,132
2026-06-09 19:33:27,11889,4954,38.9
2026-06-09 19:33:31,11893,4955,243
2026-06-09 19:33:34,11896,4956,24.4
2026-06-09 19:33:36,11898,4957,178
2026-06-09 19:33:39,11901,4958,63.6
2026-06-09 19:33:42,11904,4959,196
2026-06-09 19:33:45,11907,4960,175
2026-06-09 19:33:48,11910,4961,44.7
2026-06-09 19:33:51,11913,4962,158
2026-06-09 19:33:54,11916,4963,128
2026-06-09 19:33:57,11919,4964,40.9
2026-06-09 19:34:00,11922,4965,74.6
2026-06-09 19:34:03,11925,4966,143
2026-06-09 19:34:06,11928,4967,28.2
2026-06-09 19:34:09,11931,4968,80.0
2026-06-09 19:34:12,11934,4969,137
2026-06-09 19:34:15,11937,4970,151
2026-06-09 19:34:18,11940,4971,30.9
2026-06-09 19:34:21,11943,4972,101
2026-06-09 19:34:25,11947,4973,45.0
2026-06-09 19:34:28,11950,4974,159
2026-06-09 19:34:31,11953,4975,130
2026-06-09 19:34:34,11956,4976,26.7
2026-06-09 19:34:37,11959,4977,146
2026-06-09 19:34:40,11962,4978,207
2026-06-09 19:34:43,11965,4979,25.2
2026-06-09 19:34:46,11968,4980,49.6
2026-06-09 19:34:50,11972,4981,182
2026-06-09 19:34:53,11975,4982,111
2026-06-09 19:34:56,11978,4983,24.6
2026-06-09 19:35:00,11982,4984,56.4
2026-06-09 19:35:03,11985,4985,27.7
2026-06-09 19:35:06,11988,4986,70.9
2026-06-09 19:35:09,11991,4987,48.5
2026-06-09 19:35:13,11995,4988,22.6
2026-06-09 19:35:16,11998,4989,286
2026-06-09 19:35:19,12001,4990,259
2026-06-09 19:35:22,12004,4991,27.0
2026-06-09 19:35:25,12007,4992,14.9
2026-06-09 19:35:28,12010,4993,25.3
2026-06-09 19:35:31,12013,4994,183
2026-06-09 19:35:35,12017,4995,90.1
2026-06-09 19:35:38,12020,4996,103
2026-06-09 19:35:41,12023,4997,34.2
2026-06-09 19:35:44,12026,4998,71.8
2026-06-09 19:35:47,12029,4999,349
2026-06-09 19:35:51,12033,5000,33.7
2026-06-09 19:35:54,12036,5001,74.2
2026-06-09 19:35:56,12038,5002,308
2026-06-09 19:35:58,12040,5003,66.4
2026-06-09 19:36:01,12043,5004,81.8
2026-06-09 19:36:03,12045,5005,229
2026-06-09 19:36:05,12047,5006,43.8
2026-06-09 19:36:07,12049,5007,101
2026-06-09 19:36:10,12052,5008,108
2026-06-09 19:36:13,12055,5009,173
2026-06-09 19:36:16,12058,5010,96.1
2026-06-09 19:36:19,12061,5011,58.9
2026-06-09 19:36:22,12064,5012,91.5
2026-06-09 19:36:25,12067,5013,42.9
2026-06-09 19:36:28,12070,5014,87.6
2026-06-09 19:36:31,12073,5015,24.5
2026-06-09 19:36:34,12076,5016,149
2026-06-09 19:36:37,12079,5017,141
2026-06-09 19:36:40,12082,5018,187
2026-06-09 19:36:44,12086,5019,66.5
2026-06-09 19:36:47,12089,5020,174
2026-06-09 19:36:50,12092,5021,25.3
2026-06-09 19:36:53,12095,5022,86.4
2026-06-09 19:36:56,12098,5023,178
2026-06-09 19:37:00,12102,5024,40.2
2026-06-09 19:37:03,12105,5025,26.3
2026-06-09 19:37:06,12108,5026,119
2026-06-09 19:37:09,12111,5027,59.4
2026-06-09 19:37:12,12114,5028,28.1
2026-06-09 19:37:15,12117,5029,81.8
2026-06-09 19:37:18,12120,5030,245
2026-06-09 19:37:21,12123,5031,80.2
2026-06-09 19:37:24,12126,5032,30.6
2026-06-09 19:37:27,12129,5033,131
2026-06-09 19:37:30,12132,5034,86.0
2026-06-09 19:37:33,12135,5035,77.6
2026-06-09 19:37:36,12138,5036,131
2026-06-09 19:37:39,12141,5037,68.6
2026-06-09 19:37:42,12144,5038,126
2026-06-09 19:37:45,12147,5039,89.2
2026-06-09 19:37:49,12151,5040,24.3
2026-06-09 19:37:52,12154,5041,168
2026-06-09 19:37:55,12157,5042,100
2026-06-09 19:37:58,12160,5043,128
2026-06-09 19:38:01,12163,5044,117
2026-06-09 19:38:04,12166,5045,155
2026-06-09 19:38:07,12169,5046,29.1
2026-06-09 19:38:10,12172,5047,85.5
2026-06-09 19:38:13,12175,5048,113
2026-06-09 19:38:16,12178,5049,109
2026-06-09 19:38:19,12181,5050,21.8
2026-06-09 19:38:22,12184,5051,64.9
2026-06-09 19:38:24,12187,5052,76.6
2026-06-09 19:38:27,12189,5053,92.4
2026-06-09 19:38:30,12192,5054,82.1
2026-06-09 19:38:33,12195,5055,133
2026-06-09 19:38:36,12198,5056,111
2026-06-09 19:38:39,12201,5057,134
2026-06-09 19:38:42,12204,5058,178
2026-06-09 19:38:45,12207,5059,221
2026-06-09 19:38:48,12210,5060,214
2026-06-09 19:38:51,12213,5061,25.2
2026-06-09 19:38:54,12216,5062,160
2026-06-09 19:38:58,12220,5063,28.0
2026-06-09 19:39:01,12223,5064,41.6
2026-06-09 19:39:04,12226,5065,45.1
2026-06-09 19:39:07,12229,5066,145
2026-06-09 19:39:10,12232,5067,42.8
2026-06-09 19:39:13,12235,5068,219
2026-06-09 19:39:17,12239,5069,162
2026-06-09 19:39:20,12242,5070,32.6
2026-06-09 19:39:23,12245,5071,73.4
2026-06-09 19:39:26,12248,5072,49.5
2026-06-09 19:39:29,12251,5073,25.7
2026-06-09 19:39:32,12254,5074,73.6
2026-06-09 19:39:35,12257,5075,43.1
2026-06-09 19:39:38,12260,5076,45.6
2026-06-09 19:39:41,12263,5077,74.7
2026-06-09 19:39:44,12266,5078,144
2026-06-09 19:39:47,12269,5079,240
2026-06-09 19:39:50,12272,5080,150
2026-06-09 19:39:53,12275,5081,25.4
2026-06-09 19:39:56,12278,5082,182
2026-06-09 19:39:59,12281,5083,55.3
2026-06-09 19:40:02,12284,5084,102
2026-06-09 19:40:05,12287,5085,221
2026-06-09 19:40:08,12290,5086,53.9
2026-06-09 19:40:11,12293,5087,27.2
2026-06-09 19:40:14,12296,5088,52.6
2026-06-09 19:40:17,12299,5089,231
2026-06-09 19:40:21,12303,5090,152
2026-06-09 19:40:24,12306,5091,68.7
2026-06-09 19:40:27,12309,5092,184
2026-06-09 19:40:30,12312,5093,167
2026-06-09 19:40:33,12315,5094,374
2026-06-09 19:40:36,12318,5095,19.1
2026-06-09 19:40:39,12321,5096,106
2026-06-09 19:40:42,12324,5097,114
2026-06-09 19:40:45,12327,5098,77.8
2026-06-09 19:40:48,12330,5099,38.4
2026-06-09 19:40:51,12333,5100,59.4
2026-06-09 19:40:54,12336,5101,129
2026-06-09 19:40:57,12339,5102,16.7
2026-06-09 19:41:00,12342,5103,30.2
2026-06-09 19:41:04,12346,5104,72.9
2026-06-09 19:41:07,12349,5105,42.7
2026-06-09 19:41:10,12352,5106,144
2026-06-09 19:41:13,12355,5107,49.0
2026-06-09 19:41:16,12358,5108,347
2026-06-09 19:41:19,12361,5109,101
2026-06-09 19:41:22,12364,5110,45.1
2026-06-09 19:41:25,12367,5111,183
2026-06-09 19:41:28,12370,5112,191
2026-06-09 19:41:31,12373,5113,43.6
2026-06-09 19:41:34,12376,5114,141
2026-06-09 19:41:38,12380,5115,168
2026-06-09 19:41:41,12383,5116,238
2026-06-09 19:41:44,12386,5117,355
2026-06-09 19:41:47,12389,5118,20.7
2026-06-09 19:41:50,12392,5119,43.3
2026-06-09 19:41:53,12395,5120,172
2026-06-09 19:41:56,12398,5121,234
2026-06-09 19:41:59,12401,5122,85.2
2026-06-09 19:42:02,12404,5123,45.2
2026-06-09 19:42:05,12407,5124,167
2026-06-09 19:42:08,12410,5125,162
2026-06-09 19:42:11,12413,5126,34.6
2026-06-09 19:42:14,12416,5127,54.9
2026-06-09 19:42:17,12419,5128,104
2026-06-09 19:42:21,12423,5129,279
2026-06-09 19:42:24,12426,5130,212
2026-06-09 19:42:27,12429,5131,67.9
2026-06-09 19:42:30,12432,5132,133
2026-06-09 19:42:33,12435,5133,37.8
2026-06-09 19:42:36,12438,5134,175
2026-06-09 19:42:39,12441,5135,91.7
2026-06-09 19:42:42,12444,5136,96.0
2026-06-09 19:42:45,12447,5137,83.6
2026-06-09 19:42:48,12450,5138,135
2026-06-09 19:42:51,12453,5139,84.0
2026-06-09 19:42:54,12456,5140,83.0
2026-06-09 19:42:57,12459,5141,26.3
2026-06-09 19:43:00,12462,5142,159
2026-06-09 19:43:03,12465,5143,48.1
2026-06-09 19:43:06,12468,5144,103
2026-06-09 19:43:09,12471,5145,75.6
2026-06-09 19:43:12,12474,5146,126
2026-06-09 19:43:15,12477,5147,130
2026-06-09 19:43:18,12480,5148,167
2026-06-09 19:43:21,12483,5149,32.9
2026-06-09 19:43:24,12486,5150,29.8
2026-06-09 19:43:27,12489,5151,41.7
2026-06-09 19:43:30,12492,5152,174
2026-06-09 19:43:34,12496,5153,312
2026-06-09 19:43:37,12499,5154,47.1
2026-06-09 19:43:40,12502,5155,103
2026-06-09 19:43:43,12505,5156,146
2026-06-09 19:43:46,12508,5157,98.8
2026-06-09 19:43:49,12511,5158,27.6
2026-06-09 19:43:52,12514,5159,21.2
2026-06-09 19:43:56,12518,5160,354
2026-06-09 19:43:59,12521,5161,64.6
2026-06-09 19:44:02,12524,5162,48.5
2026-06-09 19:44:05,12527,5163,169
2026-06-09 19:44:08,12530,5164,68.5
2026-06-09 19:44:11,12533,5165,36.7
2026-06-09 19:44:14,12536,5166,21.7
2026-06-09 19:44:17,12539,5167,93.7
2026-06-09 19:44:20,12542,5168,89.1
2026-06-09 19:44:24,12546,5169,25.2
2026-06-09 19:44:27,12549,5170,123
2026-06-09 19:44:30,12552,5171,192
2026-06-09 19:44:33,12555,5172,37.0
2026-06-09 19:44:36,12558,5173,31.2
2026-06-09 19:44:39,12561,5174,166
2026-06-09 19:44:41,12563,5175,153
2026-06-09 19:44:44,12566,5176,101
2026-06-09 19:44:48,12570,5177,29.6
2026-06-09 19:44:50,12572,5178,123
2026-06-09 19:44:52,12574,5179,49.4
2026-06-09 19:44:54,12576,5180,24.1
2026-06-09 19:44:56,12578,5181,38.9
2026-06-09 19:44:59,12581,5182,79.9
2026-06-09 19:45:01,12583,5183,196
2026-06-09 19:45:04,12586,5184,105
2026-06-09 19:45:07,12589,5185,189
2026-06-09 19:45:10,12592,5186,94.5
2026-06-09 19:45:13,12595,5187,25.2
2026-06-09 19:45:16,12598,5188,51.2
2026-06-09 19:45:19,12601,5189,10.2
2026-06-09 19:45:22,12604,5190,67.3
2026-06-09 19:45:25,12607,5191,76.5
2026-06-09 19:45:28,12610,5192,82.6
2026-06-09 19:45:31,12613,5193,20.6
2026-06-09 19:45:34,12616,5194,48.4
2026-06-09 19:45:37,12619,5195,129
2026-06-09 19:45:40,12622,5196,64.3
2026-06-09 19:45:43,12625,5197,79.7
2026-06-09 19:45:46,12628,5198,170
2026-06-09 19:45:50,12632,5199,193
2026-06-09 19:45:53,12635,5200,68.7
2026-06-09 19:45:56,12638,5201,26.0
2026-06-09 19:45:59,12641,5202,52.7
2026-06-09 19:46:02,12644,5203,221
2026-06-09 19:46:05,12647,5204,144
2026-06-09 19:46:08,12650,5205,83.6
2026-06-09 19:46:11,12653,5206,8.98
2026-06-09 19:46:14,12656,5207,158
2026-06-09 19:46:17,12659,5208,210
2026-06-09 19:46:20,12662,5209,46.2
2026-06-09 19:46:23,12665,5210,48.1
2026-06-09 19:46:26,12668,5211,120
2026-06-09 19:46:29,12671,5212,117
2026-06-09 19:46:32,12674,5213,65.1
2026-06-09 19:46:36,12678,5214,155
2026-06-09 19:46:39,12681,5215,35.1
2026-06-09 19:46:42,12684,5216,202
2026-06-09 19:46:45,12687,5217,34.2
2026-06-09 19:46:48,12690,5218,95.8
2026-06-09 19:46:51,12693,5219,72.4
2026-06-09 19:46:54,12696,5220,49.9
2026-06-09 19:46:57,12699,5221,107
2026-06-09 19:47:00,12702,5222,115
2026-06-09 19:47:03,12705,5223,87.7
2026-06-09 19:47:06,12708,5224,81.1
2026-06-09 19:47:10,12712,5225,59.8
2026-06-09 19:47:13,12715,5226,109
2026-06-09 19:47:16,12718,5227,41.5
2026-06-09 19:47:19,12721,5228,24.7
2026-06-09 19:47:22,12724,5229,32.2
2026-06-09 19:47:25,12727,5230,74.9
2026-06-09 19:47:28,12730,5231,288
2026-06-09 19:47:31,12733,5232,31.0
2026-06-09 19:47:34,12736,5233,46.7
2026-06-09 19:47:37,12739,5234,118
2026-06-09 19:47:40,12742,5235,60.1
2026-06-09 19:47:43,12745,5236,25.4
2026-06-09 19:47:46,12748,5237,108
2026-06-09 19:47:50,12752,5238,58.6
2026-06-09 19:47:53,12755,5239,152
2026-06-09 19:47:56,12758,5240,42.4
2026-06-09 19:47:59,12761,5241,117
2026-06-09 19:48:02,12764,5242,120
2026-06-09 19:48:05,12767,5243,230
2026-06-09 19:48:08,12770,5244,163
2026-06-09 19:48:11,12773,5245,128
2026-06-09 19:48:14,12776,5246,25.4
2026-06-09 19:48:17,12779,5247,90.9
2026-06-09 19:48:20,12782,5248,88.9
2026-06-09 19:48:23,12785,5249,27.7
2026-06-09 19:48:27,12789,5250,185
2026-06-09 19:48:30,12792,5251,106
2026-06-09 19:48:33,12795,5252,217
2026-06-09 19:48:36,12798,5253,92.7
2026-06-09 19:48:39,12801,5254,68.6
2026-06-09 19:48:42,12804,5255,108
2026-06-09 19:48:45,12807,5256,84.7
2026-06-09 19:48:48,12810,5257,79.3
2026-06-09 19:48:51,12813,5258,72.9
2026-06-09 19:48:54,12816,5259,222
2026-06-09 19:48:57,12819,5260,35.5
2026-06-09 19:49:01,12823,5261,44.1
2026-06-09 19:49:04,12826,5262,84.0
2026-06-09 19:49:07,12829,5263,240
2026-06-09 19:49:10,12832,5264,86.5
2026-06-09 19:49:13,12835,5265,174
2026-06-09 19:49:16,12838,5266,75.2
2026-06-09 19:49:19,12841,5267,161
2026-06-09 19:49:22,12844,5268,116
2026-06-09 19:49:25,12847,5269,67.0
2026-06-09 19:49:29,12851,5270,74.3
2026-06-09 19:49:32,12854,5271,201
2026-06-09 19:49:35,12857,5272,40.4
2026-06-09 19:49:37,12859,5273,43.4
2026-06-09 19:49:41,12863,5274,101
2026-06-09 19:49:44,12866,5275,51.6
2026-06-09 19:49:47,12869,5276,121
2026-06-09 19:49:50,12872,5277,149
2026-06-09 19:49:53,12875,5278,220
2026-06-09 19:49:56,12878,5279,67.3
2026-06-09 19:49:59,12881,5280,29.5
2026-06-09 19:50:02,12884,5281,38.5
2026-06-09 19:50:06,12888,5282,52.2
2026-06-09 19:50:09,12891,5283,36.6
2026-06-09 19:50:12,12894,5284,263
2026-06-09 19:50:15,12897,5285,107
2026-06-09 19:50:18,12900,5286,125
2026-06-09 19:50:21,12903,5287,58.3
2026-06-09 19:50:24,12906,5288,99.4
2026-06-09 19:50:27,12909,5289,32.7
2026-06-09 19:50:30,12912,5290,130
2026-06-09 19:50:33,12915,5291,103
2026-06-09 19:50:36,12918,5292,68.5
2026-06-09 19:50:39,12921,5293,77.5
2026-06-09 19:50:42,12924,5294,32.9
2026-06-09 19:50:45,12927,5295,69.9
2026-06-09 19:50:48,12930,5296,86.7
2026-06-09 19:50:51,12933,5297,33.5
2026-06-09 19:50:54,12936,5298,128
2026-06-09 19:50:58,12940,5299,78.9
2026-06-09 19:51:01,12943,5300,123
2026-06-09 19:51:04,12946,5301,97.7
2026-06-09 19:51:07,12949,5302,35.4
2026-06-09 19:51:10,12952,5303,70.2
2026-06-09 19:51:13,12955,5304,124
2026-06-09 19:51:16,12958,5305,45.4
2026-06-09 19:51:19,12961,5306,74.2
2026-06-09 19:51:22,12964,5307,240
2026-06-09 19:51:25,12967,5308,177
2026-06-09 19:51:28,12970,5309,63.2
2026-06-09 19:51:31,12973,5310,69.8
2026-06-09 19:51:34,12976,5311,79.3
2026-06-09 19:51:37,12979,5312,72.5
2026-06-09 19:51:40,12982,5313,93.5
2026-06-09 19:51:43,12985,5314,163
2026-06-09 19:51:46,12988,5315,266
2026-06-09 19:51:49,12991,5316,227
2026-06-09 19:51:52,12994,5317,17.5
2026-06-09 19:51:55,12997,5318,106
2026-06-09 19:51:58,13000,5319,69.1
2026-06-09 19:52:01,13003,5320,25.7
2026-06-09 19:52:04,13006,5321,20.2
2026-06-09 19:52:07,13009,5322,115
2026-06-09 19:52:10,13012,5323,83.6
2026-06-09 19:52:14,13016,5324,156
2026-06-09 19:52:17,13019,5325,63.3
2026-06-09 19:52:20,13022,5326,30.6
2026-06-09 19:52:23,13025,5327,89.7
2026-06-09 19:52:26,13028,5328,299
2026-06-09 19:52:29,13031,5329,101
2026-06-09 19:52:32,13034,5330,75.4
2026-06-09 19:52:35,13037,5331,148
2026-06-09 19:52:38,13040,5332,30.4
2026-06-09 19:52:42,13044,5333,30.2
2026-06-09 19:52:45,13047,5334,231
2026-06-09 19:52:48,13050,5335,52.4
2026-06-09 19:52:50,13052,5336,41.6
2026-06-09 19:52:54,13056,5337,69.8
2026-06-09 19:52:57,13059,5338,101
2026-06-09 19:53:00,13062,5339,117
2026-06-09 19:53:03,13065,5340,180
2026-06-09 19:53:06,13068,5341,75.3
2026-06-09 19:53:09,13071,5342,89.7
2026-06-09 19:53:12,13074,5343,24.6
2026-06-09 19:53:15,13077,5344,12.8
2026-06-09 19:53:18,13080,5345,71.6
2026-06-09 19:53:21,13083,5346,211
2026-06-09 19:53:24,13086,5347,23.7
2026-06-09 19:53:27,13089,5348,261
2026-06-09 19:53:30,13092,5349,105
2026-06-09 19:53:33,13095,5350,150
2026-06-09 19:53:36,13098,5351,42.4
2026-06-09 19:53:39,13101,5352,119
2026-06-09 19:53:42,13104,5353,239
2026-06-09 19:53:45,13107,5354,157
2026-06-09 19:53:48,13110,5355,17.8
2026-06-09 19:53:50,13112,5356,NA
2026-06-09 19:53:53,13115,5357,89.1
2026-06-09 19:53:55,13117,5358,126
2026-06-09 19:53:58,13120,5359,71.0
2026-06-09 19:54:00,13122,5360,135
2026-06-09 19:54:02,13124,5361,58.0
2026-06-09 19:54:04,13126,5362,28.7
2026-06-09 19:54:06,13128,5363,122
2026-06-09 19:54:09,13131,5364,35.0
2026-06-09 19:54:12,13134,5365,161
2026-06-09 19:54:15,13137,5366,105
2026-06-09 19:54:18,13140,5367,81.6
2026-06-09 19:54:21,13143,5368,111
2026-06-09 19:54:25,13147,5369,103
2026-06-09 19:54:28,13150,5370,21.6
2026-06-09 19:54:31,13153,5371,72.0
2026-06-09 19:54:34,13156,5372,113
2026-06-09 19:54:37,13159,5373,81.4
2026-06-09 19:54:40,13162,5374,156
2026-06-09 19:54:43,13165,5375,33.4
2026-06-09 19:54:46,13168,5376,102
2026-06-09 19:54:50,13172,5377,113
2026-06-09 19:54:53,13175,5378,113
2026-06-09 19:54:56,13178,5379,141
2026-06-09 19:54:59,13181,5380,34.4
2026-06-09 19:55:02,13184,5381,46.2
2026-06-09 19:55:05,13187,5382,121
2026-06-09 19:55:08,13190,5383,29.0
2026-06-09 19:55:11,13193,5384,194
2026-06-09 19:55:14,13196,5385,28.2
2026-06-09 19:55:17,13199,5386,63.8
2026-06-09 19:55:21,13203,5387,132
2026-06-09 19:55:24,13206,5388,146
2026-06-09 19:55:27,13209,5389,54.6
2026-06-09 19:55:30,13212,5390,149
2026-06-09 19:55:33,13215,5391,9.00
2026-06-09 19:55:36,13218,5392,261
2026-06-09 19:55:40,13222,5393,145
2026-06-09 19:55:43,13225,5394,135
2026-06-09 19:55:46,13228,5395,178
2026-06-09 19:55:49,13231,5396,189
2026-06-09 19:55:52,13234,5397,175
2026-06-09 19:55:55,13237,5398,36.7
2026-06-09 19:55:58,13240,5399,30.3
2026-06-09 19:56:01,13243,5400,92.8
2026-06-09 19:56:04,13246,5401,240
2026-06-09 19:56:07,13249,5402,236
2026-06-09 19:56:10,13252,5403,55.3
2026-06-09 19:56:13,13255,5404,54.8
2026-06-09 19:56:16,13258,5405,9.11
2026-06-09 19:56:19,13261,5406,49.4
2026-06-09 19:56:23,13265,5407,110
2026-06-09 19:56:26,13268,5408,90.9
2026-06-09 19:56:29,13271,5409,201
2026-06-09 19:56:32,13274,5410,155
2026-06-09 19:56:35,13277,5411,65.4
2026-06-09 19:56:38,13280,5412,23.5
2026-06-09 19:56:41,13283,5413,38.3
2026-06-09 19:56:45,13287,5414,75.2
2026-06-09 19:56:48,13290,5415,55.5
2026-06-09 19:56:51,13293,5416,73.8
2026-06-09 19:56:54,13296,5417,161
2026-06-09 19:56:57,13299,5418,73.3
2026-06-09 19:57:00,13302,5419,218
2026-06-09 19:57:03,13305,5420,388
2026-06-09 19:57:06,13308,5421,55.5
2026-06-09 19:57:10,13312,5422,23.4
2026-06-09 19:57:13,13315,5423,115
2026-06-09 19:57:16,13318,5424,126
2026-06-09 19:57:19,13321,5425,115
2026-06-09 19:57:22,13324,5426,128
2026-06-09 19:57:25,13327,5427,139
2026-06-09 19:57:28,13330,5428,40.3
2026-06-09 19:57:31,13333,5429,86.3
2026-06-09 19:57:35,13337,5430,90.5
2026-06-09 19:57:38,13340,5431,43.9
2026-06-09 19:57:41,13343,5432,96.4
2026-06-09 19:57:44,13346,5433,94.4
2026-06-09 19:57:47,13349,5434,93.9
2026-06-09 19:57:50,13352,5435,77.4
2026-06-09 19:57:53,13355,5436,36.0
2026-06-09 19:57:56,13358,5437,15.5
2026-06-09 19:57:59,13361,5438,154
2026-06-09 19:58:02,13364,5439,193
2026-06-09 19:58:05,13367,5440,125
2026-06-09 19:58:08,13370,5441,232
2026-06-09 19:58:12,13374,5442,159
2026-06-09 19:58:15,13377,5443,119
2026-06-09 19:58:18,13380,5444,33.6
2026-06-09 19:58:21,13383,5445,57.4
2026-06-09 19:58:24,13386,5446,182
2026-06-09 19:58:27,13389,5447,249
2026-06-09 19:58:30,13392,5448,73.4
2026-06-09 19:58:33,13395,5449,203
2026-06-09 19:58:36,13398,5450,20.3
2026-06-09 19:58:39,13401,5451,33.7
2026-06-09 19:58:42,13404,5452,96.4
2026-06-09 19:58:45,13407,5453,35.1
2026-06-09 19:58:48,13410,5454,56.9
2026-06-09 19:58:51,13413,5455,41.7
2026-06-09 19:58:54,13416,5456,44.6
2026-06-09 19:58:57,13419,5457,121
2026-06-09 19:59:00,13422,5458,38.0
2026-06-09 19:59:03,13425,5459,31.2
2026-06-09 19:59:07,13429,5460,64.1
2026-06-09 19:59:10,13432,5461,34.6
2026-06-09 19:59:12,13434,5462,111
2026-06-09 19:59:15,13437,5463,22.5
2026-06-09 19:59:18,13440,5464,32.3
2026-06-09 19:59:22,13444,5465,132
2026-06-09 19:59:25,13447,5466,41.8
2026-06-09 19:59:28,13450,5467,57.5
2026-06-09 19:59:31,13453,5468,241
2026-06-09 19:59:34,13456,5469,86.9
2026-06-09 19:59:38,13460,5470,184
2026-06-09 19:59:40,13462,5471,98.2
2026-06-09 19:59:44,13466,5472,52.7
2026-06-09 19:59:47,13469,5473,150
2026-06-09 19:59:50,13472,5474,30.0
2026-06-09 19:59:53,13475,5475,225
2026-06-09 19:59:56,13478,5476,53.6
2026-06-09 19:59:59,13481,5477,44.7
2026-06-09 20:00:02,13484,5478,123
2026-06-09 20:00:05,13487,5479,77.4
2026-06-09 20:00:09,13491,5480,364
2026-06-09 20:00:12,13494,5481,55.2
2026-06-09 20:00:14,13496,5482,37.6
2026-06-09 20:00:18,13500,5483,245
2026-06-09 20:00:21,13503,5484,155
2026-06-09 20:00:24,13506,5485,118
2026-06-09 20:00:27,13509,5486,37.8
2026-06-09 20:00:30,13512,5487,29.4
2026-06-09 20:00:33,13515,5488,97.1
2026-06-09 20:00:36,13518,5489,154
2026-06-09 20:00:39,13521,5490,54.9
2026-06-09 20:00:42,13524,5491,48.1
2026-06-09 20:00:45,13527,5492,57.7
2026-06-09 20:00:48,13530,5493,94.3
2026-06-09 20:00:51,13533,5494,119
2026-06-09 20:00:54,13536,5495,52.3
2026-06-09 20:00:58,13540,5496,130
2026-06-09 20:01:00,13542,5497,78.2
2026-06-09 20:01:04,13546,5498,37.4
2026-06-09 20:01:07,13549,5499,123
2026-06-09 20:01:10,13552,5500,44.3
2026-06-09 20:01:13,13555,5501,116
2026-06-09 20:01:16,13558,5502,49.1
2026-06-09 20:01:19,13561,5503,23.6
2026-06-09 20:01:22,13564,5504,53.3
2026-06-09 20:01:25,13567,5505,37.6
2026-06-09 20:01:28,13570,5506,51.3
2026-06-09 20:01:31,13573,5507,31.7
2026-06-09 20:01:34,13576,5508,161
2026-06-09 20:01:38,13580,5509,19.9
2026-06-09 20:01:41,13583,5510,8.42
2026-06-09 20:01:43,13585,5511,41.0
2026-06-09 20:01:46,13588,5512,77.3
2026-06-09 20:01:50,13592,5513,29.6
2026-06-09 20:01:53,13595,5514,70.5
2026-06-09 20:01:56,13598,5515,158
2026-06-09 20:02:00,13602,5516,40.1
2026-06-09 20:02:03,13605,5517,74.6
2026-06-09 20:02:06,13608,5518,98.7
2026-06-09 20:02:09,13611,5519,29.7
2026-06-09 20:02:12,13614,5520,117
2026-06-09 20:02:15,13617,5521,63.1
2026-06-09 20:02:18,13620,5522,144
2026-06-09 20:02:21,13623,5523,254
2026-06-09 20:02:24,13626,5524,25.2
2026-06-09 20:02:27,13629,5525,118
2026-06-09 20:02:30,13632,5526,275
2026-06-09 20:02:33,13635,5527,89.7
2026-06-09 20:02:36,13638,5528,169
2026-06-09 20:02:39,13641,5529,56.3
2026-06-09 20:02:42,13644,5530,82.4
2026-06-09 20:02:45,13647,5531,77.4
2026-06-09 20:02:48,13650,5532,25.5
2026-06-09 20:02:51,13653,5533,40.1
2026-06-09 20:02:54,13656,5534,118
2026-06-09 20:02:57,13659,5535,135
2026-06-09 20:02:59,13661,5536,25.1
2026-06-09 20:03:01,13663,5537,26.0
2026-06-09 20:03:03,13665,5538,179
2026-06-09 20:03:05,13667,5539,127
2026-06-09 20:03:08,13670,5540,126
2026-06-09 20:03:11,13673,5541,12.8
2026-06-09 20:03:14,13676,5542,33.9
2026-06-09 20:03:17,13679,5543,73.2
2026-06-09 20:03:20,13682,5544,65.1
2026-06-09 20:03:23,13685,5545,107
2026-06-09 20:03:26,13688,5546,151
2026-06-09 20:03:29,13691,5547,32.3
2026-06-09 20:03:32,13694,5548,134
2026-06-09 20:03:35,13697,5549,52.3
2026-06-09 20:03:38,13700,5550,107
2026-06-09 20:03:41,13703,5551,45.0
2026-06-09 20:03:44,13706,5552,83.6
2026-06-09 20:03:47,13709,5553,80.4
2026-06-09 20:03:50,13712,5554,125
2026-06-09 20:03:53,13715,5555,222
2026-06-09 20:03:56,13718,5556,41.8
2026-06-09 20:03:59,13721,5557,160
2026-06-09 20:04:02,13724,5558,110
2026-06-09 20:04:05,13727,5559,152
2026-06-09 20:04:08,13730,5560,33.8
2026-06-09 20:04:11,13733,5561,110
2026-06-09 20:04:15,13737,5562,144
2026-06-09 20:04:18,13740,5563,133
2026-06-09 20:04:21,13743,5564,57.1
2026-06-09 20:04:24,13746,5565,39.1
2026-06-09 20:04:27,13749,5566,182
2026-06-09 20:04:30,13752,5567,83.4
2026-06-09 20:04:34,13756,5568,65.6
2026-06-09 20:04:37,13759,5569,56.2
2026-06-09 20:04:40,13762,5570,37.0
2026-06-09 20:04:43,13765,5571,113
2026-06-09 20:04:46,13768,5572,44.1
2026-06-09 20:04:49,13771,5573,38.8
2026-06-09 20:04:52,13774,5574,61.8
2026-06-09 20:04:55,13777,5575,52.7
2026-06-09 20:04:58,13780,5576,119
2026-06-09 20:05:01,13783,5577,125
2026-06-09 20:05:04,13786,5578,18.9
2026-06-09 20:05:07,13789,5579,138
2026-06-09 20:05:10,13792,5580,155
2026-06-09 20:05:13,13795,5581,20.4
2026-06-09 20:05:16,13798,5582,137
2026-06-09 20:05:19,13801,5583,267
2026-06-09 20:05:22,13804,5584,109
2026-06-09 20:05:26,13808,5585,80.1
2026-06-09 20:05:28,13810,5586,27.0
2026-06-09 20:05:32,13814,5587,60.4
2026-06-09 20:05:35,13817,5588,121
2026-06-09 20:05:38,13820,5589,111
2026-06-09 20:05:41,13823,5590,76.9
2026-06-09 20:05:44,13826,5591,206
2026-06-09 20:05:47,13829,5592,133
2026-06-09 20:05:50,13832,5593,80.3
2026-06-09 20:05:53,13835,5594,138
2026-06-09 20:05:56,13838,5595,39.8
2026-06-09 20:05:59,13841,5596,52.9
2026-06-09 20:06:02,13844,5597,68.1
2026-06-09 20:06:06,13848,5598,91.4
2026-06-09 20:06:09,13851,5599,128
2026-06-09 20:06:12,13854,5600,29.0
2026-06-09 20:06:15,13857,5601,80.8
2026-06-09 20:06:18,13860,5602,269
2026-06-09 20:06:21,13863,5603,51.0
2026-06-09 20:06:24,13866,5604,82.1
2026-06-09 20:06:27,13869,5605,318
2026-06-09 20:06:30,13872,5606,80.1
2026-06-09 20:06:33,13875,5607,18.5
2026-06-09 20:06:36,13878,5608,168
2026-06-09 20:06:39,13881,5609,74.2
2026-06-09 20:06:41,13883,5610,178
2026-06-09 20:06:44,13886,5611,22.8
2026-06-09 20:06:48,13890,5612,51.1
2026-06-09 20:06:51,13893,5613,152
2026-06-09 20:06:54,13896,5614,56.3
2026-06-09 20:06:57,13899,5615,27.5
2026-06-09 20:07:00,13902,5616,88.8
2026-06-09 20:07:03,13905,5617,79.8
2026-06-09 20:07:06,13908,5618,18.8
2026-06-09 20:07:09,13911,5619,34.5
2026-06-09 20:07:12,13914,5620,53.7
2026-06-09 20:07:15,13917,5621,91.7
2026-06-09 20:07:18,13920,5622,32.3
2026-06-09 20:07:21,13923,5623,201
2026-06-09 20:07:24,13926,5624,229
2026-06-09 20:07:27,13929,5625,41.0
2026-06-09 20:07:30,13932,5626,28.1
2026-06-09 20:07:33,13935,5627,52.2
2026-06-09 20:07:36,13938,5628,252
2026-06-09 20:07:39,13941,5629,340
2026-06-09 20:07:42,13944,5630,36.6
2026-06-09 20:07:45,13947,5631,31.5
2026-06-09 20:07:49,13951,5632,130
2026-06-09 20:07:52,13954,5633,44.2
2026-06-09 20:07:55,13957,5634,185
2026-06-09 20:07:58,13960,5635,20.5
2026-06-09 20:08:01,13963,5636,159
2026-06-09 20:08:04,13966,5637,39.7
2026-06-09 20:08:07,13969,5638,153
2026-06-09 20:08:10,13972,5639,122
2026-06-09 20:08:13,13975,5640,100
2026-06-09 20:08:16,13978,5641,72.5
2026-06-09 20:08:19,13981,5642,96.8
2026-06-09 20:08:22,13984,5643,42.0
2026-06-09 20:08:25,13987,5644,205
2026-06-09 20:08:27,13989,5645,30.0
2026-06-09 20:08:30,13992,5646,146
2026-06-09 20:08:34,13996,5647,22.1
2026-06-09 20:08:37,13999,5648,101
2026-06-09 20:08:40,14002,5649,32.1
2026-06-09 20:08:43,14005,5650,104
2026-06-09 20:08:46,14008,5651,46.9
2026-06-09 20:08:49,14011,5652,73.6
2026-06-09 20:08:52,14014,5653,25.4
2026-06-09 20:08:55,14017,5654,75.2
2026-06-09 20:08:58,14020,5655,181
2026-06-09 20:09:01,14023,5656,42.2
2026-06-09 20:09:04,14026,5657,62.8
2026-06-09 20:09:07,14029,5658,131
2026-06-09 20:09:11,14033,5659,30.6
2026-06-09 20:09:14,14036,5660,312
2026-06-09 20:09:17,14039,5661,158
2026-06-09 20:09:20,14042,5662,56.5
2026-06-09 20:09:23,14045,5663,43.7
2026-06-09 20:09:26,14048,5664,27.7
2026-06-09 20:09:29,14051,5665,76.5
2026-06-09 20:09:32,14054,5666,124
2026-06-09 20:09:35,14057,5667,245
2026-06-09 20:09:38,14060,5668,93.1
2026-06-09 20:09:41,14063,5669,73.5
2026-06-09 20:09:44,14066,5670,17.2
2026-06-09 20:09:47,14069,5671,47.6
2026-06-09 20:09:50,14072,5672,13.8
2026-06-09 20:09:53,14075,5673,38.7
2026-06-09 20:09:56,14078,5674,48.4
2026-06-09 20:09:59,14081,5675,25.1
2026-06-09 20:10:02,14084,5676,135
2026-06-09 20:10:05,14087,5677,73.9
2026-06-09 20:10:08,14090,5678,58.7
2026-06-09 20:10:11,14093,5679,104
2026-06-09 20:10:14,14096,5680,267
2026-06-09 20:10:17,14099,5681,201
2026-06-09 20:10:20,14102,5682,198
2026-06-09 20:10:23,14105,5683,32.1
2026-06-09 20:10:27,14109,5684,79.3
2026-06-09 20:10:30,14112,5685,36.1
2026-06-09 20:10:33,14115,5686,318
2026-06-09 20:10:36,14118,5687,139
2026-06-09 20:10:39,14121,5688,30.6
2026-06-09 20:10:42,14124,5689,63.5
2026-06-09 20:10:45,14127,5690,98.4
2026-06-09 20:10:48,14130,5691,84.4
2026-06-09 20:10:51,14133,5692,121
2026-06-09 20:10:54,14136,5693,95.1
2026-06-09 20:10:57,14139,5694,95.6
2026-06-09 20:11:01,14143,5695,122
2026-06-09 20:11:04,14146,5696,112
2026-06-09 20:11:07,14149,5697,269
2026-06-09 20:11:10,14152,5698,68.7
2026-06-09 20:11:13,14155,5699,55.6
2026-06-09 20:11:16,14158,5700,57.7
2026-06-09 20:11:19,14161,5701,62.3
2026-06-09 20:11:22,14164,5702,182
2026-06-09 20:11:25,14167,5703,66.3
2026-06-09 20:11:28,14170,5704,59.3
2026-06-09 20:11:31,14173,5705,39.5
2026-06-09 20:11:34,14176,5706,25.1
2026-06-09 20:11:37,14179,5707,60.8
2026-06-09 20:11:40,14182,5708,83.8
2026-06-09 20:11:43,14185,5709,202
2026-06-09 20:11:46,14188,5710,26.7
2026-06-09 20:11:49,14191,5711,163
2026-06-09 20:11:51,14193,5712,222
2026-06-09 20:11:54,14196,5713,188
2026-06-09 20:11:56,14198,5714,28.0
2026-06-09 20:11:58,14200,5715,27.5
2026-06-09 20:12:00,14202,5716,30.0
2026-06-09 20:12:02,14204,5717,36.1
2026-06-09 20:12:04,14206,5718,38.0
2026-06-09 20:12:06,14208,5719,34.5
2026-06-09 20:12:08,14210,5720,37.3
2026-06-09 20:12:10,14212,5721,18.9
2026-06-09 20:12:12,14214,5722,38.8
2026-06-09 20:12:14,14216,5723,28.0
2026-06-09 20:12:16,14218,5724,32.2
2026-06-09 20:12:18,14220,5725,14.0
2026-06-09 20:12:20,14222,5726,44.1
2026-06-09 20:12:22,14224,5727,33.8
2026-06-09 20:12:24,14226,5728,34.8
2026-06-09 20:12:27,14229,5729,27.1
2026-06-09 20:12:29,14231,5730,115
2026-06-09 20:12:31,14233,5731,30.2
2026-06-09 20:12:33,14235,5732,26.0
2026-06-09 20:12:35,14237,5733,20.4
2026-06-09 20:12:37,14239,5734,23.4
2026-06-09 20:12:39,14241,5735,51.0
2026-06-09 20:12:41,14243,5736,25.3
2026-06-09 20:12:43,14245,5737,24.9
2026-06-09 20:12:45,14247,5738,43.8
2026-06-09 20:12:47,14249,5739,23.8
2026-06-09 20:12:49,14251,5740,212
2026-06-09 20:12:51,14253,5741,21.4
2026-06-09 20:12:53,14255,5742,33.5
2026-06-09 20:12:55,14257,5743,27.8
2026-06-09 20:12:58,14260,5744,35.3
2026-06-09 20:13:00,14262,5745,103
2026-06-09 20:13:02,14264,5746,36.0
2026-06-09 20:13:04,14266,5747,9.16
2026-06-09 20:13:06,14268,5748,37.3
2026-06-09 20:13:08,14270,5749,35.3
2026-06-09 20:13:10,14272,5750,212
2026-06-09 20:13:12,14274,5751,30.3
2026-06-09 20:13:14,14276,5752,34.7
2026-06-09 20:13:16,14278,5753,40.3
2026-06-09 20:13:18,14280,5754,51.4
2026-06-09 20:13:20,14282,5755,169
2026-06-09 20:13:22,14284,5756,32.0
2026-06-09 20:13:24,14286,5757,30.3
2026-06-09 20:13:26,14288,5758,29.6
2026-06-09 20:13:28,14290,5759,28.9
2026-06-09 20:13:30,14292,5760,21.7
2026-06-09 20:13:32,14294,5761,37.4
2026-06-09 20:13:34,14296,5762,42.1
2026-06-09 20:13:36,14298,5763,43.9
2026-06-09 20:13:38,14300,5764,33.4
2026-06-09 20:13:40,14302,5765,193
2026-06-09 20:13:42,14304,5766,14.6
2026-06-09 20:13:45,14307,5767,37.9
2026-06-09 20:13:47,14309,5768,37.3
2026-06-09 20:13:49,14311,5769,31.0
2026-06-09 20:13:51,14313,5770,37.2
2026-06-09 20:13:53,14315,5771,40.6
2026-06-09 20:13:55,14317,5772,49.5
2026-06-09 20:13:57,14319,5773,34.2
2026-06-09 20:13:59,14321,5774,37.5
2026-06-09 20:14:01,14323,5775,35.0
2026-06-09 20:14:03,14325,5776,18.2
2026-06-09 20:14:05,14327,5777,42.3
2026-06-09 20:14:07,14329,5778,35.2
2026-06-09 20:14:09,14331,5779,26.2
2026-06-09 20:14:11,14333,5780,36.9
2026-06-09 20:14:13,14335,5781,37.1
2026-06-09 20:14:15,14337,5782,25.2
2026-06-09 20:14:17,14339,5783,20.0
2026-06-09 20:14:19,14341,5784,25.9
2026-06-09 20:14:21,14343,5785,30.1
2026-06-09 20:14:23,14345,5786,35.7
2026-06-09 20:14:25,14347,5787,68.6
2026-06-09 20:14:27,14349,5788,30.8
2026-06-09 20:14:29,14351,5789,31.0
2026-06-09 20:14:31,14353,5790,30.4
2026-06-09 20:14:33,14355,5791,44.7
2026-06-09 20:14:35,14357,5792,30.5
2026-06-09 20:14:37,14359,5793,62.5
2026-06-09 20:14:39,14361,5794,32.8
2026-06-09 20:14:41,14363,5795,33.2
2026-06-09 20:14:43,14365,5796,22.3
2026-06-09 20:14:45,14367,5797,31.5
2026-06-09 20:14:47,14369,5798,27.3
2026-06-09 20:14:49,14371,5799,42.5
2026-06-09 20:14:51,14373,5800,32.8
2026-06-09 20:14:53,14375,5801,22.1
2026-06-09 20:14:55,14377,5802,32.8
2026-06-09 20:14:57,14379,5803,49.5
2026-06-09 20:14:59,14381,5804,43.5
2026-06-09 20:15:01,14383,5805,34.0
2026-06-09 20:15:03,14385,5806,26.7
2026-06-09 20:15:05,14387,5807,38.0
2026-06-09 20:15:08,14390,5808,20.2
2026-06-09 20:15:10,14392,5809,31.8
2026-06-09 20:15:12,14394,5810,31.7
2026-06-09 20:15:14,14396,5811,30.3
2026-06-09 20:15:16,14398,5812,27.0
2026-06-09 20:15:18,14400,5813,41.3
2026-06-09 20:15:20,14402,5814,26.3
2026-06-09 20:15:22,14404,5815,40.5
2026-06-09 20:15:24,14406,5816,26.7
2026-06-09 20:15:26,14408,5817,31.9
2026-06-09 20:15:28,14410,5818,41.9
2026-06-09 20:15:30,14412,5819,39.5
2026-06-09 20:15:32,14414,5820,24.5
2026-06-09 20:15:34,14416,5821,30.7
2026-06-09 20:15:36,14418,5822,37.4
2026-06-09 20:15:38,14420,5823,47.1
2026-06-09 20:15:40,14422,5824,35.6
2026-06-09 20:15:42,14424,5825,36.1
2026-06-09 20:15:44,14426,5826,29.8
2026-06-09 20:15:46,14428,5827,18.8
2026-06-09 20:15:48,14430,5828,22.5
2026-06-09 20:15:50,14432,5829,22.6
2026-06-09 20:15:52,14434,5830,31.5
2026-06-09 20:15:54,14436,5831,44.6
2026-06-09 20:15:57,14439,5832,23.5
2026-06-09 20:15:59,14441,5833,37.1
2026-06-09 20:16:01,14443,5834,22.3
2026-06-09 20:16:03,14445,5835,29.1
2026-06-09 20:16:05,14447,5836,34.2
2026-06-09 20:16:07,14449,5837,30.2
2026-06-09 20:16:09,14451,5838,27.0
2026-06-09 20:16:11,14453,5839,36.3
2026-06-09 20:16:13,14455,5840,28.6
2026-06-09 20:16:15,14457,5841,545
2026-06-09 20:16:17,14459,5842,137
2026-06-09 20:16:19,14461,5843,152
2026-06-09 20:16:22,14464,5844,53.3
2026-06-09 20:16:24,14466,5845,50.4
2026-06-09 20:16:26,14468,5846,359
2026-06-09 20:16:28,14470,5847,120
2026-06-09 20:16:31,14473,5848,177
2026-06-09 20:16:34,14476,5849,73.5
2026-06-09 20:16:37,14479,5850,43.1
2026-06-09 20:16:40,14482,5851,103
2026-06-09 20:16:43,14485,5852,115
2026-06-09 20:16:46,14488,5853,209
2026-06-09 20:16:49,14491,5854,93.8
2026-06-09 20:16:52,14494,5855,85.2
2026-06-09 20:16:55,14497,5856,205
2026-06-09 20:16:58,14500,5857,232
2026-06-09 20:17:01,14503,5858,143
2026-06-09 20:17:05,14507,5859,24.5
2026-06-09 20:17:08,14510,5860,138
2026-06-09 20:17:11,14513,5861,33.5
2026-06-09 20:17:13,14515,5862,25.4
2026-06-09 20:17:17,14519,5863,105
2026-06-09 20:17:20,14522,5864,136
2026-06-09 20:17:23,14525,5865,50.0
2026-06-09 20:17:26,14528,5866,155
2026-06-09 20:17:29,14531,5867,24.6
2026-06-09 20:17:32,14534,5868,211
2026-06-09 20:17:35,14537,5869,73.3
2026-06-09 20:17:38,14540,5870,127
2026-06-09 20:17:41,14543,5871,148
2026-06-09 20:17:44,14546,5872,199
2026-06-09 20:17:47,14549,5873,85.3
2026-06-09 20:17:50,14552,5874,43.0
2026-06-09 20:17:53,14555,5875,47.1
2026-06-09 20:17:56,14558,5876,292
2026-06-09 20:17:59,14561,5877,244
2026-06-09 20:18:02,14564,5878,39.9
2026-06-09 20:18:05,14567,5879,33.7
2026-06-09 20:18:08,14570,5880,23.5
2026-06-09 20:18:11,14573,5881,124
2026-06-09 20:18:15,14577,5882,221
2026-06-09 20:18:18,14580,5883,25.4
2026-06-09 20:18:21,14583,5884,257
2026-06-09 20:18:24,14586,5885,195
2026-06-09 20:18:27,14589,5886,133
2026-06-09 20:18:30,14592,5887,138
2026-06-09 20:18:33,14595,5888,81.6
2026-06-09 20:18:36,14598,5889,31.0
2026-06-09 20:18:39,14601,5890,65.2
2026-06-09 20:18:42,14604,5891,112
2026-06-09 20:18:45,14607,5892,33.5
2026-06-09 20:18:48,14610,5893,58.5
2026-06-09 20:18:51,14613,5894,25.0
2026-06-09 20:18:55,14617,5895,27.3
2026-06-09 20:18:58,14620,5896,103
2026-06-09 20:19:01,14623,5897,141
2026-06-09 20:19:04,14626,5898,119
2026-06-09 20:19:06,14628,5899,164
2026-06-09 20:19:10,14632,5900,86.9
2026-06-09 20:19:13,14635,5901,12.1
2026-06-09 20:19:16,14638,5902,116
2026-06-09 20:19:19,14641,5903,64.6
2026-06-09 20:19:22,14644,5904,51.4
2026-06-09 20:19:25,14647,5905,142
2026-06-09 20:19:29,14651,5906,71.2
2026-06-09 20:19:32,14654,5907,159
2026-06-09 20:19:35,14657,5908,54.4
2026-06-09 20:19:38,14660,5909,125
2026-06-09 20:19:41,14663,5910,132
2026-06-09 20:19:45,14667,5911,242
2026-06-09 20:19:48,14670,5912,90.5
2026-06-09 20:19:51,14673,5913,177
2026-06-09 20:19:54,14676,5914,33.6
2026-06-09 20:19:57,14679,5915,84.9
2026-06-09 20:20:00,14682,5916,337
2026-06-09 20:20:03,14685,5917,55.7
2026-06-09 20:20:06,14688,5918,30.8
2026-06-09 20:20:09,14691,5919,34.6
2026-06-09 20:20:13,14695,5920,289
2026-06-09 20:20:15,14697,5921,48.7
2026-06-09 20:20:18,14700,5922,35.2
2026-06-09 20:20:22,14704,5923,144
2026-06-09 20:20:25,14707,5924,116
2026-06-09 20:20:28,14710,5925,28.9
2026-06-09 20:20:31,14713,5926,110
2026-06-09 20:20:34,14716,5927,151
2026-06-09 20:20:37,14719,5928,34.7
2026-06-09 20:20:41,14723,5929,249
2026-06-09 20:20:44,14726,5930,72.3
2026-06-09 20:20:47,14729,5931,23.6
2026-06-09 20:20:50,14732,5932,32.8
2026-06-09 20:20:53,14735,5933,30.1
2026-06-09 20:20:56,14738,5934,48.8
2026-06-09 20:20:59,14741,5935,28.2
2026-06-09 20:21:02,14744,5936,81.3
2026-06-09 20:21:05,14747,5937,156
2026-06-09 20:21:08,14750,5938,62.0
2026-06-09 20:21:11,14753,5939,57.1
2026-06-09 20:21:14,14756,5940,16.8
2026-06-09 20:21:17,14759,5941,181
2026-06-09 20:21:20,14762,5942,315
2026-06-09 20:21:23,14765,5943,121
2026-06-09 20:21:26,14768,5944,30.7
2026-06-09 20:21:29,14771,5945,53.1
2026-06-09 20:21:32,14774,5946,159
2026-06-09 20:21:35,14777,5947,25.1
2026-06-09 20:21:38,14780,5948,31.2
2026-06-09 20:21:42,14784,5949,37.9
2026-06-09 20:21:45,14787,5950,245
2026-06-09 20:21:48,14790,5951,64.9
2026-06-09 20:21:51,14793,5952,177
2026-06-09 20:21:54,14796,5953,37.1
2026-06-09 20:21:57,14799,5954,91.6
2026-06-09 20:22:00,14802,5955,36.1
2026-06-09 20:22:03,14805,5956,50.9
2026-06-09 20:22:06,14808,5957,240
2026-06-09 20:22:09,14811,5958,70.1
2026-06-09 20:22:13,14815,5959,91.9
2026-06-09 20:22:16,14818,5960,86.0
2026-06-09 20:22:19,14821,5961,31.8
2026-06-09 20:22:22,14824,5962,16.2
2026-06-09 20:22:25,14827,5963,41.7
2026-06-09 20:22:29,14831,5964,99.5
2026-06-09 20:22:32,14834,5965,137
2026-06-09 20:22:35,14837,5966,105
2026-06-09 20:22:38,14840,5967,135
2026-06-09 20:22:42,14844,5968,72.1
2026-06-09 20:22:45,14847,5969,39.8
2026-06-09 20:22:48,14850,5970,85.0
2026-06-09 20:22:51,14853,5971,61.5
2026-06-09 20:22:54,14856,5972,41.3
2026-06-09 20:22:58,14860,5973,106
2026-06-09 20:23:01,14863,5974,50.3
2026-06-09 20:23:04,14866,5975,56.6
2026-06-09 20:23:07,14869,5976,42.1
2026-06-09 20:23:10,14872,5977,45.8
2026-06-09 20:23:14,14876,5978,73.8
2026-06-09 20:23:16,14878,5979,33.7
2026-06-09 20:23:20,14882,5980,52.6
2026-06-09 20:23:22,14884,5981,36.6
2026-06-09 20:23:25,14887,5982,83.8
2026-06-09 20:23:28,14890,5983,171
2026-06-09 20:23:31,14893,5984,144
2026-06-09 20:23:34,14896,5985,66.5
2026-06-09 20:23:37,14899,5986,114
2026-06-09 20:23:41,14903,5987,63.2
2026-06-09 20:23:44,14906,5988,137
2026-06-09 20:23:47,14909,5989,48.0
2026-06-09 20:23:50,14912,5990,53.0
2026-06-09 20:23:53,14915,5991,245
2026-06-09 20:23:57,14919,5992,30.4
2026-06-09 20:24:00,14922,5993,17.1
2026-06-09 20:24:03,14925,5994,68.9
2026-06-09 20:24:06,14928,5995,49.4
2026-06-09 20:24:09,14931,5996,81.5
2026-06-09 20:24:12,14934,5997,77.5
2026-06-09 20:24:16,14938,5998,35.0
2026-06-09 20:24:19,14941,5999,74.8
2026-06-09 20:24:22,14944,6000,91.6
2026-06-09 20:24:25,14947,6001,71.9
2026-06-09 20:24:28,14950,6002,282
2026-06-09 20:24:31,14953,6003,212
2026-06-09 20:24:35,14957,6004,36.8
2026-06-09 20:24:38,14960,6005,66.5
2026-06-09 20:24:41,14963,6006,71.6
2026-06-09 20:24:44,14966,6007,365
2026-06-09 20:24:47,14969,6008,139
2026-06-09 20:24:50,14972,6009,79.6
2026-06-09 20:24:53,14975,6010,87.9
2026-06-09 20:24:56,14978,6011,91.0
2026-06-09 20:24:59,14981,6012,230
2026-06-09 20:25:03,14985,6013,21.0
2026-06-09 20:25:06,14988,6014,75.6
2026-06-09 20:25:09,14991,6015,99.1
2026-06-09 20:25:12,14994,6016,25.6
2026-06-09 20:25:15,14997,6017,123
2026-06-09 20:25:18,15000,6018,27.8
2026-06-09 20:25:20,15002,6019,158
2026-06-09 20:25:23,15005,6020,49.2
2026-06-09 20:25:25,15007,6021,73.6
2026-06-09 20:25:27,15009,6022,165
2026-06-09 20:25:29,15011,6023,40.8
2026-06-09 20:25:31,15013,6024,65.8
2026-06-09 20:25:34,15016,6025,58.7
2026-06-09 20:25:37,15019,6026,179
2026-06-09 20:25:41,15023,6027,43.6
2026-06-09 20:25:44,15026,6028,117
2026-06-09 20:25:47,15029,6029,223
2026-06-09 20:25:50,15032,6030,27.8
2026-06-09 20:25:53,15035,6031,119
2026-06-09 20:25:57,15039,6032,63.3
2026-06-09 20:26:00,15042,6033,284
2026-06-09 20:26:03,15045,6034,38.2
2026-06-09 20:26:06,15048,6035,29.2
2026-06-09 20:26:09,15051,6036,152
2026-06-09 20:26:12,15054,6037,33.0
2026-06-09 20:26:16,15058,6038,27.1
2026-06-09 20:26:19,15061,6039,226
2026-06-09 20:26:22,15064,6040,29.5
2026-06-09 20:26:25,15067,6041,65.6
2026-06-09 20:26:28,15070,6042,112
2026-06-09 20:26:32,15074,6043,262
2026-06-09 20:26:35,15077,6044,87.3
2026-06-09 20:26:38,15080,6045,125
2026-06-09 20:26:41,15083,6046,258
2026-06-09 20:26:44,15086,6047,25.3
2026-06-09 20:26:47,15089,6048,258
2026-06-09 20:26:50,15092,6049,162
2026-06-09 20:26:53,15095,6050,20.0
2026-06-09 20:26:56,15098,6051,148
2026-06-09 20:26:59,15101,6052,301
2026-06-09 20:27:02,15104,6053,75.3
2026-06-09 20:27:05,15107,6054,73.5
2026-06-09 20:27:08,15110,6055,122
2026-06-09 20:27:11,15113,6056,34.4
2026-06-09 20:27:14,15116,6057,93.7
2026-06-09 20:27:17,15119,6058,55.7
2026-06-09 20:27:20,15122,6059,224
2026-06-09 20:27:24,15126,6060,124
2026-06-09 20:27:27,15129,6061,85.1
2026-06-09 20:27:30,15132,6062,246
2026-06-09 20:27:33,15135,6063,20.8
2026-06-09 20:27:36,15138,6064,45.1
2026-06-09 20:27:39,15141,6065,27.3
2026-06-09 20:27:42,15144,6066,51.1
2026-06-09 20:27:45,15147,6067,61.9
2026-06-09 20:27:48,15150,6068,87.5
2026-06-09 20:27:52,15154,6069,136
2026-06-09 20:27:55,15157,6070,36.5
2026-06-09 20:27:58,15160,6071,129
2026-06-09 20:28:02,15164,6072,122
2026-06-09 20:28:05,15167,6073,9.68
2026-06-09 20:28:08,15170,6074,124
2026-06-09 20:28:11,15173,6075,183
2026-06-09 20:28:14,15176,6076,230
2026-06-09 20:28:18,15180,6077,177
2026-06-09 20:28:21,15183,6078,42.2
2026-06-09 20:28:24,15186,6079,140
2026-06-09 20:28:27,15189,6080,38.2
2026-06-09 20:28:30,15192,6081,54.0
2026-06-09 20:28:33,15195,6082,50.7
2026-06-09 20:28:36,15198,6083,46.7
2026-06-09 20:28:39,15201,6084,15.6
2026-06-09 20:28:42,15204,6085,152
2026-06-09 20:28:45,15207,6086,90.7
2026-06-09 20:28:48,15210,6087,85.3
2026-06-09 20:28:51,15213,6088,97.4
2026-06-09 20:28:55,15217,6089,381
2026-06-09 20:28:58,15220,6090,157
2026-06-09 20:29:01,15223,6091,75.8
2026-06-09 20:29:04,15226,6092,162
2026-06-09 20:29:07,15229,6093,74.7
2026-06-09 20:29:10,15232,6094,161
2026-06-09 20:29:13,15235,6095,27.6
2026-06-09 20:29:16,15238,6096,38.0
2026-06-09 20:29:19,15241,6097,76.9
2026-06-09 20:29:23,15245,6098,153
2026-06-09 20:29:26,15248,6099,60.1
2026-06-09 20:29:29,15251,6100,152
2026-06-09 20:29:32,15254,6101,88.1
2026-06-09 20:29:35,15257,6102,40.5
2026-06-09 20:29:39,15261,6103,91.8
2026-06-09 20:29:42,15264,6104,210
2026-06-09 20:29:45,15267,6105,140
2026-06-09 20:29:48,15270,6106,49.3
2026-06-09 20:29:51,15273,6107,149
2026-06-09 20:29:54,15276,6108,258
2026-06-09 20:29:57,15279,6109,37.8
2026-06-09 20:30:01,15283,6110,91.9
2026-06-09 20:30:04,15286,6111,287
2026-06-09 20:30:07,15289,6112,25.3
2026-06-09 20:30:10,15292,6113,212
2026-06-09 20:30:13,15295,6114,140
2026-06-09 20:30:16,15298,6115,18.4
2026-06-09 20:30:19,15301,6116,92.0
2026-06-09 20:30:23,15305,6117,232
2026-06-09 20:30:26,15308,6118,142
2026-06-09 20:30:29,15311,6119,33.8
2026-06-09 20:30:32,15314,6120,46.1
2026-06-09 20:30:35,15317,6121,159
2026-06-09 20:30:38,15320,6122,90.8
2026-06-09 20:30:42,15324,6123,243
2026-06-09 20:30:45,15327,6124,27.8
2026-06-09 20:30:48,15330,6125,36.6
2026-06-09 20:30:51,15333,6126,108
2026-06-09 20:30:54,15336,6127,53.5
2026-06-09 20:30:58,15340,6128,140
2026-06-09 20:31:01,15343,6129,41.6
2026-06-09 20:31:04,15346,6130,22.2
2026-06-09 20:31:07,15349,6131,74.5
2026-06-09 20:31:10,15352,6132,50.5
2026-06-09 20:31:13,15355,6133,144
2026-06-09 20:31:17,15359,6134,24.2
2026-06-09 20:31:20,15362,6135,15.5
2026-06-09 20:31:23,15365,6136,167
2026-06-09 20:31:26,15368,6137,85.1
2026-06-09 20:31:29,15372,6138,99.3
2026-06-09 20:31:33,15375,6139,26.1
2026-06-09 20:31:36,15378,6140,80.3
2026-06-09 20:31:39,15381,6141,81.4
2026-06-09 20:31:43,15385,6142,127
2026-06-09 20:31:46,15388,6143,128
2026-06-09 20:31:49,15391,6144,300
2026-06-09 20:31:52,15394,6145,161
2026-06-09 20:31:56,15398,6146,81.9
2026-06-09 20:31:59,15401,6147,36.2
2026-06-09 20:32:02,15404,6148,62.3
2026-06-09 20:32:05,15407,6149,265
2026-06-09 20:32:08,15410,6150,25.0
2026-06-09 20:32:12,15414,6151,137
2026-06-09 20:32:15,15417,6152,104
2026-06-09 20:32:18,15420,6153,18.1
2026-06-09 20:32:21,15423,6154,127
2026-06-09 20:32:24,15426,6155,204
2026-06-09 20:32:27,15429,6156,161
2026-06-09 20:32:31,15433,6157,30.5
2026-06-09 20:32:34,15436,6158,217
2026-06-09 20:32:37,15439,6159,25.9
2026-06-09 20:32:40,15442,6160,130
2026-06-09 20:32:43,15445,6161,90.7
2026-06-09 20:32:46,15448,6162,140
2026-06-09 20:32:49,15451,6163,28.5
2026-06-09 20:32:52,15454,6164,176
2026-06-09 20:32:55,15457,6165,20.4
2026-06-09 20:32:58,15460,6166,86.6
2026-06-09 20:33:01,15463,6167,159
2026-06-09 20:33:04,15466,6168,42.8
2026-06-09 20:33:08,15470,6169,25.6
2026-06-09 20:33:11,15473,6170,74.0
2026-06-09 20:33:14,15476,6171,67.8
2026-06-09 20:33:17,15479,6172,32.3
2026-06-09 20:33:20,15482,6173,209
2026-06-09 20:33:23,15485,6174,83.4
2026-06-09 20:33:26,15488,6175,35.8
2026-06-09 20:33:29,15491,6176,68.3
2026-06-09 20:33:32,15494,6177,228
2026-06-09 20:33:35,15497,6178,211
2026-06-09 20:33:38,15500,6179,26.6
2026-06-09 20:33:40,15502,6180,168
2026-06-09 20:33:43,15505,6181,241
2026-06-09 20:33:46,15508,6182,99.2
2026-06-09 20:33:50,15512,6183,242
2026-06-09 20:33:52,15514,6184,219
2026-06-09 20:33:55,15517,6185,62.0
2026-06-09 20:33:58,15520,6186,220
2026-06-09 20:34:01,15523,6187,99.8
2026-06-09 20:34:04,15526,6188,105
2026-06-09 20:34:07,15529,6189,212
2026-06-09 20:34:10,15532,6190,33.6
2026-06-09 20:34:13,15535,6191,194
2026-06-09 20:34:16,15538,6192,18.9
2026-06-09 20:34:18,15540,6193,181
2026-06-09 20:34:21,15543,6194,59.9
2026-06-09 20:34:23,15545,6195,46.3
2026-06-09 20:34:25,15547,6196,142
2026-06-09 20:34:27,15549,6197,61.7
2026-06-09 20:34:30,15552,6198,134
2026-06-09 20:34:32,15554,6199,42.3
2026-06-09 20:34:34,15556,6200,51.1
2026-06-09 20:34:36,15558,6201,39.0
2026-06-09 20:34:39,15561,6202,28.8
2026-06-09 20:34:40,15562,6203,195
2026-06-09 20:34:43,15565,6204,173
2026-06-09 20:34:45,15567,6205,187
2026-06-09 20:34:47,15569,6206,198
2026-06-09 20:34:49,15571,6207,220
2026-06-09 20:34:51,15573,6208,225
2026-06-09 20:34:53,15575,6209,212
2026-06-09 20:34:56,15578,6210,165
2026-06-09 20:34:58,15580,6211,217
2026-06-09 20:35:00,15582,6212,217
2026-06-09 20:35:02,15584,6213,219
2026-06-09 20:35:04,15586,6214,178
2026-06-09 20:35:07,15589,6215,199
2026-06-09 20:35:09,15591,6216,180
2026-06-09 20:35:11,15593,6217,35.5
2026-06-09 20:35:13,15595,6218,557
2026-06-09 20:35:16,15598,6219,34.1
2026-06-09 20:35:18,15600,6220,40.6
2026-06-09 20:35:21,15603,6221,16.5
2026-06-09 20:35:24,15606,6222,38.9
2026-06-09 20:35:27,15609,6223,30.1
2026-06-09 20:35:29,15611,6224,28.5
2026-06-09 20:35:32,15614,6225,24.0
2026-06-09 20:35:35,15617,6226,25.5
2026-06-09 20:35:37,15619,6227,45.6
2026-06-09 20:35:40,15622,6228,57.0
2026-06-09 20:35:43,15625,6229,53.4
2026-06-09 20:35:45,15627,6230,44.4
2026-06-09 20:35:48,15630,6231,77.4
2026-06-09 20:35:51,15633,6232,536
2026-06-09 20:35:53,15635,6233,333
2026-06-09 20:35:55,15637,6234,270
2026-06-09 20:35:58,15640,6235,109
2026-06-09 20:36:00,15642,6236,111
2026-06-09 20:36:02,15644,6237,43.8
2026-06-09 20:36:04,15646,6238,31.6
2026-06-09 20:36:06,15648,6239,208
2026-06-09 20:36:09,15651,6240,45.2
2026-06-09 20:36:12,15654,6241,39.8
2026-06-09 20:36:15,15657,6242,102
2026-06-09 20:36:18,15660,6243,83.4
2026-06-09 20:36:21,15663,6244,39.6
2026-06-09 20:36:25,15667,6245,169
2026-06-09 20:36:28,15670,6246,187
2026-06-09 20:36:31,15673,6247,43.2
2026-06-09 20:36:34,15676,6248,102
2026-06-09 20:36:37,15679,6249,41.6
2026-06-09 20:36:40,15682,6250,111
2026-06-09 20:36:43,15685,6251,52.5
2026-06-09 20:36:46,15688,6252,23.3
2026-06-09 20:36:49,15691,6253,55.1
2026-06-09 20:36:52,15694,6254,60.1
2026-06-09 20:36:56,15698,6255,93.8
2026-06-09 20:36:59,15701,6256,25.1
2026-06-09 20:37:02,15704,6257,33.3
2026-06-09 20:37:05,15707,6258,88.3
2026-06-09 20:37:08,15710,6259,76.2
2026-06-09 20:37:11,15713,6260,78.7
2026-06-09 20:37:14,15716,6261,42.0
2026-06-09 20:37:17,15719,6262,63.6
2026-06-09 20:37:20,15722,6263,131
2026-06-09 20:37:23,15725,6264,139
2026-06-09 20:37:26,15728,6265,72.8
2026-06-09 20:37:29,15731,6266,73.3
2026-06-09 20:37:32,15734,6267,64.1
2026-06-09 20:37:35,15737,6268,138
2026-06-09 20:37:38,15740,6269,29.5
2026-06-09 20:37:41,15743,6270,209
2026-06-09 20:37:45,15747,6271,45.0
2026-06-09 20:37:48,15750,6272,78.3
2026-06-09 20:37:51,15753,6273,24.4
2026-06-09 20:37:54,15756,6274,51.5
2026-06-09 20:37:57,15759,6275,110
2026-06-09 20:38:00,15762,6276,66.7
2026-06-09 20:38:03,15765,6277,41.2
2026-06-09 20:38:06,15768,6278,150
2026-06-09 20:38:09,15771,6279,78.3
2026-06-09 20:38:12,15774,6280,188
2026-06-09 20:38:15,15777,6281,30.9
2026-06-09 20:38:18,15780,6282,82.7
2026-06-09 20:38:21,15783,6283,151
2026-06-09 20:38:24,15786,6284,32.2
2026-06-09 20:38:27,15789,6285,119
2026-06-09 20:38:31,15793,6286,132
2026-06-09 20:38:34,15796,6287,51.7
2026-06-09 20:38:37,15799,6288,66.0
2026-06-09 20:38:40,15802,6289,189
2026-06-09 20:38:43,15805,6290,29.3
2026-06-09 20:38:46,15808,6291,25.7
2026-06-09 20:38:50,15812,6292,41.2
2026-06-09 20:38:53,15815,6293,224
2026-06-09 20:38:56,15818,6294,306
2026-06-09 20:38:59,15821,6295,99.3
2026-06-09 20:39:01,15823,6296,311
2026-06-09 20:39:04,15826,6297,67.5
2026-06-09 20:39:07,15829,6298,44.6
2026-06-09 20:39:11,15833,6299,166
2026-06-09 20:39:14,15836,6300,21.1
2026-06-09 20:39:17,15839,6301,43.6
2026-06-09 20:39:20,15842,6302,56.8
2026-06-09 20:39:23,15845,6303,45.7
2026-06-09 20:39:26,15848,6304,35.7
2026-06-09 20:39:29,15851,6305,138
2026-06-09 20:39:33,15855,6306,104
2026-06-09 20:39:36,15858,6307,25.3
2026-06-09 20:39:39,15861,6308,71.8
2026-06-09 20:39:42,15864,6309,200
2026-06-09 20:39:45,15867,6310,93.5
2026-06-09 20:39:48,15870,6311,62.4
2026-06-09 20:39:51,15873,6312,85.0
2026-06-09 20:39:54,15876,6313,137
2026-06-09 20:39:57,15879,6314,75.2
2026-06-09 20:40:00,15882,6315,33.8
2026-06-09 20:40:02,15884,6316,44.9
2026-06-09 20:40:05,15887,6317,112
2026-06-09 20:40:08,15890,6318,111
2026-06-09 20:40:11,15893,6319,292
2026-06-09 20:40:14,15896,6320,103
2026-06-09 20:40:17,15899,6321,45.9
2026-06-09 20:40:20,15902,6322,63.8
2026-06-09 20:40:23,15905,6323,48.5
2026-06-09 20:40:26,15908,6324,111
2026-06-09 20:40:29,15911,6325,218
2026-06-09 20:40:32,15914,6326,26.4
2026-06-09 20:40:35,15917,6327,111
2026-06-09 20:40:38,15920,6328,53.2
2026-06-09 20:40:41,15923,6329,253
2026-06-09 20:40:44,15926,6330,142
2026-06-09 20:40:47,15929,6331,153
2026-06-09 20:40:50,15932,6332,239
2026-06-09 20:40:53,15935,6333,102
2026-06-09 20:40:56,15938,6334,287
2026-06-09 20:40:59,15941,6335,81.9
2026-06-09 20:41:02,15944,6336,143
2026-06-09 20:41:05,15947,6337,35.9
2026-06-09 20:41:09,15951,6338,42.7
2026-06-09 20:41:12,15954,6339,107
2026-06-09 20:41:15,15957,6340,154
2026-06-09 20:41:18,15960,6341,147
2026-06-09 20:41:21,15963,6342,38.4
2026-06-09 20:41:24,15966,6343,31.2
2026-06-09 20:41:27,15969,6344,60.5
2026-06-09 20:41:30,15972,6345,24.1
2026-06-09 20:41:33,15975,6346,27.4
2026-06-09 20:41:36,15978,6347,179
2026-06-09 20:41:39,15981,6348,22.1
2026-06-09 20:41:42,15984,6349,34.1
2026-06-09 20:41:45,15987,6350,32.3
2026-06-09 20:41:48,15990,6351,79.6
2026-06-09 20:41:51,15993,6352,18.3
2026-06-09 20:41:54,15996,6353,185
2026-06-09 20:41:57,15999,6354,387
2026-06-09 20:42:00,16002,6355,97.6
2026-06-09 20:42:03,16005,6356,225
2026-06-09 20:42:06,16008,6357,37.9
2026-06-09 20:42:09,16011,6358,45.4
2026-06-09 20:42:12,16014,6359,35.5
2026-06-09 20:42:15,16017,6360,82.1
2026-06-09 20:42:18,16020,6361,34.3
2026-06-09 20:42:21,16023,6362,40.9
2026-06-09 20:42:24,16026,6363,41.1
2026-06-09 20:42:27,16029,6364,59.1
2026-06-09 20:42:30,16032,6365,145
2026-06-09 20:42:33,16035,6366,93.9
2026-06-09 20:42:36,16038,6367,19.8
2026-06-09 20:42:39,16041,6368,170
2026-06-09 20:42:42,16044,6369,18.1
2026-06-09 20:42:46,16048,6370,24.5
2026-06-09 20:42:49,16051,6371,25.3
2026-06-09 20:42:52,16054,6372,70.5
2026-06-09 20:42:54,16056,6373,374
2026-06-09 20:42:58,16060,6374,105
2026-06-09 20:43:01,16063,6375,149
2026-06-09 20:43:04,16066,6376,104
2026-06-09 20:43:07,16069,6377,30.0
2026-06-09 20:43:10,16072,6378,103
2026-06-09 20:43:13,16075,6379,147
2026-06-09 20:43:17,16079,6380,61.7
2026-06-09 20:43:20,16082,6381,141
2026-06-09 20:43:23,16085,6382,25.3
2026-06-09 20:43:26,16088,6383,95.7
2026-06-09 20:43:29,16091,6384,87.0
2026-06-09 20:43:32,16094,6385,77.8
2026-06-09 20:43:35,16097,6386,154
2026-06-09 20:43:38,16100,6387,66.9
2026-06-09 20:43:41,16103,6388,268
2026-06-09 20:43:44,16106,6389,299
2026-06-09 20:43:47,16109,6390,255
2026-06-09 20:43:50,16112,6391,88.9
2026-06-09 20:43:53,16115,6392,115
2026-06-09 20:43:56,16118,6393,56.3
2026-06-09 20:43:59,16121,6394,189
2026-06-09 20:44:02,16124,6395,76.0
2026-06-09 20:44:05,16127,6396,79.5
2026-06-09 20:44:08,16130,6397,22.6
2026-06-09 20:44:11,16133,6398,67.9
2026-06-09 20:44:15,16137,6399,137
2026-06-09 20:44:18,16140,6400,70.8
2026-06-09 20:44:21,16143,6401,44.5
2026-06-09 20:44:24,16146,6402,121
2026-06-09 20:44:27,16149,6403,135
2026-06-09 20:44:30,16152,6404,249
2026-06-09 20:44:33,16155,6405,69.9
2026-06-09 20:44:36,16158,6406,27.8
2026-06-09 20:44:39,16161,6407,86.5
2026-06-09 20:44:42,16164,6408,211
2026-06-09 20:44:45,16167,6409,33.8
2026-06-09 20:44:47,16169,6410,119
2026-06-09 20:44:50,16172,6411,159
2026-06-09 20:44:52,16174,6412,122
2026-06-09 20:44:54,16176,6413,57.4
2026-06-09 20:44:57,16179,6414,264
2026-06-09 20:44:59,16181,6415,58.9
2026-06-09 20:45:02,16184,6416,19.3
2026-06-09 20:45:05,16187,6417,28.9
2026-06-09 20:45:08,16190,6418,46.8
2026-06-09 20:45:11,16193,6419,128
2026-06-09 20:45:15,16197,6420,150
2026-06-09 20:45:18,16200,6421,72.5
2026-06-09 20:45:21,16203,6422,63.7
2026-06-09 20:45:24,16206,6423,287
2026-06-09 20:45:27,16209,6424,71.9
2026-06-09 20:45:31,16213,6425,28.8
2026-06-09 20:45:34,16216,6426,133
2026-06-09 20:45:37,16219,6427,27.0
2026-06-09 20:45:40,16222,6428,26.3
2026-06-09 20:45:43,16225,6429,100
2026-06-09 20:45:46,16228,6430,96.6
2026-06-09 20:45:49,16231,6431,146
2026-06-09 20:45:52,16234,6432,170
2026-06-09 20:45:55,16237,6433,32.4
2026-06-09 20:45:58,16240,6434,32.8
2026-06-09 20:46:01,16243,6435,129
2026-06-09 20:46:04,16246,6436,152
2026-06-09 20:46:07,16249,6437,38.4
2026-06-09 20:46:11,16253,6438,131
2026-06-09 20:46:14,16256,6439,116
2026-06-09 20:46:17,16259,6440,39.2
2026-06-09 20:46:20,16262,6441,49.7
2026-06-09 20:46:23,16265,6442,149
2026-06-09 20:46:26,16268,6443,102
2026-06-09 20:46:29,16271,6444,163
2026-06-09 20:46:32,16274,6445,113
2026-06-09 20:46:35,16277,6446,38.6
2026-06-09 20:46:38,16280,6447,42.5
2026-06-09 20:46:41,16283,6448,142
2026-06-09 20:46:44,16286,6449,37.9
2026-06-09 20:46:47,16289,6450,150
2026-06-09 20:46:50,16292,6451,91.0
2026-06-09 20:46:53,16295,6452,157
2026-06-09 20:46:57,16299,6453,22.1
2026-06-09 20:47:00,16302,6454,30.7
2026-06-09 20:47:03,16305,6455,147
2026-06-09 20:47:06,16308,6456,76.0
2026-06-09 20:47:09,16311,6457,98.0
2026-06-09 20:47:12,16314,6458,46.2
2026-06-09 20:47:15,16317,6459,174
2026-06-09 20:47:18,16320,6460,36.9
2026-06-09 20:47:21,16323,6461,29.5
2026-06-09 20:47:24,16326,6462,94.3
2026-06-09 20:47:27,16329,6463,152
2026-06-09 20:47:30,16332,6464,32.4
2026-06-09 20:47:33,16335,6465,61.9
2026-06-09 20:47:36,16338,6466,61.7
2026-06-09 20:47:39,16341,6467,79.2
2026-06-09 20:47:42,16344,6468,95.5
2026-06-09 20:47:45,16347,6469,136
2026-06-09 20:47:48,16350,6470,115
2026-06-09 20:47:50,16352,6471,86.8
2026-06-09 20:47:54,16356,6472,88.3
2026-06-09 20:47:56,16358,6473,20.4
2026-06-09 20:47:59,16361,6474,16.9
2026-06-09 20:48:03,16365,6475,88.3
2026-06-09 20:48:06,16368,6476,223
2026-06-09 20:48:09,16371,6477,31.6
2026-06-09 20:48:11,16373,6478,42.4
2026-06-09 20:48:14,16376,6479,119
2026-06-09 20:48:17,16379,6480,123
2026-06-09 20:48:21,16383,6481,87.2
2026-06-09 20:48:24,16386,6482,45.8
2026-06-09 20:48:27,16389,6483,109
2026-06-09 20:48:30,16392,6484,108
2026-06-09 20:48:33,16395,6485,20.4
2026-06-09 20:48:36,16398,6486,133
2026-06-09 20:48:39,16401,6487,87.9
2026-06-09 20:48:42,16404,6488,50.2
2026-06-09 20:48:46,16408,6489,85.8
2026-06-09 20:48:49,16411,6490,35.2
2026-06-09 20:48:52,16414,6491,91.6
2026-06-09 20:48:55,16417,6492,247
2026-06-09 20:48:59,16421,6493,75.9
2026-06-09 20:49:02,16424,6494,128
2026-06-09 20:49:05,16427,6495,80.9
2026-06-09 20:49:08,16430,6496,285
2026-06-09 20:49:11,16433,6497,25.4
2026-06-09 20:49:14,16436,6498,78.0
2026-06-09 20:49:17,16439,6499,107
2026-06-09 20:49:20,16442,6500,89.0
2026-06-09 20:49:24,16446,6501,46.5
2026-06-09 20:49:27,16449,6502,138
2026-06-09 20:49:30,16452,6503,32.7
2026-06-09 20:49:33,16455,6504,50.3
2026-06-09 20:49:36,16458,6505,86.3
2026-06-09 20:49:39,16461,6506,161
2026-06-09 20:49:42,16464,6507,224
2026-06-09 20:49:45,16467,6508,22.5
2026-06-09 20:49:49,16471,6509,90.9
2026-06-09 20:49:52,16474,6510,37.5
2026-06-09 20:49:55,16477,6511,129
2026-06-09 20:49:58,16480,6512,87.9
2026-06-09 20:50:02,16484,6513,34.6
2026-06-09 20:50:05,16487,6514,32.7
2026-06-09 20:50:08,16490,6515,99.0
2026-06-09 20:50:11,16493,6516,54.6
2026-06-09 20:50:14,16496,6517,51.2
2026-06-09 20:50:18,16500,6518,101
2026-06-09 20:50:21,16503,6519,94.7
2026-06-09 20:50:24,16506,6520,82.0
2026-06-09 20:50:27,16509,6521,25.5
2026-06-09 20:50:30,16512,6522,46.6
2026-06-09 20:50:33,16515,6523,70.4
2026-06-09 20:50:36,16518,6524,115
2026-06-09 20:50:39,16521,6525,22.4
2026-06-09 20:50:42,16524,6526,67.2
2026-06-09 20:50:45,16527,6527,20.6
2026-06-09 20:50:48,16530,6528,193
2026-06-09 20:50:50,16532,6529,404
2026-06-09 20:50:52,16534,6530,112
2026-06-09 20:50:55,16537,6531,145
2026-06-09 20:50:57,16539,6532,306
2026-06-09 20:50:59,16541,6533,481
2026-06-09 20:51:01,16543,6534,407
2026-06-09 20:51:03,16545,6535,32.3
2026-06-09 20:51:06,16548,6536,79.8
2026-06-09 20:51:09,16551,6537,105
2026-06-09 20:51:12,16554,6538,45.3
2026-06-09 20:51:15,16557,6539,190
2026-06-09 20:51:18,16560,6540,91.2
2026-06-09 20:51:21,16563,6541,122
2026-06-09 20:51:24,16566,6542,42.8
2026-06-09 20:51:27,16569,6543,155
2026-06-09 20:51:31,16573,6544,171
2026-06-09 20:51:34,16576,6545,126
2026-06-09 20:51:36,16578,6546,40.3
2026-06-09 20:51:40,16582,6547,64.7
2026-06-09 20:51:43,16585,6548,209
2026-06-09 20:51:46,16588,6549,54.0
2026-06-09 20:51:49,16591,6550,21.0
2026-06-09 20:51:51,16593,6551,152
2026-06-09 20:51:55,16597,6552,123
2026-06-09 20:51:58,16600,6553,35.8
2026-06-09 20:52:00,16602,6554,35.6
2026-06-09 20:52:03,16605,6555,127
2026-06-09 20:52:07,16609,6556,155
2026-06-09 20:52:09,16611,6557,82.9
2026-06-09 20:52:12,16614,6558,41.7
2026-06-09 20:52:16,16618,6559,152
2026-06-09 20:52:19,16621,6560,52.0
2026-06-09 20:52:22,16624,6561,40.7
2026-06-09 20:52:25,16627,6562,87.9
2026-06-09 20:52:28,16630,6563,328
2026-06-09 20:52:31,16633,6564,154
2026-06-09 20:52:34,16636,6565,27.1
2026-06-09 20:52:37,16639,6566,159
2026-06-09 20:52:40,16642,6567,45.0
2026-06-09 20:52:43,16645,6568,63.2
2026-06-09 20:52:47,16649,6569,78.1
2026-06-09 20:52:50,16652,6570,14.0
2026-06-09 20:52:53,16655,6571,59.2
2026-06-09 20:52:56,16658,6572,157
2026-06-09 20:52:59,16661,6573,137
2026-06-09 20:53:01,16663,6574,111
2026-06-09 20:53:05,16667,6575,41.5
2026-06-09 20:53:08,16670,6576,63.6
2026-06-09 20:53:11,16673,6577,68.4
2026-06-09 20:53:14,16676,6578,202
2026-06-09 20:53:17,16679,6579,168
2026-06-09 20:53:21,16683,6580,48.0
2026-06-09 20:53:24,16686,6581,19.4
2026-06-09 20:53:27,16689,6582,29.4
2026-06-09 20:53:30,16692,6583,38.2
2026-06-09 20:53:33,16695,6584,68.2
2026-06-09 20:53:36,16698,6585,30.6
2026-06-09 20:53:40,16702,6586,34.0
2026-06-09 20:53:43,16705,6587,155
2026-06-09 20:53:46,16708,6588,134
2026-06-09 20:53:49,16711,6589,87.8
2026-06-09 20:53:52,16714,6590,222
2026-06-09 20:53:55,16717,6591,174
2026-06-09 20:53:58,16720,6592,118
2026-06-09 20:54:01,16723,6593,96.3
2026-06-09 20:54:04,16726,6594,126
2026-06-09 20:54:08,16730,6595,87.7
2026-06-09 20:54:11,16733,6596,147
2026-06-09 20:54:14,16736,6597,56.1
2026-06-09 20:54:17,16739,6598,176
2026-06-09 20:54:20,16742,6599,139
2026-06-09 20:54:23,16745,6600,32.9
2026-06-09 20:54:26,16748,6601,92.2
2026-06-09 20:54:30,16752,6602,62.3
2026-06-09 20:54:33,16755,6603,168
2026-06-09 20:54:36,16758,6604,40.0
2026-06-09 20:54:39,16761,6605,96.0
2026-06-09 20:54:42,16764,6606,226
2026-06-09 20:54:45,16767,6607,234
2026-06-09 20:54:48,16770,6608,32.9
2026-06-09 20:54:51,16773,6609,29.6
2026-06-09 20:54:54,16776,6610,88.2
2026-06-09 20:54:56,16778,6611,44.3
2026-06-09 20:55:00,16782,6612,50.6
2026-06-09 20:55:03,16785,6613,49.0
2026-06-09 20:55:06,16788,6614,36.1
2026-06-09 20:55:09,16791,6615,141
2026-06-09 20:55:12,16794,6616,36.5
2026-06-09 20:55:15,16797,6617,272
2026-06-09 20:55:18,16800,6618,221
2026-06-09 20:55:21,16803,6619,77.6
2026-06-09 20:55:24,16806,6620,356
2026-06-09 20:55:27,16809,6621,152
2026-06-09 20:55:30,16812,6622,44.0
2026-06-09 20:55:33,16815,6623,27.2
2026-06-09 20:55:36,16818,6624,176
2026-06-09 20:55:39,16821,6625,99.0
2026-06-09 20:55:42,16824,6626,140
2026-06-09 20:55:45,16827,6627,68.7
2026-06-09 20:55:48,16830,6628,98.8
2026-06-09 20:55:51,16833,6629,104
2026-06-09 20:55:54,16836,6630,33.2
2026-06-09 20:55:57,16839,6631,84.4
2026-06-09 20:56:01,16843,6632,251
2026-06-09 20:56:04,16846,6633,163
2026-06-09 20:56:07,16849,6634,30.9
2026-06-09 20:56:10,16852,6635,53.4
2026-06-09 20:56:13,16855,6636,83.8
2026-06-09 20:56:16,16858,6637,65.6
2026-06-09 20:56:19,16861,6638,24.1
2026-06-09 20:56:22,16864,6639,25.2
2026-06-09 20:56:25,16867,6640,121
2026-06-09 20:56:28,16870,6641,150
2026-06-09 20:56:31,16873,6642,19.8
2026-06-09 20:56:34,16876,6643,33.6
2026-06-09 20:56:37,16879,6644,26.2
2026-06-09 20:56:40,16882,6645,248
2026-06-09 20:56:43,16885,6646,64.6
2026-06-09 20:56:46,16888,6647,63.2
2026-06-09 20:56:49,16891,6648,60.8
2026-06-09 20:56:52,16894,6649,81.7
2026-06-09 20:56:56,16898,6650,159
2026-06-09 20:56:59,16901,6651,85.5
2026-06-09 20:57:02,16904,6652,127
2026-06-09 20:57:05,16907,6653,214
2026-06-09 20:57:08,16910,6654,24.8
2026-06-09 20:57:11,16913,6655,34.2
2026-06-09 20:57:14,16916,6656,145
2026-06-09 20:57:17,16919,6657,94.2
2026-06-09 20:57:20,16922,6658,120
2026-06-09 20:57:23,16925,6659,46.3
2026-06-09 20:57:26,16928,6660,44.3
2026-06-09 20:57:29,16931,6661,25.4
2026-06-09 20:57:32,16934,6662,230
2026-06-09 20:57:35,16937,6663,256
2026-06-09 20:57:39,16941,6664,15.5
2026-06-09 20:57:42,16944,6665,72.6
2026-06-09 20:57:45,16947,6666,126
2026-06-09 20:57:48,16950,6667,157
2026-06-09 20:57:51,16953,6668,193
2026-06-09 20:57:54,16956,6669,29.5
2026-06-09 20:57:57,16959,6670,124
2026-06-09 20:58:00,16962,6671,24.3
2026-06-09 20:58:03,16965,6672,293
2026-06-09 20:58:06,16968,6673,37.3
2026-06-09 20:58:09,16971,6674,182
2026-06-09 20:58:12,16974,6675,66.2
2026-06-09 20:58:15,16977,6676,54.7
2026-06-09 20:58:18,16980,6677,14.8
2026-06-09 20:58:21,16983,6678,75.2
2026-06-09 20:58:25,16987,6679,92.0
2026-06-09 20:58:28,16990,6680,92.3
2026-06-09 20:58:31,16993,6681,33.7
2026-06-09 20:58:34,16996,6682,46.7
2026-06-09 20:58:37,16999,6683,122
2026-06-09 20:58:41,17003,6684,69.4
2026-06-09 20:58:44,17006,6685,93.0
2026-06-09 20:58:47,17009,6686,39.1
2026-06-09 20:58:50,17012,6687,40.4
2026-06-09 20:58:53,17015,6688,32.1
2026-06-09 20:58:56,17018,6689,72.5
2026-06-09 20:58:59,17021,6690,80.9
2026-06-09 20:59:03,17025,6691,197
2026-06-09 20:59:05,17027,6692,32.5
2026-06-09 20:59:08,17030,6693,28.8
2026-06-09 20:59:11,17033,6694,125
2026-06-09 20:59:14,17036,6695,147
2026-06-09 20:59:18,17040,6696,28.6
2026-06-09 20:59:21,17043,6697,43.9
2026-06-09 20:59:24,17046,6698,130
2026-06-09 20:59:27,17049,6699,58.0
2026-06-09 20:59:29,17051,6700,102
2026-06-09 20:59:32,17054,6701,85.0
2026-06-09 20:59:35,17057,6702,44.6
2026-06-09 20:59:38,17060,6703,156
2026-06-09 20:59:41,17063,6704,341
2026-06-09 20:59:45,17067,6705,29.2
2026-06-09 20:59:48,17070,6706,34.8
2026-06-09 20:59:51,17073,6707,111
2026-06-09 20:59:53,17075,6708,124
2026-06-09 20:59:55,17077,6709,141
2026-06-09 20:59:58,17080,6710,85.5
2026-06-09 21:00:00,17082,6711,40.7
2026-06-09 21:00:02,17084,6712,184
2026-06-09 21:00:04,17086,6713,23.6
2026-06-09 21:00:06,17088,6714,60.8
2026-06-09 21:00:09,17091,6715,29.6
2026-06-09 21:00:12,17094,6716,88.8
2026-06-09 21:00:15,17097,6717,39.8
2026-06-09 21:00:18,17100,6718,281
2026-06-09 21:00:22,17104,6719,264
2026-06-09 21:00:25,17107,6720,70.9
2026-06-09 21:00:28,17110,6721,43.2
2026-06-09 21:00:31,17113,6722,54.5
2026-06-09 21:00:35,17117,6723,57.4
2026-06-09 21:00:37,17119,6724,39.3
2026-06-09 21:00:41,17123,6725,211
2026-06-09 21:00:44,17126,6726,221
2026-06-09 21:00:47,17129,6727,21.9
2026-06-09 21:00:50,17132,6728,200
2026-06-09 21:00:54,17136,6729,198
2026-06-09 21:00:57,17139,6730,52.8
2026-06-09 21:01:00,17142,6731,72.9
2026-06-09 21:01:03,17145,6732,175
2026-06-09 21:01:06,17148,6733,37.6
2026-06-09 21:01:09,17151,6734,51.5
2026-06-09 21:01:13,17155,6735,106
2026-06-09 21:01:16,17158,6736,30.0
2026-06-09 21:01:19,17161,6737,27.3
2026-06-09 21:01:22,17164,6738,36.0
2026-06-09 21:01:25,17167,6739,92.4
2026-06-09 21:01:28,17170,6740,48.6
2026-06-09 21:01:30,17172,6741,62.9
2026-06-09 21:01:33,17175,6742,35.0
2026-06-09 21:01:36,17178,6743,94.0
2026-06-09 21:01:39,17181,6744,99.1
2026-06-09 21:01:42,17184,6745,182
2026-06-09 21:01:45,17187,6746,101
2026-06-09 21:01:48,17190,6747,186
2026-06-09 21:01:51,17193,6748,100
2026-06-09 21:01:54,17196,6749,337
2026-06-09 21:01:57,17199,6750,29.4
2026-06-09 21:02:01,17203,6751,216
2026-06-09 21:02:04,17206,6752,131
2026-06-09 21:02:07,17209,6753,90.9
2026-06-09 21:02:10,17212,6754,218
2026-06-09 21:02:13,17215,6755,114
2026-06-09 21:02:16,17218,6756,38.6
2026-06-09 21:02:19,17221,6757,53.2
2026-06-09 21:02:23,17225,6758,53.9
2026-06-09 21:02:26,17228,6759,90.7
2026-06-09 21:02:29,17231,6760,76.3
2026-06-09 21:02:31,17233,6761,50.8
2026-06-09 21:02:35,17237,6762,46.1
2026-06-09 21:02:37,17239,6763,72.2
2026-06-09 21:02:41,17243,6764,20.2
2026-06-09 21:02:43,17245,6765,42.9
2026-06-09 21:02:47,17249,6766,127
2026-06-09 21:02:50,17252,6767,84.5
2026-06-09 21:02:53,17255,6768,82.2
2026-06-09 21:02:56,17258,6769,177
2026-06-09 21:02:59,17261,6770,39.4
2026-06-09 21:03:02,17264,6771,65.0
2026-06-09 21:03:05,17267,6772,65.0
2026-06-09 21:03:08,17270,6773,158
2026-06-09 21:03:11,17273,6774,25.1
2026-06-09 21:03:14,17276,6775,79.4
2026-06-09 21:03:18,17280,6776,157
2026-06-09 21:03:20,17283,6777,133
2026-06-09 21:03:24,17286,6778,129
2026-06-09 21:03:27,17289,6779,24.5
2026-06-09 21:03:30,17292,6780,42.9
2026-06-09 21:03:33,17295,6781,67.6
2026-06-09 21:03:36,17298,6782,78.6
2026-06-09 21:03:39,17301,6783,296
2026-06-09 21:03:42,17304,6784,76.8
2026-06-09 21:03:45,17307,6785,120
2026-06-09 21:03:49,17311,6786,157
2026-06-09 21:03:52,17314,6787,105
2026-06-09 21:03:55,17317,6788,161
2026-06-09 21:03:58,17320,6789,136
2026-06-09 21:04:01,17323,6790,51.5
2026-06-09 21:04:04,17326,6791,79.7
2026-06-09 21:04:07,17329,6792,29.4
2026-06-09 21:04:10,17332,6793,80.7
2026-06-09 21:04:13,17335,6794,59.5
2026-06-09 21:04:16,17338,6795,23.6
2026-06-09 21:04:20,17342,6796,84.4
2026-06-09 21:04:23,17345,6797,84.6
2026-06-09 21:04:26,17348,6798,45.0
2026-06-09 21:04:29,17351,6799,186
2026-06-09 21:04:32,17354,6800,38.5
2026-06-09 21:04:35,17357,6801,179
2026-06-09 21:04:38,17360,6802,22.5
2026-06-09 21:04:41,17363,6803,135
2026-06-09 21:04:44,17366,6804,61.5
2026-06-09 21:04:48,17370,6805,20.1
2026-06-09 21:04:51,17373,6806,119
2026-06-09 21:04:54,17376,6807,51.4
2026-06-09 21:04:57,17379,6808,72.4
2026-06-09 21:05:00,17382,6809,10.2
2026-06-09 21:05:03,17385,6810,176
2026-06-09 21:05:06,17388,6811,133
2026-06-09 21:05:09,17391,6812,107
2026-06-09 21:05:12,17394,6813,37.1
2026-06-09 21:05:15,17397,6814,219
2026-06-09 21:05:18,17400,6815,90.1
2026-06-09 21:05:21,17403,6816,25.9
2026-06-09 21:05:25,17407,6817,294
2026-06-09 21:05:28,17410,6818,168
2026-06-09 21:05:31,17413,6819,52.6
2026-06-09 21:05:34,17416,6820,77.8
2026-06-09 21:05:37,17419,6821,102
2026-06-09 21:05:40,17422,6822,151
2026-06-09 21:05:43,17425,6823,25.3
2026-06-09 21:05:46,17428,6824,79.8
2026-06-09 21:05:49,17431,6825,29.3
2026-06-09 21:05:52,17434,6826,192
2026-06-09 21:05:56,17438,6827,97.5
2026-06-09 21:05:59,17441,6828,104
2026-06-09 21:06:02,17444,6829,77.1
2026-06-09 21:06:05,17447,6830,55.4
2026-06-09 21:06:08,17450,6831,54.6
2026-06-09 21:06:11,17453,6832,167
2026-06-09 21:06:14,17456,6833,14.8
2026-06-09 21:06:17,17459,6834,66.5
2026-06-09 21:06:20,17462,6835,49.2
2026-06-09 21:06:24,17466,6836,90.7
2026-06-09 21:06:27,17469,6837,133
2026-06-09 21:06:30,17472,6838,74.3
2026-06-09 21:06:33,17475,6839,82.8
2026-06-09 21:06:37,17479,6840,175
2026-06-09 21:06:40,17482,6841,100
2026-06-09 21:06:43,17485,6842,115
2026-06-09 21:06:46,17488,6843,188
2026-06-09 21:06:48,17490,6844,138
2026-06-09 21:06:51,17493,6845,192
2026-06-09 21:06:55,17497,6846,37.1
2026-06-09 21:06:58,17500,6847,69.0
2026-06-09 21:07:01,17503,6848,42.9
2026-06-09 21:07:04,17506,6849,73.0
2026-06-09 21:07:07,17509,6850,35.4
2026-06-09 21:07:10,17512,6851,26.7
2026-06-09 21:07:13,17515,6852,66.9
2026-06-09 21:07:16,17518,6853,164
2026-06-09 21:07:19,17521,6854,174
2026-06-09 21:07:22,17524,6855,86.8
2026-06-09 21:07:25,17527,6856,35.5
2026-06-09 21:07:28,17530,6857,50.8
2026-06-09 21:07:31,17533,6858,34.2
2026-06-09 21:07:34,17536,6859,83.9
2026-06-09 21:07:38,17540,6860,30.2
2026-06-09 21:07:41,17543,6861,92.4
2026-06-09 21:07:44,17546,6862,50.7
2026-06-09 21:07:47,17549,6863,157
2026-06-09 21:07:50,17552,6864,58.2
2026-06-09 21:07:53,17555,6865,29.5
2026-06-09 21:07:56,17558,6866,48.8
2026-06-09 21:07:59,17561,6867,29.4
2026-06-09 21:08:02,17564,6868,40.7
2026-06-09 21:08:05,17567,6869,85.7
2026-06-09 21:08:08,17570,6870,29.9
2026-06-09 21:08:11,17573,6871,97.1
2026-06-09 21:08:15,17577,6872,46.2
2026-06-09 21:08:17,17579,6873,173
2026-06-09 21:08:21,17583,6874,107
2026-06-09 21:08:24,17586,6875,206
2026-06-09 21:08:27,17589,6876,62.7
2026-06-09 21:08:30,17592,6877,182
2026-06-09 21:08:33,17595,6878,139
2026-06-09 21:08:36,17598,6879,66.3
2026-06-09 21:08:39,17601,6880,223
2026-06-09 21:08:42,17604,6881,28.9
2026-06-09 21:08:45,17607,6882,166
2026-06-09 21:08:47,17609,6883,134
2026-06-09 21:08:49,17611,6884,79.4
2026-06-09 21:08:51,17613,6885,43.8
2026-06-09 21:08:53,17615,6886,27.6
2026-06-09 21:08:56,17618,6887,363
2026-06-09 21:08:58,17620,6888,29.9
2026-06-09 21:09:00,17622,6889,30.8
2026-06-09 21:09:02,17624,6890,40.3
2026-06-09 21:09:04,17626,6891,43.5
2026-06-09 21:09:06,17628,6892,41.4
2026-06-09 21:09:08,17630,6893,36.2
2026-06-09 21:09:10,17632,6894,39.1
2026-06-09 21:09:12,17634,6895,27.4
2026-06-09 21:09:14,17636,6896,42.1
2026-06-09 21:09:16,17638,6897,46.9
2026-06-09 21:09:18,17640,6898,33.2
2026-06-09 21:09:20,17642,6899,38.8
2026-06-09 21:09:22,17644,6900,33.2
2026-06-09 21:09:24,17646,6901,38.0
2026-06-09 21:09:26,17648,6902,36.3
2026-06-09 21:09:28,17650,6903,341
2026-06-09 21:09:30,17652,6904,112
2026-06-09 21:09:32,17654,6905,23.6
2026-06-09 21:09:35,17656,6906,34.2
2026-06-09 21:09:37,17659,6907,39.3
2026-06-09 21:09:39,17661,6908,34.8
2026-06-09 21:09:41,17663,6909,41.1
2026-06-09 21:09:43,17665,6910,29.0
2026-06-09 21:09:45,17667,6911,23.9
2026-06-09 21:09:47,17669,6912,22.6
2026-06-09 21:09:49,17671,6913,41.2
2026-06-09 21:09:51,17673,6914,26.4
2026-06-09 21:09:53,17675,6915,50.4
2026-06-09 21:09:55,17677,6916,34.4
2026-06-09 21:09:57,17679,6917,45.2
2026-06-09 21:09:59,17681,6918,40.6
2026-06-09 21:10:01,17683,6919,47.0
2026-06-09 21:10:03,17685,6920,26.6
2026-06-09 21:10:05,17687,6921,48.2
2026-06-09 21:10:07,17689,6922,271
2026-06-09 21:10:10,17692,6923,202
2026-06-09 21:10:12,17694,6924,67.0
2026-06-09 21:10:14,17696,6925,35.4
2026-06-09 21:10:16,17698,6926,44.0
2026-06-09 21:10:18,17700,6927,46.7
2026-06-09 21:10:20,17702,6928,29.9
2026-06-09 21:10:22,17704,6929,49.9
2026-06-09 21:10:24,17706,6930,39.8
2026-06-09 21:10:26,17708,6931,35.2
2026-06-09 21:10:28,17710,6932,28.3
2026-06-09 21:10:30,17712,6933,53.7
2026-06-09 21:10:32,17714,6934,36.1
2026-06-09 21:10:34,17716,6935,35.6
2026-06-09 21:10:36,17718,6936,44.1
2026-06-09 21:10:38,17720,6937,43.5
2026-06-09 21:10:40,17722,6938,23.3
2026-06-09 21:10:43,17725,6939,39.9
2026-06-09 21:10:44,17726,6940,35.1
2026-06-09 21:10:46,17728,6941,35.2
2026-06-09 21:10:49,17731,6942,32.9
2026-06-09 21:10:51,17733,6943,156
2026-06-09 21:10:53,17735,6944,32.1
2026-06-09 21:10:55,17737,6945,31.7
2026-06-09 21:10:57,17739,6946,38.9
2026-06-09 21:10:59,17741,6947,42.9
2026-06-09 21:11:01,17743,6948,31.7
2026-06-09 21:11:03,17745,6949,33.8
2026-06-09 21:11:05,17747,6950,51.4
2026-06-09 21:11:07,17749,6951,31.5
2026-06-09 21:11:09,17751,6952,38.2
2026-06-09 21:11:11,17753,6953,33.8
2026-06-09 21:11:13,17755,6954,35.8
2026-06-09 21:11:15,17757,6955,117
2026-06-09 21:11:17,17759,6956,26.4
2026-06-09 21:11:19,17761,6957,33.4
2026-06-09 21:11:21,17763,6958,27.3
2026-06-09 21:11:23,17765,6959,17.9
2026-06-09 21:11:25,17767,6960,37.6
2026-06-09 21:11:27,17769,6961,22.3
2026-06-09 21:11:29,17771,6962,278
2026-06-09 21:11:31,17773,6963,129
2026-06-09 21:11:34,17776,6964,196
2026-06-09 21:11:36,17778,6965,159
2026-06-09 21:11:38,17780,6966,19.9
2026-06-09 21:11:40,17782,6967,34.8
2026-06-09 21:11:42,17784,6968,44.5
2026-06-09 21:11:44,17786,6969,32.4
2026-06-09 21:11:46,17788,6970,31.2
2026-06-09 21:11:48,17790,6971,42.9
2026-06-09 21:11:50,17792,6972,34.8
2026-06-09 21:11:52,17794,6973,37.9
2026-06-09 21:11:54,17796,6974,40.8
2026-06-09 21:11:56,17798,6975,37.7
2026-06-09 21:11:58,17800,6976,36.1
2026-06-09 21:12:00,17802,6977,35.7
2026-06-09 21:12:02,17804,6978,39.1
2026-06-09 21:12:04,17806,6979,22.8
2026-06-09 21:12:06,17808,6980,31.4
2026-06-09 21:12:08,17810,6981,36.1
2026-06-09 21:12:10,17812,6982,168
2026-06-09 21:12:12,17814,6983,22.5
2026-06-09 21:12:14,17816,6984,23.1
2026-06-09 21:12:16,17818,6985,40.6
2026-06-09 21:12:18,17820,6986,43.5
2026-06-09 21:12:20,17822,6987,32.1
2026-06-09 21:12:22,17824,6988,30.3
2026-06-09 21:12:24,17826,6989,28.2
2026-06-09 21:12:26,17828,6990,36.0
2026-06-09 21:12:28,17830,6991,24.2
2026-06-09 21:12:30,17832,6992,27.9
2026-06-09 21:12:32,17834,6993,31.9
2026-06-09 21:12:34,17836,6994,88.3
2026-06-09 21:12:37,17839,6995,27.5
2026-06-09 21:12:39,17841,6996,20.8
2026-06-09 21:12:41,17843,6997,34.9
2026-06-09 21:12:43,17845,6998,39.5
2026-06-09 21:12:45,17847,6999,97.5
2026-06-09 21:12:47,17849,7000,31.9
2026-06-09 21:12:49,17851,7001,444
2026-06-09 21:12:51,17853,7002,169
2026-06-09 21:12:53,17855,7003,48.7
2026-06-09 21:12:56,17858,7004,75.3
2026-06-09 21:12:58,17860,7005,31.7
2026-06-09 21:13:00,17862,7006,69.6
2026-06-09 21:13:03,17865,7007,117
2026-06-09 21:13:06,17868,7008,19.5
2026-06-09 21:13:09,17871,7009,31.0
2026-06-09 21:13:12,17874,7010,169
2026-06-09 21:13:15,17877,7011,46.9
2026-06-09 21:13:19,17881,7012,110
2026-06-09 21:13:22,17884,7013,151
2026-06-09 21:13:25,17887,7014,358
2026-06-09 21:13:28,17890,7015,28.7
2026-06-09 21:13:31,17893,7016,28.9
2026-06-09 21:13:35,17897,7017,69.8
2026-06-09 21:13:38,17900,7018,85.5
2026-06-09 21:13:41,17903,7019,89.6
2026-06-09 21:13:45,17907,7020,264
2026-06-09 21:13:48,17910,7021,151
2026-06-09 21:13:51,17913,7022,25.3
2026-06-09 21:13:54,17916,7023,170
2026-06-09 21:13:57,17919,7024,75.5
2026-06-09 21:14:00,17922,7025,134
2026-06-09 21:14:03,17925,7026,19.1
2026-06-09 21:14:06,17928,7027,55.6
2026-06-09 21:14:10,17932,7028,165
2026-06-09 21:14:12,17934,7029,98.9
2026-06-09 21:14:15,17937,7030,64.0
2026-06-09 21:14:18,17940,7031,30.5
2026-06-09 21:14:21,17943,7032,25.4
2026-06-09 21:14:25,17947,7033,97.9
2026-06-09 21:14:28,17950,7034,51.2
2026-06-09 21:14:31,17953,7035,16.2
2026-06-09 21:14:34,17956,7036,44.3
2026-06-09 21:14:37,17959,7037,88.6
2026-06-09 21:14:40,17962,7038,26.4
2026-06-09 21:14:43,17965,7039,16.8
2026-06-09 21:14:46,17968,7040,78.3
2026-06-09 21:14:49,17971,7041,72.8
2026-06-09 21:14:52,17974,7042,121
2026-06-09 21:14:55,17977,7043,89.0
2026-06-09 21:14:58,17980,7044,125
2026-06-09 21:15:01,17983,7045,112
2026-06-09 21:15:04,17986,7046,59.6
2026-06-09 21:15:07,17989,7047,166
2026-06-09 21:15:10,17992,7048,77.9
2026-06-09 21:15:13,17995,7049,44.1
2026-06-09 21:15:17,17999,7050,17.7
2026-06-09 21:15:20,18002,7051,247
2026-06-09 21:15:23,18005,7052,189
2026-06-09 21:15:26,18008,7053,25.4
2026-06-09 21:15:29,18011,7054,88.3
2026-06-09 21:15:32,18014,7055,94.3
2026-06-09 21:15:35,18017,7056,18.4
2026-06-09 21:15:38,18020,7057,61.3
2026-06-09 21:15:41,18023,7058,72.9
2026-06-09 21:15:44,18026,7059,61.8
2026-06-09 21:15:47,18029,7060,126
2026-06-09 21:15:50,18032,7061,83.4
2026-06-09 21:15:53,18035,7062,96.4
2026-06-09 21:15:57,18039,7063,74.5
2026-06-09 21:15:59,18041,7064,164
2026-06-09 21:16:02,18044,7065,50.5
2026-06-09 21:16:05,18047,7066,55.9
2026-06-09 21:16:08,18050,7067,144
2026-06-09 21:16:11,18053,7068,53.4
2026-06-09 21:16:14,18056,7069,187
2026-06-09 21:16:17,18059,7070,34.6
2026-06-09 21:16:20,18062,7071,99.5
2026-06-09 21:16:23,18065,7072,119
2026-06-09 21:16:26,18068,7073,15.4
2026-06-09 21:16:29,18071,7074,201
2026-06-09 21:16:32,18074,7075,259
2026-06-09 21:16:35,18077,7076,153
2026-06-09 21:16:38,18080,7077,106
2026-06-09 21:16:41,18083,7078,241
2026-06-09 21:16:44,18086,7079,32.9
2026-06-09 21:16:47,18089,7080,73.2
2026-06-09 21:16:50,18092,7081,22.1
2026-06-09 21:16:53,18095,7082,135
2026-06-09 21:16:56,18098,7083,46.7
2026-06-09 21:16:59,18101,7084,25.7
2026-06-09 21:17:02,18104,7085,130
2026-06-09 21:17:05,18107,7086,189
2026-06-09 21:17:08,18110,7087,227
2026-06-09 21:17:12,18114,7088,14.6
2026-06-09 21:17:15,18117,7089,151
2026-06-09 21:17:18,18120,7090,20.5
2026-06-09 21:17:21,18123,7091,88.8
2026-06-09 21:17:25,18127,7092,58.3
2026-06-09 21:17:28,18130,7093,23.9
2026-06-09 21:17:31,18133,7094,52.3
2026-06-09 21:17:35,18137,7095,274
2026-06-09 21:17:38,18140,7096,172
2026-06-09 21:17:41,18143,7097,92.0
2026-06-09 21:17:44,18146,7098,25.3
2026-06-09 21:17:47,18149,7099,109
2026-06-09 21:17:51,18153,7100,60.2
2026-06-09 21:17:54,18156,7101,97.2
2026-06-09 21:17:57,18159,7102,92.0
2026-06-09 21:18:00,18162,7103,66.6
2026-06-09 21:18:03,18165,7104,245
2026-06-09 21:18:06,18168,7105,78.7
2026-06-09 21:18:09,18171,7106,51.1
2026-06-09 21:18:12,18174,7107,120
2026-06-09 21:18:15,18177,7108,118
2026-06-09 21:18:18,18180,7109,120
2026-06-09 21:18:21,18183,7110,103
2026-06-09 21:18:24,18186,7111,214
2026-06-09 21:18:27,18189,7112,196
2026-06-09 21:18:30,18192,7113,25.5
2026-06-09 21:18:33,18195,7114,26.6
2026-06-09 21:18:37,18199,7115,30.8
2026-06-09 21:18:40,18202,7116,54.5
2026-06-09 21:18:43,18205,7117,30.9
2026-06-09 21:18:46,18208,7118,68.1
2026-06-09 21:18:49,18211,7119,103
2026-06-09 21:18:53,18215,7120,197
2026-06-09 21:18:56,18218,7121,52.8
2026-06-09 21:18:58,18220,7122,98.9
2026-06-09 21:19:02,18224,7123,18.5
2026-06-09 21:19:05,18227,7124,72.8
2026-06-09 21:19:08,18230,7125,65.3
2026-06-09 21:19:10,18232,7126,20.2
2026-06-09 21:19:14,18236,7127,268
2026-06-09 21:19:17,18239,7128,82.4
2026-06-09 21:19:20,18242,7129,28.3
2026-06-09 21:19:24,18246,7130,124
2026-06-09 21:19:27,18249,7131,39.0
2026-06-09 21:19:30,18252,7132,96.2
2026-06-09 21:19:33,18255,7133,28.3
2026-06-09 21:19:36,18258,7134,117
2026-06-09 21:19:39,18261,7135,18.7
2026-06-09 21:19:42,18264,7136,33.2
2026-06-09 21:19:45,18267,7137,37.5
2026-06-09 21:19:48,18270,7138,72.4
2026-06-09 21:19:51,18273,7139,122
2026-06-09 21:19:54,18276,7140,32.1
2026-06-09 21:19:57,18279,7141,96.2
2026-06-09 21:20:00,18282,7142,12.7
2026-06-09 21:20:04,18286,7143,43.2
2026-06-09 21:20:06,18288,7144,127
2026-06-09 21:20:10,18292,7145,29.4
2026-06-09 21:20:13,18295,7146,45.3
2026-06-09 21:20:16,18298,7147,190
2026-06-09 21:20:18,18300,7148,162
2026-06-09 21:20:22,18304,7149,95.6
2026-06-09 21:20:25,18307,7150,127
2026-06-09 21:20:28,18310,7151,17.8
2026-06-09 21:20:31,18313,7152,20.7
2026-06-09 21:20:34,18316,7153,260
2026-06-09 21:20:37,18319,7154,23.4
2026-06-09 21:20:40,18322,7155,75.1
2026-06-09 21:20:43,18325,7156,48.1
2026-06-09 21:20:46,18328,7157,90.6
2026-06-09 21:20:49,18331,7158,28.8
2026-06-09 21:20:52,18334,7159,59.0
2026-06-09 21:20:55,18337,7160,326
2026-06-09 21:20:58,18340,7161,51.6
2026-06-09 21:21:01,18343,7162,165
2026-06-09 21:21:04,18346,7163,131
2026-06-09 21:21:06,18348,7164,172
2026-06-09 21:21:09,18351,7165,76.5
2026-06-09 21:21:12,18354,7166,138
2026-06-09 21:21:15,18357,7167,280
2026-06-09 21:21:18,18360,7168,201
2026-06-09 21:21:21,18363,7169,112
2026-06-09 21:21:24,18366,7170,274
2026-06-09 21:21:27,18369,7171,119
2026-06-09 21:21:31,18373,7172,171
2026-06-09 21:21:34,18376,7173,47.3
2026-06-09 21:21:37,18379,7174,167
2026-06-09 21:21:40,18382,7175,119
2026-06-09 21:21:43,18385,7176,33.3
2026-06-09 21:21:46,18388,7177,55.9
2026-06-09 21:21:49,18390,7178,77.2
2026-06-09 21:21:51,18393,7179,24.5
2026-06-09 21:21:53,18395,7180,125
2026-06-09 21:21:56,18398,7181,52.4
2026-06-09 21:21:58,18400,7182,39.0
2026-06-09 21:22:00,18402,7183,34.3
2026-06-09 21:22:02,18404,7184,30.1
2026-06-09 21:22:04,18406,7185,28.1
2026-06-09 21:22:06,18408,7186,35.3
2026-06-09 21:22:08,18410,7187,62.6
2026-06-09 21:22:10,18412,7188,32.6
2026-06-09 21:22:13,18415,7189,30.7
2026-06-09 21:22:15,18417,7190,38.5
2026-06-09 21:22:17,18419,7191,28.6
2026-06-09 21:22:19,18421,7192,33.7
2026-06-09 21:22:21,18423,7193,46.6
2026-06-09 21:22:23,18425,7194,17.9
2026-06-09 21:22:25,18427,7195,46.8
2026-06-09 21:22:27,18429,7196,39.3
2026-06-09 21:22:29,18431,7197,39.1
2026-06-09 21:22:31,18433,7198,25.8
2026-06-09 21:22:33,18435,7199,46.2
2026-06-09 21:22:35,18437,7200,86.5
2026-06-09 21:22:37,18439,7201,26.9
2026-06-09 21:22:39,18441,7202,20.3
2026-06-09 21:22:41,18443,7203,49.9
2026-06-09 21:22:43,18445,7204,21.9
2026-06-09 21:22:46,18448,7205,34.9
2026-06-09 21:22:48,18450,7206,23.9
2026-06-09 21:22:50,18452,7207,42.0
2026-06-09 21:22:52,18454,7208,41.8
2026-06-09 21:22:54,18456,7209,46.2
2026-06-09 21:22:56,18458,7210,36.0
2026-06-09 21:22:58,18460,7211,40.7
2026-06-09 21:23:00,18462,7212,36.9
2026-06-09 21:23:02,18464,7213,49.5
2026-06-09 21:23:04,18466,7214,20.7
2026-06-09 21:23:06,18468,7215,35.1
2026-06-09 21:23:08,18470,7216,26.6
2026-06-09 21:23:10,18472,7217,42.4
2026-06-09 21:23:12,18474,7218,25.0
2026-06-09 21:23:14,18476,7219,40.5
2026-06-09 21:23:16,18478,7220,142
2026-06-09 21:23:18,18480,7221,83.7
2026-06-09 21:23:21,18483,7222,33.3
2026-06-09 21:23:23,18485,7223,55.6
2026-06-09 21:23:25,18487,7224,29.6
2026-06-09 21:23:27,18489,7225,31.0
2026-06-09 21:23:29,18491,7226,24.7
2026-06-09 21:23:31,18493,7227,18.3
2026-06-09 21:23:33,18495,7228,44.7
2026-06-09 21:23:35,18497,7229,48.2
2026-06-09 21:23:37,18499,7230,26.1
2026-06-09 21:23:39,18501,7231,32.3
2026-06-09 21:23:41,18503,7232,40.4
2026-06-09 21:23:43,18505,7233,26.8
2026-06-09 21:23:45,18507,7234,51.6
2026-06-09 21:23:47,18509,7235,70.6
2026-06-09 21:23:49,18511,7236,34.7
2026-06-09 21:23:51,18513,7237,39.6
2026-06-09 21:23:53,18515,7238,26.5
2026-06-09 21:23:55,18517,7239,23.5
2026-06-09 21:23:57,18519,7240,42.9
2026-06-09 21:23:59,18521,7241,66.5
2026-06-09 21:24:01,18523,7242,116
2026-06-09 21:24:03,18525,7243,153
2026-06-09 21:24:06,18528,7244,195
2026-06-09 21:24:08,18530,7245,166
2026-06-09 21:24:10,18532,7246,199
2026-06-09 21:24:12,18534,7247,24.0
2026-06-09 21:24:14,18536,7248,37.8
2026-06-09 21:24:16,18538,7249,33.7
2026-06-09 21:24:18,18540,7250,31.3
2026-06-09 21:24:20,18542,7251,46.1
2026-06-09 21:24:22,18544,7252,40.5
2026-06-09 21:24:24,18546,7253,41.3
2026-06-09 21:24:26,18548,7254,148
2026-06-09 21:24:28,18550,7255,39.2
2026-06-09 21:24:30,18552,7256,51.0
2026-06-09 21:24:32,18554,7257,26.1
2026-06-09 21:24:34,18556,7258,34.1
2026-06-09 21:24:36,18558,7259,31.5
2026-06-09 21:24:38,18560,7260,32.2
2026-06-09 21:24:40,18562,7261,37.0
2026-06-09 21:24:42,18564,7262,27.6
2026-06-09 21:24:45,18567,7263,72.0
2026-06-09 21:24:47,18569,7264,67.5
2026-06-09 21:24:49,18571,7265,61.7
2026-06-09 21:24:51,18573,7266,244
2026-06-09 21:24:53,18575,7267,35.9
2026-06-09 21:24:55,18577,7268,33.4
2026-06-09 21:24:57,18579,7269,24.8
2026-06-09 21:25:00,18582,7270,23.4
2026-06-09 21:25:02,18584,7271,29.9
2026-06-09 21:25:04,18586,7272,65.0
2026-06-09 21:25:06,18588,7273,29.9
2026-06-09 21:25:08,18590,7274,34.3
2026-06-09 21:25:10,18592,7275,45.3
2026-06-09 21:25:12,18594,7276,49.6
2026-06-09 21:25:14,18596,7277,20.4
2026-06-09 21:25:16,18598,7278,34.1
2026-06-09 21:25:18,18600,7279,19.9
2026-06-09 21:25:20,18602,7280,20.0
2026-06-09 21:25:22,18604,7281,34.4
2026-06-09 21:25:24,18606,7282,33.0
2026-06-09 21:25:26,18608,7283,115
2026-06-09 21:25:28,18610,7284,79.7
2026-06-09 21:25:30,18612,7285,61.5
2026-06-09 21:25:32,18614,7286,44.0
2026-06-09 21:25:35,18617,7287,31.3
2026-06-09 21:25:37,18619,7288,46.9
2026-06-09 21:25:39,18621,7289,18.4
2026-06-09 21:25:41,18623,7290,14.8
2026-06-09 21:25:43,18625,7291,29.2
2026-06-09 21:25:45,18627,7292,36.0
2026-06-09 21:25:47,18629,7293,37.9
2026-06-09 21:25:49,18631,7294,41.4
2026-06-09 21:25:51,18633,7295,44.0
2026-06-09 21:25:53,18635,7296,45.4
2026-06-09 21:25:55,18637,7297,71.7
2026-06-09 21:25:57,18639,7298,27.3
2026-06-09 21:25:59,18641,7299,34.7
2026-06-09 21:26:01,18643,7300,23.7
2026-06-09 21:26:03,18645,7301,37.9
2026-06-09 21:26:05,18647,7302,35.7
2026-06-09 21:26:07,18649,7303,27.4
2026-06-09 21:26:09,18651,7304,245
2026-06-09 21:26:12,18654,7305,124
2026-06-09 21:26:14,18656,7306,54.6
2026-06-09 21:26:16,18658,7307,33.1
2026-06-09 21:26:18,18660,7308,140
2026-06-09 21:26:20,18662,7309,23.2
2026-06-09 21:26:22,18664,7310,34.9
2026-06-09 21:26:24,18666,7311,26.9
2026-06-09 21:26:26,18668,7312,34.3
2026-06-09 21:26:28,18670,7313,42.0
2026-06-09 21:26:31,18673,7314,17.7
2026-06-09 21:26:33,18675,7315,33.7
2026-06-09 21:26:35,18677,7316,42.9
2026-06-09 21:26:37,18679,7317,43.5
2026-06-09 21:26:39,18681,7318,32.9
2026-06-09 21:26:41,18683,7319,26.0
2026-06-09 21:26:43,18685,7320,25.4
2026-06-09 21:26:45,18687,7321,34.7
2026-06-09 21:26:47,18689,7322,78.2
2026-06-09 21:26:49,18691,7323,41.6
2026-06-09 21:26:51,18693,7324,30.5
2026-06-09 21:26:53,18695,7325,77.5
2026-06-09 21:26:56,18698,7326,25.2
2026-06-09 21:26:58,18700,7327,23.3
2026-06-09 21:27:00,18702,7328,19.1
2026-06-09 21:27:02,18704,7329,43.9
2026-06-09 21:27:04,18706,7330,32.2
2026-06-09 21:27:06,18708,7331,30.0
2026-06-09 21:27:08,18710,7332,39.5
2026-06-09 21:27:10,18712,7333,39.8
2026-06-09 21:27:12,18714,7334,21.2
2026-06-09 21:27:14,18716,7335,17.4
2026-06-09 21:27:16,18718,7336,34.4
2026-06-09 21:27:18,18720,7337,49.0
2026-06-09 21:27:20,18722,7338,51.1
2026-06-09 21:27:22,18724,7339,33.4
2026-06-09 21:27:24,18726,7340,22.5
2026-06-09 21:27:26,18728,7341,35.7
2026-06-09 21:27:28,18730,7342,43.6
2026-06-09 21:27:30,18732,7343,37.7
2026-06-09 21:27:32,18734,7344,31.1
2026-06-09 21:27:34,18736,7345,101
2026-06-09 21:27:36,18738,7346,22.8
2026-06-09 21:27:39,18741,7347,24.5
2026-06-09 21:27:41,18743,7348,44.8
2026-06-09 21:27:43,18745,7349,32.6
2026-06-09 21:27:45,18747,7350,46.6
2026-06-09 21:27:47,18749,7351,25.2
2026-06-09 21:27:49,18751,7352,49.1
2026-06-09 21:27:51,18753,7353,23.9
2026-06-09 21:27:53,18755,7354,38.0
2026-06-09 21:27:55,18757,7355,27.2
2026-06-09 21:27:57,18759,7356,193
2026-06-09 21:27:59,18761,7357,30.8
2026-06-09 21:28:01,18763,7358,38.1
2026-06-09 21:28:03,18765,7359,44.9
2026-06-09 21:28:05,18767,7360,26.8
2026-06-09 21:28:07,18769,7361,37.7
2026-06-09 21:28:09,18771,7362,66.3
2026-06-09 21:28:11,18773,7363,267
2026-06-09 21:28:13,18775,7364,120
2026-06-09 21:28:16,18778,7365,48.9
2026-06-09 21:28:18,18780,7366,130
2026-06-09 21:28:20,18782,7367,43.5
2026-06-09 21:28:22,18784,7368,52.2
2026-06-09 21:28:24,18786,7369,41.4
2026-06-09 21:28:26,18788,7370,35.4
2026-06-09 21:28:28,18790,7371,36.8
2026-06-09 21:28:30,18792,7372,31.5
2026-06-09 21:28:32,18794,7373,38.5
2026-06-09 21:28:34,18796,7374,29.1
2026-06-09 21:28:36,18798,7375,32.5
2026-06-09 21:28:38,18800,7376,75.2
2026-06-09 21:28:40,18802,7377,49.4
2026-06-09 21:28:42,18804,7378,23.4
2026-06-09 21:28:44,18806,7379,39.2
2026-06-09 21:28:46,18808,7380,29.6
2026-06-09 21:28:48,18810,7381,40.3
2026-06-09 21:28:50,18812,7382,62.2
2026-06-09 21:28:52,18814,7383,32.0
2026-06-09 21:28:54,18816,7384,59.3
2026-06-09 21:28:57,18819,7385,73.6
2026-06-09 21:28:59,18821,7386,153
2026-06-09 21:29:01,18823,7387,192
2026-06-09 21:29:03,18825,7388,32.0
2026-06-09 21:29:05,18827,7389,95.8
2026-06-09 21:29:08,18830,7390,29.8
2026-06-09 21:29:11,18833,7391,28.2
2026-06-09 21:29:14,18836,7392,143
2026-06-09 21:29:17,18839,7393,56.6
2026-06-09 21:29:20,18842,7394,34.9
2026-06-09 21:29:23,18845,7395,79.9
2026-06-09 21:29:26,18848,7396,135
2026-06-09 21:29:29,18851,7397,101
2026-06-09 21:29:32,18854,7398,242
2026-06-09 21:29:35,18857,7399,190
2026-06-09 21:29:38,18860,7400,29.3
2026-06-09 21:29:41,18863,7401,122
2026-06-09 21:29:45,18867,7402,122
2026-06-09 21:29:47,18869,7403,142
2026-06-09 21:29:51,18872,7404,204
2026-06-09 21:29:54,18876,7405,68.2
2026-06-09 21:29:57,18879,7406,115
2026-06-09 21:30:00,18882,7407,95.8
2026-06-09 21:30:03,18885,7408,27.3
2026-06-09 21:30:06,18888,7409,34.5
2026-06-09 21:30:09,18891,7410,57.5
2026-06-09 21:30:12,18894,7411,49.6
2026-06-09 21:30:15,18897,7412,142
2026-06-09 21:30:18,18900,7413,137
2026-06-09 21:30:21,18903,7414,173
2026-06-09 21:30:24,18906,7415,36.5
2026-06-09 21:30:28,18910,7416,29.8
2026-06-09 21:30:31,18913,7417,109
2026-06-09 21:30:34,18916,7418,108
2026-06-09 21:30:37,18919,7419,146
2026-06-09 21:30:40,18922,7420,85.6
2026-06-09 21:30:43,18925,7421,85.9
2026-06-09 21:30:46,18928,7422,49.0
2026-06-09 21:30:49,18931,7423,70.5
2026-06-09 21:30:52,18934,7424,33.4
2026-06-09 21:30:55,18937,7425,251
2026-06-09 21:30:58,18940,7426,324
2026-06-09 21:31:01,18943,7427,25.0
2026-06-09 21:31:04,18946,7428,59.9
2026-06-09 21:31:07,18949,7429,307
2026-06-09 21:31:10,18952,7430,160
2026-06-09 21:31:12,18954,7431,29.4
2026-06-09 21:31:15,18957,7432,162
2026-06-09 21:31:19,18961,7433,24.7
2026-06-09 21:31:22,18964,7434,120
2026-06-09 21:31:25,18967,7435,63.5
2026-06-09 21:31:28,18970,7436,85.6
2026-06-09 21:31:31,18973,7437,189
2026-06-09 21:31:34,18976,7438,131
2026-06-09 21:31:37,18979,7439,115
2026-06-09 21:31:40,18982,7440,232
2026-06-09 21:31:42,18984,7441,212
2026-06-09 21:31:45,18987,7442,247
2026-06-09 21:31:49,18991,7443,39.2
2026-06-09 21:31:51,18993,7444,179
2026-06-09 21:31:54,18996,7445,23.1
2026-06-09 21:31:57,18999,7446,17.9
2026-06-09 21:32:00,19002,7447,158
2026-06-09 21:32:03,19005,7448,114
2026-06-09 21:32:06,19008,7449,79.9
2026-06-09 21:32:09,19011,7450,105
2026-06-09 21:32:12,19014,7451,169
2026-06-09 21:32:15,19017,7452,26.6
2026-06-09 21:32:18,19020,7453,63.0
2026-06-09 21:32:21,19023,7454,141
2026-06-09 21:32:25,19027,7455,35.3
2026-06-09 21:32:28,19030,7456,124
2026-06-09 21:32:31,19033,7457,64.9
2026-06-09 21:32:34,19036,7458,388
2026-06-09 21:32:37,19039,7459,41.1
2026-06-09 21:32:40,19042,7460,70.7
2026-06-09 21:32:42,19044,7461,72.0
2026-06-09 21:32:45,19047,7462,70.4
2026-06-09 21:32:49,19051,7463,192
2026-06-09 21:32:52,19054,7464,148
2026-06-09 21:32:54,19056,7465,125
2026-06-09 21:32:57,19059,7466,31.8
2026-06-09 21:33:00,19062,7467,84.5
2026-06-09 21:33:03,19065,7468,118
2026-06-09 21:33:07,19069,7469,16.2
2026-06-09 21:33:10,19072,7470,50.7
2026-06-09 21:33:13,19075,7471,65.6
2026-06-09 21:33:16,19078,7472,16.8
2026-06-09 21:33:19,19081,7473,27.0
2026-06-09 21:33:22,19084,7474,57.4
2026-06-09 21:33:25,19087,7475,29.2
2026-06-09 21:33:28,19090,7476,96.9
2026-06-09 21:33:31,19093,7477,43.5
2026-06-09 21:33:34,19096,7478,137
2026-06-09 21:33:37,19099,7479,96.3
2026-06-09 21:33:40,19102,7480,88.1
2026-06-09 21:33:43,19105,7481,95.6
2026-06-09 21:33:47,19109,7482,100
2026-06-09 21:33:50,19112,7483,171
2026-06-09 21:33:53,19115,7484,37.9
2026-06-09 21:33:56,19118,7485,41.4
2026-06-09 21:33:59,19121,7486,31.7
2026-06-09 21:34:02,19124,7487,82.0
2026-06-09 21:34:05,19127,7488,16.3
2026-06-09 21:34:08,19130,7489,73.8
2026-06-09 21:34:11,19133,7490,96.0
2026-06-09 21:34:14,19136,7491,39.8
2026-06-09 21:34:17,19139,7492,157
2026-06-09 21:34:20,19142,7493,22.1
2026-06-09 21:34:23,19145,7494,70.2
2026-06-09 21:34:26,19148,7495,179
2026-06-09 21:34:29,19151,7496,110
2026-06-09 21:34:32,19154,7497,43.2
2026-06-09 21:34:35,19157,7498,35.4
2026-06-09 21:34:38,19160,7499,119
2026-06-09 21:34:41,19163,7500,26.2
2026-06-09 21:34:44,19166,7501,51.0
2026-06-09 21:34:47,19169,7502,62.7
2026-06-09 21:34:50,19172,7503,177
2026-06-09 21:34:53,19175,7504,100
2026-06-09 21:34:56,19178,7505,118
2026-06-09 21:34:59,19181,7506,29.3
2026-06-09 21:35:02,19184,7507,66.9
2026-06-09 21:35:05,19187,7508,41.9
2026-06-09 21:35:09,19191,7509,186
2026-06-09 21:35:12,19194,7510,30.9
2026-06-09 21:35:14,19196,7511,17.2
2026-06-09 21:35:17,19199,7512,154
2026-06-09 21:35:20,19202,7513,185
2026-06-09 21:35:23,19205,7514,136
2026-06-09 21:35:26,19208,7515,23.2
2026-06-09 21:35:29,19211,7516,28.4
2026-06-09 21:35:32,19214,7517,90.3
2026-06-09 21:35:35,19217,7518,40.5
2026-06-09 21:35:38,19220,7519,33.2
2026-06-09 21:35:41,19223,7520,80.0
2026-06-09 21:35:44,19226,7521,79.0
2026-06-09 21:35:47,19229,7522,28.7
2026-06-09 21:35:50,19232,7523,33.6
2026-06-09 21:35:53,19235,7524,124
2026-06-09 21:35:56,19238,7525,178
2026-06-09 21:35:59,19241,7526,15.3
2026-06-09 21:36:02,19244,7527,57.7
2026-06-09 21:36:05,19247,7528,211
2026-06-09 21:36:08,19250,7529,209
2026-06-09 21:36:11,19253,7530,76.0
2026-06-09 21:36:14,19256,7531,75.8
2026-06-09 21:36:17,19259,7532,83.0
2026-06-09 21:36:20,19262,7533,36.6
2026-06-09 21:36:23,19265,7534,46.2
2026-06-09 21:36:26,19268,7535,195
2026-06-09 21:36:29,19271,7536,119
2026-06-09 21:36:32,19274,7537,29.4
2026-06-09 21:36:35,19277,7538,21.1
2026-06-09 21:36:38,19280,7539,70.4
2026-06-09 21:36:41,19283,7540,123
2026-06-09 21:36:44,19286,7541,226
2026-06-09 21:36:47,19289,7542,21.3
2026-06-09 21:36:50,19292,7543,233
2026-06-09 21:36:53,19295,7544,46.7
2026-06-09 21:36:56,19298,7545,117
2026-06-09 21:36:59,19301,7546,115
2026-06-09 21:37:03,19305,7547,39.9
2026-06-09 21:37:05,19307,7548,52.2
2026-06-09 21:37:08,19310,7549,19.6
2026-06-09 21:37:11,19313,7550,88.6
2026-06-09 21:37:14,19316,7551,38.1
2026-06-09 21:37:17,19319,7552,128
2026-06-09 21:37:20,19322,7553,73.3
2026-06-09 21:37:23,19325,7554,60.4
2026-06-09 21:37:26,19328,7555,33.9
2026-06-09 21:37:29,19331,7556,81.9
2026-06-09 21:37:32,19334,7557,130
2026-06-09 21:37:35,19337,7558,28.6
2026-06-09 21:37:38,19340,7559,75.1
2026-06-09 21:37:40,19342,7560,166
2026-06-09 21:37:42,19344,7561,30.0
2026-06-09 21:37:44,19346,7562,30.9
2026-06-09 21:37:47,19349,7563,40.7
2026-06-09 21:37:49,19351,7564,32.7
2026-06-09 21:37:51,19353,7565,48.8
2026-06-09 21:37:53,19355,7566,25.1
2026-06-09 21:37:55,19357,7567,27.6
2026-06-09 21:37:57,19359,7568,26.1
2026-06-09 21:37:59,19361,7569,32.6
2026-06-09 21:38:01,19363,7570,29.2
2026-06-09 21:38:03,19365,7571,33.6
2026-06-09 21:38:05,19367,7572,44.1
2026-06-09 21:38:07,19369,7573,35.6
2026-06-09 21:38:09,19371,7574,138
2026-06-09 21:38:11,19373,7575,40.1
2026-06-09 21:38:13,19375,7576,38.9
2026-06-09 21:38:15,19377,7577,31.1
2026-06-09 21:38:17,19379,7578,52.2
2026-06-09 21:38:19,19381,7579,40.9
2026-06-09 21:38:21,19383,7580,40.2
2026-06-09 21:38:24,19386,7581,21.7
2026-06-09 21:38:26,19388,7582,32.8
2026-06-09 21:38:28,19390,7583,31.3
2026-06-09 21:38:30,19392,7584,28.7
2026-06-09 21:38:32,19394,7585,77.2
2026-06-09 21:38:34,19396,7586,21.6
2026-06-09 21:38:36,19398,7587,105
2026-06-09 21:38:39,19401,7588,34.3
2026-06-09 21:38:41,19403,7589,23.7
2026-06-09 21:38:43,19405,7590,36.8
2026-06-09 21:38:45,19407,7591,29.8
2026-06-09 21:38:47,19409,7592,43.7
2026-06-09 21:38:49,19411,7593,65.3
2026-06-09 21:38:51,19413,7594,44.3
2026-06-09 21:38:53,19415,7595,36.5
2026-06-09 21:38:55,19417,7596,43.7
2026-06-09 21:38:57,19419,7597,35.5
2026-06-09 21:38:59,19421,7598,37.1
2026-06-09 21:39:01,19423,7599,39.9
2026-06-09 21:39:03,19425,7600,50.1
2026-06-09 21:39:05,19427,7601,21.6
2026-06-09 21:39:07,19429,7602,30.1
2026-06-09 21:39:09,19431,7603,27.2
2026-06-09 21:39:11,19433,7604,26.9
2026-06-09 21:39:14,19435,7605,28.2
2026-06-09 21:39:16,19438,7606,34.7
2026-06-09 21:39:18,19440,7607,39.5
2026-06-09 21:39:20,19442,7608,41.1
2026-06-09 21:39:22,19444,7609,22.0
2026-06-09 21:39:24,19446,7610,46.5
2026-06-09 21:39:26,19448,7611,35.8
2026-06-09 21:39:28,19450,7612,23.9
2026-06-09 21:39:30,19452,7613,25.3
2026-06-09 21:39:33,19455,7614,27.9
2026-06-09 21:39:35,19457,7615,51.9
2026-06-09 21:39:37,19459,7616,45.7
2026-06-09 21:39:39,19461,7617,26.4
2026-06-09 21:39:41,19463,7618,85.7
2026-06-09 21:39:43,19465,7619,38.6
2026-06-09 21:39:45,19467,7620,94.9
2026-06-09 21:39:47,19469,7621,45.7
2026-06-09 21:39:49,19471,7622,41.4
2026-06-09 21:39:51,19473,7623,35.1
2026-06-09 21:39:54,19476,7624,34.5
2026-06-09 21:39:56,19478,7625,39.4
2026-06-09 21:39:58,19480,7626,28.8
2026-06-09 21:40:00,19482,7627,30.8
2026-06-09 21:40:02,19484,7628,44.4
2026-06-09 21:40:04,19486,7629,27.8
2026-06-09 21:40:06,19488,7630,29.7
2026-06-09 21:40:08,19490,7631,24.8
2026-06-09 21:40:10,19492,7632,27.8
2026-06-09 21:40:12,19494,7633,61.3
2026-06-09 21:40:14,19496,7634,39.2
2026-06-09 21:40:16,19498,7635,32.7
2026-06-09 21:40:18,19500,7636,26.6
2026-06-09 21:40:20,19502,7637,46.3
2026-06-09 21:40:23,19505,7638,12.4
2026-06-09 21:40:25,19507,7639,33.4
2026-06-09 21:40:27,19509,7640,38.5
2026-06-09 21:40:29,19511,7641,40.1
2026-06-09 21:40:31,19513,7642,46.6
2026-06-09 21:40:33,19515,7643,27.7
2026-06-09 21:40:35,19517,7644,50.8
2026-06-09 21:40:38,19520,7645,36.8
2026-06-09 21:40:40,19522,7646,48.6
2026-06-09 21:40:42,19524,7647,34.8
2026-06-09 21:40:44,19526,7648,29.9
2026-06-09 21:40:46,19528,7649,25.2
2026-06-09 21:40:48,19530,7650,49.6
2026-06-09 21:40:50,19532,7651,24.8
2026-06-09 21:40:52,19534,7652,33.4
2026-06-09 21:40:54,19536,7653,30.4
2026-06-09 21:40:56,19538,7654,15.9
2026-06-09 21:40:58,19540,7655,47.7
2026-06-09 21:41:00,19542,7656,59.0
2026-06-09 21:41:02,19544,7657,58.6
2026-06-09 21:41:04,19546,7658,39.9
2026-06-09 21:41:06,19548,7659,22.4
2026-06-09 21:41:08,19550,7660,47.7
2026-06-09 21:41:11,19553,7661,42.7
2026-06-09 21:41:13,19555,7662,34.0
2026-06-09 21:41:15,19557,7663,33.3
2026-06-09 21:41:17,19559,7664,26.2
2026-06-09 21:41:19,19561,7665,30.2
2026-06-09 21:41:21,19563,7666,43.1
2026-06-09 21:41:23,19565,7667,26.0
2026-06-09 21:41:25,19567,7668,44.8
2026-06-09 21:41:27,19569,7669,63.8
2026-06-09 21:41:29,19571,7670,46.7
2026-06-09 21:41:31,19573,7671,43.6
2026-06-09 21:41:33,19575,7672,25.9
2026-06-09 21:41:35,19577,7673,166
2026-06-09 21:41:37,19579,7674,35.3
2026-06-09 21:41:39,19581,7675,50.5
2026-06-09 21:41:41,19583,7676,15.2
2026-06-09 21:41:43,19585,7677,20.5
2026-06-09 21:41:45,19587,7678,190
2026-06-09 21:41:47,19589,7679,26.8
2026-06-09 21:41:49,19591,7680,30.5
2026-06-09 21:41:51,19593,7681,30.7
2026-06-09 21:41:53,19595,7682,38.8
2026-06-09 21:41:55,19597,7683,113
2026-06-09 21:41:57,19599,7684,33.8
2026-06-09 21:41:59,19601,7685,20.3
2026-06-09 21:42:01,19603,7686,43.3
2026-06-09 21:42:03,19605,7687,29.4
2026-06-09 21:42:06,19608,7688,32.0
2026-06-09 21:42:08,19610,7689,30.7
2026-06-09 21:42:10,19612,7690,30.5
2026-06-09 21:42:12,19614,7691,22.9
2026-06-09 21:42:14,19616,7692,30.2
2026-06-09 21:42:16,19618,7693,21.7
2026-06-09 21:42:18,19620,7694,28.1
2026-06-09 21:42:20,19622,7695,32.5
2026-06-09 21:42:22,19624,7696,32.3
2026-06-09 21:42:24,19626,7697,36.7
2026-06-09 21:42:26,19628,7698,47.1
2026-06-09 21:42:28,19630,7699,19.1
2026-06-09 21:42:30,19632,7700,45.2
2026-06-09 21:42:32,19634,7701,39.1
2026-06-09 21:42:34,19636,7702,37.0
2026-06-09 21:42:36,19638,7703,48.5
2026-06-09 21:42:38,19640,7704,56.1
2026-06-09 21:42:40,19642,7705,20.6
2026-06-09 21:42:43,19645,7706,84.6
2026-06-09 21:42:45,19647,7707,197
2026-06-09 21:42:47,19649,7708,29.6
2026-06-09 21:42:49,19651,7709,35.7
2026-06-09 21:42:51,19653,7710,29.0
2026-06-09 21:42:53,19655,7711,31.7
2026-06-09 21:42:55,19657,7712,58.7
2026-06-09 21:42:57,19659,7713,40.6
2026-06-09 21:43:00,19662,7714,31.7
2026-06-09 21:43:02,19664,7715,25.2
2026-06-09 21:43:04,19666,7716,32.2
2026-06-09 21:43:06,19668,7717,50.7
2026-06-09 21:43:08,19670,7718,28.2
2026-06-09 21:43:10,19672,7719,32.1
2026-06-09 21:43:12,19674,7720,61.4
2026-06-09 21:43:14,19676,7721,37.3
2026-06-09 21:43:16,19678,7722,99.5
2026-06-09 21:43:18,19680,7723,29.7
2026-06-09 21:43:20,19682,7724,22.3
2026-06-09 21:43:22,19684,7725,36.6
2026-06-09 21:43:24,19686,7726,31.3
2026-06-09 21:43:26,19688,7727,42.9
2026-06-09 21:43:28,19690,7728,43.5
2026-06-09 21:43:30,19692,7729,39.4
2026-06-09 21:43:32,19694,7730,38.9
2026-06-09 21:43:34,19696,7731,30.8
2026-06-09 21:43:36,19698,7732,45.7
2026-06-09 21:43:38,19700,7733,38.9
2026-06-09 21:43:40,19702,7734,35.5
2026-06-09 21:43:42,19704,7735,26.4
2026-06-09 21:43:45,19707,7736,42.9
2026-06-09 21:43:47,19709,7737,27.1
2026-06-09 21:43:49,19711,7738,38.0
2026-06-09 21:43:51,19713,7739,26.9
2026-06-09 21:43:53,19715,7740,42.6
2026-06-09 21:43:55,19717,7741,38.1
2026-06-09 21:43:57,19719,7742,26.6
2026-06-09 21:43:59,19721,7743,34.4
2026-06-09 21:44:01,19723,7744,35.3
2026-06-09 21:44:03,19725,7745,30.4
2026-06-09 21:44:05,19727,7746,39.3
2026-06-09 21:44:07,19729,7747,39.5
2026-06-09 21:44:09,19731,7748,22.4
2026-06-09 21:44:11,19733,7749,45.8
2026-06-09 21:44:13,19735,7750,44.7
2026-06-09 21:44:15,19737,7751,28.4
2026-06-09 21:44:17,19739,7752,42.5
2026-06-09 21:44:19,19741,7753,43.5
2026-06-09 21:44:21,19743,7754,36.8
2026-06-09 21:44:23,19745,7755,40.1
2026-06-09 21:44:25,19747,7756,26.8
2026-06-09 21:44:27,19749,7757,33.1
2026-06-09 21:44:29,19751,7758,46.5
2026-06-09 21:44:31,19753,7759,26.1
2026-06-09 21:44:33,19755,7760,39.8
2026-06-09 21:44:35,19757,7761,18.2
2026-06-09 21:44:37,19759,7762,45.8
2026-06-09 21:44:39,19761,7763,39.1
2026-06-09 21:44:41,19763,7764,42.8
2026-06-09 21:44:43,19765,7765,28.4
2026-06-09 21:44:45,19767,7766,25.5
2026-06-09 21:44:47,19769,7767,29.9
2026-06-09 21:44:50,19772,7768,29.6
2026-06-09 21:44:52,19774,7769,41.8
2026-06-09 21:44:54,19776,7770,51.4
2026-06-09 21:44:56,19778,7771,50.1
2026-06-09 21:44:58,19780,7772,39.0
2026-06-09 21:45:00,19782,7773,38.5
2026-06-09 21:45:02,19784,7774,47.3
2026-06-09 21:45:04,19786,7775,38.6
2026-06-09 21:45:06,19788,7776,34.0
2026-06-09 21:45:08,19790,7777,29.5
2026-06-09 21:45:10,19792,7778,55.0
2026-06-09 21:45:12,19794,7779,20.8
2026-06-09 21:45:14,19796,7780,61.9
2026-06-09 21:45:16,19798,7781,28.5
2026-06-09 21:45:18,19800,7782,51.7
2026-06-09 21:45:21,19803,7783,34.8
2026-06-09 21:45:23,19805,7784,35.3
2026-06-09 21:45:25,19807,7785,29.1
2026-06-09 21:45:27,19809,7786,18.1
2026-06-09 21:45:29,19811,7787,26.2
2026-06-09 21:45:31,19813,7788,27.7
2026-06-09 21:45:33,19815,7789,43.7
2026-06-09 21:45:35,19817,7790,32.3
2026-06-09 21:45:37,19819,7791,40.0
2026-06-09 21:45:39,19821,7792,29.6
2026-06-09 21:45:41,19823,7793,36.0
2026-06-09 21:45:43,19825,7794,48.2
2026-06-09 21:45:45,19827,7795,37.2
2026-06-09 21:45:47,19829,7796,45.8
2026-06-09 21:45:49,19831,7797,35.2
2026-06-09 21:45:51,19833,7798,36.2
2026-06-09 21:45:53,19835,7799,45.5
2026-06-09 21:45:55,19837,7800,30.4
2026-06-09 21:45:57,19839,7801,42.0
2026-06-09 21:45:59,19841,7802,27.1
2026-06-09 21:46:01,19843,7803,36.6
2026-06-09 21:46:03,19845,7804,41.0
2026-06-09 21:46:05,19847,7805,34.5
2026-06-09 21:46:07,19849,7806,35.1
2026-06-09 21:46:09,19851,7807,35.7
2026-06-09 21:46:11,19853,7808,38.9
2026-06-09 21:46:13,19855,7809,39.2
2026-06-09 21:46:15,19857,7810,53.9
2026-06-09 21:46:18,19860,7811,28.7
2026-06-09 21:46:20,19862,7812,32.1
2026-06-09 21:46:22,19864,7813,36.3
2026-06-09 21:46:24,19866,7814,29.0
2026-06-09 21:46:26,19868,7815,29.7
2026-06-09 21:46:28,19870,7816,35.9
2026-06-09 21:46:30,19872,7817,24.1
2026-06-09 21:46:32,19874,7818,31.3
2026-06-09 21:46:34,19876,7819,37.0
2026-06-09 21:46:36,19878,7820,36.5
2026-06-09 21:46:38,19880,7821,36.7
2026-06-09 21:46:40,19882,7822,36.4
2026-06-09 21:46:42,19884,7823,44.9
2026-06-09 21:46:44,19886,7824,46.2
2026-06-09 21:46:46,19888,7825,36.7
2026-06-09 21:46:48,19890,7826,18.1
2026-06-09 21:46:50,19892,7827,214
2026-06-09 21:46:52,19894,7828,33.3
2026-06-09 21:46:54,19896,7829,46.7
2026-06-09 21:46:56,19898,7830,33.0
2026-06-09 21:46:58,19900,7831,21.5
2026-06-09 21:47:00,19902,7832,31.0
2026-06-09 21:47:02,19904,7833,44.9
2026-06-09 21:47:04,19906,7834,15.9
2026-06-09 21:47:06,19908,7835,33.5
2026-06-09 21:47:09,19911,7836,24.3
2026-06-09 21:47:11,19913,7837,28.8
2026-06-09 21:47:13,19915,7838,42.7
2026-06-09 21:47:15,19917,7839,89.5
2026-06-09 21:47:17,19919,7840,41.9
2026-06-09 21:47:19,19921,7841,42.6
2026-06-09 21:47:21,19923,7842,37.4
2026-06-09 21:47:23,19925,7843,27.3
2026-06-09 21:47:25,19927,7844,42.2
2026-06-09 21:47:27,19929,7845,43.8
2026-06-09 21:47:29,19931,7846,27.7
2026-06-09 21:47:31,19933,7847,42.7
2026-06-09 21:47:33,19935,7848,55.8
2026-06-09 21:47:35,19937,7849,29.1
2026-06-09 21:47:37,19939,7850,39.1
2026-06-09 21:47:39,19941,7851,33.0
2026-06-09 21:47:42,19944,7852,30.2
2026-06-09 21:47:44,19946,7853,27.1
2026-06-09 21:47:46,19948,7854,26.9
2026-06-09 21:47:48,19950,7855,33.8
2026-06-09 21:47:50,19952,7856,36.9
2026-06-09 21:47:52,19954,7857,21.2
2026-06-09 21:47:54,19956,7858,39.8
2026-06-09 21:47:56,19958,7859,31.0
2026-06-09 21:47:58,19960,7860,21.3
2026-06-09 21:48:00,19962,7861,28.9
2026-06-09 21:48:02,19964,7862,18.7
2026-06-09 21:48:04,19966,7863,39.6
2026-06-09 21:48:06,19968,7864,52.5
2026-06-09 21:48:08,19970,7865,46.2
2026-06-09 21:48:10,19972,7866,29.4
2026-06-09 21:48:12,19974,7867,31.3
2026-06-09 21:48:15,19977,7868,27.0
2026-06-09 21:48:17,19979,7869,47.3
2026-06-09 21:48:19,19981,7870,40.4
2026-06-09 21:48:21,19983,7871,26.7
2026-06-09 21:48:23,19985,7872,37.2
2026-06-09 21:48:25,19987,7873,17.7
2026-06-09 21:48:27,19989,7874,38.6
2026-06-09 21:48:29,19991,7875,44.0
2026-06-09 21:48:31,19993,7876,42.0
2026-06-09 21:48:33,19995,7877,36.1
2026-06-09 21:48:35,19997,7878,21.3
2026-06-09 21:48:37,19999,7879,39.8
2026-06-09 21:48:39,20001,7880,38.2
2026-06-09 21:48:41,20003,7881,38.3
2026-06-09 21:48:43,20005,7882,33.5
2026-06-09 21:48:45,20007,7883,37.8
2026-06-09 21:48:47,20009,7884,43.5
2026-06-09 21:48:49,20011,7885,46.6
2026-06-09 21:48:51,20013,7886,49.2
2026-06-09 21:48:53,20015,7887,29.0
2026-06-09 21:48:55,20017,7888,27.1
2026-06-09 21:48:57,20019,7889,39.9
2026-06-09 21:49:00,20022,7890,29.3
2026-06-09 21:49:02,20024,7891,179
2026-06-09 21:49:04,20026,7892,38.6
2026-06-09 21:49:06,20028,7893,33.6
2026-06-09 21:49:08,20030,7894,45.5
2026-06-09 21:49:10,20032,7895,19.6
2026-06-09 21:49:12,20034,7896,25.7
2026-06-09 21:49:14,20036,7897,18.6
2026-06-09 21:49:16,20038,7898,37.6
2026-06-09 21:49:18,20040,7899,32.6
2026-06-09 21:49:20,20042,7900,43.6
2026-06-09 21:49:22,20044,7901,24.1
2026-06-09 21:49:24,20046,7902,23.9
2026-06-09 21:49:26,20048,7903,33.7
2026-06-09 21:49:29,20051,7904,31.6
2026-06-09 21:49:31,20053,7905,190
2026-06-09 21:49:33,20055,7906,30.4
2026-06-09 21:49:35,20057,7907,49.1
2026-06-09 21:49:37,20059,7908,37.6
2026-06-09 21:49:39,20061,7909,31.1
2026-06-09 21:49:41,20063,7910,70.3
2026-06-09 21:49:43,20065,7911,27.8
2026-06-09 21:49:45,20067,7912,18.7
2026-06-09 21:49:47,20069,7913,81.0
2026-06-09 21:49:49,20071,7914,42.2
2026-06-09 21:49:51,20073,7915,54.2
2026-06-09 21:49:54,20076,7916,26.5
2026-06-09 21:49:56,20078,7917,28.5
2026-06-09 21:49:58,20080,7918,37.0
2026-06-09 21:50:00,20082,7919,56.0
2026-06-09 21:50:02,20084,7920,127
2026-06-09 21:50:04,20086,7921,31.3
2026-06-09 21:50:06,20088,7922,19.5
2026-06-09 21:50:08,20090,7923,42.3
2026-06-09 21:50:10,20092,7924,34.6
2026-06-09 21:50:12,20094,7925,35.7
2026-06-09 21:50:14,20096,7926,40.4
2026-06-09 21:50:16,20098,7927,35.7
2026-06-09 21:50:18,20100,7928,25.6
2026-06-09 21:50:20,20102,7929,36.3
2026-06-09 21:50:22,20104,7930,35.7
2026-06-09 21:50:24,20106,7931,38.5
2026-06-09 21:50:26,20108,7932,28.8
2026-06-09 21:50:28,20110,7933,35.1
2026-06-09 21:50:30,20112,7934,26.2
2026-06-09 21:50:32,20114,7935,64.6
2026-06-09 21:50:34,20116,7936,68.6
2026-06-09 21:50:37,20119,7937,16.9
2026-06-09 21:50:39,20121,7938,24.9
2026-06-09 21:50:41,20123,7939,31.3
2026-06-09 21:50:43,20125,7940,48.4
2026-06-09 21:50:45,20127,7941,37.4
2026-06-09 21:50:47,20129,7942,33.8
2026-06-09 21:50:49,20131,7943,37.2
2026-06-09 21:50:51,20133,7944,36.2
2026-06-09 21:50:53,20135,7945,24.2
2026-06-09 21:50:55,20137,7946,53.5
2026-06-09 21:50:57,20139,7947,41.1
2026-06-09 21:50:59,20141,7948,40.6
2026-06-09 21:51:01,20143,7949,43.5
2026-06-09 21:51:03,20145,7950,31.9
2026-06-09 21:51:05,20147,7951,35.3
2026-06-09 21:51:07,20149,7952,28.0
2026-06-09 21:51:09,20151,7953,22.0
2026-06-09 21:51:11,20153,7954,22.0
2026-06-09 21:51:13,20155,7955,32.6
2026-06-09 21:51:15,20157,7956,43.7
2026-06-09 21:51:17,20159,7957,39.3
2026-06-09 21:51:19,20161,7958,27.3
2026-06-09 21:51:21,20163,7959,34.6
2026-06-09 21:51:23,20165,7960,50.4
2026-06-09 21:51:25,20167,7961,41.2
2026-06-09 21:51:27,20169,7962,32.8
2026-06-09 21:51:29,20171,7963,34.6
2026-06-09 21:51:31,20173,7964,27.4
2026-06-09 21:51:33,20175,7965,32.7
2026-06-09 21:51:35,20177,7966,13.5
2026-06-09 21:51:37,20179,7967,43.5
2026-06-09 21:51:40,20182,7968,31.7
2026-06-09 21:51:42,20184,7969,50.7
2026-06-09 21:51:44,20186,7970,33.5
2026-06-09 21:51:46,20188,7971,33.2
2026-06-09 21:51:48,20190,7972,28.5
2026-06-09 21:51:50,20192,7973,46.1
2026-06-09 21:51:52,20194,7974,32.8
2026-06-09 21:51:54,20196,7975,27.0
2026-06-09 21:51:56,20198,7976,39.4
2026-06-09 21:51:58,20200,7977,94.9
2026-06-09 21:52:00,20202,7978,32.1
2026-06-09 21:52:02,20204,7979,89.7
2026-06-09 21:52:05,20207,7980,40.6
2026-06-09 21:52:07,20209,7981,30.5
2026-06-09 21:52:09,20211,7982,26.0
2026-06-09 21:52:11,20213,7983,34.4
2026-06-09 21:52:13,20215,7984,28.1
2026-06-09 21:52:15,20217,7985,28.5
2026-06-09 21:52:17,20219,7986,56.4
2026-06-09 21:52:19,20221,7987,49.7
2026-06-09 21:52:21,20223,7988,39.9
2026-06-09 21:52:23,20225,7989,41.9
2026-06-09 21:52:25,20227,7990,24.6
2026-06-09 21:52:27,20229,7991,47.2
2026-06-09 21:52:29,20231,7992,30.8
2026-06-09 21:52:31,20233,7993,25.6
2026-06-09 21:52:33,20235,7994,53.2
2026-06-09 21:52:35,20237,7995,28.8
2026-06-09 21:52:37,20239,7996,57.3
2026-06-09 21:52:39,20241,7997,39.3
2026-06-09 21:52:41,20243,7998,49.1
2026-06-09 21:52:43,20245,7999,47.3
2026-06-09 21:52:45,20247,8000,36.1
2026-06-09 21:52:47,20249,8001,20.4
2026-06-09 21:52:49,20251,8002,38.6
2026-06-09 21:52:51,20253,8003,44.4
2026-06-09 21:52:53,20255,8004,67.1
2026-06-09 21:52:55,20257,8005,35.7
2026-06-09 21:52:57,20259,8006,65.9
2026-06-09 21:53:00,20262,8007,29.3
2026-06-09 21:53:02,20264,8008,25.0
2026-06-09 21:53:04,20266,8009,26.1
2026-06-09 21:53:06,20268,8010,25.5
2026-06-09 21:53:08,20270,8011,30.9
2026-06-09 21:53:10,20272,8012,24.4
2026-06-09 21:53:12,20274,8013,24.7
2026-06-09 21:53:14,20276,8014,24.7
2026-06-09 21:53:16,20278,8015,34.1
2026-06-09 21:53:18,20280,8016,37.1
2026-06-09 21:53:20,20282,8017,47.8
2026-06-09 21:53:22,20284,8018,36.1
2026-06-09 21:53:24,20286,8019,41.7
2026-06-09 21:53:26,20288,8020,36.9
2026-06-09 21:53:28,20290,8021,50.5
2026-06-09 21:53:30,20292,8022,33.4
2026-06-09 21:53:32,20294,8023,36.1
2026-06-09 21:53:34,20296,8024,33.8
2026-06-09 21:53:36,20298,8025,33.1
2026-06-09 21:53:38,20300,8026,28.4
2026-06-09 21:53:41,20303,8027,30.2
2026-06-09 21:53:43,20305,8028,48.5
2026-06-09 21:53:45,20307,8029,48.3
2026-06-09 21:53:47,20309,8030,53.2
2026-06-09 21:53:49,20311,8031,52.2
2026-06-09 21:53:51,20313,8032,36.6
2026-06-09 21:53:53,20315,8033,39.9
2026-06-09 21:53:55,20317,8034,40.6
2026-06-09 21:53:57,20319,8035,27.2
2026-06-09 21:53:59,20321,8036,29.8
2026-06-09 21:54:01,20323,8037,33.7
2026-06-09 21:54:03,20325,8038,31.3
2026-06-09 21:54:05,20327,8039,30.0
2026-06-09 21:54:07,20329,8040,42.1
2026-06-09 21:54:09,20331,8041,40.9
2026-06-09 21:54:11,20333,8042,42.1
2026-06-09 21:54:13,20335,8043,32.8
2026-06-09 21:54:15,20337,8044,55.8
2026-06-09 21:54:17,20339,8045,43.8
2026-06-09 21:54:19,20341,8046,30.0
2026-06-09 21:54:21,20343,8047,27.7
2026-06-09 21:54:23,20345,8048,26.1
2026-06-09 21:54:25,20347,8049,29.6
2026-06-09 21:54:27,20349,8050,36.4
2026-06-09 21:54:29,20351,8051,36.0
2026-06-09 21:54:31,20353,8052,45.2
2026-06-09 21:54:33,20355,8053,28.1
2026-06-09 21:54:35,20357,8054,31.4
2026-06-09 21:54:37,20359,8055,29.0
2026-06-09 21:54:39,20361,8056,22.0
2026-06-09 21:54:41,20363,8057,43.0
2026-06-09 21:54:43,20365,8058,29.8
2026-06-09 21:54:45,20367,8059,54.5
2026-06-09 21:54:47,20369,8060,42.4
2026-06-09 21:54:49,20371,8061,62.7
2026-06-09 21:54:51,20373,8062,49.8
2026-06-09 21:54:53,20375,8063,34.1
2026-06-09 21:54:55,20377,8064,69.7
2026-06-09 21:54:57,20379,8065,31.8
2026-06-09 21:54:59,20381,8066,37.1
2026-06-09 21:55:01,20383,8067,57.6
2026-06-09 21:55:03,20385,8068,35.6
2026-06-09 21:55:05,20387,8069,36.3
2026-06-09 21:55:07,20389,8070,36.0
2026-06-09 21:55:09,20391,8071,64.9
2026-06-09 21:55:11,20393,8072,27.2
2026-06-09 21:55:13,20395,8073,41.8
2026-06-09 21:55:15,20397,8074,46.3
2026-06-09 21:55:17,20399,8075,62.7
2026-06-09 21:55:19,20401,8076,38.0
2026-06-09 21:55:21,20403,8077,36.8
2026-06-09 21:55:23,20405,8078,49.7
2026-06-09 21:55:25,20407,8079,36.4
2026-06-09 21:55:27,20409,8080,29.5
2026-06-09 21:55:29,20411,8081,49.4
2026-06-09 21:55:31,20413,8082,67.8
2026-06-09 21:55:33,20415,8083,35.4
2026-06-09 21:55:35,20417,8084,49.6
2026-06-09 21:55:38,20420,8085,37.2
2026-06-09 21:55:40,20422,8086,18.8
2026-06-09 21:55:42,20424,8087,35.6
2026-06-09 21:55:44,20426,8088,34.1
2026-06-09 21:55:46,20428,8089,38.6
2026-06-09 21:55:48,20430,8090,54.9
2026-06-09 21:55:50,20432,8091,32.2
2026-06-09 21:55:52,20434,8092,46.6
2026-06-09 21:55:54,20436,8093,420
2026-06-09 21:55:56,20438,8094,48.6
2026-06-09 21:55:58,20440,8095,34.3
2026-06-09 21:56:00,20442,8096,43.0
2026-06-09 21:56:03,20445,8097,32.1
2026-06-09 21:56:05,20447,8098,242
2026-06-09 21:56:07,20449,8099,34.2
2026-06-09 21:56:09,20451,8100,30.1
2026-06-09 21:56:11,20453,8101,35.3
2026-06-09 21:56:13,20455,8102,53.3
2026-06-09 21:56:15,20457,8103,58.3
2026-06-09 21:56:17,20459,8104,26.9
2026-06-09 21:56:19,20461,8105,45.8
2026-06-09 21:56:21,20463,8106,40.0
2026-06-09 21:56:23,20465,8107,41.6
2026-06-09 21:56:25,20467,8108,54.7
2026-06-09 21:56:27,20469,8109,24.9
2026-06-09 21:56:29,20471,8110,51.9
2026-06-09 21:56:31,20473,8111,37.2
2026-06-09 21:56:33,20475,8112,32.0
2026-06-09 21:56:35,20477,8113,31.4
2026-06-09 21:56:37,20479,8114,25.3
2026-06-09 21:56:39,20481,8115,33.3
2026-06-09 21:56:41,20483,8116,29.7
2026-06-09 21:56:43,20485,8117,39.8
2026-06-09 21:56:46,20488,8118,35.6
2026-06-09 21:56:48,20490,8119,51.0
2026-06-09 21:56:50,20492,8120,27.3
2026-06-09 21:56:52,20494,8121,24.7
2026-06-09 21:56:54,20496,8122,36.3
2026-06-09 21:56:56,20498,8123,34.2
2026-06-09 21:56:58,20500,8124,15.7
2026-06-09 21:57:00,20502,8125,43.1
2026-06-09 21:57:02,20504,8126,33.4
2026-06-09 21:57:04,20506,8127,29.8
2026-06-09 21:57:06,20508,8128,42.9
2026-06-09 21:57:08,20510,8129,15.9
2026-06-09 21:57:10,20512,8130,20.0
2026-06-09 21:57:12,20514,8131,27.1
2026-06-09 21:57:14,20516,8132,19.7
2026-06-09 21:57:16,20518,8133,32.0
2026-06-09 21:57:18,20520,8134,38.0
2026-06-09 21:57:20,20522,8135,15.6
2026-06-09 21:57:22,20524,8136,24.3
2026-06-09 21:57:24,20526,8137,36.7
2026-06-09 21:57:26,20528,8138,40.9
2026-06-09 21:57:28,20530,8139,54.2
2026-06-09 21:57:30,20532,8140,30.9
2026-06-09 21:57:32,20534,8141,37.0
2026-06-09 21:57:34,20536,8142,36.5
2026-06-09 21:57:36,20538,8143,34.3
2026-06-09 21:57:38,20540,8144,54.4
2026-06-09 21:57:40,20542,8145,32.0
2026-06-09 21:57:42,20544,8146,32.6
2026-06-09 21:57:44,20546,8147,26.7
2026-06-09 21:57:46,20548,8148,20.8
2026-06-09 21:57:48,20550,8149,37.6
2026-06-09 21:57:50,20552,8150,25.0
2026-06-09 21:57:52,20554,8151,35.8
2026-06-09 21:57:54,20556,8152,21.9
2026-06-09 21:57:56,20558,8153,46.1
2026-06-09 21:57:58,20560,8154,38.5
2026-06-09 21:58:00,20562,8155,39.8
2026-06-09 21:58:02,20564,8156,29.5
2026-06-09 21:58:04,20566,8157,45.0
2026-06-09 21:58:06,20568,8158,32.4
2026-06-09 21:58:09,20571,8159,21.8
2026-06-09 21:58:11,20573,8160,58.2
2026-06-09 21:58:13,20575,8161,39.2
2026-06-09 21:58:15,20577,8162,68.9
2026-06-09 21:58:17,20579,8163,48.1
2026-06-09 21:58:19,20581,8164,33.6
2026-06-09 21:58:21,20583,8165,34.0
2026-06-09 21:58:23,20585,8166,16.8
2026-06-09 21:58:25,20587,8167,117
2026-06-09 21:58:27,20589,8168,23.7
2026-06-09 21:58:29,20591,8169,28.1
2026-06-09 21:58:31,20593,8170,37.6
2026-06-09 21:58:34,20596,8171,20.0
2026-06-09 21:58:36,20598,8172,20.5
2026-06-09 21:58:38,20600,8173,23.4
2026-06-09 21:58:40,20602,8174,26.6
2026-06-09 21:58:42,20604,8175,30.2
2026-06-09 21:58:44,20606,8176,20.8
2026-06-09 21:58:46,20608,8177,43.0
2026-06-09 21:58:48,20610,8178,27.8
2026-06-09 21:58:50,20612,8179,44.9
2026-06-09 21:58:52,20614,8180,33.3
2026-06-09 21:58:54,20616,8181,42.0
2026-06-09 21:58:56,20618,8182,28.2
2026-06-09 21:58:58,20620,8183,48.2
2026-06-09 21:59:00,20622,8184,36.8
2026-06-09 21:59:02,20624,8185,42.5
2026-06-09 21:59:04,20626,8186,38.0
2026-06-09 21:59:06,20628,8187,38.3
2026-06-09 21:59:09,20631,8188,18.9
2026-06-09 21:59:11,20633,8189,34.8
2026-06-09 21:59:13,20635,8190,50.5
2026-06-09 21:59:15,20637,8191,47.9
2026-06-09 21:59:17,20639,8192,31.8
2026-06-09 21:59:19,20641,8193,41.1
2026-06-09 21:59:21,20643,8194,52.5
2026-06-09 21:59:23,20645,8195,43.1
2026-06-09 21:59:26,20648,8196,32.7
2026-06-09 21:59:28,20650,8197,135
2026-06-09 21:59:30,20652,8198,27.5
2026-06-09 21:59:32,20654,8199,32.7
2026-06-09 21:59:34,20656,8200,24.3
2026-06-09 21:59:36,20658,8201,25.5
2026-06-09 21:59:38,20660,8202,202
2026-06-09 21:59:40,20662,8203,49.9
2026-06-09 21:59:42,20664,8204,31.3
2026-06-09 21:59:44,20666,8205,31.9
2026-06-09 21:59:46,20668,8206,37.6
2026-06-09 21:59:48,20670,8207,49.8
2026-06-09 21:59:50,20672,8208,33.8
2026-06-09 21:59:52,20674,8209,36.6
2026-06-09 21:59:54,20676,8210,29.6
2026-06-09 21:59:56,20678,8211,27.3
2026-06-09 21:59:58,20680,8212,28.8
2026-06-09 22:00:00,20682,8213,48.8
2026-06-09 22:00:02,20684,8214,35.7
2026-06-09 22:00:04,20686,8215,31.0
2026-06-09 22:00:07,20689,8216,40.5
2026-06-09 22:00:09,20691,8217,23.7
2026-06-09 22:00:11,20693,8218,47.4
2026-06-09 22:00:13,20695,8219,25.2
2026-06-09 22:00:15,20697,8220,30.2
2026-06-09 22:00:17,20699,8221,31.7
2026-06-09 22:00:19,20701,8222,42.2
2026-06-09 22:00:21,20703,8223,26.0
2026-06-09 22:00:23,20705,8224,40.0
2026-06-09 22:00:25,20707,8225,40.4
2026-06-09 22:00:27,20709,8226,33.2
2026-06-09 22:00:29,20711,8227,42.0
2026-06-09 22:00:31,20713,8228,23.7
2026-06-09 22:00:33,20715,8229,40.7
2026-06-09 22:00:35,20717,8230,43.8
2026-06-09 22:00:37,20719,8231,45.0
2026-06-09 22:00:39,20721,8232,29.7
2026-06-09 22:00:41,20723,8233,23.6
2026-06-09 22:00:43,20725,8234,22.7
2026-06-09 22:00:45,20727,8235,34.7
2026-06-09 22:00:47,20729,8236,33.5
2026-06-09 22:00:49,20731,8237,36.3
2026-06-09 22:00:51,20733,8238,28.8
2026-06-09 22:00:53,20735,8239,44.5
2026-06-09 22:00:55,20737,8240,35.3
2026-06-09 22:00:57,20739,8241,40.1
2026-06-09 22:00:59,20741,8242,32.3
2026-06-09 22:01:01,20743,8243,32.3
2026-06-09 22:01:03,20745,8244,28.7
2026-06-09 22:01:05,20747,8245,36.1
2026-06-09 22:01:08,20750,8246,35.8
2026-06-09 22:01:10,20752,8247,28.3
2026-06-09 22:01:12,20754,8248,45.9
2026-06-09 22:01:14,20756,8249,25.2
2026-06-09 22:01:16,20758,8250,12.4
2026-06-09 22:01:18,20760,8251,42.3
2026-06-09 22:01:20,20762,8252,38.6
2026-06-09 22:01:22,20764,8253,35.6
2026-06-09 22:01:24,20766,8254,30.8
2026-06-09 22:01:26,20768,8255,41.4
2026-06-09 22:01:28,20770,8256,161
2026-06-09 22:01:30,20772,8257,34.7
2026-06-09 22:01:32,20774,8258,42.5
2026-06-09 22:01:34,20776,8259,43.4
2026-06-09 22:01:36,20778,8260,33.2
2026-06-09 22:01:38,20780,8261,33.0
2026-06-09 22:01:40,20782,8262,27.1
2026-06-09 22:01:42,20784,8263,37.8
2026-06-09 22:01:44,20786,8264,39.7
2026-06-09 22:01:46,20788,8265,28.5
2026-06-09 22:01:48,20790,8266,18.0
2026-06-09 22:01:50,20792,8267,35.5
2026-06-09 22:01:53,20795,8268,47.2
2026-06-09 22:01:55,20797,8269,164
2026-06-09 22:01:57,20799,8270,40.6
2026-06-09 22:01:59,20801,8271,35.2
2026-06-09 22:02:01,20803,8272,30.8
2026-06-09 22:02:03,20805,8273,40.7
2026-06-09 22:02:05,20807,8274,68.6
2026-06-09 22:02:07,20809,8275,24.5
2026-06-09 22:02:09,20811,8276,23.0
2026-06-09 22:02:11,20813,8277,36.4
2026-06-09 22:02:13,20815,8278,46.1
2026-06-09 22:02:15,20817,8279,90.7
2026-06-09 22:02:18,20820,8280,39.8
2026-06-09 22:02:20,20822,8281,70.4
2026-06-09 22:02:22,20824,8282,63.1
2026-06-09 22:02:24,20826,8283,58.4
2026-06-09 22:02:26,20828,8284,41.7
2026-06-09 22:02:28,20830,8285,33.1
2026-06-09 22:02:30,20832,8286,31.7
2026-06-09 22:02:32,20834,8287,24.5
2026-06-09 22:02:34,20836,8288,39.4
2026-06-09 22:02:36,20838,8289,22.0
2026-06-09 22:02:38,20840,8290,29.0
2026-06-09 22:02:40,20842,8291,49.1
2026-06-09 22:02:42,20844,8292,29.6
2026-06-09 22:02:44,20846,8293,41.9
2026-06-09 22:02:46,20848,8294,41.8
2026-06-09 22:02:48,20850,8295,15.9
2026-06-09 22:02:50,20852,8296,203
2026-06-09 22:02:52,20854,8297,14.6
2026-06-09 22:02:54,20856,8298,29.9
2026-06-09 22:02:56,20858,8299,34.8
2026-06-09 22:02:59,20861,8300,42.2
2026-06-09 22:03:01,20863,8301,47.5
2026-06-09 22:03:03,20865,8302,40.1
2026-06-09 22:03:05,20867,8303,29.0
2026-06-09 22:03:07,20869,8304,28.8
2026-06-09 22:03:09,20871,8305,43.8
2026-06-09 22:03:11,20873,8306,30.3
2026-06-09 22:03:13,20875,8307,31.7
2026-06-09 22:03:15,20877,8308,26.0
2026-06-09 22:03:17,20879,8309,19.7
2026-06-09 22:03:19,20881,8310,43.7
2026-06-09 22:03:21,20883,8311,26.8
2026-06-09 22:03:23,20885,8312,44.3
2026-06-09 22:03:25,20887,8313,40.8
2026-06-09 22:03:27,20889,8314,26.3
2026-06-09 22:03:29,20891,8315,65.4
2026-06-09 22:03:31,20893,8316,33.3
2026-06-09 22:03:33,20895,8317,30.8
2026-06-09 22:03:35,20897,8318,22.6
2026-06-09 22:03:37,20899,8319,38.2
2026-06-09 22:03:39,20901,8320,28.2
2026-06-09 22:03:41,20903,8321,27.9
2026-06-09 22:03:44,20906,8322,39.5
2026-06-09 22:03:46,20908,8323,39.0
2026-06-09 22:03:48,20910,8324,34.8
2026-06-09 22:03:50,20912,8325,17.9
2026-06-09 22:03:52,20914,8326,37.4
2026-06-09 22:03:54,20916,8327,25.8
2026-06-09 22:03:56,20918,8328,19.3
2026-06-09 22:03:58,20920,8329,56.2
2026-06-09 22:04:00,20922,8330,28.4
2026-06-09 22:04:02,20924,8331,36.9
2026-06-09 22:04:04,20926,8332,74.0
2026-06-09 22:04:06,20928,8333,38.8
2026-06-09 22:04:09,20931,8334,49.4
2026-06-09 22:04:11,20933,8335,38.2
2026-06-09 22:04:13,20935,8336,46.4
2026-06-09 22:04:15,20937,8337,25.1
2026-06-09 22:04:17,20939,8338,44.7
2026-06-09 22:04:19,20941,8339,30.9
2026-06-09 22:04:21,20943,8340,28.9
2026-06-09 22:04:23,20945,8341,36.4
2026-06-09 22:04:25,20947,8342,26.0
2026-06-09 22:04:27,20949,8343,48.5
2026-06-09 22:04:29,20951,8344,67.4
2026-06-09 22:04:31,20953,8345,23.8
2026-06-09 22:04:33,20955,8346,26.4
2026-06-09 22:04:35,20957,8347,39.6
2026-06-09 22:04:37,20959,8348,38.9
2026-06-09 22:04:39,20961,8349,48.4
2026-06-09 22:04:41,20963,8350,26.9
2026-06-09 22:04:43,20965,8351,32.0
2026-06-09 22:04:45,20967,8352,43.9
2026-06-09 22:04:47,20969,8353,40.5
2026-06-09 22:04:50,20972,8354,36.8
2026-06-09 22:04:52,20974,8355,28.4
2026-06-09 22:04:54,20976,8356,28.7
2026-06-09 22:04:56,20978,8357,47.2
2026-06-09 22:04:58,20980,8358,162
2026-06-09 22:05:00,20982,8359,25.0
2026-06-09 22:05:02,20984,8360,59.7
2026-06-09 22:05:04,20986,8361,42.8
2026-06-09 22:05:06,20988,8362,28.2
2026-06-09 22:05:08,20990,8363,25.2
2026-06-09 22:05:10,20992,8364,63.3
2026-06-09 22:05:12,20994,8365,55.3
2026-06-09 22:05:14,20996,8366,42.4
2026-06-09 22:05:16,20998,8367,40.4
2026-06-09 22:05:18,21000,8368,39.6
2026-06-09 22:05:20,21002,8369,43.3
2026-06-09 22:05:22,21004,8370,31.3
2026-06-09 22:05:24,21006,8371,34.3
2026-06-09 22:05:26,21008,8372,29.0
2026-06-09 22:05:28,21010,8373,45.1
2026-06-09 22:05:30,21012,8374,21.1
2026-06-09 22:05:32,21014,8375,43.4
2026-06-09 22:05:34,21016,8376,43.1
2026-06-09 22:05:36,21018,8377,41.0
2026-06-09 22:05:38,21020,8378,49.3
2026-06-09 22:05:41,21023,8379,22.2
2026-06-09 22:05:43,21025,8380,46.6
2026-06-09 22:05:45,21027,8381,29.1
2026-06-09 22:05:47,21029,8382,41.5
2026-06-09 22:05:49,21031,8383,39.3
2026-06-09 22:05:51,21033,8384,38.0
2026-06-09 22:05:53,21035,8385,54.0
2026-06-09 22:05:55,21037,8386,33.6
2026-06-09 22:05:57,21039,8387,27.4
2026-06-09 22:05:59,21041,8388,24.2
2026-06-09 22:06:01,21043,8389,22.1
2026-06-09 22:06:03,21045,8390,35.8
2026-06-09 22:06:05,21047,8391,17.0
2026-06-09 22:06:07,21049,8392,42.1
2026-06-09 22:06:09,21051,8393,25.9
2026-06-09 22:06:11,21053,8394,37.2
2026-06-09 22:06:13,21055,8395,20.4
2026-06-09 22:06:15,21057,8396,30.3
2026-06-09 22:06:17,21059,8397,370
2026-06-09 22:06:19,21061,8398,57.6
2026-06-09 22:06:22,21064,8399,38.6
2026-06-09 22:06:24,21066,8400,31.8
2026-06-09 22:06:26,21068,8401,26.3
2026-06-09 22:06:28,21070,8402,32.0
2026-06-09 22:06:30,21072,8403,60.2
2026-06-09 22:06:32,21074,8404,27.7
2026-06-09 22:06:34,21076,8405,36.5
2026-06-09 22:06:36,21078,8406,90.8
2026-06-09 22:06:38,21080,8407,45.8
2026-06-09 22:06:40,21082,8408,19.2
2026-06-09 22:06:42,21084,8409,39.0
2026-06-09 22:06:44,21086,8410,25.7
2026-06-09 22:06:47,21089,8411,52.5
2026-06-09 22:06:49,21091,8412,46.2
2026-06-09 22:06:51,21093,8413,29.0
2026-06-09 22:06:53,21095,8414,30.7
2026-06-09 22:06:55,21097,8415,32.5
2026-06-09 22:06:57,21099,8416,48.0
2026-06-09 22:06:59,21101,8417,33.2
2026-06-09 22:07:01,21103,8418,37.3
2026-06-09 22:07:03,21105,8419,17.8
2026-06-09 22:07:05,21107,8420,40.4
2026-06-09 22:07:07,21109,8421,26.3
2026-06-09 22:07:09,21111,8422,32.4
2026-06-09 22:07:11,21113,8423,30.0
2026-06-09 22:07:13,21115,8424,30.0
2026-06-09 22:07:15,21117,8425,21.4
2026-06-09 22:07:17,21119,8426,34.0
2026-06-09 22:07:19,21121,8427,19.1
2026-06-09 22:07:21,21123,8428,33.9
2026-06-09 22:07:23,21125,8429,23.6
2026-06-09 22:07:25,21127,8430,25.2
2026-06-09 22:07:27,21129,8431,37.7
2026-06-09 22:07:29,21131,8432,62.9
2026-06-09 22:07:31,21133,8433,25.0
2026-06-09 22:07:33,21135,8434,28.5
2026-06-09 22:07:35,21137,8435,37.5
2026-06-09 22:07:37,21139,8436,51.8
2026-06-09 22:07:39,21141,8437,25.7
2026-06-09 22:07:41,21143,8438,32.2
2026-06-09 22:07:43,21145,8439,22.9
2026-06-09 22:07:45,21147,8440,82.3
2026-06-09 22:07:48,21150,8441,27.5
2026-06-09 22:07:50,21152,8442,20.9
2026-06-09 22:07:52,21154,8443,34.5
2026-06-09 22:07:54,21156,8444,43.6
2026-06-09 22:07:56,21158,8445,49.0
2026-06-09 22:07:58,21160,8446,9.93
2026-06-09 22:08:00,21162,8447,40.7
2026-06-09 22:08:02,21164,8448,41.7
2026-06-09 22:08:04,21166,8449,30.3
2026-06-09 22:08:06,21168,8450,44.7
2026-06-09 22:08:08,21170,8451,37.1
2026-06-09 22:08:10,21172,8452,31.6
2026-06-09 22:08:12,21174,8453,49.0
2026-06-09 22:08:14,21176,8454,43.3
2026-06-09 22:08:16,21178,8455,24.5
2026-06-09 22:08:19,21181,8456,56.4
2026-06-09 22:08:21,21183,8457,33.8
2026-06-09 22:08:23,21185,8458,25.0
2026-06-09 22:08:25,21187,8459,25.1
2026-06-09 22:08:27,21189,8460,26.9
2026-06-09 22:08:29,21191,8461,24.6
2026-06-09 22:08:31,21193,8462,38.0
2026-06-09 22:08:33,21195,8463,45.9
2026-06-09 22:08:35,21197,8464,19.9
2026-06-09 22:08:37,21199,8465,26.8
2026-06-09 22:08:39,21201,8466,46.0
2026-06-09 22:08:41,21203,8467,50.9
2026-06-09 22:08:43,21205,8468,50.7
2026-06-09 22:08:45,21207,8469,30.0
2026-06-09 22:08:47,21209,8470,32.7
2026-06-09 22:08:49,21211,8471,35.6
2026-06-09 22:08:51,21213,8472,50.2
2026-06-09 22:08:53,21215,8473,31.7
2026-06-09 22:08:55,21217,8474,64.1
2026-06-09 22:08:57,21219,8475,40.9
2026-06-09 22:08:59,21221,8476,20.1
2026-06-09 22:09:01,21223,8477,28.0
2026-06-09 22:09:03,21225,8478,58.5
2026-06-09 22:09:05,21227,8479,27.8
2026-06-09 22:09:07,21229,8480,48.4
2026-06-09 22:09:09,21231,8481,22.2
2026-06-09 22:09:12,21234,8482,54.5
2026-06-09 22:09:14,21236,8483,22.1
2026-06-09 22:09:16,21238,8484,51.5
2026-06-09 22:09:18,21240,8485,47.0
2026-06-09 22:09:20,21242,8486,28.7
2026-06-09 22:09:22,21244,8487,45.1
2026-06-09 22:09:24,21246,8488,38.5
2026-06-09 22:09:26,21248,8489,47.3
2026-06-09 22:09:28,21250,8490,41.6
2026-06-09 22:09:30,21252,8491,55.5
2026-06-09 22:09:32,21254,8492,24.1
2026-06-09 22:09:34,21256,8493,28.9
2026-06-09 22:09:36,21258,8494,25.4
2026-06-09 22:09:39,21261,8495,37.9
2026-06-09 22:09:41,21263,8496,30.0
2026-06-09 22:09:43,21265,8497,29.6
2026-06-09 22:09:45,21267,8498,41.2
2026-06-09 22:09:47,21269,8499,42.2
2026-06-09 22:09:49,21271,8500,28.1
2026-06-09 22:09:51,21273,8501,28.9
2026-06-09 22:09:53,21275,8502,29.7
2026-06-09 22:09:55,21277,8503,22.2
2026-06-09 22:09:57,21279,8504,36.3
2026-06-09 22:09:59,21281,8505,48.2
2026-06-09 22:10:01,21283,8506,24.8
2026-06-09 22:10:03,21285,8507,45.6
2026-06-09 22:10:05,21287,8508,76.1
2026-06-09 22:10:07,21289,8509,23.6
2026-06-09 22:10:10,21292,8510,30.7
2026-06-09 22:10:12,21294,8511,39.5
2026-06-09 22:10:14,21296,8512,34.0
2026-06-09 22:10:16,21298,8513,42.6
2026-06-09 22:10:18,21300,8514,33.9
2026-06-09 22:10:20,21302,8515,18.7
2026-06-09 22:10:22,21304,8516,23.8
2026-06-09 22:10:24,21306,8517,41.3
2026-06-09 22:10:26,21308,8518,25.8
2026-06-09 22:10:28,21310,8519,34.7
2026-06-09 22:10:30,21312,8520,28.3
2026-06-09 22:10:32,21314,8521,26.2
2026-06-09 22:10:34,21316,8522,35.0
2026-06-09 22:10:36,21318,8523,20.2
2026-06-09 22:10:38,21320,8524,27.8
2026-06-09 22:10:40,21322,8525,33.2
2026-06-09 22:10:42,21324,8526,59.2
2026-06-09 22:10:44,21326,8527,29.9
2026-06-09 22:10:47,21329,8528,39.7
2026-06-09 22:10:49,21331,8529,31.2
2026-06-09 22:10:51,21333,8530,33.9
2026-06-09 22:10:53,21335,8531,32.6
2026-06-09 22:10:55,21337,8532,35.1
2026-06-09 22:10:57,21339,8533,27.8
2026-06-09 22:10:59,21341,8534,26.8
2026-06-09 22:11:01,21343,8535,33.5
2026-06-09 22:11:03,21345,8536,8.72
2026-06-09 22:11:05,21347,8537,19.7
2026-06-09 22:11:07,21349,8538,43.2
2026-06-09 22:11:09,21351,8539,30.4
2026-06-09 22:11:11,21353,8540,34.9
2026-06-09 22:11:13,21355,8541,28.7
2026-06-09 22:11:15,21357,8542,65.6
2026-06-09 22:11:17,21359,8543,37.3
2026-06-09 22:11:19,21361,8544,32.5
2026-06-09 22:11:21,21363,8545,34.8
2026-06-09 22:11:23,21365,8546,30.1
2026-06-09 22:11:25,21367,8547,44.0
2026-06-09 22:11:27,21369,8548,37.5
2026-06-09 22:11:29,21371,8549,37.4
2026-06-09 22:11:31,21373,8550,25.2
2026-06-09 22:11:33,21375,8551,24.4
2026-06-09 22:11:35,21377,8552,50.5
2026-06-09 22:11:37,21379,8553,31.0
2026-06-09 22:11:39,21381,8554,45.3
2026-06-09 22:11:41,21383,8555,33.8
2026-06-09 22:11:43,21385,8556,53.1
2026-06-09 22:11:45,21387,8557,59.7
2026-06-09 22:11:47,21389,8558,32.7
2026-06-09 22:11:49,21391,8559,24.5
2026-06-09 22:11:52,21394,8560,48.8
2026-06-09 22:11:54,21396,8561,25.0
2026-06-09 22:11:56,21398,8562,19.1
2026-06-09 22:11:58,21400,8563,34.6
2026-06-09 22:12:00,21402,8564,27.1
2026-06-09 22:12:02,21404,8565,45.3
2026-06-09 22:12:04,21406,8566,30.2
2026-06-09 22:12:06,21408,8567,96.1
2026-06-09 22:12:08,21410,8568,18.9
2026-06-09 22:12:10,21412,8569,76.4
2026-06-09 22:12:12,21414,8570,42.7
2026-06-09 22:12:15,21417,8571,40.3
2026-06-09 22:12:17,21419,8572,194
2026-06-09 22:12:19,21421,8573,15.5
2026-06-09 22:12:21,21423,8574,28.2
2026-06-09 22:12:23,21425,8575,21.4
2026-06-09 22:12:25,21427,8576,27.3
2026-06-09 22:12:27,21429,8577,46.5
2026-06-09 22:12:29,21431,8578,18.7
2026-06-09 22:12:31,21433,8579,28.9
2026-06-09 22:12:33,21435,8580,18.3
2026-06-09 22:12:35,21437,8581,760
2026-06-09 22:12:38,21440,8582,46.4
2026-06-09 22:12:40,21442,8583,42.2
2026-06-09 22:12:42,21444,8584,153
2026-06-09 22:12:44,21446,8585,102
2026-06-09 22:12:46,21448,8586,109
2026-06-09 22:12:48,21450,8587,39.0
2026-06-09 22:12:50,21452,8588,29.9
2026-06-09 22:12:52,21454,8589,38.0
2026-06-09 22:12:54,21456,8590,39.5
2026-06-09 22:12:56,21458,8591,54.3
2026-06-09 22:12:59,21461,8592,25.2
2026-06-09 22:13:01,21463,8593,92.8
2026-06-09 22:13:03,21465,8594,20.4
2026-06-09 22:13:05,21467,8595,35.8
2026-06-09 22:13:07,21469,8596,36.9
2026-06-09 22:13:09,21471,8597,43.0
2026-06-09 22:13:11,21473,8598,30.5
2026-06-09 22:13:13,21475,8599,38.0
2026-06-09 22:13:15,21477,8600,41.3
2026-06-09 22:13:17,21479,8601,37.8
2026-06-09 22:13:19,21481,8602,36.2
2026-06-09 22:13:21,21483,8603,18.0
2026-06-09 22:13:23,21485,8604,43.0
2026-06-09 22:13:25,21487,8605,49.1
2026-06-09 22:13:27,21489,8606,72.2
2026-06-09 22:13:29,21491,8607,20.5
2026-06-09 22:13:32,21494,8608,30.5
2026-06-09 22:13:34,21496,8609,32.5
2026-06-09 22:13:36,21498,8610,33.7
2026-06-09 22:13:38,21500,8611,25.6
2026-06-09 22:13:40,21502,8612,16.7
2026-06-09 22:13:42,21504,8613,49.5
2026-06-09 22:13:44,21506,8614,44.8
2026-06-09 22:13:46,21508,8615,42.0
2026-06-09 22:13:48,21510,8616,30.9
2026-06-09 22:13:50,21512,8617,54.8
2026-06-09 22:13:52,21514,8618,26.7
2026-06-09 22:13:54,21516,8619,29.7
2026-06-09 22:13:56,21518,8620,40.1
2026-06-09 22:13:58,21520,8621,40.3
2026-06-09 22:14:00,21522,8622,34.2
2026-06-09 22:14:02,21524,8623,44.6
2026-06-09 22:14:04,21526,8624,41.3
2026-06-09 22:14:06,21528,8625,18.6
2026-06-09 22:14:08,21530,8626,38.9
2026-06-09 22:14:10,21532,8627,32.7
2026-06-09 22:14:12,21534,8628,50.6
2026-06-09 22:14:15,21537,8629,38.1
2026-06-09 22:14:17,21539,8630,55.7
2026-06-09 22:14:19,21541,8631,37.2
2026-06-09 22:14:21,21543,8632,42.2
2026-06-09 22:14:23,21545,8633,30.5
2026-06-09 22:14:25,21547,8634,30.7
2026-06-09 22:14:27,21549,8635,18.4
2026-06-09 22:14:29,21551,8636,20.3
2026-06-09 22:14:31,21553,8637,28.6
2026-06-09 22:14:33,21555,8638,25.1
2026-06-09 22:14:35,21557,8639,35.8
2026-06-09 22:14:37,21559,8640,28.7
2026-06-09 22:14:39,21561,8641,39.8
2026-06-09 22:14:41,21563,8642,36.5
2026-06-09 22:14:43,21565,8643,23.2
2026-06-09 22:14:45,21567,8644,117
2026-06-09 22:14:47,21569,8645,41.6
2026-06-09 22:14:49,21571,8646,44.0
2026-06-09 22:14:52,21574,8647,29.7
2026-06-09 22:14:53,21575,8648,34.4
2026-06-09 22:14:56,21578,8649,52.6
2026-06-09 22:14:58,21580,8650,41.3
2026-06-09 22:15:00,21582,8651,39.2
2026-06-09 22:15:02,21584,8652,30.8
2026-06-09 22:15:04,21586,8653,29.6
2026-06-09 22:15:06,21588,8654,38.1
2026-06-09 22:15:08,21590,8655,38.5
2026-06-09 22:15:10,21592,8656,24.9
2026-06-09 22:15:12,21594,8657,24.3
2026-06-09 22:15:14,21596,8658,29.4
2026-06-09 22:15:16,21598,8659,33.9
2026-06-09 22:15:18,21600,8660,41.8
2026-06-09 22:15:20,21602,8661,38.3
2026-06-09 22:15:22,21604,8662,28.9
2026-06-09 22:15:24,21606,8663,29.8
2026-06-09 22:15:26,21608,8664,19.1
2026-06-09 22:15:28,21610,8665,196
2026-06-09 22:15:30,21612,8666,31.9
2026-06-09 22:15:33,21615,8667,20.6
2026-06-09 22:15:35,21617,8668,31.5
2026-06-09 22:15:37,21619,8669,23.0
2026-06-09 22:15:39,21621,8670,23.1
2026-06-09 22:15:41,21623,8671,40.5
2026-06-09 22:15:43,21625,8672,30.4
2026-06-09 22:15:45,21627,8673,44.5
2026-06-09 22:15:47,21629,8674,296
2026-06-09 22:15:49,21631,8675,35.2
2026-06-09 22:15:51,21633,8676,39.1
2026-06-09 22:15:53,21635,8677,30.0
2026-06-09 22:15:56,21638,8678,28.9
2026-06-09 22:15:58,21640,8679,16.0
2026-06-09 22:16:00,21642,8680,26.1
2026-06-09 22:16:02,21644,8681,38.7
2026-06-09 22:16:04,21646,8682,29.8
2026-06-09 22:16:06,21648,8683,25.3
2026-06-09 22:16:08,21650,8684,23.9
2026-06-09 22:16:10,21652,8685,38.1
2026-06-09 22:16:12,21654,8686,23.6
2026-06-09 22:16:14,21656,8687,33.6
2026-06-09 22:16:16,21658,8688,22.5
2026-06-09 22:16:18,21660,8689,45.8
2026-06-09 22:16:20,21662,8690,55.4
2026-06-09 22:16:22,21664,8691,37.4
2026-06-09 22:16:24,21666,8692,37.1
2026-06-09 22:16:26,21668,8693,34.4
2026-06-09 22:16:28,21670,8694,29.7
2026-06-09 22:16:30,21672,8695,41.8
2026-06-09 22:16:33,21675,8696,22.9
2026-06-09 22:16:35,21677,8697,28.5
2026-06-09 22:16:37,21679,8698,39.3
2026-06-09 22:16:39,21681,8699,32.6
2026-06-09 22:16:41,21683,8700,44.8
2026-06-09 22:16:43,21685,8701,29.4
2026-06-09 22:16:45,21687,8702,43.7
2026-06-09 22:16:47,21689,8703,36.5
2026-06-09 22:16:49,21691,8704,51.4
2026-06-09 22:16:52,21694,8705,31.7
2026-06-09 22:16:54,21696,8706,36.9
2026-06-09 22:16:56,21698,8707,29.9
2026-06-09 22:16:58,21700,8708,22.9
2026-06-09 22:17:00,21702,8709,37.7
2026-06-09 22:17:02,21704,8710,38.2
2026-06-09 22:17:04,21706,8711,22.2
2026-06-09 22:17:06,21708,8712,47.4
2026-06-09 22:17:08,21710,8713,29.3
2026-06-09 22:17:11,21713,8714,22.3
2026-06-09 22:17:13,21715,8715,37.4
2026-06-09 22:17:15,21717,8716,20.7
2026-06-09 22:17:17,21719,8717,34.1
2026-06-09 22:17:19,21721,8718,51.1
2026-06-09 22:17:21,21723,8719,36.4
2026-06-09 22:17:23,21725,8720,35.0
2026-06-09 22:17:25,21727,8721,37.0
2026-06-09 22:17:27,21729,8722,48.8
2026-06-09 22:17:29,21731,8723,29.3
2026-06-09 22:17:31,21733,8724,41.4
2026-06-09 22:17:33,21735,8725,33.4
2026-06-09 22:17:36,21738,8726,31.5
2026-06-09 22:17:38,21740,8727,45.9
2026-06-09 22:17:40,21742,8728,34.8
2026-06-09 22:17:42,21744,8729,30.7
2026-06-09 22:17:44,21746,8730,19.5
2026-06-09 22:17:46,21748,8731,43.2
2026-06-09 22:17:48,21750,8732,222
2026-06-09 22:17:50,21752,8733,48.0
2026-06-09 22:17:52,21754,8734,24.5
2026-06-09 22:17:54,21756,8735,25.5
2026-06-09 22:17:56,21758,8736,22.4
2026-06-09 22:17:59,21761,8737,28.6
2026-06-09 22:18:01,21763,8738,22.2
2026-06-09 22:18:03,21765,8739,25.8
2026-06-09 22:18:05,21767,8740,42.2
2026-06-09 22:18:07,21769,8741,46.8
2026-06-09 22:18:09,21771,8742,31.9
2026-06-09 22:18:11,21773,8743,29.6
2026-06-09 22:18:13,21775,8744,42.0
2026-06-09 22:18:15,21777,8745,87.2
2026-06-09 22:18:17,21779,8746,25.6
2026-06-09 22:18:19,21781,8747,22.3
2026-06-09 22:18:21,21783,8748,40.8
2026-06-09 22:18:23,21785,8749,123
2026-06-09 22:18:25,21787,8750,42.0
2026-06-09 22:18:27,21789,8751,43.4
2026-06-09 22:18:30,21792,8752,31.0
2026-06-09 22:18:32,21794,8753,43.4
2026-06-09 22:18:34,21796,8754,29.6
2026-06-09 22:18:36,21798,8755,46.4
2026-06-09 22:18:38,21800,8756,35.7
2026-06-09 22:18:40,21802,8757,49.0
2026-06-09 22:18:42,21804,8758,30.9
2026-06-09 22:18:44,21806,8759,31.4
2026-06-09 22:18:46,21808,8760,32.7
2026-06-09 22:18:48,21810,8761,406
2026-06-09 22:18:50,21812,8762,27.0
2026-06-09 22:18:52,21814,8763,46.9
2026-06-09 22:18:54,21816,8764,32.2
2026-06-09 22:18:56,21818,8765,31.1
2026-06-09 22:18:58,21820,8766,36.6
2026-06-09 22:19:00,21822,8767,35.4
2026-06-09 22:19:02,21824,8768,35.5
2026-06-09 22:19:04,21826,8769,32.2
2026-06-09 22:19:06,21828,8770,34.4
2026-06-09 22:19:08,21830,8771,29.2
2026-06-09 22:19:10,21832,8772,206
2026-06-09 22:19:12,21834,8773,23.8
2026-06-09 22:19:14,21836,8774,18.7
2026-06-09 22:19:17,21838,8775,30.4
2026-06-09 22:19:19,21841,8776,35.4
2026-06-09 22:19:21,21843,8777,30.8
2026-06-09 22:19:23,21845,8778,30.1
2026-06-09 22:19:25,21847,8779,33.2
2026-06-09 22:19:27,21849,8780,24.6
2026-06-09 22:19:29,21851,8781,223
2026-06-09 22:19:31,21853,8782,36.3
2026-06-09 22:19:33,21855,8783,29.2
2026-06-09 22:19:35,21857,8784,30.0
2026-06-09 22:19:37,21859,8785,31.3
2026-06-09 22:19:39,21861,8786,40.1
2026-06-09 22:19:41,21863,8787,45.7
2026-06-09 22:19:43,21865,8788,17.3
2026-06-09 22:19:46,21868,8789,43.0
2026-06-09 22:19:48,21870,8790,42.7
2026-06-09 22:19:50,21872,8791,23.1
2026-06-09 22:19:52,21874,8792,37.8
2026-06-09 22:19:54,21876,8793,32.7
2026-06-09 22:19:56,21878,8794,36.7
2026-06-09 22:19:58,21880,8795,30.2
2026-06-09 22:20:00,21882,8796,29.1
2026-06-09 22:20:02,21884,8797,41.9
2026-06-09 22:20:04,21886,8798,44.6
2026-06-09 22:20:06,21888,8799,29.7
2026-06-09 22:20:08,21890,8800,30.6
2026-06-09 22:20:10,21892,8801,37.7
2026-06-09 22:20:12,21894,8802,45.8
2026-06-09 22:20:14,21896,8803,46.4
2026-06-09 22:20:16,21898,8804,15.1
2026-06-09 22:20:18,21900,8805,26.3
2026-06-09 22:20:20,21902,8806,40.6
2026-06-09 22:20:22,21904,8807,267
2026-06-09 22:20:25,21907,8808,38.4
2026-06-09 22:20:27,21909,8809,28.6
2026-06-09 22:20:29,21911,8810,35.7
2026-06-09 22:20:31,21913,8811,108
2026-06-09 22:20:33,21915,8812,30.6
2026-06-09 22:20:35,21917,8813,44.6
2026-06-09 22:20:37,21919,8814,36.6
2026-06-09 22:20:39,21921,8815,89.4
2026-06-09 22:20:41,21923,8816,80.2
2026-06-09 22:20:43,21925,8817,56.4
2026-06-09 22:20:45,21927,8818,113
2026-06-09 22:20:47,21929,8819,28.8
2026-06-09 22:20:49,21931,8820,27.5
2026-06-09 22:20:52,21934,8821,36.4
2026-06-09 22:20:54,21936,8822,20.2
2026-06-09 22:20:56,21938,8823,39.5
2026-06-09 22:20:58,21940,8824,37.6
2026-06-09 22:21:00,21942,8825,140
2026-06-09 22:21:02,21944,8826,132
2026-06-09 22:21:04,21946,8827,162
2026-06-09 22:21:06,21948,8828,180
2026-06-09 22:21:08,21950,8829,144
2026-06-09 22:21:10,21952,8830,41.2
2026-06-09 22:21:12,21954,8831,47.4
2026-06-09 22:21:14,21956,8832,28.3
2026-06-09 22:21:16,21958,8833,35.8
2026-06-09 22:21:18,21960,8834,39.2
2026-06-09 22:21:20,21962,8835,75.6
2026-06-09 22:21:22,21964,8836,36.2
2026-06-09 22:21:25,21967,8837,37.8
2026-06-09 22:21:27,21968,8838,25.5
2026-06-09 22:21:29,21970,8839,56.2
2026-06-09 22:21:31,21973,8840,31.3
2026-06-09 22:21:33,21975,8841,26.2
2026-06-09 22:21:35,21977,8842,28.9
2026-06-09 22:21:37,21979,8843,27.7
2026-06-09 22:21:39,21981,8844,47.5
2026-06-09 22:21:41,21983,8845,27.4
2026-06-09 22:21:43,21985,8846,33.6
2026-06-09 22:21:45,21987,8847,366
2026-06-09 22:21:47,21989,8848,33.1
2026-06-09 22:21:49,21991,8849,30.0
2026-06-09 22:21:51,21993,8850,40.0
2026-06-09 22:21:53,21995,8851,48.2
2026-06-09 22:21:56,21998,8852,25.1
2026-06-09 22:21:58,22000,8853,26.9
2026-06-09 22:22:00,22002,8854,41.3
2026-06-09 22:22:02,22004,8855,28.8
2026-06-09 22:22:04,22006,8856,22.8
2026-06-09 22:22:06,22008,8857,23.2
2026-06-09 22:22:08,22010,8858,29.6
2026-06-09 22:22:10,22012,8859,232
2026-06-09 22:22:12,22014,8860,26.6
2026-06-09 22:22:14,22016,8861,25.9
2026-06-09 22:22:16,22018,8862,39.6
2026-06-09 22:22:18,22020,8863,25.5
2026-06-09 22:22:20,22022,8864,246
2026-06-09 22:22:23,22025,8865,191
2026-06-09 22:22:25,22027,8866,222
2026-06-09 22:22:27,22029,8867,37.2
2026-06-09 22:22:29,22031,8868,19.1
2026-06-09 22:22:31,22033,8869,43.3
2026-06-09 22:22:33,22035,8870,39.8
2026-06-09 22:22:35,22037,8871,37.4
2026-06-09 22:22:37,22039,8872,47.5
2026-06-09 22:22:39,22041,8873,29.6
2026-06-09 22:22:41,22043,8874,39.5
2026-06-09 22:22:43,22045,8875,36.9
2026-06-09 22:22:45,22047,8876,34.1
2026-06-09 22:22:47,22049,8877,26.6
2026-06-09 22:22:49,22051,8878,25.0
2026-06-09 22:22:52,22054,8879,33.6
2026-06-09 22:22:54,22056,8880,30.7
2026-06-09 22:22:56,22058,8881,29.2
2026-06-09 22:22:58,22060,8882,260
2026-06-09 22:23:00,22062,8883,137
2026-06-09 22:23:02,22064,8884,32.3
2026-06-09 22:23:04,22066,8885,21.1
2026-06-09 22:23:06,22068,8886,28.9
2026-06-09 22:23:08,22070,8887,29.9
2026-06-09 22:23:10,22072,8888,46.1
2026-06-09 22:23:12,22074,8889,33.0
2026-06-09 22:23:14,22076,8890,44.9
2026-06-09 22:23:16,22078,8891,136
2026-06-09 22:23:18,22080,8892,25.1
2026-06-09 22:23:20,22082,8893,23.5
2026-06-09 22:23:23,22085,8894,27.4
2026-06-09 22:23:25,22087,8895,187
2026-06-09 22:23:27,22089,8896,39.8
2026-06-09 22:23:29,22091,8897,31.5
2026-06-09 22:23:31,22093,8898,27.4
2026-06-09 22:23:33,22095,8899,27.0
2026-06-09 22:23:35,22097,8900,27.0
2026-06-09 22:23:37,22099,8901,48.7
2026-06-09 22:23:39,22101,8902,30.9
2026-06-09 22:23:41,22103,8903,27.4
2026-06-09 22:23:43,22105,8904,24.9
2026-06-09 22:23:45,22107,8905,33.3
2026-06-09 22:23:47,22109,8906,35.9
2026-06-09 22:23:49,22111,8907,24.3
2026-06-09 22:23:51,22113,8908,28.7
2026-06-09 22:23:53,22115,8909,24.8
2026-06-09 22:23:56,22118,8910,29.7
2026-06-09 22:23:58,22120,8911,31.9
2026-06-09 22:24:00,22122,8912,27.2
2026-06-09 22:24:02,22124,8913,17.6
2026-06-09 22:24:04,22126,8914,24.1
2026-06-09 22:24:06,22128,8915,37.8
2026-06-09 22:24:08,22130,8916,44.8
2026-06-09 22:24:10,22132,8917,62.4
2026-06-09 22:24:12,22134,8918,20.7
2026-06-09 22:24:15,22136,8919,20.5
2026-06-09 22:24:17,22139,8920,32.2
2026-06-09 22:24:19,22141,8921,26.0
2026-06-09 22:24:21,22143,8922,39.9
2026-06-09 22:24:23,22145,8923,29.2
2026-06-09 22:24:25,22147,8924,18.5
2026-06-09 22:24:27,22149,8925,27.8
2026-06-09 22:24:29,22151,8926,31.1
2026-06-09 22:24:31,22153,8927,36.4
2026-06-09 22:24:33,22155,8928,31.0
2026-06-09 22:24:35,22157,8929,34.7
2026-06-09 22:24:37,22159,8930,35.5
2026-06-09 22:24:39,22161,8931,59.6
2026-06-09 22:24:41,22163,8932,36.3
2026-06-09 22:24:43,22165,8933,68.5
2026-06-09 22:24:45,22167,8934,55.8
2026-06-09 22:24:48,22169,8935,38.2
2026-06-09 22:24:50,22172,8936,25.7
2026-06-09 22:24:52,22174,8937,59.4
2026-06-09 22:24:54,22176,8938,41.3
2026-06-09 22:24:56,22178,8939,27.4
2026-06-09 22:24:58,22180,8940,36.3
2026-06-09 22:25:00,22182,8941,22.5
2026-06-09 22:25:02,22184,8942,33.6
2026-06-09 22:25:04,22186,8943,36.1
2026-06-09 22:25:06,22188,8944,36.7
2026-06-09 22:25:08,22190,8945,26.9
2026-06-09 22:25:11,22193,8946,34.8
2026-06-09 22:25:13,22195,8947,35.2
2026-06-09 22:25:15,22197,8948,25.6
2026-06-09 22:25:17,22199,8949,31.6
2026-06-09 22:25:19,22201,8950,38.2
2026-06-09 22:25:21,22203,8951,52.5
2026-06-09 22:25:23,22205,8952,28.5
2026-06-09 22:25:25,22207,8953,40.6
2026-06-09 22:25:27,22209,8954,22.7
2026-06-09 22:25:29,22211,8955,41.2
2026-06-09 22:25:31,22213,8956,28.2
2026-06-09 22:25:33,22215,8957,69.8
2026-06-09 22:25:35,22217,8958,93.2
2026-06-09 22:25:37,22219,8959,24.9
2026-06-09 22:25:40,22222,8960,25.1
2026-06-09 22:25:42,22224,8961,37.9
2026-06-09 22:25:44,22226,8962,46.0
2026-06-09 22:25:46,22228,8963,213
2026-06-09 22:25:48,22230,8964,151
2026-06-09 22:25:50,22232,8965,115
2026-06-09 22:25:52,22234,8966,191
2026-06-09 22:25:54,22236,8967,27.2
2026-06-09 22:25:56,22238,8968,31.9
2026-06-09 22:25:58,22240,8969,41.4
2026-06-09 22:26:00,22242,8970,59.5
2026-06-09 22:26:02,22244,8971,44.7
2026-06-09 22:26:05,22247,8972,24.7
2026-06-09 22:26:07,22249,8973,33.3
2026-06-09 22:26:09,22251,8974,33.5
2026-06-09 22:26:11,22253,8975,135
2026-06-09 22:26:13,22255,8976,33.4
2026-06-09 22:26:16,22258,8977,60.2
2026-06-09 22:26:18,22260,8978,31.7
2026-06-09 22:26:20,22262,8979,30.2
2026-06-09 22:26:22,22264,8980,113
2026-06-09 22:26:24,22266,8981,101
2026-06-09 22:26:27,22269,8982,171
2026-06-09 22:26:29,22271,8983,168
2026-06-09 22:26:31,22273,8984,102
2026-06-09 22:26:33,22275,8985,35.1
2026-06-09 22:26:36,22278,8986,25.4
2026-06-09 22:26:38,22280,8987,139
2026-06-09 22:26:40,22282,8988,116
2026-06-09 22:26:42,22284,8989,24.5
2026-06-09 22:26:44,22286,8990,124
2026-06-09 22:26:47,22289,8991,140
2026-06-09 22:26:49,22291,8992,44.2
2026-06-09 22:26:51,22293,8993,107
2026-06-09 22:26:53,22295,8994,123
2026-06-09 22:26:55,22297,8995,26.7
2026-06-09 22:26:57,22299,8996,177
2026-06-09 22:27:00,22302,8997,130
2026-06-09 22:27:02,22304,8998,19.2
2026-06-09 22:27:04,22306,8999,101
2026-06-09 22:27:06,22308,9000,20.8
2026-06-09 22:27:08,22310,9001,53.6
2026-06-09 22:27:10,22312,9002,55.3
2026-06-09 22:27:13,22315,9003,41.3
2026-06-09 22:27:15,22317,9004,50.1
2026-06-09 22:27:17,22319,9005,112
2026-06-09 22:27:19,22321,9006,130
2026-06-09 22:27:21,22323,9007,142
2026-06-09 22:27:24,22326,9008,21.8
2026-06-09 22:27:26,22328,9009,39.4
2026-06-09 22:27:28,22330,9010,58.9
2026-06-09 22:27:30,22332,9011,34.8
2026-06-09 22:27:32,22334,9012,30.9
2026-06-09 22:27:35,22337,9013,24.1
2026-06-09 22:27:37,22339,9014,61.6
2026-06-09 22:27:39,22341,9015,62.2
2026-06-09 22:27:41,22343,9016,38.4
2026-06-09 22:27:44,22346,9017,132
2026-06-09 22:27:46,22348,9018,49.4
2026-06-09 22:27:48,22350,9019,69.6
2026-06-09 22:27:50,22352,9020,62.5
2026-06-09 22:27:53,22355,9021,78.9
2026-06-09 22:27:55,22357,9022,58.2
2026-06-09 22:27:57,22359,9023,130
2026-06-09 22:27:59,22361,9024,124
2026-06-09 22:28:02,22364,9025,31.5
2026-06-09 22:28:04,22366,9026,40.3
2026-06-09 22:28:06,22368,9027,140
2026-06-09 22:28:08,22370,9028,48.9
2026-06-09 22:28:10,22372,9029,96.6
2026-06-09 22:28:12,22374,9030,31.4
2026-06-09 22:28:15,22377,9031,51.3
2026-06-09 22:28:17,22379,9032,115
2026-06-09 22:28:19,22381,9033,30.9
2026-06-09 22:28:21,22383,9034,66.0
2026-06-09 22:28:23,22385,9035,114
2026-06-09 22:28:25,22387,9036,41.0
2026-06-09 22:28:28,22390,9037,33.8
2026-06-09 22:28:30,22392,9038,40.1
2026-06-09 22:28:32,22394,9039,32.2
2026-06-09 22:28:34,22396,9040,37.5
2026-06-09 22:28:36,22398,9041,25.5
2026-06-09 22:28:38,22400,9042,39.3
2026-06-09 22:28:40,22402,9043,43.0
2026-06-09 22:28:42,22404,9044,31.2
2026-06-09 22:28:45,22407,9045,42.5
2026-06-09 22:28:47,22409,9046,69.1
2026-06-09 22:28:49,22411,9047,136
2026-06-09 22:28:51,22413,9048,50.6
2026-06-09 22:28:53,22415,9049,47.8
2026-06-09 22:28:55,22417,9050,108
2026-06-09 22:28:57,22419,9051,28.8
2026-06-09 22:29:00,22422,9052,66.7
2026-06-09 22:29:02,22424,9053,69.5
2026-06-09 22:29:04,22426,9054,28.5
2026-06-09 22:29:06,22428,9055,30.4
2026-06-09 22:29:08,22430,9056,42.6
2026-06-09 22:29:10,22432,9057,25.5
2026-06-09 22:29:12,22434,9058,120
2026-06-09 22:29:15,22437,9059,48.6
2026-06-09 22:29:17,22439,9060,24.4
2026-06-09 22:29:19,22441,9061,31.1
2026-06-09 22:29:21,22443,9062,27.8
2026-06-09 22:29:23,22445,9063,70.3
2026-06-09 22:29:25,22447,9064,20.1
2026-06-09 22:29:28,22450,9065,68.5
2026-06-09 22:29:30,22452,9066,69.3
2026-06-09 22:29:32,22454,9067,120
2026-06-09 22:29:34,22456,9068,47.3
2026-06-09 22:29:36,22458,9069,92.0
2026-06-09 22:29:38,22460,9070,256
2026-06-09 22:29:40,22462,9071,91.4
2026-06-09 22:29:43,22465,9072,169
2026-06-09 22:29:45,22467,9073,52.4
2026-06-09 22:29:47,22469,9074,140
2026-06-09 22:29:49,22471,9075,72.1
2026-06-09 22:29:51,22473,9076,43.4
2026-06-09 22:29:53,22475,9077,219
2026-06-09 22:29:56,22478,9078,146
2026-06-09 22:29:58,22480,9079,33.6
2026-06-09 22:30:00,22482,9080,35.2
2026-06-09 22:30:02,22484,9081,41.3
2026-06-09 22:30:04,22486,9082,68.4
2026-06-09 22:30:06,22488,9083,42.5
2026-06-09 22:30:09,22491,9084,45.2
2026-06-09 22:30:11,22493,9085,57.1
2026-06-09 22:30:13,22495,9086,129
2026-06-09 22:30:15,22497,9087,79.0
2026-06-09 22:30:17,22499,9088,123
2026-06-09 22:30:20,22502,9089,38.9
2026-06-09 22:30:22,22504,9090,117
2026-06-09 22:30:24,22506,9091,24.8
2026-06-09 22:30:26,22508,9092,63.1
2026-06-09 22:30:28,22510,9093,36.2
2026-06-09 22:30:30,22512,9094,160
2026-06-09 22:30:33,22515,9095,187
2026-06-09 22:30:35,22517,9096,150
2026-06-09 22:30:37,22519,9097,44.4
2026-06-09 22:30:39,22521,9098,190
2026-06-09 22:30:41,22523,9099,38.5
2026-06-09 22:30:44,22526,9100,46.0
2026-06-09 22:30:46,22528,9101,158
2026-06-09 22:30:48,22530,9102,39.7
2026-06-09 22:30:50,22532,9103,34.6
2026-06-09 22:30:52,22534,9104,29.9
2026-06-09 22:30:54,22536,9105,45.7
2026-06-09 22:30:56,22538,9106,35.6
2026-06-09 22:30:58,22540,9107,37.5
2026-06-09 22:31:00,22542,9108,55.0
2026-06-09 22:31:03,22545,9109,138
2026-06-09 22:31:05,22547,9110,130
2026-06-09 22:31:07,22549,9111,47.8
2026-06-09 22:31:09,22551,9112,72.1
2026-06-09 22:31:12,22554,9113,90.1
2026-06-09 22:31:14,22556,9114,40.6
2026-06-09 22:31:16,22558,9115,43.9
2026-06-09 22:31:18,22560,9116,27.0
2026-06-09 22:31:21,22563,9117,45.6
2026-06-09 22:31:23,22565,9118,34.2
2026-06-09 22:31:25,22567,9119,47.8
2026-06-09 22:31:27,22569,9120,58.2
2026-06-09 22:31:30,22572,9121,72.1
2026-06-09 22:31:32,22574,9122,83.2
2026-06-09 22:31:34,22576,9123,45.2
2026-06-09 22:31:36,22578,9124,51.4
2026-06-09 22:31:38,22580,9125,41.4
2026-06-09 22:31:40,22582,9126,177
2026-06-09 22:31:43,22585,9127,108
2026-06-09 22:31:45,22587,9128,51.7
2026-06-09 22:31:47,22589,9129,68.9
2026-06-09 22:31:49,22591,9130,44.9
2026-06-09 22:31:51,22593,9131,31.0
2026-06-09 22:31:54,22596,9132,148
2026-06-09 22:31:56,22598,9133,55.0
2026-06-09 22:31:58,22600,9134,125
2026-06-09 22:32:00,22602,9135,126
2026-06-09 22:32:02,22604,9136,115
2026-06-09 22:32:05,22607,9137,66.6
2026-06-09 22:32:07,22609,9138,142
2026-06-09 22:32:09,22611,9139,44.4
2026-06-09 22:32:11,22613,9140,91.8
2026-06-09 22:32:13,22615,9141,140
2026-06-09 22:32:15,22617,9142,123
2026-06-09 22:32:18,22620,9143,38.0
2026-06-09 22:32:20,22622,9144,132
2026-06-09 22:32:22,22624,9145,31.8
2026-06-09 22:32:24,22626,9146,31.2
2026-06-09 22:32:26,22628,9147,45.3
2026-06-09 22:32:28,22630,9148,24.9
2026-06-09 22:32:30,22632,9149,119
2026-06-09 22:32:33,22635,9150,34.5
2026-06-09 22:32:35,22637,9151,142
2026-06-09 22:32:37,22639,9152,60.5
2026-06-09 22:32:39,22641,9153,52.1
2026-06-09 22:32:41,22643,9154,70.3
2026-06-09 22:32:44,22646,9155,125
2026-06-09 22:32:46,22648,9156,40.7
2026-06-09 22:32:48,22650,9157,73.4
2026-06-09 22:32:50,22652,9158,115
2026-06-09 22:32:52,22654,9159,42.8
2026-06-09 22:32:54,22656,9160,56.9
2026-06-09 22:32:57,22659,9161,69.4
2026-06-09 22:32:59,22661,9162,42.7
2026-06-09 22:33:01,22663,9163,138
2026-06-09 22:33:03,22665,9164,26.1
2026-06-09 22:33:05,22667,9165,170
2026-06-09 22:33:08,22669,9166,156
2026-06-09 22:33:10,22672,9167,64.9
2026-06-09 22:33:12,22674,9168,54.4
2026-06-09 22:33:14,22676,9169,43.6
2026-06-09 22:33:16,22678,9170,20.1
2026-06-09 22:33:18,22680,9171,19.0
2026-06-09 22:33:21,22683,9172,30.9
2026-06-09 22:33:23,22685,9173,64.6
2026-06-09 22:33:25,22687,9174,34.3
2026-06-09 22:33:27,22689,9175,48.7
2026-06-09 22:33:29,22691,9176,38.3
2026-06-09 22:33:32,22694,9177,73.2
2026-06-09 22:33:34,22696,9178,118
2026-06-09 22:33:36,22698,9179,50.2
2026-06-09 22:33:38,22700,9180,95.3
2026-06-09 22:33:40,22702,9181,134
2026-06-09 22:33:42,22704,9182,27.3
2026-06-09 22:33:45,22707,9183,170
2026-06-09 22:33:47,22709,9184,61.5
2026-06-09 22:33:49,22711,9185,123
2026-06-09 22:33:51,22713,9186,49.3
2026-06-09 22:33:53,22715,9187,30.4
2026-06-09 22:33:56,22718,9188,24.3
2026-06-09 22:33:58,22720,9189,41.5
2026-06-09 22:34:00,22722,9190,132
2026-06-09 22:34:02,22724,9191,49.5
2026-06-09 22:34:05,22727,9192,202
2026-06-09 22:34:07,22729,9193,161
2026-06-09 22:34:09,22731,9194,49.5
2026-06-09 22:34:11,22733,9195,133
2026-06-09 22:34:13,22735,9196,52.3
2026-06-09 22:34:15,22737,9197,125
2026-06-09 22:34:18,22740,9198,41.7
2026-06-09 22:34:20,22742,9199,136
2026-06-09 22:34:22,22744,9200,121
2026-06-09 22:34:24,22746,9201,105
2026-06-09 22:34:26,22748,9202,133
2026-06-09 22:34:29,22751,9203,47.8
2026-06-09 22:34:31,22753,9204,43.8
2026-06-09 22:34:33,22755,9205,38.0
2026-06-09 22:34:35,22757,9206,33.1
2026-06-09 22:34:37,22759,9207,74.4
2026-06-09 22:34:39,22761,9208,24.5
2026-06-09 22:34:42,22764,9209,121
2026-06-09 22:34:44,22766,9210,47.9
2026-06-09 22:34:46,22768,9211,40.8
2026-06-09 22:34:48,22770,9212,184
2026-06-09 22:34:50,22772,9213,35.1
2026-06-09 22:34:53,22775,9214,31.3
2026-06-09 22:34:55,22777,9215,56.0
2026-06-09 22:34:57,22779,9216,29.7
2026-06-09 22:34:59,22781,9217,61.6
2026-06-09 22:35:01,22783,9218,163
2026-06-09 22:35:04,22786,9219,151
2026-06-09 22:35:06,22788,9220,49.3
2026-06-09 22:35:08,22790,9221,149
2026-06-09 22:35:10,22792,9222,44.5
2026-06-09 22:35:13,22795,9223,32.6
2026-06-09 22:35:15,22797,9224,117
2026-06-09 22:35:17,22799,9225,126
2026-06-09 22:35:19,22801,9226,20.5
2026-06-09 22:35:22,22804,9227,133
2026-06-09 22:35:24,22806,9228,184
2026-06-09 22:35:26,22808,9229,58.5
2026-06-09 22:35:28,22810,9230,37.5
2026-06-09 22:35:31,22813,9231,37.5
2026-06-09 22:35:33,22815,9232,121
2026-06-09 22:35:35,22817,9233,31.8
2026-06-09 22:35:37,22819,9234,41.0
2026-06-09 22:35:39,22821,9235,136
2026-06-09 22:35:41,22823,9236,26.4
2026-06-09 22:35:44,22826,9237,29.1
2026-06-09 22:35:46,22828,9238,22.8
2026-06-09 22:35:48,22830,9239,10.3
2026-06-09 22:35:50,22832,9240,25.0
2026-06-09 22:35:52,22834,9241,24.7
2026-06-09 22:35:54,22836,9242,31.2
2026-06-09 22:35:56,22838,9243,37.4
2026-06-09 22:35:59,22841,9244,24.5
2026-06-09 22:36:01,22843,9245,45.2
2026-06-09 22:36:03,22845,9246,42.9
2026-06-09 22:36:05,22847,9247,23.7
2026-06-09 22:36:07,22849,9248,37.0
2026-06-09 22:36:09,22851,9249,32.1
2026-06-09 22:36:11,22853,9250,65.1
2026-06-09 22:36:13,22855,9251,79.3
2026-06-09 22:36:16,22858,9252,113
2026-06-09 22:36:18,22860,9253,41.5
2026-06-09 22:36:20,22862,9254,159
2026-06-09 22:36:22,22864,9255,44.9
2026-06-09 22:36:24,22866,9256,34.7
2026-06-09 22:36:27,22869,9257,41.8
2026-06-09 22:36:29,22871,9258,33.1
2026-06-09 22:36:31,22873,9259,58.9
2026-06-09 22:36:33,22875,9260,40.4
2026-06-09 22:36:35,22877,9261,29.8
2026-06-09 22:36:37,22879,9262,96.2
2026-06-09 22:36:39,22881,9263,110
2026-06-09 22:36:42,22884,9264,134
2026-06-09 22:36:44,22886,9265,28.0
2026-06-09 22:36:46,22888,9266,46.5
2026-06-09 22:36:48,22890,9267,65.4
2026-06-09 22:36:50,22892,9268,159
2026-06-09 22:36:52,22894,9269,47.6
2026-06-09 22:36:55,22897,9270,36.1
2026-06-09 22:36:57,22899,9271,45.6
2026-06-09 22:36:59,22901,9272,58.5
2026-06-09 22:37:01,22903,9273,126
2026-06-09 22:37:03,22905,9274,36.9
2026-06-09 22:37:05,22907,9275,33.9
2026-06-09 22:37:08,22910,9276,24.4
2026-06-09 22:37:10,22912,9277,25.0
2026-06-09 22:37:12,22914,9278,128
2026-06-09 22:37:14,22916,9279,35.7
2026-06-09 22:37:16,22918,9280,149
2026-06-09 22:37:18,22920,9281,42.7
2026-06-09 22:37:20,22922,9282,63.7
2026-06-09 22:37:23,22925,9283,51.2
2026-06-09 22:37:25,22927,9284,60.3
2026-06-09 22:37:27,22929,9285,138
2026-06-09 22:37:29,22931,9286,63.6
2026-06-09 22:37:31,22933,9287,129
2026-06-09 22:37:33,22935,9288,40.0
2026-06-09 22:37:36,22938,9289,58.8
2026-06-09 22:37:38,22940,9290,103
2026-06-09 22:37:40,22942,9291,122
2026-06-09 22:37:42,22944,9292,33.9
2026-06-09 22:37:44,22946,9293,115
2026-06-09 22:37:46,22948,9294,73.8
2026-06-09 22:37:48,22950,9295,135
2026-06-09 22:37:51,22953,9296,170
2026-06-09 22:37:53,22955,9297,40.1
2026-06-09 22:37:55,22957,9298,133
2026-06-09 22:37:57,22959,9299,106
2026-06-09 22:37:59,22961,9300,49.3
2026-06-09 22:38:01,22963,9301,73.4
2026-06-09 22:38:04,22966,9302,97.3
2026-06-09 22:38:06,22968,9303,123
2026-06-09 22:38:08,22970,9304,104
2026-06-09 22:38:10,22972,9305,66.8
2026-06-09 22:38:12,22974,9306,50.5
2026-06-09 22:38:15,22977,9307,76.7
2026-06-09 22:38:17,22979,9308,27.3
2026-06-09 22:38:19,22981,9309,29.4
2026-06-09 22:38:21,22983,9310,131
2026-06-09 22:38:23,22985,9311,196
2026-06-09 22:38:26,22988,9312,161
2026-06-09 22:38:28,22990,9313,30.9
2026-06-09 22:38:30,22992,9314,30.1
2026-06-09 22:38:32,22994,9315,133
2026-06-09 22:38:34,22996,9316,105
2026-06-09 22:38:37,22999,9317,67.6
2026-06-09 22:38:39,23001,9318,73.5
2026-06-09 22:38:41,23003,9319,59.6
2026-06-09 22:38:43,23005,9320,53.5
2026-06-09 22:38:45,23007,9321,120
2026-06-09 22:38:48,23010,9322,29.6
2026-06-09 22:38:50,23012,9323,110
2026-06-09 22:38:52,23014,9324,96.8
2026-06-09 22:38:54,23016,9325,28.7
2026-06-09 22:38:56,23018,9326,60.4
2026-06-09 22:38:59,23021,9327,121
2026-06-09 22:39:01,23023,9328,158
2026-06-09 22:39:03,23025,9329,122
2026-06-09 22:39:05,23027,9330,120
2026-06-09 22:39:07,23029,9331,119
2026-06-09 22:39:09,23031,9332,67.1
2026-06-09 22:39:12,23034,9333,26.5
2026-06-09 22:39:14,23036,9334,71.4
2026-06-09 22:39:16,23038,9335,70.4
2026-06-09 22:39:18,23040,9336,84.3
2026-06-09 22:39:20,23042,9337,51.4
2026-06-09 22:39:23,23045,9338,68.2
2026-06-09 22:39:25,23047,9339,178
2026-06-09 22:39:27,23049,9340,33.7
2026-06-09 22:39:29,23051,9341,128
2026-06-09 22:39:31,23053,9342,48.3
2026-06-09 22:39:33,23055,9343,52.1
2026-06-09 22:39:36,23058,9344,65.5
2026-06-09 22:39:38,23060,9345,41.7
2026-06-09 22:39:40,23062,9346,44.3
2026-06-09 22:39:42,23064,9347,35.9
2026-06-09 22:39:44,23066,9348,120
2026-06-09 22:39:47,23069,9349,138
2026-06-09 22:39:49,23071,9350,82.9
2026-06-09 22:39:51,23073,9351,39.0
2026-06-09 22:39:53,23075,9352,172
2026-06-09 22:39:56,23078,9353,126
2026-06-09 22:39:58,23080,9354,26.3
2026-06-09 22:40:00,23082,9355,161
2026-06-09 22:40:02,23084,9356,148
2026-06-09 22:40:04,23086,9357,120
2026-06-09 22:40:07,23089,9358,68.3
2026-06-09 22:40:09,23091,9359,19.3
2026-06-09 22:40:11,23093,9360,136
2026-06-09 22:40:13,23095,9361,139
2026-06-09 22:40:15,23097,9362,27.3
2026-06-09 22:40:18,23100,9363,27.9
2026-06-09 22:40:20,23102,9364,33.1
2026-06-09 22:40:22,23104,9365,33.2
2026-06-09 22:40:24,23106,9366,44.6
2026-06-09 22:40:26,23108,9367,25.5
2026-06-09 22:40:28,23110,9368,46.9
2026-06-09 22:40:30,23112,9369,39.9
2026-06-09 22:40:32,23114,9370,189
2026-06-09 22:40:34,23116,9371,37.6
2026-06-09 22:40:37,23119,9372,71.5
2026-06-09 22:40:39,23121,9373,37.7
2026-06-09 22:40:41,23123,9374,50.0
2026-06-09 22:40:43,23125,9375,29.7
2026-06-09 22:40:45,23127,9376,113
2026-06-09 22:40:48,23130,9377,107
2026-06-09 22:40:50,23132,9378,28.6
2026-06-09 22:40:52,23134,9379,48.8
2026-06-09 22:40:54,23136,9380,123
2026-06-09 22:40:57,23139,9381,32.8
2026-06-09 22:40:59,23141,9382,33.1
2026-06-09 22:41:01,23143,9383,20.6
2026-06-09 22:41:03,23145,9384,39.3
2026-06-09 22:41:05,23147,9385,146
2026-06-09 22:41:07,23149,9386,18.0
2026-06-09 22:41:10,23152,9387,38.0
2026-06-09 22:41:12,23154,9388,48.7
2026-06-09 22:41:14,23156,9389,46.5
2026-06-09 22:41:16,23158,9390,59.0
2026-06-09 22:41:18,23160,9391,199
2026-06-09 22:41:20,23162,9392,56.0
2026-06-09 22:41:22,23164,9393,43.5
2026-06-09 22:41:25,23167,9394,146
2026-06-09 22:41:27,23169,9395,41.5
2026-06-09 22:41:29,23171,9396,36.4
2026-06-09 22:41:31,23173,9397,57.3
2026-06-09 22:41:33,23175,9398,79.0
2026-06-09 22:41:36,23178,9399,139
2026-06-09 22:41:38,23180,9400,48.8
2026-06-09 22:41:40,23182,9401,78.5
2026-06-09 22:41:42,23184,9402,39.0
2026-06-09 22:41:44,23186,9403,35.1
2026-06-09 22:41:46,23188,9404,50.0
2026-06-09 22:41:49,23191,9405,51.2
2026-06-09 22:41:51,23193,9406,25.6
2026-06-09 22:41:53,23195,9407,65.0
2026-06-09 22:41:55,23197,9408,55.0
2026-06-09 22:41:57,23199,9409,45.7
2026-06-09 22:42:00,23202,9410,175
2026-06-09 22:42:02,23204,9411,24.3
2026-06-09 22:42:04,23206,9412,37.2
2026-06-09 22:42:06,23208,9413,141
2026-06-09 22:42:08,23210,9414,51.1
2026-06-09 22:42:11,23213,9415,90.1
2026-06-09 22:42:13,23215,9416,115
2026-06-09 22:42:15,23217,9417,22.3
2026-06-09 22:42:17,23219,9418,131
2026-06-09 22:42:20,23222,9419,130
2026-06-09 22:42:22,23224,9420,58.1
2026-06-09 22:42:24,23226,9421,148
2026-06-09 22:42:26,23228,9422,40.7
2026-06-09 22:42:28,23230,9423,39.2
2026-06-09 22:42:30,23232,9424,32.1
2026-06-09 22:42:33,23235,9425,57.8
2026-06-09 22:42:35,23237,9426,128
2026-06-09 22:42:37,23239,9427,39.9
2026-06-09 22:42:39,23241,9428,139
2026-06-09 22:42:41,23243,9429,29.6
2026-06-09 22:42:44,23246,9430,140
2026-06-09 22:42:46,23248,9431,26.7
2026-06-09 22:42:48,23250,9432,24.3
2026-06-09 22:42:50,23252,9433,32.2
2026-06-09 22:42:53,23255,9434,176
2026-06-09 22:42:55,23257,9435,45.0
2026-06-09 22:42:57,23259,9436,50.1
2026-06-09 22:43:00,23262,9437,104
2026-06-09 22:43:02,23264,9438,112
2026-06-09 22:43:04,23266,9439,192
2026-06-09 22:43:06,23268,9440,105
2026-06-09 22:43:08,23270,9441,151
2026-06-09 22:43:11,23273,9442,142
2026-06-09 22:43:13,23275,9443,63.1
2026-06-09 22:43:15,23277,9444,172
2026-06-09 22:43:17,23279,9445,126
2026-06-09 22:43:20,23282,9446,109
2026-06-09 22:43:22,23284,9447,97.5
2026-06-09 22:43:24,23286,9448,20.2
2026-06-09 22:43:26,23288,9449,152
2026-06-09 22:43:29,23291,9450,132
2026-06-09 22:43:31,23293,9451,101
2026-06-09 22:43:33,23295,9452,49.5
2026-06-09 22:43:35,23297,9453,52.9
2026-06-09 22:43:37,23299,9454,129
2026-06-09 22:43:40,23302,9455,28.1
2026-06-09 22:43:42,23304,9456,138
2026-06-09 22:43:44,23306,9457,16.9
2026-06-09 22:43:46,23308,9458,47.1
2026-06-09 22:43:49,23311,9459,32.7
2026-06-09 22:43:51,23313,9460,78.8
2026-06-09 22:43:53,23315,9461,30.3
2026-06-09 22:43:55,23317,9462,174
2026-06-09 22:43:58,23320,9463,35.5
2026-06-09 22:44:00,23322,9464,51.5
2026-06-09 22:44:02,23324,9465,45.1
2026-06-09 22:44:04,23326,9466,53.6
2026-06-09 22:44:06,23328,9467,109
2026-06-09 22:44:08,23330,9468,22.2
2026-06-09 22:44:11,23333,9469,35.2
2026-06-09 22:44:13,23335,9470,52.1
2026-06-09 22:44:15,23337,9471,56.9
2026-06-09 22:44:17,23339,9472,170
2026-06-09 22:44:19,23341,9473,16.1
2026-06-09 22:44:21,23343,9474,38.4
2026-06-09 22:44:24,23346,9475,33.8
2026-06-09 22:44:26,23348,9476,144
2026-06-09 22:44:28,23350,9477,162
2026-06-09 22:44:30,23352,9478,128
2026-06-09 22:44:32,23354,9479,193
2026-06-09 22:44:34,23356,9480,26.1
2026-06-09 22:44:37,23359,9481,48.6
2026-06-09 22:44:39,23361,9482,135
2026-06-09 22:44:41,23363,9483,34.7
2026-06-09 22:44:43,23365,9484,21.3
2026-06-09 22:44:45,23367,9485,48.1
2026-06-09 22:44:48,23370,9486,114
2026-06-09 22:44:50,23372,9487,41.2
2026-06-09 22:44:52,23374,9488,70.7
2026-06-09 22:44:54,23376,9489,111
2026-06-09 22:44:56,23378,9490,58.1
2026-06-09 22:44:58,23380,9491,127
2026-06-09 22:45:00,23382,9492,165
2026-06-09 22:45:03,23385,9493,36.5
2026-06-09 22:45:05,23387,9494,35.3
2026-06-09 22:45:07,23389,9495,24.9
2026-06-09 22:45:09,23391,9496,12.6
2026-06-09 22:45:11,23393,9497,35.6
2026-06-09 22:45:13,23395,9498,34.2
2026-06-09 22:45:15,23397,9499,21.6
2026-06-09 22:45:17,23399,9500,27.7
2026-06-09 22:45:20,23402,9501,23.7
2026-06-09 22:45:22,23404,9502,28.5
2026-06-09 22:45:24,23406,9503,53.2
2026-06-09 22:45:26,23408,9504,43.3
2026-06-09 22:45:28,23410,9505,26.5
2026-06-09 22:45:30,23412,9506,93.3
2026-06-09 22:45:33,23415,9507,46.9
2026-06-09 22:45:35,23417,9508,34.6
2026-06-09 22:45:37,23419,9509,41.7
2026-06-09 22:45:39,23421,9510,37.6
2026-06-09 22:45:41,23423,9511,28.1
2026-06-09 22:45:43,23425,9512,117
2026-06-09 22:45:45,23427,9513,157
2026-06-09 22:45:48,23430,9514,43.7
2026-06-09 22:45:50,23432,9515,47.7
2026-06-09 22:45:52,23434,9516,25.0
2026-06-09 22:45:54,23436,9517,43.8
2026-06-09 22:45:56,23438,9518,31.9
2026-06-09 22:45:58,23440,9519,30.1
2026-06-09 22:46:01,23443,9520,79.3
2026-06-09 22:46:03,23445,9521,57.8
2026-06-09 22:46:05,23447,9522,58.4
2026-06-09 22:46:07,23449,9523,50.5
2026-06-09 22:46:09,23451,9524,22.9
2026-06-09 22:46:11,23453,9525,46.2
2026-06-09 22:46:14,23456,9526,92.7
2026-06-09 22:46:16,23458,9527,139
2026-06-09 22:46:18,23460,9528,46.8
2026-06-09 22:46:20,23462,9529,28.3
2026-06-09 22:46:22,23464,9530,40.0
2026-06-09 22:46:24,23466,9531,27.4
2026-06-09 22:46:27,23469,9532,27.8
2026-06-09 22:46:29,23471,9533,63.4
2026-06-09 22:46:31,23473,9534,145
2026-06-09 22:46:33,23475,9535,52.2
2026-06-09 22:46:35,23477,9536,36.6
2026-06-09 22:46:38,23480,9537,28.3
2026-06-09 22:46:40,23482,9538,39.4
2026-06-09 22:46:42,23484,9539,51.0
2026-06-09 22:46:44,23486,9540,26.3
2026-06-09 22:46:46,23488,9541,74.5
2026-06-09 22:46:48,23490,9542,35.9
2026-06-09 22:46:50,23492,9543,70.0
2026-06-09 22:46:53,23495,9544,29.3
2026-06-09 22:46:55,23497,9545,198
2026-06-09 22:46:57,23499,9546,102
2026-06-09 22:46:59,23501,9547,21.8
2026-06-09 22:47:01,23503,9548,64.9
2026-06-09 22:47:04,23506,9549,54.0
2026-06-09 22:47:06,23508,9550,29.7
2026-06-09 22:47:08,23510,9551,18.1
2026-06-09 22:47:10,23512,9552,51.2
2026-06-09 22:47:12,23514,9553,23.7
2026-06-09 22:47:14,23516,9554,167
2026-06-09 22:47:16,23518,9555,37.0
2026-06-09 22:47:19,23521,9556,28.6
2026-06-09 22:47:21,23523,9557,50.9
2026-06-09 22:47:23,23525,9558,27.0
2026-06-09 22:47:25,23527,9559,59.7
2026-06-09 22:47:27,23529,9560,38.8
2026-06-09 22:47:29,23531,9561,57.0
2026-06-09 22:47:31,23533,9562,61.2
2026-06-09 22:47:34,23536,9563,45.2
2026-06-09 22:47:36,23538,9564,50.3
2026-06-09 22:47:38,23540,9565,80.8
2026-06-09 22:47:40,23542,9566,28.9
2026-06-09 22:47:42,23544,9567,190
2026-06-09 22:47:44,23546,9568,195
2026-06-09 22:47:46,23548,9569,241
2026-06-09 22:47:48,23550,9570,25.8
2026-06-09 22:47:51,23553,9571,37.9
2026-06-09 22:47:53,23555,9572,18.0
2026-06-09 22:47:55,23557,9573,28.0
2026-06-09 22:47:57,23559,9574,33.2
2026-06-09 22:47:59,23561,9575,27.2
2026-06-09 22:48:01,23563,9576,81.4
2026-06-09 22:48:03,23565,9577,31.6
2026-06-09 22:48:05,23567,9578,31.7
2026-06-09 22:48:08,23570,9579,45.2
2026-06-09 22:48:10,23572,9580,46.1
2026-06-09 22:48:12,23574,9581,18.7
2026-06-09 22:48:14,23576,9582,62.8
2026-06-09 22:48:16,23578,9583,190
2026-06-09 22:48:19,23581,9584,71.6
2026-06-09 22:48:21,23583,9585,26.4
2026-06-09 22:48:23,23585,9586,73.7
2026-06-09 22:48:25,23587,9587,39.0
2026-06-09 22:48:27,23589,9588,59.6
2026-06-09 22:48:30,23592,9589,22.0
2026-06-09 22:48:32,23594,9590,52.9
2026-06-09 22:48:34,23596,9591,40.4
2026-06-09 22:48:36,23598,9592,35.7
2026-06-09 22:48:38,23600,9593,35.7
2026-06-09 22:48:40,23602,9594,76.4
2026-06-09 22:48:43,23605,9595,39.3
2026-06-09 22:48:45,23607,9596,39.8
2026-06-09 22:48:47,23609,9597,54.3
2026-06-09 22:48:49,23611,9598,51.2
2026-06-09 22:48:51,23613,9599,52.0
2026-06-09 22:48:54,23615,9600,54.5
2026-06-09 22:48:56,23618,9601,59.1
2026-06-09 22:48:58,23620,9602,42.3
2026-06-09 22:49:00,23622,9603,18.4
2026-06-09 22:49:02,23624,9604,21.4
2026-06-09 22:49:04,23626,9605,55.0
2026-06-09 22:49:06,23628,9606,36.1
2026-06-09 22:49:09,23631,9607,83.0
2026-06-09 22:49:11,23633,9608,49.3
2026-06-09 22:49:13,23635,9609,56.5
2026-06-09 22:49:15,23637,9610,105
2026-06-09 22:49:18,23640,9611,41.9
2026-06-09 22:49:20,23642,9612,35.5
2026-06-09 22:49:22,23644,9613,64.9
2026-06-09 22:49:24,23646,9614,69.6
2026-06-09 22:49:26,23648,9615,91.1
2026-06-09 22:49:29,23651,9616,24.2
2026-06-09 22:49:31,23653,9617,39.8
2026-06-09 22:49:33,23655,9618,31.9
2026-06-09 22:49:35,23657,9619,34.5
2026-06-09 22:49:37,23659,9620,132
2026-06-09 22:49:40,23662,9621,50.4
2026-06-09 22:49:42,23664,9622,126
2026-06-09 22:49:44,23666,9623,63.6
2026-06-09 22:49:46,23668,9624,37.3
2026-06-09 22:49:48,23670,9625,39.7
2026-06-09 22:49:51,23673,9626,28.5
2026-06-09 22:49:53,23675,9627,49.6
2026-06-09 22:49:55,23677,9628,33.2
2026-06-09 22:49:57,23679,9629,28.5
2026-06-09 22:49:59,23681,9630,76.4
2026-06-09 22:50:02,23684,9631,193
2026-06-09 22:50:04,23686,9632,136
2026-06-09 22:50:06,23688,9633,162
2026-06-09 22:50:08,23690,9634,38.5
2026-06-09 22:50:10,23692,9635,26.5
2026-06-09 22:50:12,23694,9636,33.0
2026-06-09 22:50:15,23697,9637,29.4
2026-06-09 22:50:17,23699,9638,44.6
2026-06-09 22:50:19,23701,9639,38.9
2026-06-09 22:50:21,23703,9640,71.3
2026-06-09 22:50:23,23705,9641,122
2026-06-09 22:50:26,23708,9642,57.1
2026-06-09 22:50:28,23710,9643,124
2026-06-09 22:50:30,23712,9644,46.5
2026-06-09 22:50:32,23714,9645,16.6
2026-06-09 22:50:34,23716,9646,191
2026-06-09 22:50:37,23719,9647,217
2026-06-09 22:50:39,23721,9648,96.0
2026-06-09 22:50:41,23723,9649,216
2026-06-09 22:50:43,23725,9650,104
2026-06-09 22:50:46,23728,9651,58.1
2026-06-09 22:50:48,23730,9652,61.3
2026-06-09 22:50:50,23732,9653,32.3
2026-06-09 22:50:52,23734,9654,51.7
2026-06-09 22:50:55,23737,9655,59.8
2026-06-09 22:50:57,23739,9656,31.9
2026-06-09 22:50:59,23741,9657,53.9
2026-06-09 22:51:01,23743,9658,58.8
2026-06-09 22:51:03,23745,9659,30.5
2026-06-09 22:51:06,23748,9660,34.1
2026-06-09 22:51:08,23750,9661,27.7
2026-06-09 22:51:10,23752,9662,56.6
2026-06-09 22:51:12,23754,9663,52.3
2026-06-09 22:51:15,23757,9664,115
2026-06-09 22:51:17,23759,9665,38.3
2026-06-09 22:51:19,23761,9666,37.4
2026-06-09 22:51:21,23763,9667,34.8
2026-06-09 22:51:23,23765,9668,53.9
2026-06-09 22:51:26,23768,9669,60.5
2026-06-09 22:51:28,23770,9670,65.6
2026-06-09 22:51:30,23772,9671,54.7
2026-06-09 22:51:32,23774,9672,37.4
2026-06-09 22:51:35,23777,9673,68.8
2026-06-09 22:51:37,23779,9674,171
2026-06-09 22:51:39,23781,9675,65.8
2026-06-09 22:51:41,23783,9676,58.1
2026-06-09 22:51:43,23785,9677,62.1
2026-06-09 22:51:46,23788,9678,178
2026-06-09 22:51:48,23790,9679,78.1
2026-06-09 22:51:50,23792,9680,51.6
2026-06-09 22:51:52,23794,9681,186
2026-06-09 22:51:54,23796,9682,44.5
2026-06-09 22:51:56,23798,9683,34.1
2026-06-09 22:51:59,23801,9684,174
2026-06-09 22:52:01,23803,9685,69.6
2026-06-09 22:52:03,23805,9686,42.8
2026-06-09 22:52:05,23807,9687,371
2026-06-09 22:52:08,23810,9688,71.0
2026-06-09 22:52:10,23812,9689,141
2026-06-09 22:52:12,23814,9690,118
2026-06-09 22:52:14,23816,9691,49.4
2026-06-09 22:52:16,23818,9692,74.9
2026-06-09 22:52:19,23821,9693,38.4
2026-06-09 22:52:21,23823,9694,91.6
2026-06-09 22:52:23,23825,9695,44.9
2026-06-09 22:52:25,23827,9696,40.1
2026-06-09 22:52:28,23830,9697,77.3
2026-06-09 22:52:30,23832,9698,59.6
2026-06-09 22:52:32,23834,9699,22.0
2026-06-09 22:52:34,23836,9700,75.6
2026-06-09 22:52:37,23839,9701,35.1
2026-06-09 22:52:39,23841,9702,24.2
2026-06-09 22:52:41,23843,9703,51.3
2026-06-09 22:52:43,23845,9704,188
2026-06-09 22:52:46,23848,9705,46.6
2026-06-09 22:52:48,23850,9706,139
2026-06-09 22:52:50,23852,9707,159
2026-06-09 22:52:52,23854,9708,176
2026-06-09 22:52:55,23857,9709,136
2026-06-09 22:52:57,23859,9710,148
2026-06-09 22:52:59,23861,9711,26.3
2026-06-09 22:53:01,23863,9712,18.5
2026-06-09 22:53:04,23866,9713,97.9
2026-06-09 22:53:06,23868,9714,55.7
2026-06-09 22:53:08,23870,9715,66.6
2026-06-09 22:53:10,23872,9716,116
2026-06-09 22:53:13,23875,9717,59.3
2026-06-09 22:53:15,23877,9718,141
2026-06-09 22:53:17,23879,9719,35.8
2026-06-09 22:53:19,23881,9720,29.3
2026-06-09 22:53:21,23883,9721,33.0
2026-06-09 22:53:24,23885,9722,31.5
2026-06-09 22:53:26,23888,9723,35.1
2026-06-09 22:53:28,23890,9724,70.5
2026-06-09 22:53:30,23892,9725,24.4
2026-06-09 22:53:32,23894,9726,17.3
2026-06-09 22:53:34,23896,9727,28.5
2026-06-09 22:53:36,23898,9728,52.0
2026-06-09 22:53:38,23900,9729,61.2
2026-06-09 22:53:41,23903,9730,40.6
2026-06-09 22:53:43,23905,9731,25.7
2026-06-09 22:53:45,23907,9732,33.2
2026-06-09 22:53:47,23909,9733,46.6
2026-06-09 22:53:49,23911,9734,55.8
2026-06-09 22:53:51,23913,9735,46.6
2026-06-09 22:53:53,23915,9736,50.9
2026-06-09 22:53:55,23917,9737,24.3
2026-06-09 22:53:58,23920,9738,35.1
2026-06-09 22:54:00,23922,9739,131
2026-06-09 22:54:02,23924,9740,44.9
2026-06-09 22:54:04,23926,9741,41.9
2026-06-09 22:54:06,23928,9742,75.6
2026-06-09 22:54:08,23930,9743,28.7
2026-06-09 22:54:10,23932,9744,39.4
2026-06-09 22:54:13,23935,9745,36.4
2026-06-09 22:54:15,23937,9746,30.5
2026-06-09 22:54:17,23939,9747,51.1
2026-06-09 22:54:19,23941,9748,166
2026-06-09 22:54:21,23943,9749,37.0
2026-06-09 22:54:23,23945,9750,41.9
2026-06-09 22:54:25,23947,9751,31.4
2026-06-09 22:54:28,23950,9752,51.3
2026-06-09 22:54:30,23952,9753,62.4
2026-06-09 22:54:32,23954,9754,25.9
2026-06-09 22:54:34,23956,9755,107
2026-06-09 22:54:36,23958,9756,74.8
2026-06-09 22:54:39,23961,9757,41.2
2026-06-09 22:54:41,23963,9758,58.5
2026-06-09 22:54:43,23965,9759,88.4
2026-06-09 22:54:45,23967,9760,108
2026-06-09 22:54:47,23969,9761,54.6
2026-06-09 22:54:49,23971,9762,140
2026-06-09 22:54:52,23974,9763,67.3
2026-06-09 22:54:54,23976,9764,29.7
2026-06-09 22:54:56,23978,9765,67.1
2026-06-09 22:54:58,23980,9766,70.6
2026-06-09 22:55:00,23982,9767,48.4
2026-06-09 22:55:03,23985,9768,143
2026-06-09 22:55:05,23987,9769,32.6
2026-06-09 22:55:07,23989,9770,62.7
2026-06-09 22:55:09,23991,9771,148
2026-06-09 22:55:11,23993,9772,34.8
2026-06-09 22:55:14,23996,9773,29.9
2026-06-09 22:55:16,23998,9774,33.8
2026-06-09 22:55:18,24000,9775,38.0
2026-06-09 22:55:20,24002,9776,31.9
2026-06-09 22:55:22,24004,9777,196
2026-06-09 22:55:24,24006,9778,37.0
2026-06-09 22:55:26,24008,9779,23.0
2026-06-09 22:55:28,24010,9780,28.3
2026-06-09 22:55:31,24013,9781,23.6
2026-06-09 22:55:33,24015,9782,38.8
2026-06-09 22:55:35,24017,9783,21.0
2026-06-09 22:55:37,24019,9784,35.0
2026-06-09 22:55:39,24021,9785,36.7
2026-06-09 22:55:41,24023,9786,45.4
2026-06-09 22:55:43,24025,9787,41.6
2026-06-09 22:55:46,24028,9788,68.6
2026-06-09 22:55:48,24030,9789,36.6
2026-06-09 22:55:50,24032,9790,29.0
2026-06-09 22:55:52,24034,9791,141
2026-06-09 22:55:54,24036,9792,23.3
2026-06-09 22:55:57,24039,9793,40.3
2026-06-09 22:55:59,24041,9794,31.3
2026-06-09 22:56:01,24043,9795,54.6
2026-06-09 22:56:03,24045,9796,28.7
2026-06-09 22:56:05,24047,9797,88.8
2026-06-09 22:56:07,24049,9798,212
2026-06-09 22:56:10,24052,9799,208
2026-06-09 22:56:12,24054,9800,36.3
2026-06-09 22:56:14,24056,9801,106
2026-06-09 22:56:16,24058,9802,116
2026-06-09 22:56:18,24060,9803,127
2026-06-09 22:56:20,24062,9804,52.8
2026-06-09 22:56:22,24064,9805,23.8
2026-06-09 22:56:25,24067,9806,178
2026-06-09 22:56:27,24069,9807,32.0
2026-06-09 22:56:29,24071,9808,27.1
2026-06-09 22:56:31,24073,9809,117
2026-06-09 22:56:33,24075,9810,38.5
2026-06-09 22:56:35,24077,9811,28.0
2026-06-09 22:56:37,24079,9812,73.5
2026-06-09 22:56:40,24082,9813,36.5
2026-06-09 22:56:42,24084,9814,24.3
2026-06-09 22:56:44,24086,9815,31.8
2026-06-09 22:56:46,24088,9816,33.1
2026-06-09 22:56:48,24090,9817,320
2026-06-09 22:56:51,24093,9818,42.5
2026-06-09 22:56:53,24095,9819,21.4
2026-06-09 22:56:55,24097,9820,34.5
2026-06-09 22:56:57,24099,9821,36.1
2026-06-09 22:56:59,24101,9822,34.8
2026-06-09 22:57:01,24103,9823,40.3
2026-06-09 22:57:03,24105,9824,18.2
2026-06-09 22:57:05,24107,9825,144
2026-06-09 22:57:07,24109,9826,130
2026-06-09 22:57:09,24111,9827,33.6
2026-06-09 22:57:12,24114,9828,31.3
2026-06-09 22:57:14,24116,9829,117
2026-06-09 22:57:16,24118,9830,50.0
2026-06-09 22:57:18,24120,9831,51.2
2026-06-09 22:57:20,24122,9832,27.0
2026-06-09 22:57:23,24124,9833,40.8
2026-06-09 22:57:25,24127,9834,44.7
2026-06-09 22:57:27,24129,9835,138
2026-06-09 22:57:29,24131,9836,51.8
2026-06-09 22:57:31,24133,9837,41.7
2026-06-09 22:57:33,24135,9838,168
2026-06-09 22:57:35,24137,9839,127
2026-06-09 22:57:38,24140,9840,25.0
2026-06-09 22:57:40,24142,9841,120
2026-06-09 22:57:42,24144,9842,33.8
2026-06-09 22:57:44,24146,9843,33.1
2026-06-09 22:57:46,24148,9844,24.0
2026-06-09 22:57:48,24150,9845,29.9
2026-06-09 22:57:50,24152,9846,39.2
2026-06-09 22:57:53,24155,9847,40.7
2026-06-09 22:57:55,24157,9848,49.3
2026-06-09 22:57:57,24159,9849,41.1
2026-06-09 22:57:59,24161,9850,48.2
2026-06-09 22:58:01,24163,9851,107
2026-06-09 22:58:03,24165,9852,65.2
2026-06-09 22:58:05,24167,9853,80.1
2026-06-09 22:58:07,24169,9854,23.0
2026-06-09 22:58:09,24171,9855,29.9
2026-06-09 22:58:12,24174,9856,152
2026-06-09 22:58:14,24176,9857,46.7
2026-06-09 22:58:16,24178,9858,154
2026-06-09 22:58:18,24180,9859,41.2
2026-06-09 22:58:20,24182,9860,53.5
2026-06-09 22:58:22,24184,9861,62.4
2026-06-09 22:58:24,24186,9862,26.2
2026-06-09 22:58:27,24189,9863,48.6
2026-06-09 22:58:29,24191,9864,57.1
2026-06-09 22:58:31,24193,9865,49.4
2026-06-09 22:58:33,24195,9866,46.9
2026-06-09 22:58:35,24197,9867,53.3
2026-06-09 22:58:37,24199,9868,109
2026-06-09 22:58:39,24201,9869,156
2026-06-09 22:58:42,24204,9870,109
2026-06-09 22:58:44,24206,9871,32.1
2026-06-09 22:58:46,24208,9872,26.4
2026-06-09 22:58:48,24210,9873,174
2026-06-09 22:58:50,24212,9874,51.9
2026-06-09 22:58:53,24215,9875,27.0
2026-06-09 22:58:55,24217,9876,39.5
2026-06-09 22:58:57,24219,9877,63.9
2026-06-09 22:58:59,24221,9878,33.4
2026-06-09 22:59:01,24223,9879,69.0
2026-06-09 22:59:04,24226,9880,144
2026-06-09 22:59:06,24228,9881,109
2026-06-09 22:59:08,24230,9882,27.3
2026-06-09 22:59:10,24232,9883,156
2026-06-09 22:59:12,24234,9884,45.5
2026-06-09 22:59:14,24236,9885,31.5
2026-06-09 22:59:16,24238,9886,49.5
2026-06-09 22:59:19,24241,9887,37.9
2026-06-09 22:59:21,24243,9888,27.3
2026-06-09 22:59:23,24245,9889,42.8
2026-06-09 22:59:25,24247,9890,131
2026-06-09 22:59:27,24249,9891,154
2026-06-09 22:59:29,24251,9892,22.9
2026-06-09 22:59:31,24253,9893,46.9
2026-06-09 22:59:34,24256,9894,123
2026-06-09 22:59:36,24258,9895,38.7
2026-06-09 22:59:38,24260,9896,33.5
2026-06-09 22:59:40,24262,9897,62.1
2026-06-09 22:59:42,24264,9898,119
2026-06-09 22:59:44,24266,9899,38.0
2026-06-09 22:59:47,24269,9900,27.1
2026-06-09 22:59:49,24271,9901,41.9
2026-06-09 22:59:51,24273,9902,127
2026-06-09 22:59:53,24275,9903,39.6
2026-06-09 22:59:55,24277,9904,32.1
2026-06-09 22:59:57,24279,9905,86.8
2026-06-09 23:00:00,24282,9906,60.0
2026-06-09 23:00:02,24284,9907,45.8
2026-06-09 23:00:04,24286,9908,87.0
2026-06-09 23:00:06,24288,9909,66.8
2026-06-09 23:00:08,24290,9910,48.2
2026-06-09 23:00:11,24293,9911,42.1
2026-06-09 23:00:13,24295,9912,40.4
2026-06-09 23:00:15,24297,9913,30.5
2026-06-09 23:00:17,24299,9914,137
2026-06-09 23:00:19,24301,9915,30.2
2026-06-09 23:00:21,24303,9916,73.2
2026-06-09 23:00:23,24305,9917,118
2026-06-09 23:00:26,24308,9918,113
2026-06-09 23:00:28,24310,9919,18.1
2026-06-09 23:00:30,24312,9920,140
2026-06-09 23:00:32,24314,9921,100
2026-06-09 23:00:34,24316,9922,36.7
2026-06-09 23:00:36,24318,9923,150
2026-06-09 23:00:38,24320,9924,50.4
2026-06-09 23:00:40,24322,9925,36.0
2026-06-09 23:00:43,24325,9926,150
2026-06-09 23:00:45,24327,9927,53.5
2026-06-09 23:00:47,24329,9928,30.4
2026-06-09 23:00:49,24331,9929,47.3
2026-06-09 23:00:51,24333,9930,35.7
2026-06-09 23:00:53,24335,9931,107
2026-06-09 23:00:55,24337,9932,35.9
2026-06-09 23:00:58,24340,9933,86.7
2026-06-09 23:01:00,24342,9934,20.1
2026-06-09 23:01:02,24344,9935,207
2026-06-09 23:01:04,24346,9936,52.9
2026-06-09 23:01:06,24348,9937,114
2026-06-09 23:01:08,24350,9938,201
2026-06-09 23:01:11,24353,9939,113
2026-06-09 23:01:13,24355,9940,40.1
2026-06-09 23:01:15,24357,9941,24.6
2026-06-09 23:01:17,24359,9942,130
2026-06-09 23:01:19,24361,9943,158
2026-06-09 23:01:21,24363,9944,140
2026-06-09 23:01:23,24365,9945,177
2026-06-09 23:01:25,24367,9946,55.7
2026-06-09 23:01:28,24370,9947,117
2026-06-09 23:01:30,24372,9948,49.7
2026-06-09 23:01:32,24374,9949,40.0
2026-06-09 23:01:34,24376,9950,45.7
2026-06-09 23:01:36,24378,9951,39.7
2026-06-09 23:01:38,24380,9952,48.8
2026-06-09 23:01:41,24383,9953,188
2026-06-09 23:01:43,24385,9954,42.6
2026-06-09 23:01:45,24387,9955,104
2026-06-09 23:01:47,24389,9956,99.4
2026-06-09 23:01:49,24391,9957,42.9
2026-06-09 23:01:51,24393,9958,54.4
2026-06-09 23:01:53,24395,9959,30.8
2026-06-09 23:01:56,24398,9960,38.3
2026-06-09 23:01:58,24400,9961,134
2026-06-09 23:02:00,24402,9962,51.8
2026-06-09 23:02:02,24404,9963,130
2026-06-09 23:02:04,24406,9964,38.2
2026-06-09 23:02:06,24408,9965,121
2026-06-09 23:02:08,24410,9966,146
2026-06-09 23:02:11,24413,9967,40.0
2026-06-09 23:02:13,24415,9968,36.6
2026-06-09 23:02:15,24417,9969,30.5
2026-06-09 23:02:17,24419,9970,75.3
2026-06-09 23:02:19,24421,9971,43.9
2026-06-09 23:02:21,24423,9972,73.4
2026-06-09 23:02:23,24425,9973,33.2
2026-06-09 23:02:25,24427,9974,72.4
2026-06-09 23:02:28,24430,9975,222
2026-06-09 23:02:30,24432,9976,134
2026-06-09 23:02:32,24434,9977,43.7
2026-06-09 23:02:34,24436,9978,44.8
2026-06-09 23:02:36,24438,9979,21.4
2026-06-09 23:02:38,24440,9980,36.3
2026-06-09 23:02:41,24443,9981,29.8
2026-06-09 23:02:43,24445,9982,176
2026-06-09 23:02:45,24447,9983,37.6
2026-06-09 23:02:47,24449,9984,28.7
2026-06-09 23:02:50,24452,9985,30.1
2026-06-09 23:02:52,24454,9986,19.3
2026-06-09 23:02:54,24456,9987,29.3
2026-06-09 23:02:56,24458,9988,50.8
2026-06-09 23:02:58,24460,9989,62.0
2026-06-09 23:03:00,24462,9990,23.1
2026-06-09 23:03:02,24464,9991,30.5
2026-06-09 23:03:05,24467,9992,31.3
2026-06-09 23:03:07,24469,9993,41.2
2026-06-09 23:03:09,24471,9994,61.1
2026-06-09 23:03:11,24473,9995,138
2026-06-09 23:03:13,24475,9996,39.9
2026-06-09 23:03:15,24477,9997,66.2
2026-06-09 23:03:18,24480,9998,77.5
2026-06-09 23:03:20,24482,9999,54.7
2026-06-09 23:03:22,24484,10000,39.1
2026-06-09 23:03:24,24486,10001,33.1
2026-06-09 23:03:27,24489,10002,62.3
2026-06-09 23:03:29,24491,10003,143
2026-06-09 23:03:31,24493,10004,60.2
2026-06-09 23:03:33,24495,10005,148
2026-06-09 23:03:36,24498,10006,38.2
2026-06-09 23:03:38,24500,10007,140
2026-06-09 23:03:40,24502,10008,58.8
2026-06-09 23:03:42,24504,10009,36.4
2026-06-09 23:03:44,24506,10010,144
2026-06-09 23:03:47,24509,10011,30.0
2026-06-09 23:03:49,24511,10012,141
2026-06-09 23:03:51,24513,10013,134
2026-06-09 23:03:53,24515,10014,44.8
2026-06-09 23:03:55,24517,10015,49.2
2026-06-09 23:03:57,24519,10016,128
2026-06-09 23:03:59,24521,10017,42.3
2026-06-09 23:04:01,24523,10018,43.5
2026-06-09 23:04:04,24526,10019,55.6
2026-06-09 23:04:06,24528,10020,43.5
2026-06-09 23:04:08,24530,10021,111
2026-06-09 23:04:10,24532,10022,130
2026-06-09 23:04:12,24534,10023,68.5
2026-06-09 23:04:14,24536,10024,73.2
2026-06-09 23:04:17,24539,10025,32.7
2026-06-09 23:04:19,24541,10026,35.0
2026-06-09 23:04:21,24543,10027,38.1
2026-06-09 23:04:23,24545,10028,19.2
2026-06-09 23:04:25,24547,10029,25.8
2026-06-09 23:04:27,24549,10030,53.7
2026-06-09 23:04:29,24551,10031,106
2026-06-09 23:04:31,24553,10032,20.9
2026-06-09 23:04:34,24556,10033,65.0
2026-06-09 23:04:36,24558,10034,48.1
2026-06-09 23:04:38,24560,10035,49.1
2026-06-09 23:04:40,24562,10036,27.1
2026-06-09 23:04:42,24564,10037,128
2026-06-09 23:04:44,24566,10038,52.7
2026-06-09 23:04:47,24569,10039,30.1
2026-06-09 23:04:49,24571,10040,51.9
2026-06-09 23:04:51,24573,10041,42.6
2026-06-09 23:04:53,24575,10042,43.6
2026-06-09 23:04:55,24577,10043,40.3
2026-06-09 23:04:58,24580,10044,59.0
2026-06-09 23:05:00,24582,10045,56.6
2026-06-09 23:05:02,24584,10046,123
2026-06-09 23:05:04,24586,10047,49.4
2026-06-09 23:05:06,24588,10048,114
2026-06-09 23:05:08,24590,10049,127
2026-06-09 23:05:10,24592,10050,29.2
2026-06-09 23:05:13,24595,10051,40.7
2026-06-09 23:05:15,24597,10052,20.1
2026-06-09 23:05:17,24599,10053,32.0
2026-06-09 23:05:19,24601,10054,133
2026-06-09 23:05:21,24603,10055,128
2026-06-09 23:05:23,24605,10056,16.8
2026-06-09 23:05:26,24608,10057,36.9
2026-06-09 23:05:28,24610,10058,95.4
2026-06-09 23:05:30,24612,10059,126
2026-06-09 23:05:32,24614,10060,127
2026-06-09 23:05:34,24616,10061,52.3
2026-06-09 23:05:36,24618,10062,125
2026-06-09 23:05:39,24621,10063,108
2026-06-09 23:05:41,24623,10064,45.5
2026-06-09 23:05:43,24625,10065,46.2
2026-06-09 23:05:45,24627,10066,51.8
2026-06-09 23:05:47,24629,10067,140
2026-06-09 23:05:50,24632,10068,179
2026-06-09 23:05:52,24634,10069,38.8
2026-06-09 23:05:54,24636,10070,32.1
2026-06-09 23:05:56,24638,10071,47.2
2026-06-09 23:05:58,24640,10072,81.5
2026-06-09 23:06:01,24643,10073,124
2026-06-09 23:06:03,24645,10074,148
2026-06-09 23:06:05,24647,10075,136
2026-06-09 23:06:07,24649,10076,164
2026-06-09 23:06:09,24651,10077,131
2026-06-09 23:06:12,24654,10078,32.2
2026-06-09 23:06:14,24656,10079,180
2026-06-09 23:06:16,24658,10080,25.5
2026-06-09 23:06:18,24660,10081,44.3
2026-06-09 23:06:20,24662,10082,41.8
2026-06-09 23:06:23,24665,10083,32.4
2026-06-09 23:06:25,24667,10084,51.0
2026-06-09 23:06:27,24669,10085,41.3
2026-06-09 23:06:29,24671,10086,207
2026-06-09 23:06:32,24673,10087,140
2026-06-09 23:06:34,24676,10088,183
2026-06-09 23:06:36,24678,10089,131
2026-06-09 23:06:38,24680,10090,182
2026-06-09 23:06:40,24682,10091,29.0
2026-06-09 23:06:42,24684,10092,49.6
2026-06-09 23:06:44,24686,10093,42.1
2026-06-09 23:06:47,24689,10094,117
2026-06-09 23:06:49,24691,10095,20.4
2026-06-09 23:06:51,24693,10096,76.1
2026-06-09 23:06:53,24695,10097,84.1
2026-06-09 23:06:55,24697,10098,85.1
2026-06-09 23:06:58,24700,10099,46.7
2026-06-09 23:07:00,24702,10100,33.8
2026-06-09 23:07:02,24704,10101,41.3
2026-06-09 23:07:04,24706,10102,67.3
2026-06-09 23:07:06,24708,10103,146
2026-06-09 23:07:09,24711,10104,51.6
2026-06-09 23:07:11,24713,10105,91.1
2026-06-09 23:07:13,24715,10106,71.9
2026-06-09 23:07:15,24717,10107,102
2026-06-09 23:07:17,24719,10108,37.1
2026-06-09 23:07:19,24721,10109,129
2026-06-09 23:07:22,24724,10110,37.9
2026-06-09 23:07:24,24726,10111,25.8
2026-06-09 23:07:26,24728,10112,33.6
2026-06-09 23:07:28,24730,10113,27.4
2026-06-09 23:07:30,24732,10114,45.5
2026-06-09 23:07:32,24734,10115,18.8
2026-06-09 23:07:35,24737,10116,29.4
2026-06-09 23:07:37,24739,10117,22.9
2026-06-09 23:07:39,24741,10118,35.9
2026-06-09 23:07:41,24743,10119,116
2026-06-09 23:07:43,24745,10120,173
2026-06-09 23:07:45,24747,10121,39.4
2026-06-09 23:07:48,24750,10122,65.4
2026-06-09 23:07:50,24752,10123,43.8
2026-06-09 23:07:52,24754,10124,92.4
2026-06-09 23:07:54,24756,10125,31.7
2026-06-09 23:07:56,24758,10126,67.8
2026-06-09 23:07:58,24760,10127,30.3
2026-06-09 23:08:01,24763,10128,153
2026-06-09 23:08:03,24765,10129,128
2026-06-09 23:08:05,24767,10130,27.2
2026-06-09 23:08:07,24769,10131,153
2026-06-09 23:08:09,24771,10132,121
2026-06-09 23:08:11,24773,10133,135
2026-06-09 23:08:13,24775,10134,41.8
2026-06-09 23:08:15,24777,10135,26.5
2026-06-09 23:08:18,24780,10136,113
2026-06-09 23:08:20,24782,10137,39.3
2026-06-09 23:08:22,24784,10138,65.0
2026-06-09 23:08:24,24786,10139,141
2026-06-09 23:08:26,24788,10140,50.1
2026-06-09 23:08:28,24790,10141,41.4
2026-06-09 23:08:30,24792,10142,120
2026-06-09 23:08:32,24794,10143,55.8
2026-06-09 23:08:35,24797,10144,51.0
2026-06-09 23:08:37,24799,10145,183
2026-06-09 23:08:39,24801,10146,23.1
2026-06-09 23:08:41,24803,10147,54.6
2026-06-09 23:08:43,24805,10148,104
2026-06-09 23:08:45,24807,10149,30.1
2026-06-09 23:08:47,24809,10150,126
2026-06-09 23:08:49,24811,10151,25.2
2026-06-09 23:08:52,24814,10152,106
2026-06-09 23:08:54,24816,10153,38.5
2026-06-09 23:08:56,24818,10154,33.8
2026-06-09 23:08:58,24820,10155,134
2026-06-09 23:09:00,24822,10156,34.4
2026-06-09 23:09:02,24824,10157,114
2026-06-09 23:09:04,24826,10158,23.3
2026-06-09 23:09:07,24829,10159,142
2026-06-09 23:09:09,24831,10160,71.8
2026-06-09 23:09:11,24833,10161,40.2
2026-06-09 23:09:13,24835,10162,18.1
2026-06-09 23:09:15,24837,10163,45.1
2026-06-09 23:09:17,24839,10164,43.1
2026-06-09 23:09:19,24841,10165,39.1
2026-06-09 23:09:21,24843,10166,31.6
2026-06-09 23:09:24,24846,10167,18.4
2026-06-09 23:09:26,24848,10168,74.6
2026-06-09 23:09:28,24850,10169,157
2026-06-09 23:09:30,24852,10170,134
2026-06-09 23:09:32,24854,10171,19.6
2026-06-09 23:09:34,24856,10172,123
2026-06-09 23:09:36,24858,10173,38.3
2026-06-09 23:09:39,24861,10174,48.4
2026-06-09 23:09:41,24863,10175,10.0
2026-06-09 23:09:43,24865,10176,23.6
2026-06-09 23:09:45,24867,10177,40.9
2026-06-09 23:09:47,24869,10178,36.4
2026-06-09 23:09:49,24871,10179,30.8
2026-06-09 23:09:51,24873,10180,85.0
2026-06-09 23:09:54,24876,10181,90.7
2026-06-09 23:09:56,24878,10182,33.6
2026-06-09 23:09:58,24880,10183,90.1
2026-06-09 23:10:00,24882,10184,109
2026-06-09 23:10:02,24884,10185,103
2026-06-09 23:10:05,24887,10186,118
2026-06-09 23:10:07,24889,10187,86.8
2026-06-09 23:10:09,24891,10188,44.2
2026-06-09 23:10:11,24893,10189,88.5
2026-06-09 23:10:13,24895,10190,99.9
2026-06-09 23:10:15,24897,10191,148
2026-06-09 23:10:18,24900,10192,146
2026-06-09 23:10:20,24902,10193,25.7
2026-06-09 23:10:22,24904,10194,96.4
2026-06-09 23:10:24,24906,10195,30.6
2026-06-09 23:10:26,24908,10196,48.1
2026-06-09 23:10:28,24910,10197,58.0
2026-06-09 23:10:31,24913,10198,56.0
2026-06-09 23:10:33,24915,10199,47.4
2026-06-09 23:10:35,24917,10200,47.2
2026-06-09 23:10:37,24919,10201,84.7
2026-06-09 23:10:39,24921,10202,57.8
2026-06-09 23:10:42,24924,10203,42.7
2026-06-09 23:10:44,24926,10204,52.5
2026-06-09 23:10:46,24928,10205,35.9
2026-06-09 23:10:48,24930,10206,106
2026-06-09 23:10:50,24932,10207,55.8
2026-06-09 23:10:53,24935,10208,62.6
2026-06-09 23:10:55,24937,10209,62.0
2026-06-09 23:10:57,24939,10210,72.7
2026-06-09 23:10:59,24941,10211,58.7
2026-06-09 23:11:01,24943,10212,31.8
2026-06-09 23:11:03,24945,10213,22.8
2026-06-09 23:11:05,24947,10214,23.4
2026-06-09 23:11:08,24950,10215,147
2026-06-09 23:11:10,24952,10216,44.8
2026-06-09 23:11:12,24954,10217,34.6
2026-06-09 23:11:14,24956,10218,118
2026-06-09 23:11:16,24958,10219,51.7
2026-06-09 23:11:18,24960,10220,56.5
2026-06-09 23:11:21,24963,10221,37.2
2026-06-09 23:11:23,24965,10222,128
2026-06-09 23:11:25,24967,10223,45.0
2026-06-09 23:11:27,24969,10224,59.9
2026-06-09 23:11:29,24971,10225,31.4
2026-06-09 23:11:32,24974,10226,29.5
2026-06-09 23:11:34,24976,10227,65.9
2026-06-09 23:11:36,24978,10228,39.6
2026-06-09 23:11:38,24980,10229,42.8
2026-06-09 23:11:40,24982,10230,257
2026-06-09 23:11:42,24984,10231,44.8
2026-06-09 23:11:45,24987,10232,28.2
2026-06-09 23:11:47,24989,10233,39.2
2026-06-09 23:11:49,24991,10234,18.6
2026-06-09 23:11:51,24993,10235,31.4
2026-06-09 23:11:53,24995,10236,182
2026-06-09 23:11:55,24997,10237,58.2
2026-06-09 23:11:57,24999,10238,146
2026-06-09 23:11:59,25001,10239,32.5
2026-06-09 23:12:02,25004,10240,51.3
2026-06-09 23:12:04,25006,10241,53.0
2026-06-09 23:12:06,25008,10242,138
2026-06-09 23:12:08,25010,10243,35.8
2026-06-09 23:12:10,25012,10244,130
2026-06-09 23:12:12,25014,10245,36.8
2026-06-09 23:12:15,25017,10246,43.3
2026-06-09 23:12:17,25019,10247,108
2026-06-09 23:12:19,25021,10248,42.9
2026-06-09 23:12:21,25023,10249,46.3
2026-06-09 23:12:23,25025,10250,82.0
2026-06-09 23:12:25,25027,10251,30.7
2026-06-09 23:12:28,25030,10252,32.9
2026-06-09 23:12:30,25032,10253,98.9
2026-06-09 23:12:32,25034,10254,25.3
2026-06-09 23:12:34,25036,10255,37.2
2026-06-09 23:12:36,25038,10256,154
2026-06-09 23:12:38,25040,10257,117
2026-06-09 23:12:40,25042,10258,45.4
2026-06-09 23:12:43,25045,10259,21.8
2026-06-09 23:12:45,25047,10260,64.3
2026-06-09 23:12:47,25049,10261,49.6
2026-06-09 23:12:49,25051,10262,89.5
2026-06-09 23:12:51,25053,10263,51.1
2026-06-09 23:12:54,25056,10264,36.8
2026-06-09 23:12:56,25058,10265,28.3
2026-06-09 23:12:58,25060,10266,53.5
2026-06-09 23:13:00,25062,10267,53.7
2026-06-09 23:13:02,25064,10268,64.8
2026-06-09 23:13:05,25067,10269,45.1
2026-06-09 23:13:07,25069,10270,53.4
2026-06-09 23:13:09,25071,10271,44.3
2026-06-09 23:13:11,25073,10272,61.2
2026-06-09 23:13:13,25075,10273,30.4
2026-06-09 23:13:15,25077,10274,38.6
2026-06-09 23:13:17,25079,10275,116
2026-06-09 23:13:20,25082,10276,20.0
2026-06-09 23:13:22,25084,10277,37.8
2026-06-09 23:13:24,25086,10278,14.7
2026-06-09 23:13:26,25088,10279,64.5
2026-06-09 23:13:28,25090,10280,49.7
2026-06-09 23:13:30,25092,10281,60.2
2026-06-09 23:13:32,25094,10282,33.4
2026-06-09 23:13:35,25097,10283,49.5
2026-06-09 23:13:37,25099,10284,53.4
2026-06-09 23:13:39,25101,10285,45.0
2026-06-09 23:13:41,25103,10286,79.8
2026-06-09 23:13:43,25105,10287,65.5
2026-06-09 23:13:45,25107,10288,35.8
2026-06-09 23:13:48,25110,10289,70.4
2026-06-09 23:13:50,25112,10290,46.5
2026-06-09 23:13:52,25114,10291,46.7
2026-06-09 23:13:54,25116,10292,43.8
2026-06-09 23:13:56,25118,10293,33.4
2026-06-09 23:13:59,25121,10294,39.5
2026-06-09 23:14:01,25123,10295,50.6
2026-06-09 23:14:03,25125,10296,149
2026-06-09 23:14:05,25127,10297,104
2026-06-09 23:14:07,25129,10298,70.1
2026-06-09 23:14:09,25131,10299,147
2026-06-09 23:14:11,25133,10300,167
2026-06-09 23:14:14,25136,10301,62.6
2026-06-09 23:14:16,25138,10302,54.8
2026-06-09 23:14:18,25140,10303,36.4
2026-06-09 23:14:20,25142,10304,149
2026-06-09 23:14:22,25144,10305,172
2026-06-09 23:14:24,25146,10306,132
2026-06-09 23:14:27,25149,10307,23.5
2026-06-09 23:14:29,25151,10308,45.1
2026-06-09 23:14:31,25153,10309,35.8
2026-06-09 23:14:33,25155,10310,30.5
2026-06-09 23:14:35,25157,10311,194
2026-06-09 23:14:37,25159,10312,125
2026-06-09 23:14:39,25161,10313,31.4
2026-06-09 23:14:41,25163,10314,143
2026-06-09 23:14:44,25166,10315,74.2
2026-06-09 23:14:46,25168,10316,165
2026-06-09 23:14:48,25170,10317,17.0
2026-06-09 23:14:50,25172,10318,41.9
2026-06-09 23:14:52,25174,10319,35.9
2026-06-09 23:14:54,25176,10320,53.1
2026-06-09 23:14:56,25178,10321,127
2026-06-09 23:14:59,25181,10322,60.3
2026-06-09 23:15:01,25183,10323,42.2
2026-06-09 23:15:03,25185,10324,41.5
2026-06-09 23:15:05,25187,10325,71.3
2026-06-09 23:15:07,25189,10326,36.1
2026-06-09 23:15:09,25191,10327,125
2026-06-09 23:15:12,25194,10328,36.0
2026-06-09 23:15:14,25196,10329,24.8
2026-06-09 23:15:16,25198,10330,56.0
2026-06-09 23:15:18,25200,10331,85.6
2026-06-09 23:15:20,25202,10332,33.9
2026-06-09 23:15:22,25204,10333,33.0
2026-06-09 23:15:25,25207,10334,34.5
2026-06-09 23:15:27,25209,10335,24.5
2026-06-09 23:15:29,25211,10336,37.8
2026-06-09 23:15:31,25213,10337,46.8
2026-06-09 23:15:33,25215,10338,36.2
2026-06-09 23:15:35,25217,10339,34.0
2026-06-09 23:15:37,25219,10340,144
2026-06-09 23:15:39,25221,10341,38.0
2026-06-09 23:15:42,25224,10342,33.5
2026-06-09 23:15:44,25226,10343,50.8
2026-06-09 23:15:46,25228,10344,48.0
2026-06-09 23:15:48,25230,10345,26.8
2026-06-09 23:15:50,25232,10346,133
2026-06-09 23:15:52,25234,10347,78.7
2026-06-09 23:15:54,25236,10348,70.2
2026-06-09 23:15:57,25239,10349,35.1
2026-06-09 23:15:59,25241,10350,40.7
2026-06-09 23:16:01,25243,10351,43.5
2026-06-09 23:16:03,25245,10352,27.0
2026-06-09 23:16:05,25247,10353,48.3
2026-06-09 23:16:08,25250,10354,43.1
2026-06-09 23:16:10,25252,10355,56.9
2026-06-09 23:16:12,25254,10356,132
2026-06-09 23:16:14,25256,10357,38.2
2026-06-09 23:16:16,25258,10358,58.6
2026-06-09 23:16:18,25260,10359,98.8
2026-06-09 23:16:21,25263,10360,99.9
2026-06-09 23:16:23,25265,10361,25.5
2026-06-09 23:16:25,25267,10362,31.4
2026-06-09 23:16:27,25269,10363,77.8
2026-06-09 23:16:29,25271,10364,27.5
2026-06-09 23:16:32,25274,10365,50.0
2026-06-09 23:16:34,25276,10366,150
2026-06-09 23:16:36,25278,10367,158
2026-06-09 23:16:38,25280,10368,164
2026-06-09 23:16:40,25282,10369,140
2026-06-09 23:16:43,25285,10370,42.6
2026-06-09 23:16:45,25287,10371,152
2026-06-09 23:16:47,25289,10372,41.3
2026-06-09 23:16:49,25291,10373,73.2
2026-06-09 23:16:51,25293,10374,37.0
2026-06-09 23:16:54,25296,10375,20.3
2026-06-09 23:16:56,25298,10376,63.1
2026-06-09 23:16:58,25300,10377,66.4
2026-06-09 23:17:00,25302,10378,108
2026-06-09 23:17:02,25304,10379,60.1
2026-06-09 23:17:04,25306,10380,153
2026-06-09 23:17:07,25309,10381,54.4
2026-06-09 23:17:09,25311,10382,22.3
2026-06-09 23:17:11,25313,10383,50.3
2026-06-09 23:17:13,25315,10384,171
2026-06-09 23:17:15,25317,10385,32.7
2026-06-09 23:17:18,25320,10386,48.5
2026-06-09 23:17:20,25322,10387,45.7
2026-06-09 23:17:22,25324,10388,29.3
2026-06-09 23:17:24,25326,10389,26.0
2026-06-09 23:17:26,25328,10390,32.4
2026-06-09 23:17:28,25330,10391,35.3
2026-06-09 23:17:30,25332,10392,75.3
2026-06-09 23:17:33,25335,10393,33.6
2026-06-09 23:17:34,25336,10394,41.3
2026-06-09 23:17:36,25338,10395,23.5
2026-06-09 23:17:39,25341,10396,35.4
2026-06-09 23:17:40,25342,10397,50.5
2026-06-09 23:17:42,25344,10398,33.8
2026-06-09 23:17:44,25346,10399,21.4
2026-06-09 23:17:47,25349,10400,28.3
2026-06-09 23:17:49,25351,10401,27.6
2026-06-09 23:17:51,25353,10402,328
2026-06-09 23:17:53,25355,10403,43.0
2026-06-09 23:17:55,25357,10404,32.4
2026-06-09 23:17:57,25359,10405,44.3
2026-06-09 23:17:59,25361,10406,22.4
2026-06-09 23:18:01,25363,10407,33.2
2026-06-09 23:18:03,25365,10408,15.9
2026-06-09 23:18:05,25367,10409,41.4
2026-06-09 23:18:07,25369,10410,180
2026-06-09 23:18:09,25371,10411,31.9
2026-06-09 23:18:11,25373,10412,240
2026-06-09 23:18:13,25375,10413,30.3
2026-06-09 23:18:15,25377,10414,28.7
2026-06-09 23:18:17,25379,10415,30.8
2026-06-09 23:18:19,25381,10416,29.8
2026-06-09 23:18:21,25383,10417,40.7
2026-06-09 23:18:23,25385,10418,11.7
2026-06-09 23:18:26,25388,10419,146
2026-06-09 23:18:28,25390,10420,168
2026-06-09 23:18:30,25392,10421,43.3
2026-06-09 23:18:32,25394,10422,43.0
2026-06-09 23:18:34,25396,10423,62.7
2026-06-09 23:18:36,25398,10424,82.6
2026-06-09 23:18:39,25401,10425,134
2026-06-09 23:18:41,25403,10426,47.9
2026-06-09 23:18:43,25405,10427,21.2
2026-06-09 23:18:45,25407,10428,19.4
2026-06-09 23:18:48,25410,10429,135
2026-06-09 23:18:50,25412,10430,80.3
2026-06-09 23:18:52,25414,10431,57.2
2026-06-09 23:18:54,25416,10432,126
2026-06-09 23:18:56,25418,10433,37.9
2026-06-09 23:18:59,25421,10434,81.8
2026-06-09 23:19:01,25423,10435,46.9
2026-06-09 23:19:03,25425,10436,33.4
2026-06-09 23:19:05,25427,10437,46.8
2026-06-09 23:19:07,25429,10438,188
2026-06-09 23:19:10,25432,10439,26.7
2026-06-09 23:19:12,25434,10440,33.6
2026-06-09 23:19:14,25436,10441,51.2
2026-06-09 23:19:16,25438,10442,27.7
2026-06-09 23:19:18,25440,10443,68.1
2026-06-09 23:19:20,25442,10444,36.7
2026-06-09 23:19:23,25445,10445,21.8
2026-06-09 23:19:25,25447,10446,142
2026-06-09 23:19:27,25449,10447,34.7
2026-06-09 23:19:29,25451,10448,39.0
2026-06-09 23:19:31,25453,10449,44.7
2026-06-09 23:19:33,25455,10450,39.9
2026-06-09 23:19:35,25457,10451,30.8
2026-06-09 23:19:38,25460,10452,36.7
2026-06-09 23:19:40,25462,10453,34.2
2026-06-09 23:19:42,25464,10454,75.2
2026-06-09 23:19:44,25466,10455,94.6
2026-06-09 23:19:46,25468,10456,53.6
2026-06-09 23:19:48,25470,10457,27.0
2026-06-09 23:19:51,25473,10458,23.2
2026-06-09 23:19:53,25475,10459,62.0
2026-06-09 23:19:55,25477,10460,150
2026-06-09 23:19:57,25479,10461,36.6
2026-06-09 23:19:59,25481,10462,31.8
2026-06-09 23:20:01,25483,10463,26.4
2026-06-09 23:20:04,25486,10464,145
2026-06-09 23:20:06,25488,10465,39.1
2026-06-09 23:20:08,25490,10466,137
2026-06-09 23:20:10,25492,10467,21.2
2026-06-09 23:20:12,25494,10468,158
2026-06-09 23:20:14,25496,10469,39.7
2026-06-09 23:20:16,25498,10470,142
2026-06-09 23:20:19,25501,10471,158
2026-06-09 23:20:21,25503,10472,154
2026-06-09 23:20:23,25505,10473,34.1
2026-06-09 23:20:25,25507,10474,41.6
2026-06-09 23:20:27,25509,10475,25.4
2026-06-09 23:20:30,25512,10476,34.7
2026-06-09 23:20:32,25514,10477,154
2026-06-09 23:20:34,25516,10478,37.4
2026-06-09 23:20:36,25518,10479,48.8
2026-06-09 23:20:38,25520,10480,49.4
2026-06-09 23:20:41,25523,10481,47.8
2026-06-09 23:20:43,25525,10482,27.5
2026-06-09 23:20:45,25527,10483,53.6
2026-06-09 23:20:47,25529,10484,116
2026-06-09 23:20:49,25531,10485,127
2026-06-09 23:20:52,25534,10486,30.0
2026-06-09 23:20:54,25536,10487,108
2026-06-09 23:20:56,25538,10488,130
2026-06-09 23:20:58,25540,10489,37.5
2026-06-09 23:21:00,25542,10490,30.3
2026-06-09 23:21:03,25545,10491,24.3
2026-06-09 23:21:05,25547,10492,39.6
2026-06-09 23:21:07,25549,10493,22.3
2026-06-09 23:21:09,25551,10494,138
2026-06-09 23:21:12,25554,10495,42.8
2026-06-09 23:21:14,25556,10496,29.7
2026-06-09 23:21:16,25558,10497,112
2026-06-09 23:21:18,25560,10498,51.5
2026-06-09 23:21:20,25562,10499,52.8
2026-06-09 23:21:23,25565,10500,76.1
2026-06-09 23:21:25,25567,10501,135
2026-06-09 23:21:27,25569,10502,37.0
2026-06-09 23:21:29,25571,10503,122
2026-06-09 23:21:31,25573,10504,28.1
2026-06-09 23:21:34,25576,10505,81.8
2026-06-09 23:21:36,25578,10506,37.8
2026-06-09 23:21:38,25580,10507,153
2026-06-09 23:21:40,25582,10508,137
2026-06-09 23:21:42,25584,10509,28.5
2026-06-09 23:21:45,25587,10510,63.2
2026-06-09 23:21:47,25589,10511,122
2026-06-09 23:21:49,25591,10512,110
2026-06-09 23:21:51,25593,10513,156
2026-06-09 23:21:53,25595,10514,32.6
2026-06-09 23:21:55,25597,10515,53.7
2026-06-09 23:21:58,25600,10516,92.7
2026-06-09 23:22:00,25602,10517,147
2026-06-09 23:22:02,25604,10518,16.7
2026-06-09 23:22:04,25606,10519,58.1
2026-06-09 23:22:06,25608,10520,37.8
2026-06-09 23:22:08,25610,10521,37.9
2026-06-09 23:22:11,25613,10522,26.0
2026-06-09 23:22:13,25615,10523,49.0
2026-06-09 23:22:15,25617,10524,140
2026-06-09 23:22:17,25619,10525,125
2026-06-09 23:22:20,25622,10526,36.7
2026-06-09 23:22:22,25624,10527,117
2026-06-09 23:22:24,25626,10528,34.1
2026-06-09 23:22:26,25628,10529,32.9
2026-06-09 23:22:28,25630,10530,39.3
2026-06-09 23:22:30,25632,10531,22.9
2026-06-09 23:22:32,25634,10532,25.1
2026-06-09 23:22:34,25636,10533,36.3
2026-06-09 23:22:36,25638,10534,67.1
2026-06-09 23:22:39,25641,10535,43.2
2026-06-09 23:22:41,25643,10536,36.3
2026-06-09 23:22:43,25645,10537,17.8
2026-06-09 23:22:45,25647,10538,50.3
2026-06-09 23:22:47,25649,10539,24.0
2026-06-09 23:22:49,25651,10540,139
2026-06-09 23:22:52,25654,10541,114
2026-06-09 23:22:54,25656,10542,192
2026-06-09 23:22:56,25658,10543,31.8
2026-06-09 23:22:58,25660,10544,138
2026-06-09 23:23:00,25662,10545,128
2026-06-09 23:23:03,25665,10546,64.2
2026-06-09 23:23:05,25667,10547,14.1
2026-06-09 23:23:07,25669,10548,115
2026-06-09 23:23:09,25671,10549,43.2
2026-06-09 23:23:11,25673,10550,58.9
2026-06-09 23:23:13,25675,10551,116
2026-06-09 23:23:16,25678,10552,111
2026-06-09 23:23:18,25680,10553,45.3
2026-06-09 23:23:20,25682,10554,15.6
2026-06-09 23:23:22,25684,10555,22.2
2026-06-09 23:23:24,25686,10556,36.2
2026-06-09 23:23:26,25688,10557,66.5
2026-06-09 23:23:29,25691,10558,143
2026-06-09 23:23:31,25693,10559,126
2026-06-09 23:23:33,25695,10560,38.3
2026-06-09 23:23:35,25697,10561,27.7
2026-06-09 23:23:37,25699,10562,66.8
2026-06-09 23:23:39,25701,10563,56.1
2026-06-09 23:23:42,25704,10564,114
2026-06-09 23:23:44,25706,10565,59.5
2026-06-09 23:23:46,25708,10566,28.2
2026-06-09 23:23:48,25710,10567,135
2026-06-09 23:23:51,25713,10568,177
2026-06-09 23:23:53,25715,10569,51.6
2026-06-09 23:23:55,25717,10570,122
2026-06-09 23:23:57,25719,10571,50.2
2026-06-09 23:23:59,25721,10572,46.7
2026-06-09 23:24:01,25723,10573,39.2
2026-06-09 23:24:04,25726,10574,78.8
2026-06-09 23:24:06,25728,10575,58.4
2026-06-09 23:24:08,25730,10576,46.2
2026-06-09 23:24:10,25732,10577,45.5
2026-06-09 23:24:12,25734,10578,35.9
2026-06-09 23:24:14,25736,10579,49.6
2026-06-09 23:24:17,25739,10580,42.8
2026-06-09 23:24:19,25741,10581,29.0
2026-06-09 23:24:21,25743,10582,43.0
2026-06-09 23:24:23,25745,10583,44.2
2026-06-09 23:24:25,25747,10584,31.2
2026-06-09 23:24:27,25749,10585,27.9
2026-06-09 23:24:29,25751,10586,20.7
2026-06-09 23:24:31,25753,10587,28.7
2026-06-09 23:24:33,25755,10588,104
2026-06-09 23:24:35,25757,10589,43.1
2026-06-09 23:24:38,25760,10590,27.3
2026-06-09 23:24:40,25762,10591,29.1
2026-06-09 23:24:42,25764,10592,35.9
2026-06-09 23:24:44,25766,10593,50.3
2026-06-09 23:24:46,25768,10594,32.0
2026-06-09 23:24:48,25770,10595,109
2026-06-09 23:24:50,25772,10596,28.8
2026-06-09 23:24:53,25775,10597,41.7
2026-06-09 23:24:55,25777,10598,39.5
2026-06-09 23:24:57,25779,10599,25.4
2026-06-09 23:24:59,25781,10600,137
2026-06-09 23:25:01,25783,10601,64.0
2026-06-09 23:25:03,25785,10602,101
2026-06-09 23:25:06,25788,10603,139
2026-06-09 23:25:08,25790,10604,53.3
2026-06-09 23:25:10,25792,10605,30.3
2026-06-09 23:25:12,25794,10606,129
2026-06-09 23:25:14,25796,10607,63.2
2026-06-09 23:25:16,25798,10608,22.9
2026-06-09 23:25:18,25800,10609,53.2
2026-06-09 23:25:21,25803,10610,39.6
2026-06-09 23:25:23,25805,10611,19.5
2026-06-09 23:25:25,25807,10612,146
2026-06-09 23:25:27,25809,10613,24.4
2026-06-09 23:25:29,25811,10614,135
2026-06-09 23:25:32,25814,10615,140
2026-06-09 23:25:34,25816,10616,17.4
2026-06-09 23:25:36,25818,10617,205
2026-06-09 23:25:38,25820,10618,34.3
2026-06-09 23:25:40,25822,10619,31.1
2026-06-09 23:25:42,25824,10620,76.9
2026-06-09 23:25:44,25826,10621,30.0
2026-06-09 23:25:47,25829,10622,180
2026-06-09 23:25:49,25831,10623,129
2026-06-09 23:25:51,25833,10624,25.6
2026-06-09 23:25:53,25835,10625,35.9
2026-06-09 23:25:55,25837,10626,119
2026-06-09 23:25:57,25839,10627,131
2026-06-09 23:26:00,25842,10628,38.6
2026-06-09 23:26:02,25844,10629,36.6
2026-06-09 23:26:04,25846,10630,67.1
2026-06-09 23:26:06,25848,10631,46.5
2026-06-09 23:26:08,25850,10632,35.4
2026-06-09 23:26:10,25852,10633,57.6
2026-06-09 23:26:13,25855,10634,55.0
2026-06-09 23:26:15,25857,10635,23.8
2026-06-09 23:26:17,25859,10636,135
2026-06-09 23:26:19,25861,10637,40.2
2026-06-09 23:26:21,25863,10638,107
2026-06-09 23:26:23,25865,10639,66.5
2026-06-09 23:26:26,25868,10640,39.2
2026-06-09 23:26:28,25870,10641,44.5
2026-06-09 23:26:30,25872,10642,142
2026-06-09 23:26:32,25874,10643,135
2026-06-09 23:26:34,25876,10644,39.6
2026-06-09 23:26:36,25878,10645,24.5
2026-06-09 23:26:38,25880,10646,35.9
2026-06-09 23:26:40,25882,10647,30.5
2026-06-09 23:26:43,25885,10648,23.7
2026-06-09 23:26:45,25887,10649,47.9
2026-06-09 23:26:47,25889,10650,39.0
2026-06-09 23:26:49,25891,10651,126
2026-06-09 23:26:51,25893,10652,43.7
2026-06-09 23:26:53,25895,10653,51.7
2026-06-09 23:26:56,25898,10654,41.4
2026-06-09 23:26:58,25900,10655,55.3
2026-06-09 23:27:00,25902,10656,52.3
2026-06-09 23:27:02,25904,10657,52.8
2026-06-09 23:27:04,25906,10658,113
2026-06-09 23:27:07,25909,10659,49.3
2026-06-09 23:27:09,25911,10660,48.5
2026-06-09 23:27:11,25913,10661,47.9
2026-06-09 23:27:13,25915,10662,73.0
2026-06-09 23:27:15,25917,10663,39.6
2026-06-09 23:27:17,25919,10664,109
2026-06-09 23:27:20,25922,10665,125
2026-06-09 23:27:22,25924,10666,85.4
2026-06-09 23:27:24,25926,10667,72.6
2026-06-09 23:27:26,25928,10668,32.7
2026-06-09 23:27:28,25930,10669,91.9
2026-06-09 23:27:30,25932,10670,23.7
2026-06-09 23:27:33,25935,10671,81.6
2026-06-09 23:27:35,25937,10672,62.1
2026-06-09 23:27:37,25939,10673,117
2026-06-09 23:27:39,25941,10674,199
2026-06-09 23:27:41,25943,10675,186
2026-06-09 23:27:44,25946,10676,46.0
2026-06-09 23:27:46,25948,10677,22.1
2026-06-09 23:27:48,25950,10678,48.2
2026-06-09 23:27:50,25952,10679,93.2
2026-06-09 23:27:52,25954,10680,35.0
2026-06-09 23:27:55,25957,10681,132
2026-06-09 23:27:57,25959,10682,16.6
2026-06-09 23:27:59,25961,10683,162
2026-06-09 23:28:01,25963,10684,41.1
2026-06-09 23:28:03,25965,10685,40.2
2026-06-09 23:28:06,25968,10686,23.9
2026-06-09 23:28:08,25970,10687,63.8
2026-06-09 23:28:10,25972,10688,23.8
2026-06-09 23:28:12,25974,10689,66.6
2026-06-09 23:28:15,25977,10690,76.3
2026-06-09 23:28:17,25979,10691,92.8
2026-06-09 23:28:19,25981,10692,37.9
2026-06-09 23:28:21,25983,10693,125
2026-06-09 23:28:24,25986,10694,85.8
2026-06-09 23:28:26,25988,10695,69.5
2026-06-09 23:28:28,25990,10696,34.6
2026-06-09 23:28:30,25992,10697,63.1
2026-06-09 23:28:33,25995,10698,28.7
2026-06-09 23:28:35,25997,10699,102
2026-06-09 23:28:37,25999,10700,137
2026-06-09 23:28:39,26001,10701,114
2026-06-09 23:28:41,26003,10702,21.8
2026-06-09 23:28:44,26006,10703,89.8
2026-06-09 23:28:46,26008,10704,76.9
2026-06-09 23:28:48,26010,10705,53.1
2026-06-09 23:28:50,26012,10706,23.9
2026-06-09 23:28:53,26015,10707,85.6
2026-06-09 23:28:55,26017,10708,48.8
2026-06-09 23:28:57,26019,10709,124
2026-06-09 23:28:59,26021,10710,25.5
2026-06-09 23:29:02,26024,10711,52.5
2026-06-09 23:29:04,26026,10712,189
2026-06-09 23:29:06,26028,10713,57.0
2026-06-09 23:29:08,26030,10714,58.0
2026-06-09 23:29:10,26032,10715,37.7
2026-06-09 23:29:13,26035,10716,43.3
2026-06-09 23:29:15,26037,10717,43.6
2026-06-09 23:29:17,26039,10718,25.5
2026-06-09 23:29:19,26041,10719,31.2
2026-06-09 23:29:21,26043,10720,228
2026-06-09 23:29:24,26046,10721,44.5
2026-06-09 23:29:26,26048,10722,24.7
2026-06-09 23:29:28,26050,10723,39.2
2026-06-09 23:29:30,26052,10724,26.9
2026-06-09 23:29:32,26054,10725,55.1
2026-06-09 23:29:34,26056,10726,35.3
2026-06-09 23:29:36,26058,10727,113
2026-06-09 23:29:38,26060,10728,37.3
2026-06-09 23:29:41,26063,10729,138
2026-06-09 23:29:43,26065,10730,23.9
2026-06-09 23:29:45,26067,10731,50.9
2026-06-09 23:29:47,26069,10732,19.7
2026-06-09 23:29:49,26071,10733,45.8
2026-06-09 23:29:51,26073,10734,27.6
2026-06-09 23:29:54,26076,10735,32.3
2026-06-09 23:29:56,26078,10736,54.9
2026-06-09 23:29:58,26080,10737,31.5
2026-06-09 23:30:00,26082,10738,51.8
2026-06-09 23:30:02,26084,10739,22.7
2026-06-09 23:30:05,26087,10740,145
2026-06-09 23:30:07,26089,10741,58.2
2026-06-09 23:30:09,26091,10742,53.7
2026-06-09 23:30:11,26093,10743,44.4
2026-06-09 23:30:13,26095,10744,25.9
2026-06-09 23:30:16,26098,10745,50.2
2026-06-09 23:30:18,26100,10746,33.0
2026-06-09 23:30:20,26102,10747,37.8
2026-06-09 23:30:22,26104,10748,64.1
2026-06-09 23:30:25,26107,10749,43.0
2026-06-09 23:30:27,26109,10750,43.1
2026-06-09 23:30:29,26111,10751,83.7
2026-06-09 23:30:31,26113,10752,71.8
2026-06-09 23:30:33,26115,10753,62.3
2026-06-09 23:30:35,26117,10754,49.2
2026-06-09 23:30:38,26120,10755,57.2
2026-06-09 23:30:40,26122,10756,68.0
2026-06-09 23:30:42,26124,10757,32.8
2026-06-09 23:30:44,26126,10758,147
2026-06-09 23:30:46,26128,10759,53.1
2026-06-09 23:30:49,26131,10760,30.1
2026-06-09 23:30:51,26133,10761,86.4
2026-06-09 23:30:53,26135,10762,42.4
2026-06-09 23:30:55,26137,10763,140
2026-06-09 23:30:57,26139,10764,218
2026-06-09 23:31:00,26142,10765,118
2026-06-09 23:31:02,26144,10766,154
2026-06-09 23:31:04,26146,10767,48.5
2026-06-09 23:31:06,26148,10768,57.9
2026-06-09 23:31:08,26150,10769,35.0
2026-06-09 23:31:11,26153,10770,72.5
2026-06-09 23:31:13,26155,10771,69.9
2026-06-09 23:31:15,26157,10772,130
2026-06-09 23:31:17,26159,10773,42.5
2026-06-09 23:31:19,26161,10774,37.7
2026-06-09 23:31:21,26163,10775,69.7
2026-06-09 23:31:24,26166,10776,48.6
2026-06-09 23:31:26,26168,10777,57.1
2026-06-09 23:31:28,26170,10778,164
2026-06-09 23:31:30,26172,10779,65.8
2026-06-09 23:31:32,26174,10780,156
2026-06-09 23:31:34,26176,10781,31.4
2026-06-09 23:31:37,26179,10782,33.7
2026-06-09 23:31:39,26181,10783,142
2026-06-09 23:31:41,26183,10784,44.6
2026-06-09 23:31:43,26185,10785,110
2026-06-09 23:31:45,26187,10786,28.7
2026-06-09 23:31:47,26189,10787,54.4
2026-06-09 23:31:50,26192,10788,139
2026-06-09 23:31:52,26194,10789,23.9
2026-06-09 23:31:54,26196,10790,35.9
2026-06-09 23:31:56,26198,10791,95.7
2026-06-09 23:31:58,26200,10792,39.2
2026-06-09 23:32:00,26202,10793,44.5
2026-06-09 23:32:03,26205,10794,61.9
2026-06-09 23:32:05,26207,10795,131
2026-06-09 23:32:07,26209,10796,39.3
2026-06-09 23:32:09,26211,10797,36.2
2026-06-09 23:32:11,26213,10798,200
2026-06-09 23:32:13,26215,10799,23.7
2026-06-09 23:32:16,26218,10800,21.4
2026-06-09 23:32:18,26220,10801,120
2026-06-09 23:32:20,26222,10802,27.2
2026-06-09 23:32:22,26224,10803,32.1
2026-06-09 23:32:24,26226,10804,201
2026-06-09 23:32:27,26229,10805,24.1
2026-06-09 23:32:29,26231,10806,189
2026-06-09 23:32:31,26233,10807,70.8
2026-06-09 23:32:33,26235,10808,93.4
2026-06-09 23:32:35,26237,10809,50.5
2026-06-09 23:32:38,26240,10810,22.6
2026-06-09 23:32:40,26242,10811,174
2026-06-09 23:32:42,26244,10812,43.9
2026-06-09 23:32:44,26246,10813,30.9
2026-06-09 23:32:46,26248,10814,114
2026-06-09 23:32:48,26250,10815,53.9
2026-06-09 23:32:51,26253,10816,146
2026-06-09 23:32:53,26255,10817,40.5
2026-06-09 23:32:55,26257,10818,114
2026-06-09 23:32:57,26259,10819,38.2
2026-06-09 23:32:59,26261,10820,37.5
2026-06-09 23:33:02,26264,10821,26.0
2026-06-09 23:33:04,26266,10822,136
2026-06-09 23:33:06,26268,10823,135
2026-06-09 23:33:08,26270,10824,31.2
2026-06-09 23:33:10,26272,10825,23.6
2026-06-09 23:33:12,26274,10826,42.7
2026-06-09 23:33:15,26277,10827,124
2026-06-09 23:33:17,26279,10828,41.3
2026-06-09 23:33:19,26281,10829,80.6
2026-06-09 23:33:21,26283,10830,138
2026-06-09 23:33:23,26285,10831,23.5
2026-06-09 23:33:26,26288,10832,22.3
2026-06-09 23:33:28,26290,10833,30.2
2026-06-09 23:33:30,26292,10834,121
2026-06-09 23:33:32,26294,10835,150
2026-06-09 23:33:34,26296,10836,24.3
2026-06-09 23:33:36,26298,10837,20.0
2026-06-09 23:33:39,26301,10838,148
2026-06-09 23:33:41,26303,10839,24.6
2026-06-09 23:33:43,26305,10840,38.1
2026-06-09 23:33:45,26307,10841,131
2026-06-09 23:33:47,26309,10842,46.9
2026-06-09 23:33:50,26312,10843,62.0
2026-06-09 23:33:52,26314,10844,23.3
2026-06-09 23:33:54,26316,10845,23.9
2026-06-09 23:33:56,26318,10846,44.7
2026-06-09 23:33:58,26320,10847,54.0
2026-06-09 23:34:01,26323,10848,35.5
2026-06-09 23:34:03,26325,10849,140
2026-06-09 23:34:05,26327,10850,181
2026-06-09 23:34:07,26329,10851,69.5
2026-06-09 23:34:09,26331,10852,21.6
2026-06-09 23:34:12,26334,10853,156
2026-06-09 23:34:14,26336,10854,26.0
2026-06-09 23:34:16,26338,10855,34.7
2026-06-09 23:34:18,26340,10856,37.3
2026-06-09 23:34:20,26342,10857,16.8
2026-06-09 23:34:23,26345,10858,21.6
2026-06-09 23:34:25,26347,10859,28.2
2026-06-09 23:34:27,26349,10860,165
2026-06-09 23:34:29,26351,10861,32.5
2026-06-09 23:34:32,26354,10862,42.0
2026-06-09 23:34:34,26356,10863,187
2026-06-09 23:34:36,26358,10864,33.0
2026-06-09 23:34:38,26360,10865,35.9
2026-06-09 23:34:40,26362,10866,29.4
2026-06-09 23:34:42,26364,10867,18.7
2026-06-09 23:34:45,26367,10868,125
2026-06-09 23:34:47,26369,10869,127
2026-06-09 23:34:49,26371,10870,31.1
2026-06-09 23:34:51,26373,10871,30.4
2026-06-09 23:34:53,26375,10872,174
2026-06-09 23:34:55,26377,10873,175
2026-06-09 23:34:58,26380,10874,39.3
2026-06-09 23:35:00,26382,10875,45.8
2026-06-09 23:35:02,26384,10876,41.1
2026-06-09 23:35:04,26386,10877,27.1
2026-06-09 23:35:07,26389,10878,41.5
2026-06-09 23:35:09,26391,10879,41.6
2026-06-09 23:35:11,26393,10880,119
2026-06-09 23:35:13,26395,10881,148
2026-06-09 23:35:15,26397,10882,34.8
2026-06-09 23:35:18,26400,10883,110
2026-06-09 23:35:20,26402,10884,114
2026-06-09 23:35:22,26404,10885,19.0
2026-06-09 23:35:24,26406,10886,24.5
2026-06-09 23:35:27,26409,10887,21.3
2026-06-09 23:35:29,26411,10888,32.7
2026-06-09 23:35:31,26413,10889,44.2
2026-06-09 23:35:33,26415,10890,34.3
2026-06-09 23:35:35,26417,10891,113
2026-06-09 23:35:38,26420,10892,39.0
2026-06-09 23:35:40,26422,10893,25.3
2026-06-09 23:35:42,26424,10894,107
2026-06-09 23:35:44,26426,10895,26.4
2026-06-09 23:35:46,26428,10896,40.7
2026-06-09 23:35:48,26430,10897,39.6
2026-06-09 23:35:51,26433,10898,33.8
2026-06-09 23:35:53,26435,10899,80.3
2026-06-09 23:35:55,26437,10900,50.4
2026-06-09 23:35:57,26439,10901,95.5
2026-06-09 23:35:59,26441,10902,31.3
2026-06-09 23:36:02,26444,10903,27.2
2026-06-09 23:36:04,26446,10904,35.9
2026-06-09 23:36:06,26448,10905,38.0
2026-06-09 23:36:08,26450,10906,23.6
2026-06-09 23:36:10,26452,10907,235
2026-06-09 23:36:13,26455,10908,46.0
2026-06-09 23:36:15,26457,10909,41.9
2026-06-09 23:36:17,26459,10910,26.7
2026-06-09 23:36:19,26461,10911,63.4
2026-06-09 23:36:21,26463,10912,86.0
2026-06-09 23:36:23,26465,10913,52.9
2026-06-09 23:36:26,26468,10914,34.1
2026-06-09 23:36:28,26470,10915,52.3
2026-06-09 23:36:30,26472,10916,35.5
2026-06-09 23:36:32,26474,10917,34.1
2026-06-09 23:36:34,26476,10918,105
2026-06-09 23:36:36,26478,10919,22.5
2026-06-09 23:36:39,26481,10920,27.1
2026-06-09 23:36:41,26483,10921,45.7
2026-06-09 23:36:43,26485,10922,27.4
2026-06-09 23:36:45,26487,10923,53.8
2026-06-09 23:36:47,26489,10924,31.8
2026-06-09 23:36:49,26491,10925,72.9
2026-06-09 23:36:51,26493,10926,42.2
2026-06-09 23:36:54,26496,10927,27.7
2026-06-09 23:36:56,26498,10928,40.4
2026-06-09 23:36:58,26500,10929,132
2026-06-09 23:37:00,26502,10930,61.3
2026-06-09 23:37:02,26504,10931,26.6
2026-06-09 23:37:04,26506,10932,29.7
2026-06-09 23:37:06,26508,10933,47.5
2026-06-09 23:37:09,26511,10934,99.2
2026-06-09 23:37:11,26513,10935,148
2026-06-09 23:37:13,26515,10936,43.8
2026-06-09 23:37:15,26517,10937,49.1
2026-06-09 23:37:17,26519,10938,25.6
2026-06-09 23:37:20,26522,10939,32.6
2026-06-09 23:37:22,26524,10940,101
2026-06-09 23:37:24,26526,10941,52.5
2026-06-09 23:37:26,26528,10942,68.3
2026-06-09 23:37:28,26530,10943,112
2026-06-09 23:37:31,26533,10944,121
2026-06-09 23:37:33,26535,10945,39.4
2026-06-09 23:37:35,26537,10946,76.0
2026-06-09 23:37:37,26539,10947,37.6
2026-06-09 23:37:39,26541,10948,23.8
2026-06-09 23:37:41,26543,10949,28.2
2026-06-09 23:37:44,26546,10950,29.0
2026-06-09 23:37:46,26548,10951,68.4
2026-06-09 23:37:48,26550,10952,47.0
2026-06-09 23:37:50,26552,10953,105
2026-06-09 23:37:53,26555,10954,58.7
2026-06-09 23:37:55,26557,10955,36.7
2026-06-09 23:37:57,26559,10956,31.6
2026-06-09 23:37:59,26561,10957,79.1
2026-06-09 23:38:01,26563,10958,97.5
2026-06-09 23:38:04,26566,10959,35.4
2026-06-09 23:38:06,26568,10960,36.3
2026-06-09 23:38:08,26570,10961,23.9
2026-06-09 23:38:10,26572,10962,27.3
2026-06-09 23:38:12,26574,10963,20.8
2026-06-09 23:38:14,26576,10964,33.1
2026-06-09 23:38:16,26578,10965,15.5
2026-06-09 23:38:18,26580,10966,23.9
2026-06-09 23:38:20,26582,10967,35.9
2026-06-09 23:38:22,26584,10968,31.7
2026-06-09 23:38:24,26586,10969,26.4
2026-06-09 23:38:26,26588,10970,17.3
2026-06-09 23:38:29,26591,10971,45.8
2026-06-09 23:38:31,26593,10972,34.0
2026-06-09 23:38:33,26595,10973,91.5
2026-06-09 23:38:35,26597,10974,109
2026-06-09 23:38:37,26599,10975,19.0
2026-06-09 23:38:39,26601,10976,186
2026-06-09 23:38:41,26603,10977,22.6
2026-06-09 23:38:43,26605,10978,32.7
2026-06-09 23:38:46,26608,10979,49.1
2026-06-09 23:38:48,26610,10980,38.3
2026-06-09 23:38:50,26612,10981,90.9
2026-06-09 23:38:52,26614,10982,21.4
2026-06-09 23:38:54,26616,10983,24.6
2026-06-09 23:38:56,26618,10984,53.4
2026-06-09 23:38:58,26620,10985,21.1
2026-06-09 23:39:00,26622,10986,24.6
2026-06-09 23:39:02,26624,10987,25.7
2026-06-09 23:39:04,26626,10988,39.1
2026-06-09 23:39:06,26628,10989,22.9
2026-06-09 23:39:08,26630,10990,34.2
2026-06-09 23:39:10,26632,10991,21.0
2026-06-09 23:39:12,26634,10992,47.1
2026-06-09 23:39:14,26636,10993,17.1
2026-06-09 23:39:16,26638,10994,38.9
2026-06-09 23:39:18,26640,10995,19.7
2026-06-09 23:39:20,26642,10996,25.6
2026-06-09 23:39:22,26644,10997,181
2026-06-09 23:39:24,26646,10998,36.3
2026-06-09 23:39:27,26649,10999,38.8
2026-06-09 23:39:29,26651,11000,34.4
2026-06-09 23:39:31,26653,11001,35.5
2026-06-09 23:39:33,26655,11002,37.6
2026-06-09 23:39:35,26657,11003,36.0
2026-06-09 23:39:37,26659,11004,26.7
2026-06-09 23:39:39,26661,11005,42.5
2026-06-09 23:39:41,26663,11006,44.2
2026-06-09 23:39:43,26665,11007,30.7
2026-06-09 23:39:45,26667,11008,149
2026-06-09 23:39:47,26669,11009,46.1
2026-06-09 23:39:49,26671,11010,17.9
2026-06-09 23:39:51,26673,11011,31.9
2026-06-09 23:39:53,26675,11012,39.8
2026-06-09 23:39:55,26677,11013,51.2
2026-06-09 23:39:57,26679,11014,30.1
2026-06-09 23:39:59,26681,11015,31.0
2026-06-09 23:40:01,26683,11016,25.6
2026-06-09 23:40:03,26685,11017,47.0
2026-06-09 23:40:05,26687,11018,33.5
2026-06-09 23:40:07,26689,11019,29.6
2026-06-09 23:40:09,26691,11020,33.6
2026-06-09 23:40:11,26693,11021,210
2026-06-09 23:40:13,26695,11022,33.3
2026-06-09 23:40:15,26697,11023,29.7
2026-06-09 23:40:17,26699,11024,32.5
2026-06-09 23:40:19,26701,11025,39.6
2026-06-09 23:40:21,26703,11026,39.1
2026-06-09 23:40:23,26705,11027,32.8
2026-06-09 23:40:25,26707,11028,24.1
2026-06-09 23:40:27,26709,11029,24.5
2026-06-09 23:40:29,26711,11030,31.3
2026-06-09 23:40:31,26713,11031,22.3
2026-06-09 23:40:33,26715,11032,43.9
2026-06-09 23:40:35,26717,11033,50.7
2026-06-09 23:40:37,26719,11034,19.0
2026-06-09 23:40:40,26722,11035,29.4
2026-06-09 23:40:41,26723,11036,49.2
2026-06-09 23:40:44,26726,11037,30.6
2026-06-09 23:40:46,26728,11038,28.6
2026-06-09 23:40:48,26730,11039,33.0
2026-06-09 23:40:49,26731,11040,25.6
2026-06-09 23:40:52,26734,11041,176
2026-06-09 23:40:54,26736,11042,74.4
2026-06-09 23:40:56,26738,11043,33.0
2026-06-09 23:40:58,26740,11044,32.4
2026-06-09 23:41:00,26742,11045,33.1
2026-06-09 23:41:02,26744,11046,186
2026-06-09 23:41:04,26746,11047,31.5
2026-06-09 23:41:06,26748,11048,29.2
2026-06-09 23:41:08,26750,11049,32.7
2026-06-09 23:41:10,26752,11050,38.0
2026-06-09 23:41:12,26754,11051,39.5
2026-06-09 23:41:14,26756,11052,45.0
2026-06-09 23:41:16,26758,11053,47.1
2026-06-09 23:41:18,26760,11054,33.2
2026-06-09 23:41:20,26762,11055,30.1
2026-06-09 23:41:22,26764,11056,35.0
2026-06-09 23:41:24,26766,11057,22.0
2026-06-09 23:41:26,26768,11058,25.4
2026-06-09 23:41:28,26770,11059,48.7
2026-06-09 23:41:30,26772,11060,39.9
2026-06-09 23:41:32,26774,11061,35.5
2026-06-09 23:41:34,26776,11062,41.8
2026-06-09 23:41:36,26778,11063,27.9
2026-06-09 23:41:38,26780,11064,38.5
2026-06-09 23:41:40,26782,11065,209
2026-06-09 23:41:42,26784,11066,93.2
2026-06-09 23:41:44,26786,11067,28.4
2026-06-09 23:41:46,26788,11068,34.6
2026-06-09 23:41:48,26790,11069,28.4
2026-06-09 23:41:51,26793,11070,33.0
2026-06-09 23:41:53,26795,11071,25.9
2026-06-09 23:41:55,26797,11072,36.4
2026-06-09 23:41:57,26799,11073,37.1
2026-06-09 23:41:59,26801,11074,30.7
2026-06-09 23:42:01,26803,11075,43.1
2026-06-09 23:42:03,26805,11076,28.1
2026-06-09 23:42:05,26807,11077,41.7
2026-06-09 23:42:07,26809,11078,22.6
2026-06-09 23:42:09,26811,11079,26.0
2026-06-09 23:42:11,26813,11080,48.2
2026-06-09 23:42:13,26815,11081,38.0
2026-06-09 23:42:15,26817,11082,35.6
2026-06-09 23:42:17,26819,11083,19.3
2026-06-09 23:42:19,26821,11084,39.6
2026-06-09 23:42:21,26823,11085,32.3
2026-06-09 23:42:23,26825,11086,47.3
2026-06-09 23:42:25,26827,11087,23.7
2026-06-09 23:42:27,26829,11088,164
2026-06-09 23:42:29,26831,11089,35.1
2026-06-09 23:42:31,26833,11090,48.9
2026-06-09 23:42:33,26835,11091,129
2026-06-09 23:42:36,26838,11092,43.7
2026-06-09 23:42:38,26839,11093,81.3
2026-06-09 23:42:40,26842,11094,50.3
2026-06-09 23:42:42,26844,11095,52.1
2026-06-09 23:42:44,26846,11096,20.1
2026-06-09 23:42:46,26848,11097,33.9
2026-06-09 23:42:48,26850,11098,31.1
2026-06-09 23:42:50,26852,11099,24.2
2026-06-09 23:42:52,26854,11100,14.5
2026-06-09 23:42:54,26856,11101,36.9
2026-06-09 23:42:56,26858,11102,40.3
2026-06-09 23:42:58,26860,11103,42.3
2026-06-09 23:43:00,26862,11104,16.6
2026-06-09 23:43:02,26864,11105,22.4
2026-06-09 23:43:04,26866,11106,37.6
2026-06-09 23:43:06,26868,11107,24.3
2026-06-09 23:43:08,26870,11108,51.3
2026-06-09 23:43:11,26873,11109,52.2
2026-06-09 23:43:14,26876,11110,76.8
2026-06-09 23:43:16,26878,11111,60.6
2026-06-09 23:43:18,26880,11112,105
2026-06-09 23:43:20,26882,11113,34.7
2026-06-09 23:43:22,26884,11114,29.6
2026-06-09 23:43:24,26886,11115,23.6
2026-06-09 23:43:26,26888,11116,29.7
2026-06-09 23:43:28,26890,11117,23.2
2026-06-09 23:43:30,26892,11118,28.6
2026-06-09 23:43:32,26894,11119,27.6
2026-06-09 23:43:34,26896,11120,26.7
2026-06-09 23:43:36,26898,11121,39.1
2026-06-09 23:43:38,26900,11122,27.6
2026-06-09 23:43:40,26902,11123,23.3
2026-06-09 23:43:42,26904,11124,42.1
2026-06-09 23:43:44,26906,11125,19.7
2026-06-09 23:43:46,26908,11126,27.7
2026-06-09 23:43:49,26910,11127,35.1
2026-06-09 23:43:51,26913,11128,25.5
2026-06-09 23:43:53,26915,11129,25.7
2026-06-09 23:43:55,26917,11130,17.6
2026-06-09 23:43:57,26919,11131,14.8
2026-06-09 23:43:59,26921,11132,177
2026-06-09 23:44:01,26923,11133,13.7
2026-06-09 23:44:03,26925,11134,12.9
2026-06-09 23:44:05,26927,11135,33.1
2026-06-09 23:44:07,26929,11136,22.3
2026-06-09 23:44:09,26931,11137,23.8
2026-06-09 23:44:12,26934,11138,29.4
2026-06-09 23:44:14,26936,11139,22.6
2026-06-09 23:44:16,26938,11140,14.0
2026-06-09 23:44:18,26940,11141,12.9
2026-06-09 23:44:20,26942,11142,33.6
2026-06-09 23:44:22,26944,11143,24.3
2026-06-09 23:44:24,26946,11144,48.5
2026-06-09 23:44:26,26948,11145,14.8
2026-06-09 23:44:28,26950,11146,34.5
2026-06-09 23:44:30,26952,11147,41.3
2026-06-09 23:44:32,26954,11148,31.4
2026-06-09 23:44:34,26956,11149,27.6
2026-06-09 23:44:36,26958,11150,22.1
2026-06-09 23:44:38,26960,11151,22.6
2026-06-09 23:44:40,26962,11152,35.6
2026-06-09 23:44:42,26964,11153,36.3
2026-06-09 23:44:44,26966,11154,122
2026-06-09 23:44:46,26968,11155,21.9
2026-06-09 23:44:49,26971,11156,31.6
2026-06-09 23:44:51,26973,11157,39.5
2026-06-09 23:44:53,26975,11158,30.5
2026-06-09 23:44:55,26977,11159,162
2026-06-09 23:44:57,26979,11160,33.6
2026-06-09 23:44:59,26981,11161,31.6
2026-06-09 23:45:01,26983,11162,48.4
2026-06-09 23:45:04,26986,11163,52.1
2026-06-09 23:45:06,26988,11164,46.5
2026-06-09 23:45:08,26990,11165,45.3
2026-06-09 23:45:10,26992,11166,47.1
2026-06-09 23:45:12,26994,11167,39.2
2026-06-09 23:45:14,26996,11168,25.6
2026-06-09 23:45:16,26998,11169,26.4
2026-06-09 23:45:18,27000,11170,31.9
2026-06-09 23:45:20,27002,11171,40.7
2026-06-09 23:45:22,27004,11172,37.5
2026-06-09 23:45:24,27006,11173,39.0
2026-06-09 23:45:26,27008,11174,98.6
2026-06-09 23:45:28,27010,11175,19.9
2026-06-09 23:45:30,27012,11176,88.7
2026-06-09 23:45:32,27014,11177,144
2026-06-09 23:45:34,27016,11178,34.9
2026-06-09 23:45:37,27019,11179,39.2
2026-06-09 23:45:39,27021,11180,39.7
2026-06-09 23:45:41,27023,11181,26.2
2026-06-09 23:45:43,27025,11182,35.7
2026-06-09 23:45:45,27027,11183,20.3
2026-06-09 23:45:47,27029,11184,47.1
2026-06-09 23:45:49,27031,11185,45.5
2026-06-09 23:45:51,27033,11186,23.8
2026-06-09 23:45:53,27035,11187,44.2
2026-06-09 23:45:55,27037,11188,35.2
2026-06-09 23:45:57,27039,11189,38.8
2026-06-09 23:45:59,27041,11190,31.6
2026-06-09 23:46:01,27043,11191,31.7
2026-06-09 23:46:03,27045,11192,27.5
2026-06-09 23:46:05,27047,11193,28.5
2026-06-09 23:46:07,27049,11194,35.3
2026-06-09 23:46:09,27051,11195,34.4
2026-06-09 23:46:11,27053,11196,35.2
2026-06-09 23:46:13,27055,11197,25.9
2026-06-09 23:46:15,27057,11198,32.5
2026-06-09 23:46:17,27059,11199,88.1
2026-06-09 23:46:19,27061,11200,277
2026-06-09 23:46:22,27064,11201,42.9
2026-06-09 23:46:24,27066,11202,40.3
2026-06-09 23:46:26,27068,11203,21.9
2026-06-09 23:46:28,27070,11204,27.0
2026-06-09 23:46:30,27072,11205,54.7
2026-06-09 23:46:32,27074,11206,33.5
2026-06-09 23:46:34,27076,11207,37.7
2026-06-09 23:46:36,27078,11208,34.1
2026-06-09 23:46:38,27080,11209,47.8
2026-06-09 23:46:40,27082,11210,34.6
2026-06-09 23:46:42,27084,11211,28.3
2026-06-09 23:46:44,27086,11212,43.1
2026-06-09 23:46:46,27088,11213,37.5
2026-06-09 23:46:48,27090,11214,39.5
2026-06-09 23:46:50,27092,11215,33.4
2026-06-09 23:46:52,27094,11216,131
2026-06-09 23:46:54,27096,11217,25.6
2026-06-09 23:46:56,27098,11218,33.2
2026-06-09 23:46:58,27100,11219,21.2
2026-06-09 23:47:00,27102,11220,48.8
2026-06-09 23:47:02,27104,11221,122
2026-06-09 23:47:04,27106,11222,39.9
2026-06-09 23:47:06,27108,11223,21.1
2026-06-09 23:47:08,27110,11224,17.6
2026-06-09 23:47:10,27112,11225,210
2026-06-09 23:47:13,27115,11226,30.9
2026-06-09 23:47:15,27117,11227,28.5
2026-06-09 23:47:17,27119,11228,28.0
2026-06-09 23:47:19,27121,11229,23.6
2026-06-09 23:47:21,27123,11230,207
2026-06-09 23:47:24,27126,11231,37.0
2026-06-09 23:47:26,27128,11232,36.0
2026-06-09 23:47:28,27130,11233,31.7
2026-06-09 23:47:30,27132,11234,31.4
2026-06-09 23:47:32,27134,11235,34.6
2026-06-09 23:47:34,27136,11236,58.9
2026-06-09 23:47:36,27138,11237,33.5
2026-06-09 23:47:38,27140,11238,33.6
2026-06-09 23:47:40,27142,11239,40.1
2026-06-09 23:47:42,27144,11240,24.7
2026-06-09 23:47:44,27146,11241,30.6
2026-06-09 23:47:46,27148,11242,40.0
2026-06-09 23:47:48,27150,11243,45.1
2026-06-09 23:47:50,27152,11244,37.8
2026-06-09 23:47:52,27154,11245,30.2
2026-06-09 23:47:54,27156,11246,197
2026-06-09 23:47:56,27158,11247,82.1
2026-06-09 23:47:58,27160,11248,29.8
2026-06-09 23:48:00,27162,11249,31.3
2026-06-09 23:48:02,27164,11250,26.3
2026-06-09 23:48:04,27166,11251,16.7
2026-06-09 23:48:06,27168,11252,27.0
2026-06-09 23:48:08,27170,11253,15.1
2026-06-09 23:48:10,27172,11254,45.5
2026-06-09 23:48:12,27174,11255,48.4
2026-06-09 23:48:14,27176,11256,39.1
2026-06-09 23:48:16,27178,11257,25.9
2026-06-09 23:48:18,27180,11258,32.5
2026-06-09 23:48:20,27182,11259,27.2
2026-06-09 23:48:22,27184,11260,26.8
2026-06-09 23:48:25,27186,11261,28.1
2026-06-09 23:48:26,27188,11262,38.9
2026-06-09 23:48:28,27190,11263,30.7
2026-06-09 23:48:30,27192,11264,116
2026-06-09 23:48:33,27195,11265,61.7
2026-06-09 23:48:35,27197,11266,50.9
2026-06-09 23:48:37,27199,11267,47.0
2026-06-09 23:48:39,27201,11268,19.7
2026-06-09 23:48:41,27203,11269,111
2026-06-09 23:48:43,27205,11270,44.5
2026-06-09 23:48:45,27207,11271,37.1
2026-06-09 23:48:47,27209,11272,27.9
2026-06-09 23:48:49,27211,11273,32.1
2026-06-09 23:48:51,27213,11274,23.1
2026-06-09 23:48:53,27215,11275,30.0
2026-06-09 23:48:55,27217,11276,36.7
2026-06-09 23:48:57,27219,11277,55.1
2026-06-09 23:48:59,27221,11278,57.8
2026-06-09 23:49:01,27223,11279,33.0
2026-06-09 23:49:03,27225,11280,33.4
2026-06-09 23:49:05,27227,11281,23.4
2026-06-09 23:49:07,27229,11282,35.1
2026-06-09 23:49:10,27232,11283,17.8
2026-06-09 23:49:12,27234,11284,24.8
2026-06-09 23:49:14,27236,11285,53.3
2026-06-09 23:49:16,27238,11286,45.7
2026-06-09 23:49:18,27240,11287,27.4
2026-06-09 23:49:20,27242,11288,14.9
2026-06-09 23:49:22,27244,11289,35.0
2026-06-09 23:49:24,27246,11290,20.1
2026-06-09 23:49:26,27248,11291,187
2026-06-09 23:49:28,27250,11292,29.8
2026-06-09 23:49:30,27252,11293,34.0
2026-06-09 23:49:32,27254,11294,33.6
2026-06-09 23:49:34,27256,11295,29.2
2026-06-09 23:49:36,27258,11296,98.9
2026-06-09 23:49:38,27260,11297,28.8
2026-06-09 23:49:40,27262,11298,40.0
2026-06-09 23:49:42,27264,11299,34.8
2026-06-09 23:49:44,27266,11300,24.2
2026-06-09 23:49:46,27268,11301,38.1
2026-06-09 23:49:48,27270,11302,33.8
2026-06-09 23:49:50,27272,11303,34.1
2026-06-09 23:49:52,27274,11304,112
2026-06-09 23:49:54,27276,11305,29.1
2026-06-09 23:49:56,27278,11306,25.4
2026-06-09 23:49:58,27280,11307,27.1
2026-06-09 23:50:00,27282,11308,44.1
2026-06-09 23:50:02,27284,11309,28.3
2026-06-09 23:50:04,27286,11310,682
2026-06-09 23:50:07,27289,11311,70.0
2026-06-09 23:50:09,27291,11312,33.7
2026-06-09 23:50:11,27293,11313,38.8
2026-06-09 23:50:13,27295,11314,27.8
2026-06-09 23:50:15,27297,11315,47.2
2026-06-09 23:50:17,27299,11316,34.4
2026-06-09 23:50:19,27301,11317,38.6
2026-06-09 23:50:21,27303,11318,41.6
2026-06-09 23:50:23,27305,11319,29.8
2026-06-09 23:50:25,27307,11320,24.7
2026-06-09 23:50:27,27309,11321,27.3
2026-06-09 23:50:29,27311,11322,36.3
2026-06-09 23:50:31,27313,11323,45.9
2026-06-09 23:50:33,27315,11324,40.8
2026-06-09 23:50:35,27317,11325,38.9
2026-06-09 23:50:37,27319,11326,23.9
2026-06-09 23:50:39,27321,11327,30.3
2026-06-09 23:50:41,27323,11328,208
2026-06-09 23:50:43,27325,11329,30.7
2026-06-09 23:50:45,27327,11330,29.5
2026-06-09 23:50:47,27329,11331,31.0
2026-06-09 23:50:49,27331,11332,31.2
2026-06-09 23:50:51,27333,11333,30.5
2026-06-09 23:50:53,27335,11334,21.2
2026-06-09 23:50:55,27337,11335,33.2
2026-06-09 23:50:57,27339,11336,211
2026-06-09 23:50:59,27341,11337,239
2026-06-09 23:51:02,27344,11338,183
2026-06-09 23:51:04,27346,11339,29.8
2026-06-09 23:51:06,27348,11340,44.4
2026-06-09 23:51:08,27350,11341,20.2
2026-06-09 23:51:10,27352,11342,24.5
2026-06-09 23:51:12,27354,11343,164
2026-06-09 23:51:14,27356,11344,31.6
2026-06-09 23:51:16,27358,11345,19.7
2026-06-09 23:51:18,27360,11346,24.6
2026-06-09 23:51:20,27362,11347,27.3
2026-06-09 23:51:22,27364,11348,32.1
2026-06-09 23:51:24,27366,11349,29.9
2026-06-09 23:51:26,27368,11350,29.0
2026-06-09 23:51:28,27370,11351,35.9
2026-06-09 23:51:30,27372,11352,26.1
2026-06-09 23:51:32,27374,11353,27.6
2026-06-09 23:51:34,27376,11354,29.3
2026-06-09 23:51:36,27378,11355,32.4
2026-06-09 23:51:38,27380,11356,36.6
2026-06-09 23:51:40,27382,11357,34.8
2026-06-09 23:51:42,27384,11358,30.2
2026-06-09 23:51:44,27386,11359,27.9
2026-06-09 23:51:46,27388,11360,25.7
2026-06-09 23:51:48,27390,11361,204
2026-06-09 23:51:50,27392,11362,22.2
2026-06-09 23:51:52,27394,11363,202
2026-06-09 23:51:54,27396,11364,46.4
2026-06-09 23:51:56,27398,11365,42.2
2026-06-09 23:51:58,27400,11366,118
2026-06-09 23:52:01,27403,11367,27.2
2026-06-09 23:52:03,27405,11368,35.8
2026-06-09 23:52:05,27407,11369,23.8
2026-06-09 23:52:07,27409,11370,40.0
2026-06-09 23:52:09,27411,11371,32.0
2026-06-09 23:52:11,27413,11372,26.4
2026-06-09 23:52:13,27415,11373,34.3
2026-06-09 23:52:15,27417,11374,16.9
2026-06-09 23:52:17,27419,11375,34.3
2026-06-09 23:52:19,27421,11376,27.1
2026-06-09 23:52:21,27423,11377,44.1
2026-06-09 23:52:23,27425,11378,25.0
2026-06-09 23:52:25,27427,11379,35.5
2026-06-09 23:52:27,27429,11380,25.1
2026-06-09 23:52:29,27431,11381,26.8
2026-06-09 23:52:32,27433,11382,102
2026-06-09 23:52:34,27436,11383,206
2026-06-09 23:52:37,27439,11384,278
2026-06-09 23:52:39,27441,11385,167
2026-06-09 23:52:42,27444,11386,66.3
2026-06-09 23:52:44,27446,11387,145
2026-06-09 23:52:47,27449,11388,38.0
2026-06-09 23:52:49,27451,11389,39.2
2026-06-09 23:52:51,27453,11390,99.3
2026-06-09 23:52:54,27456,11391,58.6
2026-06-09 23:52:56,27458,11392,42.8
2026-06-09 23:52:58,27460,11393,41.7
2026-06-09 23:53:00,27462,11394,26.7
2026-06-09 23:53:02,27464,11395,38.8
2026-06-09 23:53:04,27466,11396,28.6
2026-06-09 23:53:06,27468,11397,26.8
2026-06-09 23:53:08,27470,11398,19.2
2026-06-09 23:53:10,27472,11399,29.5
2026-06-09 23:53:12,27474,11400,20.7
2026-06-09 23:53:14,27476,11401,39.5
2026-06-09 23:53:16,27478,11402,34.1
2026-06-09 23:53:18,27480,11403,45.6
2026-06-09 23:53:20,27482,11404,36.9
2026-06-09 23:53:22,27484,11405,35.6
2026-06-09 23:53:24,27486,11406,26.8
2026-06-09 23:53:26,27488,11407,36.1
2026-06-09 23:53:28,27490,11408,30.2
2026-06-09 23:53:30,27492,11409,45.4
2026-06-09 23:53:32,27494,11410,23.4
2026-06-09 23:53:34,27496,11411,25.1
2026-06-09 23:53:36,27498,11412,54.4
2026-06-09 23:53:38,27500,11413,111
2026-06-09 23:53:41,27503,11414,59.7
2026-06-09 23:53:43,27505,11415,25.6
2026-06-09 23:53:45,27507,11416,42.9
2026-06-09 23:53:47,27509,11417,34.4
2026-06-09 23:53:49,27511,11418,33.1
2026-06-09 23:53:51,27513,11419,245
2026-06-09 23:53:53,27515,11420,26.9
2026-06-09 23:53:55,27517,11421,33.2
2026-06-09 23:53:57,27518,11422,30.7
2026-06-09 23:53:58,27520,11423,232
2026-06-09 23:54:01,27523,11424,50.6
2026-06-09 23:54:02,27524,11425,33.0
2026-06-09 23:54:04,27526,11426,23.6
2026-06-09 23:54:06,27528,11427,29.0
2026-06-09 23:54:08,27530,11428,35.7
2026-06-09 23:54:10,27532,11429,25.3
2026-06-09 23:54:13,27535,11430,37.7
2026-06-09 23:54:15,27536,11431,21.7
2026-06-09 23:54:17,27539,11432,27.2
2026-06-09 23:54:19,27541,11433,33.1
2026-06-09 23:54:21,27543,11434,32.7
2026-06-09 23:54:23,27545,11435,216
2026-06-09 23:54:25,27547,11436,27.6
2026-06-09 23:54:27,27549,11437,28.9
2026-06-09 23:54:29,27551,11438,22.1
2026-06-09 23:54:31,27553,11439,28.8
2026-06-09 23:54:33,27555,11440,20.9
2026-06-09 23:54:36,27558,11441,38.6
2026-06-09 23:54:38,27560,11442,33.3
2026-06-09 23:54:40,27562,11443,22.3
2026-06-09 23:54:42,27564,11444,36.4
2026-06-09 23:54:44,27566,11445,30.4
2026-06-09 23:54:46,27568,11446,28.9
2026-06-09 23:54:48,27570,11447,27.4
2026-06-09 23:54:50,27572,11448,40.3
2026-06-09 23:54:52,27574,11449,39.2
2026-06-09 23:54:54,27576,11450,59.0
2026-06-09 23:54:56,27578,11451,43.7
2026-06-09 23:54:58,27580,11452,43.4
2026-06-09 23:55:00,27582,11453,177
2026-06-09 23:55:02,27584,11454,189
2026-06-09 23:55:05,27587,11455,65.8
2026-06-09 23:55:07,27589,11456,195
2026-06-09 23:55:10,27592,11457,112
2026-06-09 23:55:12,27594,11458,186
2026-06-09 23:55:15,27597,11459,118
2026-06-09 23:55:17,27599,11460,280
2026-06-09 23:55:19,27601,11461,64.7
2026-06-09 23:55:22,27604,11462,151
2026-06-09 23:55:24,27606,11463,217
2026-06-09 23:55:27,27609,11464,140
2026-06-09 23:55:29,27611,11465,122
2026-06-09 23:55:31,27613,11466,30.6
2026-06-09 23:55:33,27615,11467,42.9
2026-06-09 23:55:35,27617,11468,32.4
2026-06-09 23:55:37,27619,11469,50.1
2026-06-09 23:55:39,27621,11470,44.0
2026-06-09 23:55:41,27623,11471,29.8
2026-06-09 23:55:43,27625,11472,22.4
2026-06-09 23:55:45,27627,11473,28.8
2026-06-09 23:55:47,27629,11474,14.1
2026-06-09 23:55:49,27631,11475,30.8
2026-06-09 23:55:51,27633,11476,34.5
2026-06-09 23:55:53,27635,11477,41.0
2026-06-09 23:55:55,27637,11478,43.0
2026-06-09 23:55:57,27639,11479,36.8
2026-06-09 23:55:59,27641,11480,23.5
2026-06-09 23:56:01,27643,11481,47.5
2026-06-09 23:56:03,27645,11482,36.2
2026-06-09 23:56:05,27647,11483,62.0
2026-06-09 23:56:07,27649,11484,32.2
2026-06-09 23:56:09,27651,11485,53.0
2026-06-09 23:56:11,27653,11486,40.8
2026-06-09 23:56:13,27655,11487,35.1
2026-06-09 23:56:15,27657,11488,32.0
2026-06-09 23:56:17,27659,11489,65.3
2026-06-09 23:56:19,27661,11490,187
2026-06-09 23:56:22,27664,11491,48.2
2026-06-09 23:56:24,27666,11492,48.5
2026-06-09 23:56:26,27668,11493,61.1
2026-06-09 23:56:28,27670,11494,37.0
2026-06-09 23:56:30,27672,11495,33.5
2026-06-09 23:56:32,27674,11496,30.6
2026-06-09 23:56:34,27676,11497,28.3
2026-06-09 23:56:36,27678,11498,29.7
2026-06-09 23:56:38,27680,11499,57.7
2026-06-09 23:56:40,27682,11500,38.3
2026-06-09 23:56:42,27684,11501,45.8
2026-06-09 23:56:44,27686,11502,49.7
2026-06-09 23:56:46,27688,11503,45.6
2026-06-09 23:56:48,27690,11504,37.5
2026-06-09 23:56:50,27692,11505,71.6
2026-06-09 23:56:52,27694,11506,74.7
2026-06-09 23:56:54,27696,11507,31.1
2026-06-09 23:56:56,27698,11508,57.0
2026-06-09 23:56:58,27700,11509,68.0
2026-06-09 23:57:00,27702,11510,35.8
2026-06-09 23:57:02,27704,11511,32.2
2026-06-09 23:57:04,27706,11512,12.3
2026-06-09 23:57:06,27708,11513,26.5
2026-06-09 23:57:08,27710,11514,164
2026-06-09 23:57:10,27712,11515,157
2026-06-09 23:57:12,27714,11516,24.8
2026-06-09 23:57:14,27716,11517,43.4
2026-06-09 23:57:16,27718,11518,33.5
2026-06-09 23:57:18,27720,11519,36.0
2026-06-09 23:57:20,27722,11520,228
2026-06-09 23:57:23,27725,11521,28.5
2026-06-09 23:57:25,27727,11522,24.2
2026-06-09 23:57:27,27729,11523,51.1
2026-06-09 23:57:29,27731,11524,30.9
2026-06-09 23:57:31,27733,11525,36.3
2026-06-09 23:57:33,27735,11526,35.2
2026-06-09 23:57:35,27737,11527,21.7
2026-06-09 23:57:37,27739,11528,23.2
2026-06-09 23:57:39,27741,11529,27.9
2026-06-09 23:57:41,27743,11530,57.6
2026-06-09 23:57:43,27745,11531,43.9
2026-06-09 23:57:45,27747,11532,16.3
2026-06-09 23:57:47,27749,11533,38.7
2026-06-09 23:57:49,27751,11534,121
2026-06-09 23:57:51,27753,11535,38.5
2026-06-09 23:57:53,27755,11536,72.6
2026-06-09 23:57:56,27758,11537,197
2026-06-09 23:57:58,27760,11538,27.3
2026-06-09 23:58:00,27762,11539,47.1
2026-06-09 23:58:02,27764,11540,23.7
2026-06-09 23:58:04,27766,11541,29.2
2026-06-09 23:58:06,27768,11542,28.9
2026-06-09 23:58:08,27770,11543,37.8
2026-06-09 23:58:10,27772,11544,24.0
2026-06-09 23:58:12,27774,11545,70.0
2026-06-09 23:58:14,27776,11546,27.9
2026-06-09 23:58:16,27778,11547,33.4
2026-06-09 23:58:18,27780,11548,33.6
2026-06-09 23:58:20,27782,11549,63.5
2026-06-09 23:58:22,27784,11550,34.2
2026-06-09 23:58:24,27786,11551,36.5
2026-06-09 23:58:26,27788,11552,29.9
2026-06-09 23:58:28,27790,11553,18.8
2026-06-09 23:58:30,27792,11554,37.7
2026-06-09 23:58:32,27794,11555,32.3
2026-06-09 23:58:34,27796,11556,17.2
2026-06-09 23:58:36,27798,11557,40.0
2026-06-09 23:58:38,27800,11558,175
2026-06-09 23:58:40,27802,11559,200
2026-06-09 23:58:43,27805,11560,38.2
2026-06-09 23:58:45,27807,11561,48.6
2026-06-09 23:58:47,27809,11562,24.7
2026-06-09 23:58:49,27811,11563,31.3
2026-06-09 23:58:51,27813,11564,23.3
2026-06-09 23:58:53,27815,11565,37.8
2026-06-09 23:58:55,27817,11566,19.1
2026-06-09 23:58:57,27819,11567,27.7
2026-06-09 23:58:59,27821,11568,35.8
2026-06-09 23:59:01,27823,11569,33.2
2026-06-09 23:59:03,27825,11570,34.2
2026-06-09 23:59:05,27827,11571,33.9
2026-06-09 23:59:07,27829,11572,46.8
2026-06-09 23:59:09,27831,11573,38.3
2026-06-09 23:59:11,27833,11574,30.2
2026-06-09 23:59:13,27835,11575,27.2
2026-06-09 23:59:15,27837,11576,36.9
2026-06-09 23:59:17,27839,11577,32.2
2026-06-09 23:59:19,27841,11578,27.4
2026-06-09 23:59:21,27843,11579,38.6
2026-06-09 23:59:23,27845,11580,206
2026-06-09 23:59:25,27847,11581,28.2
2026-06-09 23:59:27,27849,11582,29.0
2026-06-09 23:59:29,27851,11583,45.7
2026-06-09 23:59:31,27853,11584,21.9
2026-06-09 23:59:33,27855,11585,65.5
2026-06-09 23:59:36,27858,11586,29.7
2026-06-09 23:59:38,27860,11587,35.1
2026-06-09 23:59:40,27862,11588,26.9
2026-06-09 23:59:42,27864,11589,37.9
2026-06-09 23:59:44,27866,11590,48.8
2026-06-09 23:59:46,27868,11591,31.2
2026-06-09 23:59:48,27870,11592,38.6
2026-06-09 23:59:50,27872,11593,32.0
2026-06-09 23:59:52,27874,11594,45.9
2026-06-09 23:59:54,27876,11595,40.5
2026-06-09 23:59:56,27878,11596,25.2
2026-06-09 23:59:58,27880,11597,27.7
2026-06-10 00:00:00,27882,11598,18.9
2026-06-10 00:00:02,27884,11599,151
2026-06-10 00:00:04,27886,11600,110
2026-06-10 00:00:06,27888,11601,43.3
2026-06-10 00:00:08,27890,11602,55.9
2026-06-10 00:00:10,27892,11603,28.7
2026-06-10 00:00:12,27894,11604,32.9
2026-06-10 00:00:14,27896,11605,39.7
2026-06-10 00:00:16,27898,11606,32.1
2026-06-10 00:00:18,27900,11607,39.5
2026-06-10 00:00:20,27902,11608,33.6
2026-06-10 00:00:22,27904,11609,41.9
2026-06-10 00:00:24,27906,11610,28.8
2026-06-10 00:00:26,27908,11611,36.9
2026-06-10 00:00:28,27910,11612,31.6
2026-06-10 00:00:30,27912,11613,38.5
2026-06-10 00:00:32,27914,11614,31.9
2026-06-10 00:00:34,27916,11615,38.1
2026-06-10 00:00:36,27918,11616,30.1
2026-06-10 00:00:38,27920,11617,30.9
2026-06-10 00:00:40,27922,11618,36.0
2026-06-10 00:00:42,27924,11619,209
2026-06-10 00:00:44,27926,11620,39.8
2026-06-10 00:00:47,27929,11621,24.5
2026-06-10 00:00:49,27931,11622,24.8
2026-06-10 00:00:51,27933,11623,21.0
2026-06-10 00:00:53,27935,11624,40.8
2026-06-10 00:00:55,27937,11625,22.2
2026-06-10 00:00:57,27939,11626,32.8
2026-06-10 00:00:59,27941,11627,95.8
2026-06-10 00:01:01,27943,11628,32.6
2026-06-10 00:01:03,27945,11629,37.8
2026-06-10 00:01:05,27947,11630,29.2
2026-06-10 00:01:07,27949,11631,39.4
2026-06-10 00:01:09,27951,11632,31.8
2026-06-10 00:01:11,27953,11633,44.5
2026-06-10 00:01:13,27955,11634,40.1
2026-06-10 00:01:15,27957,11635,21.0
2026-06-10 00:01:17,27959,11636,22.1
2026-06-10 00:01:19,27961,11637,29.6
2026-06-10 00:01:21,27963,11638,208
2026-06-10 00:01:23,27965,11639,34.2
2026-06-10 00:01:26,27968,11640,124
2026-06-10 00:01:28,27970,11641,28.0
2026-06-10 00:01:30,27972,11642,24.5
2026-06-10 00:01:32,27974,11643,59.6
2026-06-10 00:01:34,27976,11644,188
2026-06-10 00:01:36,27978,11645,25.9
2026-06-10 00:01:38,27980,11646,26.0
2026-06-10 00:01:40,27982,11647,19.9
2026-06-10 00:01:42,27984,11648,31.1
2026-06-10 00:01:44,27986,11649,178
2026-06-10 00:01:46,27988,11650,28.3
2026-06-10 00:01:48,27990,11651,42.2
2026-06-10 00:01:50,27992,11652,44.8
2026-06-10 00:01:52,27994,11653,45.8
2026-06-10 00:01:54,27996,11654,31.6
2026-06-10 00:01:56,27998,11655,53.0
2026-06-10 00:01:59,28001,11656,144
2026-06-10 00:02:01,28003,11657,143
2026-06-10 00:02:04,28006,11658,75.8
2026-06-10 00:02:06,28008,11659,107
2026-06-10 00:02:09,28011,11660,131
2026-06-10 00:02:11,28013,11661,244
2026-06-10 00:02:14,28016,11662,65.4
2026-06-10 00:02:17,28019,11663,86.3
2026-06-10 00:02:19,28021,11664,258
2026-06-10 00:02:22,28024,11665,198
2026-06-10 00:02:24,28026,11666,30.8
2026-06-10 00:02:26,28028,11667,26.7
2026-06-10 00:02:28,28030,11668,34.4
2026-06-10 00:02:30,28032,11669,40.8
2026-06-10 00:02:32,28034,11670,31.1
2026-06-10 00:02:34,28036,11671,27.3
2026-06-10 00:02:36,28038,11672,28.8
2026-06-10 00:02:38,28040,11673,41.6
2026-06-10 00:02:40,28042,11674,30.8
2026-06-10 00:02:42,28044,11675,16.8
2026-06-10 00:02:44,28046,11676,28.0
2026-06-10 00:02:46,28048,11677,27.5
2026-06-10 00:02:48,28050,11678,25.2
2026-06-10 00:02:50,28052,11679,43.8
2026-06-10 00:02:52,28054,11680,49.1
2026-06-10 00:02:54,28056,11681,39.7
2026-06-10 00:02:56,28058,11682,25.4
2026-06-10 00:02:58,28060,11683,31.6
2026-06-10 00:03:00,28062,11684,42.7
2026-06-10 00:03:02,28064,11685,38.9
2026-06-10 00:03:04,28066,11686,28.6
2026-06-10 00:03:06,28068,11687,32.5
2026-06-10 00:03:08,28070,11688,19.7
2026-06-10 00:03:10,28072,11689,191
2026-06-10 00:03:12,28074,11690,200
2026-06-10 00:03:15,28077,11691,45.1
2026-06-10 00:03:17,28079,11692,32.5
2026-06-10 00:03:19,28081,11693,33.6
2026-06-10 00:03:21,28083,11694,34.5
2026-06-10 00:03:23,28085,11695,45.5
2026-06-10 00:03:25,28087,11696,15.1
2026-06-10 00:03:27,28089,11697,28.4
2026-06-10 00:03:29,28091,11698,41.9
2026-06-10 00:03:31,28093,11699,38.4
2026-06-10 00:03:33,28095,11700,16.6
2026-06-10 00:03:35,28097,11701,33.4
2026-06-10 00:03:37,28099,11702,32.5
2026-06-10 00:03:39,28101,11703,28.2
2026-06-10 00:03:41,28103,11704,14.2
2026-06-10 00:03:43,28105,11705,34.9
2026-06-10 00:03:45,28107,11706,19.7
2026-06-10 00:03:47,28109,11707,47.4
2026-06-10 00:03:49,28111,11708,29.1
2026-06-10 00:03:51,28113,11709,27.1
2026-06-10 00:03:53,28115,11710,22.5
2026-06-10 00:03:55,28117,11711,53.6
2026-06-10 00:03:57,28119,11712,34.4
2026-06-10 00:03:59,28121,11713,145
2026-06-10 00:04:01,28123,11714,25.7
2026-06-10 00:04:04,28126,11715,43.1
2026-06-10 00:04:06,28128,11716,33.4
2026-06-10 00:04:08,28130,11717,42.3
2026-06-10 00:04:10,28132,11718,208
2026-06-10 00:04:12,28134,11719,16.2
2026-06-10 00:04:14,28136,11720,32.4
2026-06-10 00:04:16,28138,11721,16.4
2026-06-10 00:04:18,28140,11722,33.5
2026-06-10 00:04:20,28142,11723,31.9
2026-06-10 00:04:22,28144,11724,29.6
2026-06-10 00:04:25,28147,11725,36.4
2026-06-10 00:04:27,28149,11726,25.1
2026-06-10 00:04:29,28151,11727,20.6
2026-06-10 00:04:31,28153,11728,52.9
2026-06-10 00:04:33,28155,11729,18.4
2026-06-10 00:04:35,28157,11730,60.8
2026-06-10 00:04:37,28159,11731,44.3
2026-06-10 00:04:39,28161,11732,30.9
2026-06-10 00:04:40,28162,11733,49.9
2026-06-10 00:04:43,28165,11734,35.6
2026-06-10 00:04:45,28167,11735,23.9
2026-06-10 00:04:47,28169,11736,39.4
2026-06-10 00:04:49,28171,11737,28.2
2026-06-10 00:04:51,28173,11738,34.5
2026-06-10 00:04:53,28175,11739,32.3
2026-06-10 00:04:55,28177,11740,32.7
2026-06-10 00:04:58,28180,11741,52.9
2026-06-10 00:05:00,28182,11742,133
2026-06-10 00:05:02,28184,11743,54.6
2026-06-10 00:05:04,28186,11744,51.8
2026-06-10 00:05:06,28188,11745,27.9
2026-06-10 00:05:08,28190,11746,69.8
2026-06-10 00:05:11,28193,11747,35.4
2026-06-10 00:05:13,28195,11748,42.1
2026-06-10 00:05:15,28197,11749,109
2026-06-10 00:05:17,28199,11750,23.4
2026-06-10 00:05:19,28201,11751,138
2026-06-10 00:05:22,28204,11752,40.5
2026-06-10 00:05:24,28206,11753,45.8
2026-06-10 00:05:26,28208,11754,38.6
2026-06-10 00:05:28,28210,11755,21.2
2026-06-10 00:05:30,28212,11756,59.5
2026-06-10 00:05:33,28215,11757,26.2
2026-06-10 00:05:35,28217,11758,153
2026-06-10 00:05:37,28219,11759,95.0
2026-06-10 00:05:39,28221,11760,43.3
2026-06-10 00:05:41,28223,11761,61.0
2026-06-10 00:05:43,28225,11762,30.4
2026-06-10 00:05:46,28228,11763,28.7
2026-06-10 00:05:48,28230,11764,112
2026-06-10 00:05:50,28232,11765,50.9
2026-06-10 00:05:52,28234,11766,149
2026-06-10 00:05:54,28236,11767,34.3
2026-06-10 00:05:57,28239,11768,42.3
2026-06-10 00:05:59,28241,11769,45.8
2026-06-10 00:06:01,28243,11770,46.0
2026-06-10 00:06:03,28245,11771,140
2026-06-10 00:06:05,28247,11772,122
2026-06-10 00:06:07,28249,11773,33.5
2026-06-10 00:06:10,28252,11774,24.5
2026-06-10 00:06:12,28254,11775,27.1
2026-06-10 00:06:14,28256,11776,176
2026-06-10 00:06:16,28258,11777,50.5
2026-06-10 00:06:18,28260,11778,72.8
2026-06-10 00:06:21,28263,11779,52.5
2026-06-10 00:06:23,28265,11780,147
2026-06-10 00:06:25,28267,11781,48.4
2026-06-10 00:06:27,28269,11782,66.3
2026-06-10 00:06:29,28271,11783,78.9
2026-06-10 00:06:31,28273,11784,36.5
2026-06-10 00:06:33,28275,11785,49.0
2026-06-10 00:06:36,28278,11786,40.0
2026-06-10 00:06:38,28280,11787,40.7
2026-06-10 00:06:40,28282,11788,37.8
2026-06-10 00:06:42,28284,11789,42.2
2026-06-10 00:06:44,28286,11790,128
2026-06-10 00:06:47,28289,11791,140
2026-06-10 00:06:49,28291,11792,48.2
2026-06-10 00:06:51,28293,11793,72.0
2026-06-10 00:06:53,28295,11794,23.4
2026-06-10 00:06:56,28298,11795,74.6
2026-06-10 00:06:58,28300,11796,49.6
2026-06-10 00:07:00,28302,11797,27.7
2026-06-10 00:07:03,28304,11798,27.2
2026-06-10 00:07:05,28307,11799,341
2026-06-10 00:07:07,28309,11800,152
2026-06-10 00:07:09,28311,11801,27.0
2026-06-10 00:07:11,28313,11802,41.3
2026-06-10 00:07:13,28315,11803,26.8
2026-06-10 00:07:15,28317,11804,23.2
2026-06-10 00:07:17,28319,11805,25.2
2026-06-10 00:07:19,28321,11806,32.7
2026-06-10 00:07:21,28323,11807,25.7
2026-06-10 00:07:23,28325,11808,33.6
2026-06-10 00:07:25,28327,11809,31.9
2026-06-10 00:07:27,28329,11810,23.3
2026-06-10 00:07:30,28332,11811,39.3
2026-06-10 00:07:32,28334,11812,24.1
2026-06-10 00:07:34,28336,11813,30.1
2026-06-10 00:07:36,28338,11814,21.1
2026-06-10 00:07:38,28340,11815,26.9
2026-06-10 00:07:40,28342,11816,15.5
2026-06-10 00:07:42,28344,11817,36.4
2026-06-10 00:07:44,28346,11818,43.5
2026-06-10 00:07:46,28348,11819,44.7
2026-06-10 00:07:48,28350,11820,31.2
2026-06-10 00:07:50,28352,11821,29.8
2026-06-10 00:07:52,28354,11822,28.6
2026-06-10 00:07:54,28356,11823,209
2026-06-10 00:07:56,28358,11824,130
2026-06-10 00:07:58,28360,11825,30.2
2026-06-10 00:08:00,28362,11826,40.9
2026-06-10 00:08:02,28364,11827,30.3
2026-06-10 00:08:04,28366,11828,44.5
2026-06-10 00:08:07,28369,11829,27.9
2026-06-10 00:08:09,28371,11830,37.0
2026-06-10 00:08:11,28373,11831,53.0
2026-06-10 00:08:13,28375,11832,27.2
2026-06-10 00:08:15,28377,11833,31.1
2026-06-10 00:08:17,28379,11834,31.4
2026-06-10 00:08:19,28381,11835,41.9
2026-06-10 00:08:21,28382,11836,37.7
2026-06-10 00:08:23,28385,11837,37.8
2026-06-10 00:08:25,28387,11838,27.1
2026-06-10 00:08:27,28389,11839,27.1
2026-06-10 00:08:29,28391,11840,23.1
2026-06-10 00:08:31,28393,11841,25.3
2026-06-10 00:08:33,28395,11842,27.5
2026-06-10 00:08:35,28397,11843,40.1
2026-06-10 00:08:37,28399,11844,39.0
2026-06-10 00:08:39,28401,11845,27.2
2026-06-10 00:08:41,28403,11846,20.9
2026-06-10 00:08:43,28405,11847,198
2026-06-10 00:08:45,28407,11848,93.8
2026-06-10 00:08:47,28409,11849,33.9
2026-06-10 00:08:49,28411,11850,36.5
2026-06-10 00:08:51,28413,11851,48.2
2026-06-10 00:08:53,28415,11852,103
2026-06-10 00:08:56,28418,11853,36.7
2026-06-10 00:08:58,28420,11854,47.9
2026-06-10 00:09:00,28422,11855,50.5
2026-06-10 00:09:02,28424,11856,33.5
2026-06-10 00:09:04,28426,11857,53.0
2026-06-10 00:09:06,28428,11858,42.8
2026-06-10 00:09:07,28429,11859,37.6
2026-06-10 00:09:09,28431,11860,55.5
2026-06-10 00:09:11,28433,11861,32.5
2026-06-10 00:09:13,28435,11862,41.4
2026-06-10 00:09:15,28437,11863,39.9
2026-06-10 00:09:18,28440,11864,45.5
2026-06-10 00:09:20,28442,11865,23.7
2026-06-10 00:09:22,28444,11866,31.0
2026-06-10 00:09:24,28446,11867,244
2026-06-10 00:09:26,28448,11868,490
2026-06-10 00:09:28,28450,11869,50.4
2026-06-10 00:09:31,28453,11870,36.2
2026-06-10 00:09:33,28455,11871,25.3
2026-06-10 00:09:35,28457,11872,31.1
2026-06-10 00:09:37,28459,11873,33.0
2026-06-10 00:09:39,28461,11874,35.2
2026-06-10 00:09:41,28463,11875,51.2
2026-06-10 00:09:43,28465,11876,32.4
2026-06-10 00:09:45,28467,11877,37.9
2026-06-10 00:09:47,28469,11878,53.2
2026-06-10 00:09:50,28472,11879,38.4
2026-06-10 00:09:52,28474,11880,203
2026-06-10 00:09:54,28476,11881,27.8
2026-06-10 00:09:56,28478,11882,170
2026-06-10 00:09:59,28481,11883,64.7
2026-06-10 00:10:01,28483,11884,29.7
2026-06-10 00:10:03,28485,11885,27.4
2026-06-10 00:10:05,28487,11886,42.6
2026-06-10 00:10:08,28490,11887,55.1
2026-06-10 00:10:10,28492,11888,61.7
2026-06-10 00:10:12,28494,11889,38.4
2026-06-10 00:10:14,28496,11890,127
2026-06-10 00:10:16,28498,11891,132
2026-06-10 00:10:19,28501,11892,31.1
2026-06-10 00:10:21,28503,11893,43.2
2026-06-10 00:10:23,28505,11894,25.3
2026-06-10 00:10:25,28507,11895,34.2
2026-06-10 00:10:28,28510,11896,50.9
2026-06-10 00:10:30,28512,11897,65.0
2026-06-10 00:10:32,28514,11898,50.5
2026-06-10 00:10:34,28516,11899,73.0
2026-06-10 00:10:36,28518,11900,47.3
2026-06-10 00:10:39,28521,11901,40.9
2026-06-10 00:10:41,28523,11902,55.0
2026-06-10 00:10:43,28525,11903,34.1
2026-06-10 00:10:45,28527,11904,41.9
2026-06-10 00:10:48,28530,11905,70.1
2026-06-10 00:10:50,28532,11906,44.5
2026-06-10 00:10:52,28534,11907,162
2026-06-10 00:10:54,28536,11908,45.4
2026-06-10 00:10:57,28539,11909,43.7
2026-06-10 00:10:59,28541,11910,130
2026-06-10 00:11:01,28543,11911,70.5
2026-06-10 00:11:03,28545,11912,130
2026-06-10 00:11:06,28548,11913,43.6
2026-06-10 00:11:08,28550,11914,50.8
2026-06-10 00:11:10,28552,11915,143
2026-06-10 00:11:12,28554,11916,62.8
2026-06-10 00:11:15,28557,11917,32.7
2026-06-10 00:11:17,28559,11918,40.2
2026-06-10 00:11:19,28561,11919,28.0
2026-06-10 00:11:21,28563,11920,46.8
2026-06-10 00:11:24,28566,11921,44.6
2026-06-10 00:11:26,28568,11922,47.5
2026-06-10 00:11:28,28570,11923,75.5
2026-06-10 00:11:30,28572,11924,45.4
2026-06-10 00:11:32,28574,11925,38.6
2026-06-10 00:11:35,28577,11926,126
2026-06-10 00:11:37,28579,11927,47.0
2026-06-10 00:11:39,28581,11928,145
2026-06-10 00:11:41,28583,11929,65.3
2026-06-10 00:11:43,28585,11930,66.1
2026-06-10 00:11:45,28587,11931,118
2026-06-10 00:11:48,28590,11932,57.3
2026-06-10 00:11:50,28592,11933,37.0
2026-06-10 00:11:52,28594,11934,58.5
2026-06-10 00:11:54,28596,11935,23.8
2026-06-10 00:11:56,28598,11936,43.8
2026-06-10 00:11:59,28601,11937,32.7
2026-06-10 00:12:01,28603,11938,47.7
2026-06-10 00:12:03,28605,11939,41.7
2026-06-10 00:12:05,28607,11940,82.6
2026-06-10 00:12:07,28609,11941,43.2
2026-06-10 00:12:09,28611,11942,70.9
2026-06-10 00:12:12,28614,11943,57.7
2026-06-10 00:12:14,28616,11944,44.1
2026-06-10 00:12:16,28618,11945,51.8
2026-06-10 00:12:18,28620,11946,213
2026-06-10 00:12:21,28623,11947,32.4
2026-06-10 00:12:23,28625,11948,65.3
2026-06-10 00:12:25,28627,11949,63.8
2026-06-10 00:12:27,28629,11950,71.3
2026-06-10 00:12:29,28631,11951,57.5
2026-06-10 00:12:31,28633,11952,49.0
2026-06-10 00:12:34,28636,11953,63.3
2026-06-10 00:12:36,28638,11954,89.6
2026-06-10 00:12:38,28640,11955,206
2026-06-10 00:12:40,28642,11956,101
2026-06-10 00:12:43,28645,11957,55.1
2026-06-10 00:12:45,28647,11958,31.3
2026-06-10 00:12:47,28649,11959,41.0
2026-06-10 00:12:49,28651,11960,34.3
2026-06-10 00:12:52,28654,11961,41.1
2026-06-10 00:12:54,28656,11962,58.7
2026-06-10 00:12:56,28658,11963,55.2
2026-06-10 00:12:58,28660,11964,115
2026-06-10 00:13:01,28663,11965,79.8
2026-06-10 00:13:03,28665,11966,49.3
2026-06-10 00:13:05,28667,11967,89.8
2026-06-10 00:13:07,28669,11968,33.3
2026-06-10 00:13:10,28672,11969,23.1
2026-06-10 00:13:12,28674,11970,24.4
2026-06-10 00:13:14,28676,11971,122
2026-06-10 00:13:16,28678,11972,34.8
2026-06-10 00:13:18,28680,11973,39.8
2026-06-10 00:13:21,28683,11974,50.2
2026-06-10 00:13:23,28685,11975,189
2026-06-10 00:13:25,28687,11976,40.6
2026-06-10 00:13:27,28689,11977,76.9
2026-06-10 00:13:30,28692,11978,32.6
2026-06-10 00:13:32,28694,11979,54.6
2026-06-10 00:13:34,28696,11980,46.1
2026-06-10 00:13:36,28698,11981,52.9
2026-06-10 00:13:39,28701,11982,157
2026-06-10 00:13:41,28703,11983,211
2026-06-10 00:13:43,28705,11984,153
2026-06-10 00:13:45,28707,11985,35.4
2026-06-10 00:13:47,28709,11986,122
2026-06-10 00:13:49,28711,11987,21.9
2026-06-10 00:13:51,28713,11988,34.8
2026-06-10 00:13:53,28715,11989,26.8
2026-06-10 00:13:55,28717,11990,25.4
2026-06-10 00:13:57,28719,11991,55.5
2026-06-10 00:13:59,28721,11992,21.3
2026-06-10 00:14:01,28723,11993,25.3
2026-06-10 00:14:03,28725,11994,33.7
2026-06-10 00:14:05,28727,11995,33.4
2026-06-10 00:14:07,28729,11996,44.0
2026-06-10 00:14:09,28731,11997,30.4
2026-06-10 00:14:11,28733,11998,32.6
2026-06-10 00:14:13,28735,11999,24.8
2026-06-10 00:14:15,28737,12000,23.5
2026-06-10 00:14:17,28739,12001,42.3
2026-06-10 00:14:19,28741,12002,40.3
2026-06-10 00:14:21,28743,12003,33.5
2026-06-10 00:14:23,28745,12004,31.8
2026-06-10 00:14:25,28747,12005,40.9
2026-06-10 00:14:27,28749,12006,33.5
2026-06-10 00:14:29,28751,12007,52.6
2026-06-10 00:14:31,28753,12008,34.3
2026-06-10 00:14:33,28755,12009,227
2026-06-10 00:14:35,28757,12010,33.9
2026-06-10 00:14:37,28759,12011,24.4
2026-06-10 00:14:39,28761,12012,43.6
2026-06-10 00:14:41,28763,12013,34.8
2026-06-10 00:14:43,28765,12014,19.9
2026-06-10 00:14:45,28767,12015,33.5
2026-06-10 00:14:47,28769,12016,20.4
2026-06-10 00:14:49,28771,12017,33.9
2026-06-10 00:14:51,28773,12018,31.5
2026-06-10 00:14:53,28775,12019,24.5
2026-06-10 00:14:55,28777,12020,44.1
2026-06-10 00:14:57,28779,12021,41.4
2026-06-10 00:14:59,28781,12022,29.1
2026-06-10 00:15:01,28783,12023,43.1
2026-06-10 00:15:03,28785,12024,32.2
2026-06-10 00:15:05,28787,12025,34.5
2026-06-10 00:15:07,28789,12026,44.8
2026-06-10 00:15:09,28791,12027,44.6
2026-06-10 00:15:11,28793,12028,43.9
2026-06-10 00:15:13,28795,12029,32.0
2026-06-10 00:15:15,28797,12030,25.3
2026-06-10 00:15:17,28799,12031,29.4
2026-06-10 00:15:19,28801,12032,107
2026-06-10 00:15:21,28803,12033,27.9
2026-06-10 00:15:23,28805,12034,31.8
2026-06-10 00:15:25,28807,12035,36.1
2026-06-10 00:15:27,28809,12036,82.1
2026-06-10 00:15:29,28811,12037,26.4
2026-06-10 00:15:31,28813,12038,31.1
2026-06-10 00:15:33,28815,12039,29.4
2026-06-10 00:15:35,28817,12040,14.0
2026-06-10 00:15:37,28819,12041,27.2
2026-06-10 00:15:39,28821,12042,26.6
2026-06-10 00:15:41,28823,12043,33.4
2026-06-10 00:15:43,28825,12044,33.2
2026-06-10 00:15:45,28827,12045,47.5
2026-06-10 00:15:47,28829,12046,16.9
2026-06-10 00:15:49,28831,12047,29.2
2026-06-10 00:15:51,28833,12048,29.3
2026-06-10 00:15:53,28835,12049,39.2
2026-06-10 00:15:55,28837,12050,32.0
2026-06-10 00:15:58,28840,12051,60.9
2026-06-10 00:16:00,28842,12052,44.9
2026-06-10 00:16:02,28844,12053,34.9
2026-06-10 00:16:04,28846,12054,28.8
2026-06-10 00:16:06,28848,12055,51.8
2026-06-10 00:16:08,28850,12056,23.5
2026-06-10 00:16:10,28852,12057,54.3
2026-06-10 00:16:12,28854,12058,37.1
2026-06-10 00:16:14,28856,12059,29.3
2026-06-10 00:16:16,28858,12060,24.8
2026-06-10 00:16:18,28860,12061,25.6
2026-06-10 00:16:20,28862,12062,42.8
2026-06-10 00:16:22,28864,12063,33.0
2026-06-10 00:16:24,28866,12064,32.9
2026-06-10 00:16:26,28868,12065,28.9
2026-06-10 00:16:28,28870,12066,29.7
2026-06-10 00:16:30,28872,12067,51.6
2026-06-10 00:16:32,28874,12068,37.3
2026-06-10 00:16:34,28876,12069,41.7
2026-06-10 00:16:36,28878,12070,28.7
2026-06-10 00:16:38,28880,12071,35.2
2026-06-10 00:16:40,28882,12072,243
2026-06-10 00:16:43,28885,12073,32.2
2026-06-10 00:16:45,28887,12074,26.1
2026-06-10 00:16:47,28889,12075,26.1
2026-06-10 00:16:49,28891,12076,22.5
2026-06-10 00:16:51,28893,12077,34.9
2026-06-10 00:16:53,28895,12078,27.1
2026-06-10 00:16:55,28897,12079,23.6
2026-06-10 00:16:57,28899,12080,33.4
2026-06-10 00:16:59,28901,12081,23.4
2026-06-10 00:17:01,28903,12082,31.1
2026-06-10 00:17:03,28905,12083,44.9
2026-06-10 00:17:05,28907,12084,32.1
2026-06-10 00:17:07,28909,12085,37.8
2026-06-10 00:17:09,28911,12086,163
2026-06-10 00:17:11,28913,12087,29.6
2026-06-10 00:17:13,28915,12088,41.4
2026-06-10 00:17:15,28917,12089,24.9
2026-06-10 00:17:17,28919,12090,38.2
2026-06-10 00:17:19,28921,12091,39.7
2026-06-10 00:17:21,28923,12092,199
2026-06-10 00:17:23,28925,12093,25.1
2026-06-10 00:17:25,28927,12094,27.9
2026-06-10 00:17:27,28929,12095,29.5
2026-06-10 00:17:29,28931,12096,42.0
2026-06-10 00:17:31,28933,12097,20.6
2026-06-10 00:17:34,28936,12098,39.7
2026-06-10 00:17:36,28938,12099,137
2026-06-10 00:17:38,28940,12100,48.9
2026-06-10 00:17:40,28942,12101,40.9
2026-06-10 00:17:42,28944,12102,34.7
2026-06-10 00:17:44,28946,12103,114
2026-06-10 00:17:46,28948,12104,44.8
2026-06-10 00:17:48,28950,12105,47.9
2026-06-10 00:17:50,28952,12106,29.6
2026-06-10 00:17:52,28954,12107,52.3
2026-06-10 00:17:54,28956,12108,23.2
2026-06-10 00:17:56,28958,12109,30.2
2026-06-10 00:17:57,28959,12110,32.4
2026-06-10 00:18:00,28962,12111,62.7
2026-06-10 00:18:02,28964,12112,45.4
2026-06-10 00:18:04,28966,12113,39.1
2026-06-10 00:18:06,28968,12114,29.3
2026-06-10 00:18:08,28970,12115,27.4
2026-06-10 00:18:10,28972,12116,23.8
2026-06-10 00:18:12,28974,12117,39.0
2026-06-10 00:18:14,28976,12118,34.5
2026-06-10 00:18:16,28978,12119,31.0
2026-06-10 00:18:18,28980,12120,23.8
2026-06-10 00:18:20,28982,12121,37.1
2026-06-10 00:18:22,28984,12122,22.4
2026-06-10 00:18:24,28986,12123,27.9
2026-06-10 00:18:26,28988,12124,27.0
2026-06-10 00:18:28,28990,12125,33.6
2026-06-10 00:18:30,28992,12126,25.7
2026-06-10 00:18:32,28994,12127,40.4
2026-06-10 00:18:34,28996,12128,205
2026-06-10 00:18:36,28998,12129,37.1
2026-06-10 00:18:38,29000,12130,34.5
2026-06-10 00:18:40,29002,12131,36.5
2026-06-10 00:18:42,29004,12132,35.0
2026-06-10 00:18:44,29006,12133,83.1
2026-06-10 00:18:47,29009,12134,45.1
2026-06-10 00:18:49,29011,12135,34.0
2026-06-10 00:18:51,29013,12136,35.6
2026-06-10 00:18:53,29015,12137,18.7
2026-06-10 00:18:56,29018,12138,27.7
2026-06-10 00:18:58,29020,12139,39.4
2026-06-10 00:19:00,29022,12140,42.0
2026-06-10 00:19:02,29024,12141,27.5
2026-06-10 00:19:04,29026,12142,31.7
2026-06-10 00:19:06,29028,12143,170
2026-06-10 00:19:08,29030,12144,44.3
2026-06-10 00:19:10,29032,12145,32.3
2026-06-10 00:19:12,29034,12146,24.7
2026-06-10 00:19:14,29036,12147,31.5
2026-06-10 00:19:16,29038,12148,46.2
2026-06-10 00:19:18,29040,12149,23.6
2026-06-10 00:19:20,29042,12150,25.8
2026-06-10 00:19:22,29044,12151,40.3
2026-06-10 00:19:24,29046,12152,32.4
2026-06-10 00:19:26,29048,12153,43.3
2026-06-10 00:19:28,29050,12154,37.1
2026-06-10 00:19:30,29052,12155,25.8
2026-06-10 00:19:32,29054,12156,191
2026-06-10 00:19:34,29056,12157,16.9
2026-06-10 00:19:36,29058,12158,35.4
2026-06-10 00:19:38,29060,12159,13.7
2026-06-10 00:19:40,29062,12160,198
2026-06-10 00:19:42,29064,12161,66.0
2026-06-10 00:19:45,29067,12162,29.6
2026-06-10 00:19:47,29069,12163,31.2
2026-06-10 00:19:49,29071,12164,29.5
2026-06-10 00:19:51,29073,12165,25.5
2026-06-10 00:19:53,29075,12166,38.5
2026-06-10 00:19:55,29077,12167,24.0
2026-06-10 00:19:57,29079,12168,38.2
2026-06-10 00:19:59,29081,12169,45.9
2026-06-10 00:20:01,29083,12170,38.9
2026-06-10 00:20:03,29085,12171,24.3
2026-06-10 00:20:05,29087,12172,31.8
2026-06-10 00:20:07,29089,12173,26.7
2026-06-10 00:20:09,29091,12174,16.3
2026-06-10 00:20:11,29093,12175,102
2026-06-10 00:20:13,29095,12176,59.3
2026-06-10 00:20:15,29097,12177,35.6
2026-06-10 00:20:18,29100,12178,35.9
2026-06-10 00:20:20,29102,12179,32.6
2026-06-10 00:20:22,29104,12180,48.0
2026-06-10 00:20:24,29106,12181,27.6
2026-06-10 00:20:26,29108,12182,31.3
2026-06-10 00:20:28,29110,12183,60.6
2026-06-10 00:20:30,29112,12184,34.2
2026-06-10 00:20:32,29114,12185,38.5
2026-06-10 00:20:34,29116,12186,43.4
2026-06-10 00:20:37,29119,12187,41.4
2026-06-10 00:20:39,29121,12188,27.9
2026-06-10 00:20:41,29123,12189,40.3
2026-06-10 00:20:43,29125,12190,33.7
2026-06-10 00:20:46,29128,12191,144
2026-06-10 00:20:48,29130,12192,32.3
2026-06-10 00:20:50,29132,12193,31.6
2026-06-10 00:20:52,29134,12194,41.2
2026-06-10 00:20:54,29136,12195,16.8
2026-06-10 00:20:57,29139,12196,36.2
2026-06-10 00:20:59,29141,12197,30.2
2026-06-10 00:21:01,29143,12198,82.9
2026-06-10 00:21:03,29145,12199,23.7
2026-06-10 00:21:05,29147,12200,68.0
2026-06-10 00:21:08,29150,12201,29.8
2026-06-10 00:21:10,29152,12202,69.2
2026-06-10 00:21:12,29154,12203,72.8
2026-06-10 00:21:14,29156,12204,69.7
2026-06-10 00:21:16,29158,12205,180
2026-06-10 00:21:19,29161,12206,56.3
2026-06-10 00:21:21,29163,12207,57.8
2026-06-10 00:21:23,29165,12208,117
2026-06-10 00:21:25,29167,12209,118
2026-06-10 00:21:27,29169,12210,73.4
2026-06-10 00:21:29,29171,12211,74.9
2026-06-10 00:21:32,29174,12212,72.9
2026-06-10 00:21:34,29176,12213,86.1
2026-06-10 00:21:36,29178,12214,66.5
2026-06-10 00:21:38,29180,12215,69.9
2026-06-10 00:21:40,29182,12216,30.2
2026-06-10 00:21:42,29184,12217,31.0
2026-06-10 00:21:45,29187,12218,35.4
2026-06-10 00:21:47,29189,12219,40.0
2026-06-10 00:21:49,29191,12220,147
2026-06-10 00:21:51,29193,12221,160
2026-06-10 00:21:53,29195,12222,34.0
2026-06-10 00:21:55,29197,12223,40.5
2026-06-10 00:21:58,29200,12224,65.4
2026-06-10 00:22:00,29202,12225,52.6
2026-06-10 00:22:02,29204,12226,89.1
2026-06-10 00:22:04,29206,12227,20.8
2026-06-10 00:22:06,29208,12228,28.5
2026-06-10 00:22:08,29210,12229,18.9
2026-06-10 00:22:11,29213,12230,137
2026-06-10 00:22:13,29215,12231,118
2026-06-10 00:22:15,29217,12232,51.0
2026-06-10 00:22:17,29219,12233,129
2026-06-10 00:22:19,29221,12234,37.4
2026-06-10 00:22:21,29223,12235,66.8
2026-06-10 00:22:24,29226,12236,28.1
2026-06-10 00:22:26,29228,12237,47.8
2026-06-10 00:22:28,29230,12238,38.3
2026-06-10 00:22:30,29232,12239,34.0
2026-06-10 00:22:32,29234,12240,21.8
2026-06-10 00:22:35,29237,12241,177
2026-06-10 00:22:37,29239,12242,55.2
2026-06-10 00:22:39,29241,12243,182
2026-06-10 00:22:41,29243,12244,49.8
2026-06-10 00:22:43,29245,12245,37.7
2026-06-10 00:22:45,29247,12246,24.5
2026-06-10 00:22:47,29249,12247,47.2
2026-06-10 00:22:49,29251,12248,40.8
2026-06-10 00:22:51,29253,12249,31.0
2026-06-10 00:22:53,29255,12250,89.7
2026-06-10 00:22:55,29257,12251,51.4
2026-06-10 00:22:57,29259,12252,37.4
2026-06-10 00:23:00,29262,12253,43.8
2026-06-10 00:23:02,29264,12254,48.7
2026-06-10 00:23:04,29266,12255,133
2026-06-10 00:23:06,29268,12256,27.6
2026-06-10 00:23:08,29270,12257,151
2026-06-10 00:23:11,29273,12258,44.2
2026-06-10 00:23:13,29275,12259,23.5
2026-06-10 00:23:15,29277,12260,53.6
2026-06-10 00:23:17,29279,12261,32.2
2026-06-10 00:23:19,29281,12262,25.1
2026-06-10 00:23:22,29284,12263,32.9
2026-06-10 00:23:24,29286,12264,46.2
2026-06-10 00:23:26,29288,12265,45.8
2026-06-10 00:23:28,29290,12266,143
2026-06-10 00:23:30,29292,12267,53.7
2026-06-10 00:23:32,29294,12268,68.7
2026-06-10 00:23:34,29296,12269,52.2
2026-06-10 00:23:37,29299,12270,117
2026-06-10 00:23:39,29301,12271,22.7
2026-06-10 00:23:41,29303,12272,56.0
2026-06-10 00:23:43,29305,12273,60.1
2026-06-10 00:23:45,29307,12274,45.0
2026-06-10 00:23:47,29309,12275,122
2026-06-10 00:23:50,29312,12276,32.3
2026-06-10 00:23:52,29314,12277,20.2
2026-06-10 00:23:54,29316,12278,22.5
2026-06-10 00:23:56,29318,12279,45.6
2026-06-10 00:23:58,29320,12280,160
2026-06-10 00:24:00,29322,12281,25.4
2026-06-10 00:24:02,29324,12282,139
2026-06-10 00:24:04,29326,12283,40.3
2026-06-10 00:24:07,29329,12284,143
2026-06-10 00:24:09,29331,12285,42.8
2026-06-10 00:24:11,29333,12286,40.7
2026-06-10 00:24:13,29335,12287,35.7
2026-06-10 00:24:15,29337,12288,36.5
2026-06-10 00:24:17,29339,12289,32.1
2026-06-10 00:24:19,29341,12290,47.3
2026-06-10 00:24:22,29344,12291,25.0
2026-06-10 00:24:24,29346,12292,27.3
2026-06-10 00:24:26,29348,12293,35.4
2026-06-10 00:24:28,29350,12294,28.2
2026-06-10 00:24:30,29352,12295,29.2
2026-06-10 00:24:32,29354,12296,55.0
2026-06-10 00:24:35,29357,12297,65.4
2026-06-10 00:24:37,29359,12298,25.1
2026-06-10 00:24:39,29361,12299,10.7
2026-06-10 00:24:41,29363,12300,18.5
2026-06-10 00:24:43,29365,12301,21.8
2026-06-10 00:24:45,29367,12302,23.7
2026-06-10 00:24:48,29369,12303,28.9
2026-06-10 00:24:50,29372,12304,18.8
2026-06-10 00:24:52,29374,12305,43.1
2026-06-10 00:24:54,29376,12306,156
2026-06-10 00:24:56,29378,12307,47.9
2026-06-10 00:24:58,29380,12308,37.2
2026-06-10 00:25:00,29382,12309,51.6
2026-06-10 00:25:03,29385,12310,20.6
2026-06-10 00:25:05,29387,12311,23.6
2026-06-10 00:25:07,29389,12312,49.3
2026-06-10 00:25:09,29391,12313,50.3
2026-06-10 00:25:11,29393,12314,52.4
2026-06-10 00:25:13,29395,12315,110
2026-06-10 00:25:15,29397,12316,29.3
2026-06-10 00:25:17,29399,12317,47.6
2026-06-10 00:25:20,29402,12318,36.7
2026-06-10 00:25:22,29404,12319,31.1
2026-06-10 00:25:24,29406,12320,162
2026-06-10 00:25:26,29408,12321,36.4
2026-06-10 00:25:28,29410,12322,31.4
2026-06-10 00:25:30,29412,12323,52.5
2026-06-10 00:25:32,29414,12324,35.9
2026-06-10 00:25:34,29416,12325,43.8
2026-06-10 00:25:36,29418,12326,34.5
2026-06-10 00:25:38,29420,12327,28.2
2026-06-10 00:25:40,29422,12328,114
2026-06-10 00:25:43,29425,12329,60.0
2026-06-10 00:25:45,29427,12330,43.7
2026-06-10 00:25:47,29429,12331,68.9
2026-06-10 00:25:49,29431,12332,43.1
2026-06-10 00:25:51,29433,12333,119
2026-06-10 00:25:53,29435,12334,62.0
2026-06-10 00:25:55,29437,12335,163
2026-06-10 00:25:57,29439,12336,182
2026-06-10 00:25:59,29441,12337,36.6
2026-06-10 00:26:01,29443,12338,24.0
2026-06-10 00:26:04,29446,12339,27.1
2026-06-10 00:26:06,29448,12340,15.6
2026-06-10 00:26:08,29450,12341,30.8
2026-06-10 00:26:10,29452,12342,27.3
2026-06-10 00:26:12,29454,12343,50.0
2026-06-10 00:26:14,29456,12344,28.0
2026-06-10 00:26:16,29458,12345,36.4
2026-06-10 00:26:18,29460,12346,24.9
2026-06-10 00:26:20,29462,12347,31.8
2026-06-10 00:26:22,29464,12348,54.0
2026-06-10 00:26:24,29466,12349,26.4
2026-06-10 00:26:26,29468,12350,30.7
2026-06-10 00:26:28,29470,12351,41.2
2026-06-10 00:26:30,29472,12352,66.5
2026-06-10 00:26:32,29474,12353,45.3
2026-06-10 00:26:34,29476,12354,35.9
2026-06-10 00:26:36,29478,12355,47.4
2026-06-10 00:26:38,29480,12356,28.8
2026-06-10 00:26:40,29482,12357,31.4
2026-06-10 00:26:42,29484,12358,182
2026-06-10 00:26:44,29486,12359,76.0
2026-06-10 00:26:47,29489,12360,28.0
2026-06-10 00:26:49,29491,12361,21.0
2026-06-10 00:26:51,29493,12362,54.9
2026-06-10 00:26:53,29495,12363,35.5
2026-06-10 00:26:55,29497,12364,32.0
2026-06-10 00:26:57,29499,12365,37.1
2026-06-10 00:26:59,29501,12366,22.5
2026-06-10 00:27:01,29503,12367,28.1
2026-06-10 00:27:03,29505,12368,141
2026-06-10 00:27:05,29507,12369,24.9
2026-06-10 00:27:07,29509,12370,53.3
2026-06-10 00:27:09,29511,12371,31.1
2026-06-10 00:27:11,29513,12372,14.7
2026-06-10 00:27:13,29515,12373,116
2026-06-10 00:27:15,29517,12374,41.3
2026-06-10 00:27:17,29519,12375,38.9
2026-06-10 00:27:19,29521,12376,36.3
2026-06-10 00:27:21,29523,12377,29.9
2026-06-10 00:27:23,29525,12378,46.4
2026-06-10 00:27:25,29527,12379,31.9
2026-06-10 00:27:27,29529,12380,29.3
2026-06-10 00:27:29,29531,12381,28.9
2026-06-10 00:27:31,29533,12382,48.4
2026-06-10 00:27:33,29535,12383,102
2026-06-10 00:27:35,29537,12384,34.1
2026-06-10 00:27:37,29539,12385,36.0
2026-06-10 00:27:39,29541,12386,38.7
2026-06-10 00:27:41,29543,12387,40.7
2026-06-10 00:27:43,29545,12388,186
2026-06-10 00:27:46,29548,12389,13.9
2026-06-10 00:27:48,29550,12390,39.7
2026-06-10 00:27:50,29552,12391,42.3
2026-06-10 00:27:52,29554,12392,26.5
2026-06-10 00:27:54,29556,12393,208
2026-06-10 00:27:56,29558,12394,60.2
2026-06-10 00:27:58,29560,12395,44.4
2026-06-10 00:28:00,29562,12396,33.7
2026-06-10 00:28:02,29564,12397,61.5
2026-06-10 00:28:04,29566,12398,35.6
2026-06-10 00:28:06,29568,12399,35.1
2026-06-10 00:28:08,29570,12400,19.4
2026-06-10 00:28:10,29572,12401,24.4
2026-06-10 00:28:12,29574,12402,81.7
2026-06-10 00:28:14,29576,12403,116
2026-06-10 00:28:16,29578,12404,88.8
2026-06-10 00:28:18,29580,12405,31.9
2026-06-10 00:28:21,29583,12406,32.8
2026-06-10 00:28:23,29585,12407,47.7
2026-06-10 00:28:25,29587,12408,11.9
2026-06-10 00:28:27,29589,12409,30.0
2026-06-10 00:28:29,29591,12410,100
2026-06-10 00:28:31,29593,12411,310
2026-06-10 00:28:33,29595,12412,94.5
2026-06-10 00:28:35,29597,12413,32.5
2026-06-10 00:28:37,29599,12414,36.6
2026-06-10 00:28:39,29601,12415,32.9
2026-06-10 00:28:41,29603,12416,41.2
2026-06-10 00:28:43,29605,12417,34.3
2026-06-10 00:28:45,29607,12418,37.9
2026-06-10 00:28:47,29609,12419,37.7
2026-06-10 00:28:49,29611,12420,35.4
2026-06-10 00:28:51,29613,12421,18.1
2026-06-10 00:28:53,29615,12422,32.7
2026-06-10 00:28:55,29617,12423,44.5
2026-06-10 00:28:57,29619,12424,29.5
2026-06-10 00:28:59,29621,12425,33.1
2026-06-10 00:29:01,29623,12426,19.7
2026-06-10 00:29:03,29625,12427,31.2
2026-06-10 00:29:05,29627,12428,43.6
2026-06-10 00:29:07,29629,12429,23.4
2026-06-10 00:29:09,29631,12430,26.3
2026-06-10 00:29:11,29633,12431,26.9
2026-06-10 00:29:13,29635,12432,37.8
2026-06-10 00:29:15,29637,12433,32.2
2026-06-10 00:29:17,29639,12434,36.3
2026-06-10 00:29:19,29641,12435,27.8
2026-06-10 00:29:21,29643,12436,80.5
2026-06-10 00:29:23,29645,12437,44.4
2026-06-10 00:29:26,29648,12438,39.6
2026-06-10 00:29:28,29650,12439,38.7
2026-06-10 00:29:30,29652,12440,38.8
2026-06-10 00:29:32,29654,12441,37.7
2026-06-10 00:29:34,29656,12442,39.2
2026-06-10 00:29:36,29658,12443,38.0
2026-06-10 00:29:38,29660,12444,64.2
2026-06-10 00:29:40,29662,12445,58.1
2026-06-10 00:29:42,29664,12446,29.5
2026-06-10 00:29:44,29666,12447,35.1
2026-06-10 00:29:46,29668,12448,38.6
2026-06-10 00:29:48,29670,12449,33.7
2026-06-10 00:29:50,29672,12450,34.2
2026-06-10 00:29:52,29674,12451,39.5
2026-06-10 00:29:54,29676,12452,29.1
2026-06-10 00:29:56,29678,12453,31.5
2026-06-10 00:29:58,29680,12454,27.0
2026-06-10 00:30:00,29682,12455,39.4
2026-06-10 00:30:02,29684,12456,34.2
2026-06-10 00:30:04,29686,12457,48.7
2026-06-10 00:30:06,29688,12458,31.6
2026-06-10 00:30:08,29690,12459,53.7
2026-06-10 00:30:11,29692,12460,25.3
2026-06-10 00:30:13,29695,12461,170
2026-06-10 00:30:15,29697,12462,24.1
2026-06-10 00:30:17,29699,12463,45.1
2026-06-10 00:30:19,29701,12464,232
2026-06-10 00:30:21,29703,12465,21.0
2026-06-10 00:30:23,29705,12466,49.6
2026-06-10 00:30:25,29707,12467,38.6
2026-06-10 00:30:27,29709,12468,34.1
2026-06-10 00:30:29,29711,12469,25.2
2026-06-10 00:30:31,29713,12470,40.9
2026-06-10 00:30:33,29715,12471,45.8
2026-06-10 00:30:35,29717,12472,14.5
2026-06-10 00:30:37,29719,12473,39.4
2026-06-10 00:30:39,29721,12474,36.6
2026-06-10 00:30:41,29723,12475,41.3
2026-06-10 00:30:43,29725,12476,26.8
2026-06-10 00:30:45,29727,12477,29.1
2026-06-10 00:30:47,29729,12478,32.6
2026-06-10 00:30:49,29731,12479,39.0
2026-06-10 00:30:51,29733,12480,38.6
2026-06-10 00:30:53,29735,12481,28.4
2026-06-10 00:30:56,29738,12482,24.0
2026-06-10 00:30:58,29740,12483,34.9
2026-06-10 00:31:00,29742,12484,33.6
2026-06-10 00:31:02,29744,12485,28.7
2026-06-10 00:31:04,29746,12486,165
2026-06-10 00:31:06,29748,12487,27.4
2026-06-10 00:31:08,29750,12488,37.6
2026-06-10 00:31:11,29753,12489,32.1
2026-06-10 00:31:13,29755,12490,169
2026-06-10 00:31:15,29757,12491,105
2026-06-10 00:31:17,29759,12492,158
2026-06-10 00:31:19,29761,12493,32.5
2026-06-10 00:31:21,29763,12494,31.5
2026-06-10 00:31:23,29765,12495,58.7
2026-06-10 00:31:25,29767,12496,37.7
2026-06-10 00:31:27,29769,12497,32.7
2026-06-10 00:31:29,29771,12498,53.1
2026-06-10 00:31:31,29773,12499,46.3
2026-06-10 00:31:33,29775,12500,56.6
2026-06-10 00:31:35,29777,12501,29.2
2026-06-10 00:31:37,29779,12502,31.8
2026-06-10 00:31:39,29781,12503,76.0
2026-06-10 00:31:41,29783,12504,45.4
2026-06-10 00:31:43,29785,12505,20.6
2026-06-10 00:31:45,29787,12506,29.2
2026-06-10 00:31:47,29789,12507,44.8
2026-06-10 00:31:49,29791,12508,48.5
2026-06-10 00:31:51,29793,12509,35.8
2026-06-10 00:31:53,29795,12510,41.4
2026-06-10 00:31:55,29797,12511,27.4
2026-06-10 00:31:57,29799,12512,49.8
2026-06-10 00:31:59,29801,12513,39.6
2026-06-10 00:32:01,29803,12514,36.3
2026-06-10 00:32:03,29805,12515,40.1
2026-06-10 00:32:05,29807,12516,48.8
2026-06-10 00:32:07,29809,12517,41.2
2026-06-10 00:32:09,29811,12518,28.3
2026-06-10 00:32:11,29813,12519,44.0
2026-06-10 00:32:13,29815,12520,30.4
2026-06-10 00:32:15,29817,12521,37.2
2026-06-10 00:32:17,29819,12522,52.5
2026-06-10 00:32:19,29821,12523,30.0
2026-06-10 00:32:21,29823,12524,32.7
2026-06-10 00:32:23,29825,12525,48.0
2026-06-10 00:32:25,29827,12526,31.7
2026-06-10 00:32:27,29829,12527,49.1
2026-06-10 00:32:29,29831,12528,28.8
2026-06-10 00:32:31,29833,12529,41.0
2026-06-10 00:32:33,29835,12530,36.0
2026-06-10 00:32:35,29837,12531,32.9
2026-06-10 00:32:37,29839,12532,51.0
2026-06-10 00:32:39,29841,12533,25.3
2026-06-10 00:32:41,29843,12534,35.0
2026-06-10 00:32:43,29845,12535,37.1
2026-06-10 00:32:45,29847,12536,44.7
2026-06-10 00:32:47,29849,12537,26.9
2026-06-10 00:32:49,29851,12538,30.6
2026-06-10 00:32:51,29853,12539,59.0
2026-06-10 00:32:53,29855,12540,70.0
2026-06-10 00:32:55,29857,12541,51.3
2026-06-10 00:32:57,29859,12542,36.1
2026-06-10 00:32:59,29861,12543,42.8
2026-06-10 00:33:01,29863,12544,35.2
2026-06-10 00:33:03,29865,12545,39.1
2026-06-10 00:33:05,29867,12546,46.5
2026-06-10 00:33:07,29869,12547,32.4
2026-06-10 00:33:09,29871,12548,38.8
2026-06-10 00:33:11,29873,12549,29.0
2026-06-10 00:33:14,29876,12550,29.7
2026-06-10 00:33:16,29878,12551,24.2
2026-06-10 00:33:17,29879,12552,23.2
2026-06-10 00:33:20,29882,12553,28.3
2026-06-10 00:33:21,29883,12554,40.6
2026-06-10 00:33:24,29886,12555,29.7
2026-06-10 00:33:25,29887,12556,47.0
2026-06-10 00:33:27,29889,12557,40.3
2026-06-10 00:33:29,29891,12558,43.9
2026-06-10 00:33:31,29893,12559,32.2
2026-06-10 00:33:33,29895,12560,51.2
2026-06-10 00:33:35,29897,12561,69.4
2026-06-10 00:33:37,29899,12562,33.9
2026-06-10 00:33:39,29901,12563,27.3
2026-06-10 00:33:41,29903,12564,35.9
2026-06-10 00:33:43,29905,12565,184
2026-06-10 00:33:45,29907,12566,115
2026-06-10 00:33:47,29909,12567,21.7
2026-06-10 00:33:50,29912,12568,47.9
2026-06-10 00:33:52,29914,12569,108
2026-06-10 00:33:54,29916,12570,33.5
2026-06-10 00:33:56,29918,12571,331
2026-06-10 00:33:58,29920,12572,39.7
2026-06-10 00:34:00,29922,12573,31.1
2026-06-10 00:34:02,29924,12574,52.3
2026-06-10 00:34:04,29926,12575,41.6
2026-06-10 00:34:06,29928,12576,16.5
2026-06-10 00:34:08,29930,12577,34.8
2026-06-10 00:34:10,29932,12578,38.9
2026-06-10 00:34:12,29934,12579,51.4
2026-06-10 00:34:14,29936,12580,27.6
2026-06-10 00:34:16,29938,12581,38.3
2026-06-10 00:34:18,29940,12582,51.7
2026-06-10 00:34:20,29942,12583,27.0
2026-06-10 00:34:22,29944,12584,34.0
2026-06-10 00:34:24,29946,12585,39.4
2026-06-10 00:34:26,29948,12586,28.9
2026-06-10 00:34:28,29950,12587,37.0
2026-06-10 00:34:30,29952,12588,35.5
2026-06-10 00:34:32,29954,12589,38.3
2026-06-10 00:34:34,29956,12590,36.9
2026-06-10 00:34:36,29958,12591,28.0
2026-06-10 00:34:38,29960,12592,35.5
2026-06-10 00:34:40,29962,12593,24.3
2026-06-10 00:34:42,29964,12594,35.2
2026-06-10 00:34:44,29966,12595,46.5
2026-06-10 00:34:46,29968,12596,46.6
2026-06-10 00:34:48,29970,12597,46.4
2026-06-10 00:34:50,29972,12598,34.7
2026-06-10 00:34:52,29974,12599,33.2
2026-06-10 00:34:54,29976,12600,33.0
2026-06-10 00:34:56,29978,12601,40.6
2026-06-10 00:34:58,29980,12602,42.8
2026-06-10 00:35:00,29982,12603,44.2
2026-06-10 00:35:02,29984,12604,47.4
2026-06-10 00:35:04,29986,12605,41.0
2026-06-10 00:35:06,29988,12606,31.2
2026-06-10 00:35:08,29990,12607,22.4
2026-06-10 00:35:10,29992,12608,32.8
2026-06-10 00:35:12,29994,12609,33.7
2026-06-10 00:35:14,29996,12610,39.0
2026-06-10 00:35:16,29998,12611,27.4
2026-06-10 00:35:18,30000,12612,39.5
2026-06-10 00:35:20,30002,12613,32.2
2026-06-10 00:35:22,30004,12614,34.2
2026-06-10 00:35:24,30006,12615,26.0
2026-06-10 00:35:26,30008,12616,31.0
2026-06-10 00:35:28,30010,12617,38.2
2026-06-10 00:35:30,30012,12618,45.5
2026-06-10 00:35:32,30014,12619,41.9
2026-06-10 00:35:34,30016,12620,27.1
2026-06-10 00:35:36,30018,12621,31.1
2026-06-10 00:35:38,30020,12622,43.0
2026-06-10 00:35:40,30022,12623,29.9
2026-06-10 00:35:42,30024,12624,28.1
2026-06-10 00:35:44,30026,12625,42.1
2026-06-10 00:35:46,30028,12626,26.8
2026-06-10 00:35:48,30030,12627,29.8
2026-06-10 00:35:50,30032,12628,35.5
2026-06-10 00:35:52,30034,12629,36.9
2026-06-10 00:35:54,30036,12630,95.0
2026-06-10 00:35:56,30038,12631,36.0
2026-06-10 00:35:58,30040,12632,24.3
2026-06-10 00:36:00,30042,12633,28.0
2026-06-10 00:36:03,30045,12634,41.5
2026-06-10 00:36:04,30046,12635,39.7
2026-06-10 00:36:06,30048,12636,34.6
2026-06-10 00:36:08,30050,12637,25.6
2026-06-10 00:36:10,30052,12638,30.6
2026-06-10 00:36:13,30055,12639,30.3
2026-06-10 00:36:14,30056,12640,31.8
2026-06-10 00:36:17,30059,12641,38.4
2026-06-10 00:36:19,30061,12642,54.4
2026-06-10 00:36:21,30063,12643,48.6
2026-06-10 00:36:23,30065,12644,40.4
2026-06-10 00:36:25,30067,12645,21.4
2026-06-10 00:36:27,30069,12646,32.7
2026-06-10 00:36:29,30071,12647,36.7
2026-06-10 00:36:31,30073,12648,35.5
2026-06-10 00:36:33,30075,12649,27.2
2026-06-10 00:36:35,30077,12650,58.9
2026-06-10 00:36:37,30079,12651,39.0
2026-06-10 00:36:39,30081,12652,23.4
2026-06-10 00:36:41,30083,12653,39.0
2026-06-10 00:36:43,30085,12654,34.4
2026-06-10 00:36:45,30087,12655,30.0
2026-06-10 00:36:47,30089,12656,36.2
2026-06-10 00:36:50,30092,12657,28.6
2026-06-10 00:36:52,30094,12658,38.1
2026-06-10 00:36:54,30096,12659,32.1
2026-06-10 00:36:56,30098,12660,54.3
2026-06-10 00:36:58,30099,12661,31.2
2026-06-10 00:36:59,30101,12662,37.6
2026-06-10 00:37:02,30104,12663,35.9
2026-06-10 00:37:03,30105,12664,59.7
2026-06-10 00:37:05,30107,12665,35.5
2026-06-10 00:37:08,30110,12666,47.4
2026-06-10 00:37:10,30112,12667,28.1
2026-06-10 00:37:12,30114,12668,37.3
2026-06-10 00:37:14,30116,12669,37.2
2026-06-10 00:37:16,30118,12670,52.2
2026-06-10 00:37:18,30120,12671,35.2
2026-06-10 00:37:20,30122,12672,25.9
2026-06-10 00:37:22,30124,12673,56.2
2026-06-10 00:37:23,30125,12674,25.9
2026-06-10 00:37:25,30127,12675,51.3
2026-06-10 00:37:28,30130,12676,18.9
2026-06-10 00:37:30,30132,12677,139
2026-06-10 00:37:31,30133,12678,30.4
2026-06-10 00:37:33,30135,12679,37.2
2026-06-10 00:37:35,30137,12680,41.8
2026-06-10 00:37:37,30139,12681,39.9
2026-06-10 00:37:39,30141,12682,34.4
2026-06-10 00:37:41,30143,12683,43.8
2026-06-10 00:37:43,30145,12684,37.6
2026-06-10 00:37:45,30147,12685,23.8
2026-06-10 00:37:47,30149,12686,31.3
2026-06-10 00:37:49,30151,12687,26.2
2026-06-10 00:37:52,30154,12688,44.1
2026-06-10 00:37:54,30156,12689,24.6
2026-06-10 00:37:56,30158,12690,34.1
2026-06-10 00:37:58,30160,12691,32.8
2026-06-10 00:38:00,30162,12692,22.1
2026-06-10 00:38:02,30164,12693,38.4
2026-06-10 00:38:04,30166,12694,34.2
2026-06-10 00:38:06,30168,12695,57.7
2026-06-10 00:38:08,30170,12696,25.4
2026-06-10 00:38:10,30172,12697,120
2026-06-10 00:38:12,30174,12698,32.6
2026-06-10 00:38:14,30176,12699,59.4
2026-06-10 00:38:16,30178,12700,33.8
2026-06-10 00:38:18,30180,12701,32.5
2026-06-10 00:38:20,30182,12702,28.1
2026-06-10 00:38:22,30184,12703,36.0
2026-06-10 00:38:24,30186,12704,24.7
2026-06-10 00:38:26,30188,12705,45.6
2026-06-10 00:38:28,30190,12706,25.3
2026-06-10 00:38:30,30192,12707,26.4
2026-06-10 00:38:32,30194,12708,45.5
2026-06-10 00:38:34,30196,12709,28.3
2026-06-10 00:38:36,30198,12710,77.9
2026-06-10 00:38:38,30200,12711,52.2
2026-06-10 00:38:40,30202,12712,27.5
2026-06-10 00:38:42,30204,12713,41.8
2026-06-10 00:38:44,30206,12714,44.1
2026-06-10 00:38:46,30208,12715,108
2026-06-10 00:38:48,30210,12716,44.1
2026-06-10 00:38:50,30212,12717,36.9
2026-06-10 00:38:52,30214,12718,32.3
2026-06-10 00:38:54,30216,12719,30.2
2026-06-10 00:38:56,30218,12720,42.3
2026-06-10 00:38:58,30220,12721,25.7
2026-06-10 00:39:00,30222,12722,41.7
2026-06-10 00:39:02,30224,12723,31.2
2026-06-10 00:39:04,30226,12724,38.8
2026-06-10 00:39:06,30228,12725,27.8
2026-06-10 00:39:08,30230,12726,29.6
2026-06-10 00:39:10,30232,12727,43.2
2026-06-10 00:39:12,30234,12728,30.5
2026-06-10 00:39:14,30236,12729,57.2
2026-06-10 00:39:16,30238,12730,52.2
2026-06-10 00:39:18,30240,12731,31.6
2026-06-10 00:39:20,30242,12732,31.0
2026-06-10 00:39:22,30244,12733,67.7
2026-06-10 00:39:24,30246,12734,36.0
2026-06-10 00:39:26,30248,12735,55.3
2026-06-10 00:39:28,30250,12736,33.3
2026-06-10 00:39:30,30252,12737,32.1
2026-06-10 00:39:32,30254,12738,25.3
2026-06-10 00:39:34,30256,12739,55.2
2026-06-10 00:39:36,30258,12740,51.5
2026-06-10 00:39:38,30260,12741,34.2
2026-06-10 00:39:40,30262,12742,39.1
2026-06-10 00:39:42,30264,12743,220
2026-06-10 00:39:44,30266,12744,23.0
2026-06-10 00:39:46,30268,12745,234
2026-06-10 00:39:48,30270,12746,74.0
2026-06-10 00:39:50,30272,12747,41.7
2026-06-10 00:39:52,30274,12748,25.6
2026-06-10 00:39:54,30276,12749,26.2
2026-06-10 00:39:56,30278,12750,37.0
2026-06-10 00:39:58,30280,12751,43.8
2026-06-10 00:40:00,30281,12752,46.3
2026-06-10 00:40:01,30283,12753,35.7
2026-06-10 00:40:04,30286,12754,26.9
2026-06-10 00:40:06,30288,12755,31.4
2026-06-10 00:40:08,30290,12756,40.6
2026-06-10 00:40:10,30292,12757,42.0
2026-06-10 00:40:12,30294,12758,38.6
2026-06-10 00:40:14,30296,12759,39.2
2026-06-10 00:40:16,30298,12760,77.1
2026-06-10 00:40:18,30300,12761,48.9
2026-06-10 00:40:20,30302,12762,53.1
2026-06-10 00:40:22,30304,12763,29.1
2026-06-10 00:40:24,30306,12764,40.3
2026-06-10 00:40:26,30308,12765,34.8
2026-06-10 00:40:28,30310,12766,47.8
2026-06-10 00:40:30,30312,12767,38.4
2026-06-10 00:40:32,30314,12768,46.0
2026-06-10 00:40:34,30316,12769,31.3
2026-06-10 00:40:36,30318,12770,41.6
2026-06-10 00:40:38,30320,12771,26.1
2026-06-10 00:40:40,30322,12772,29.1
2026-06-10 00:40:42,30324,12773,172
2026-06-10 00:40:44,30326,12774,34.6
2026-06-10 00:40:46,30328,12775,32.0
2026-06-10 00:40:48,30330,12776,40.4
2026-06-10 00:40:50,30332,12777,33.4
2026-06-10 00:40:52,30334,12778,39.2
2026-06-10 00:40:54,30336,12779,25.5
2026-06-10 00:40:56,30338,12780,26.8
2026-06-10 00:40:58,30340,12781,23.5
2026-06-10 00:41:00,30342,12782,28.2
2026-06-10 00:41:02,30344,12783,111
2026-06-10 00:41:04,30346,12784,36.9
2026-06-10 00:41:06,30348,12785,27.1
2026-06-10 00:41:08,30350,12786,32.8
2026-06-10 00:41:10,30352,12787,24.1
2026-06-10 00:41:12,30354,12788,23.2
2026-06-10 00:41:15,30357,12789,24.6
2026-06-10 00:41:17,30359,12790,42.4
2026-06-10 00:41:19,30361,12791,37.0
2026-06-10 00:41:21,30363,12792,36.2
2026-06-10 00:41:23,30365,12793,66.9
2026-06-10 00:41:25,30367,12794,34.6
2026-06-10 00:41:27,30369,12795,30.8
2026-06-10 00:41:29,30371,12796,29.8
2026-06-10 00:41:31,30373,12797,53.5
2026-06-10 00:41:33,30375,12798,24.1
2026-06-10 00:41:35,30377,12799,39.8
2026-06-10 00:41:37,30379,12800,38.7
2026-06-10 00:41:39,30381,12801,20.2
2026-06-10 00:41:41,30383,12802,29.9
2026-06-10 00:41:43,30385,12803,20.2
2026-06-10 00:41:45,30387,12804,22.2
2026-06-10 00:41:47,30389,12805,30.4
2026-06-10 00:41:49,30391,12806,42.4
2026-06-10 00:41:51,30393,12807,36.9
2026-06-10 00:41:53,30395,12808,24.8
2026-06-10 00:41:55,30397,12809,40.9
2026-06-10 00:41:57,30399,12810,43.3
2026-06-10 00:41:59,30401,12811,40.0
2026-06-10 00:42:01,30403,12812,25.5
2026-06-10 00:42:03,30405,12813,35.3
2026-06-10 00:42:05,30407,12814,36.3
2026-06-10 00:42:08,30410,12815,46.3
2026-06-10 00:42:10,30412,12816,37.1
2026-06-10 00:42:11,30413,12817,21.9
2026-06-10 00:42:14,30416,12818,36.2
2026-06-10 00:42:16,30418,12819,46.8
2026-06-10 00:42:18,30420,12820,25.6
2026-06-10 00:42:20,30422,12821,31.4
2026-06-10 00:42:22,30424,12822,35.4
2026-06-10 00:42:24,30426,12823,38.7
2026-06-10 00:42:26,30428,12824,36.8
2026-06-10 00:42:28,30430,12825,33.1
2026-06-10 00:42:30,30432,12826,26.5
2026-06-10 00:42:32,30434,12827,42.9
2026-06-10 00:42:34,30436,12828,30.5
2026-06-10 00:42:36,30438,12829,37.0
2026-06-10 00:42:38,30440,12830,30.1
2026-06-10 00:42:40,30442,12831,44.6
2026-06-10 00:42:42,30444,12832,54.7
2026-06-10 00:42:44,30446,12833,37.1
2026-06-10 00:42:46,30448,12834,27.6
2026-06-10 00:42:48,30450,12835,31.1
2026-06-10 00:42:50,30452,12836,59.9
2026-06-10 00:42:52,30454,12837,63.4
2026-06-10 00:42:54,30456,12838,43.5
2026-06-10 00:42:56,30458,12839,31.0
2026-06-10 00:42:58,30460,12840,42.1
2026-06-10 00:43:00,30462,12841,36.7
2026-06-10 00:43:02,30464,12842,28.9
2026-06-10 00:43:04,30466,12843,42.4
2026-06-10 00:43:06,30468,12844,30.0
2026-06-10 00:43:08,30470,12845,48.8
2026-06-10 00:43:10,30472,12846,33.3
2026-06-10 00:43:12,30474,12847,28.8
2026-06-10 00:43:14,30476,12848,37.6
2026-06-10 00:43:16,30478,12849,27.2
2026-06-10 00:43:18,30480,12850,34.6
2026-06-10 00:43:20,30482,12851,40.8
2026-06-10 00:43:23,30484,12852,34.3
2026-06-10 00:43:24,30486,12853,24.6
2026-06-10 00:43:26,30488,12854,37.6
2026-06-10 00:43:28,30490,12855,47.2
2026-06-10 00:43:30,30492,12856,27.8
2026-06-10 00:43:32,30494,12857,21.6
2026-06-10 00:43:34,30496,12858,33.6
2026-06-10 00:43:36,30498,12859,36.5
2026-06-10 00:43:38,30500,12860,60.6
2026-06-10 00:43:40,30502,12861,33.1
2026-06-10 00:43:42,30504,12862,39.3
2026-06-10 00:43:45,30507,12863,33.7
2026-06-10 00:43:47,30509,12864,28.8
2026-06-10 00:43:49,30511,12865,41.9
2026-06-10 00:43:51,30513,12866,123
2026-06-10 00:43:53,30515,12867,41.0
2026-06-10 00:43:55,30517,12868,48.4
2026-06-10 00:43:57,30519,12869,20.1
2026-06-10 00:43:59,30521,12870,66.4
2026-06-10 00:44:01,30523,12871,33.2
2026-06-10 00:44:03,30525,12872,18.3
2026-06-10 00:44:05,30527,12873,26.3
2026-06-10 00:44:07,30529,12874,49.2
2026-06-10 00:44:09,30531,12875,44.9
2026-06-10 00:44:11,30533,12876,35.1
2026-06-10 00:44:13,30535,12877,50.6
2026-06-10 00:44:15,30537,12878,36.3
2026-06-10 00:44:17,30539,12879,38.8
2026-06-10 00:44:19,30541,12880,39.4
2026-06-10 00:44:21,30543,12881,45.7
2026-06-10 00:44:23,30545,12882,48.1
2026-06-10 00:44:25,30547,12883,44.7
2026-06-10 00:44:27,30549,12884,44.5
2026-06-10 00:44:29,30551,12885,44.3
2026-06-10 00:44:31,30553,12886,34.8
2026-06-10 00:44:33,30555,12887,39.4
2026-06-10 00:44:35,30557,12888,26.7
2026-06-10 00:44:37,30559,12889,37.9
2026-06-10 00:44:39,30561,12890,25.1
2026-06-10 00:44:41,30563,12891,39.3
2026-06-10 00:44:43,30565,12892,40.6
2026-06-10 00:44:45,30567,12893,45.4
2026-06-10 00:44:47,30569,12894,31.6
2026-06-10 00:44:50,30572,12895,29.4
2026-06-10 00:44:52,30574,12896,37.3
2026-06-10 00:44:54,30576,12897,25.4
2026-06-10 00:44:56,30578,12898,22.7
2026-06-10 00:44:58,30580,12899,34.7
2026-06-10 00:45:00,30582,12900,42.8
2026-06-10 00:45:02,30584,12901,38.5
2026-06-10 00:45:04,30586,12902,38.9
2026-06-10 00:45:06,30588,12903,16.4
2026-06-10 00:45:08,30590,12904,47.5
2026-06-10 00:45:10,30592,12905,45.5
2026-06-10 00:45:12,30594,12906,42.9
2026-06-10 00:45:14,30596,12907,23.3
2026-06-10 00:45:16,30598,12908,62.8
2026-06-10 00:45:18,30600,12909,32.5
2026-06-10 00:45:20,30602,12910,36.6
2026-06-10 00:45:22,30604,12911,41.3
2026-06-10 00:45:24,30606,12912,42.5
2026-06-10 00:45:26,30608,12913,42.4
2026-06-10 00:45:28,30610,12914,33.8
2026-06-10 00:45:30,30612,12915,30.4
2026-06-10 00:45:32,30614,12916,43.7
2026-06-10 00:45:34,30616,12917,46.6
2026-06-10 00:45:36,30618,12918,40.6
2026-06-10 00:45:38,30620,12919,40.7
2026-06-10 00:45:40,30622,12920,47.1
2026-06-10 00:45:42,30624,12921,35.9
2026-06-10 00:45:44,30626,12922,33.1
2026-06-10 00:45:46,30628,12923,28.7
2026-06-10 00:45:48,30630,12924,26.6
2026-06-10 00:45:50,30632,12925,44.6
2026-06-10 00:45:52,30634,12926,39.9
2026-06-10 00:45:54,30636,12927,39.7
2026-06-10 00:45:56,30638,12928,48.5
2026-06-10 00:45:58,30640,12929,35.9
2026-06-10 00:46:00,30642,12930,31.9
2026-06-10 00:46:02,30644,12931,44.5
2026-06-10 00:46:04,30646,12932,79.2
2026-06-10 00:46:06,30648,12933,45.1
2026-06-10 00:46:08,30650,12934,39.4
2026-06-10 00:46:10,30652,12935,50.3
2026-06-10 00:46:12,30654,12936,54.7
2026-06-10 00:46:14,30656,12937,35.7
2026-06-10 00:46:16,30658,12938,23.8
2026-06-10 00:46:18,30660,12939,34.2
2026-06-10 00:46:20,30662,12940,46.6
2026-06-10 00:46:22,30664,12941,29.7
2026-06-10 00:46:24,30666,12942,33.9
2026-06-10 00:46:26,30668,12943,33.6
2026-06-10 00:46:28,30670,12944,34.4
2026-06-10 00:46:30,30672,12945,30.2
2026-06-10 00:46:32,30674,12946,38.4
2026-06-10 00:46:34,30676,12947,39.2
2026-06-10 00:46:36,30678,12948,32.9
2026-06-10 00:46:38,30680,12949,39.2
2026-06-10 00:46:40,30682,12950,39.7
2026-06-10 00:46:42,30684,12951,25.6
2026-06-10 00:46:44,30686,12952,46.0
2026-06-10 00:46:46,30688,12953,114
2026-06-10 00:46:48,30690,12954,37.1
2026-06-10 00:46:50,30692,12955,35.1
2026-06-10 00:46:52,30694,12956,44.4
2026-06-10 00:46:54,30696,12957,23.6
2026-06-10 00:46:56,30698,12958,30.7
2026-06-10 00:46:58,30700,12959,35.4
2026-06-10 00:47:00,30702,12960,38.4
2026-06-10 00:47:02,30704,12961,55.3
2026-06-10 00:47:04,30706,12962,55.1
2026-06-10 00:47:06,30708,12963,34.6
2026-06-10 00:47:08,30710,12964,39.9
2026-06-10 00:47:10,30712,12965,44.0
2026-06-10 00:47:12,30714,12966,18.4
2026-06-10 00:47:14,30716,12967,46.8
2026-06-10 00:47:16,30718,12968,40.1
2026-06-10 00:47:18,30720,12969,36.0
2026-06-10 00:47:20,30722,12970,31.7
2026-06-10 00:47:22,30724,12971,31.7
2026-06-10 00:47:24,30726,12972,30.0
2026-06-10 00:47:26,30728,12973,35.2
2026-06-10 00:47:28,30730,12974,30.2
2026-06-10 00:47:30,30732,12975,32.7
2026-06-10 00:47:32,30734,12976,33.4
2026-06-10 00:47:34,30736,12977,33.4
2026-06-10 00:47:36,30738,12978,58.9
2026-06-10 00:47:38,30740,12979,42.3
2026-06-10 00:47:40,30742,12980,74.8
2026-06-10 00:47:42,30744,12981,36.4
2026-06-10 00:47:44,30746,12982,24.0
2026-06-10 00:47:46,30748,12983,32.0
2026-06-10 00:47:48,30750,12984,39.3
2026-06-10 00:47:51,30752,12985,20.6
2026-06-10 00:47:53,30755,12986,31.9
2026-06-10 00:47:55,30757,12987,30.0
2026-06-10 00:47:57,30759,12988,53.7
2026-06-10 00:47:59,30761,12989,40.1
2026-06-10 00:48:01,30763,12990,34.6
2026-06-10 00:48:03,30765,12991,49.3
2026-06-10 00:48:05,30767,12992,30.4
2026-06-10 00:48:07,30769,12993,49.6
2026-06-10 00:48:09,30771,12994,42.9
2026-06-10 00:48:11,30773,12995,46.1
2026-06-10 00:48:13,30775,12996,36.7
2026-06-10 00:48:15,30777,12997,41.6
2026-06-10 00:48:17,30779,12998,37.1
2026-06-10 00:48:19,30781,12999,45.4
2026-06-10 00:48:21,30783,13000,31.3
2026-06-10 00:48:23,30785,13001,51.5
2026-06-10 00:48:25,30787,13002,46.6
2026-06-10 00:48:27,30789,13003,36.3
2026-06-10 00:48:29,30791,13004,29.0
2026-06-10 00:48:31,30793,13005,28.4
2026-06-10 00:48:33,30795,13006,34.9
2026-06-10 00:48:35,30797,13007,31.6
2026-06-10 00:48:37,30799,13008,30.7
2026-06-10 00:48:39,30801,13009,28.5
2026-06-10 00:48:41,30803,13010,33.1
2026-06-10 00:48:43,30805,13011,59.3
2026-06-10 00:48:45,30807,13012,34.3
2026-06-10 00:48:47,30809,13013,24.5
2026-06-10 00:48:49,30811,13014,43.1
2026-06-10 00:48:51,30813,13015,25.3
2026-06-10 00:48:53,30815,13016,39.4
2026-06-10 00:48:55,30817,13017,42.3
2026-06-10 00:48:57,30819,13018,32.8
2026-06-10 00:48:59,30821,13019,17.8
2026-06-10 00:49:01,30823,13020,44.2
2026-06-10 00:49:03,30825,13021,41.4
2026-06-10 00:49:05,30827,13022,39.9
2026-06-10 00:49:07,30829,13023,30.9
2026-06-10 00:49:09,30831,13024,33.5
2026-06-10 00:49:11,30833,13025,37.2
2026-06-10 00:49:13,30835,13026,52.9
2026-06-10 00:49:15,30837,13027,19.2
2026-06-10 00:49:17,30839,13028,32.9
2026-06-10 00:49:19,30841,13029,40.6
2026-06-10 00:49:21,30843,13030,32.4
2026-06-10 00:49:23,30845,13031,32.8
2026-06-10 00:49:26,30848,13032,27.4
2026-06-10 00:49:28,30850,13033,48.7
2026-06-10 00:49:30,30852,13034,29.2
2026-06-10 00:49:32,30854,13035,35.6
2026-06-10 00:49:34,30856,13036,39.8
2026-06-10 00:49:36,30858,13037,41.3
2026-06-10 00:49:38,30860,13038,23.5
2026-06-10 00:49:40,30862,13039,35.3
2026-06-10 00:49:42,30864,13040,57.2
2026-06-10 00:49:44,30866,13041,34.6
2026-06-10 00:49:46,30868,13042,34.9
2026-06-10 00:49:48,30870,13043,70.7
2026-06-10 00:49:50,30872,13044,43.3
2026-06-10 00:49:52,30874,13045,44.7
2026-06-10 00:49:54,30876,13046,43.1
2026-06-10 00:49:56,30878,13047,44.1
2026-06-10 00:49:58,30880,13048,205
2026-06-10 00:50:00,30882,13049,57.8
2026-06-10 00:50:02,30884,13050,47.0
2026-06-10 00:50:04,30886,13051,32.2
2026-06-10 00:50:06,30888,13052,30.9
2026-06-10 00:50:08,30890,13053,39.9
2026-06-10 00:50:10,30892,13054,26.8
2026-06-10 00:50:12,30894,13055,28.2
2026-06-10 00:50:14,30896,13056,25.7
2026-06-10 00:50:16,30898,13057,19.6
2026-06-10 00:50:18,30900,13058,81.0
2026-06-10 00:50:20,30902,13059,26.4
2026-06-10 00:50:22,30904,13060,53.6
2026-06-10 00:50:24,30906,13061,28.8
2026-06-10 00:50:26,30908,13062,23.9
2026-06-10 00:50:28,30910,13063,44.0
2026-06-10 00:50:30,30912,13064,27.3
2026-06-10 00:50:33,30915,13065,35.8
2026-06-10 00:50:35,30917,13066,41.2
2026-06-10 00:50:37,30919,13067,35.5
2026-06-10 00:50:39,30921,13068,27.0
2026-06-10 00:50:41,30923,13069,46.3
2026-06-10 00:50:43,30925,13070,37.6
2026-06-10 00:50:45,30927,13071,26.0
2026-06-10 00:50:47,30929,13072,38.8
2026-06-10 00:50:49,30931,13073,38.2
2026-06-10 00:50:51,30933,13074,23.9
2026-06-10 00:50:53,30935,13075,21.5
2026-06-10 00:50:55,30937,13076,29.6
2026-06-10 00:50:57,30939,13077,32.0
2026-06-10 00:50:59,30941,13078,33.8
2026-06-10 00:51:01,30943,13079,41.2
2026-06-10 00:51:03,30945,13080,70.8
2026-06-10 00:51:05,30947,13081,46.6
2026-06-10 00:51:07,30949,13082,39.2
2026-06-10 00:51:09,30951,13083,29.2
2026-06-10 00:51:11,30953,13084,17.4
2026-06-10 00:51:13,30955,13085,35.8
2026-06-10 00:51:15,30957,13086,25.6
2026-06-10 00:51:17,30959,13087,64.4
2026-06-10 00:51:19,30961,13088,39.7
2026-06-10 00:51:21,30963,13089,48.9
2026-06-10 00:51:23,30965,13090,26.3
2026-06-10 00:51:25,30967,13091,41.1
2026-06-10 00:51:27,30969,13092,30.7
2026-06-10 00:51:29,30971,13093,30.4
2026-06-10 00:51:31,30973,13094,33.3
2026-06-10 00:51:33,30975,13095,35.6
2026-06-10 00:51:35,30977,13096,32.9
2026-06-10 00:51:37,30979,13097,41.4
2026-06-10 00:51:39,30981,13098,37.0
2026-06-10 00:51:41,30983,13099,23.9
2026-06-10 00:51:43,30985,13100,40.9
2026-06-10 00:51:45,30987,13101,22.7
2026-06-10 00:51:47,30989,13102,26.7
2026-06-10 00:51:49,30991,13103,29.9
2026-06-10 00:51:51,30993,13104,24.3
2026-06-10 00:51:53,30995,13105,46.7
2026-06-10 00:51:55,30997,13106,45.5
2026-06-10 00:51:57,30999,13107,51.1
2026-06-10 00:51:59,31001,13108,42.0
2026-06-10 00:52:01,31003,13109,27.3
2026-06-10 00:52:03,31005,13110,22.6
2026-06-10 00:52:05,31007,13111,37.0
2026-06-10 00:52:07,31009,13112,46.8
2026-06-10 00:52:09,31011,13113,108
2026-06-10 00:52:11,31013,13114,39.3
2026-06-10 00:52:13,31015,13115,24.5
2026-06-10 00:52:15,31017,13116,28.4
2026-06-10 00:52:18,31020,13117,32.4
2026-06-10 00:52:20,31022,13118,34.9
2026-06-10 00:52:22,31024,13119,27.3
2026-06-10 00:52:24,31026,13120,44.2
2026-06-10 00:52:26,31028,13121,45.9
2026-06-10 00:52:28,31030,13122,35.4
2026-06-10 00:52:30,31032,13123,44.4
2026-06-10 00:52:32,31034,13124,20.4
2026-06-10 00:52:34,31036,13125,38.3
2026-06-10 00:52:36,31038,13126,28.9
2026-06-10 00:52:38,31040,13127,35.4
2026-06-10 00:52:40,31042,13128,37.9
2026-06-10 00:52:42,31044,13129,33.4
2026-06-10 00:52:44,31046,13130,22.9
2026-06-10 00:52:46,31048,13131,34.9
2026-06-10 00:52:48,31050,13132,30.7
2026-06-10 00:52:50,31052,13133,43.1
2026-06-10 00:52:52,31054,13134,31.7
2026-06-10 00:52:54,31056,13135,44.3
2026-06-10 00:52:56,31058,13136,26.0
2026-06-10 00:52:58,31060,13137,47.7
2026-06-10 00:53:00,31062,13138,49.3
2026-06-10 00:53:02,31064,13139,30.0
2026-06-10 00:53:04,31066,13140,31.5
2026-06-10 00:53:06,31068,13141,37.5
2026-06-10 00:53:08,31070,13142,44.0
2026-06-10 00:53:10,31072,13143,33.1
2026-06-10 00:53:12,31074,13144,29.3
2026-06-10 00:53:14,31076,13145,30.1
2026-06-10 00:53:16,31078,13146,28.2
2026-06-10 00:53:18,31080,13147,31.0
2026-06-10 00:53:20,31082,13148,58.8
2026-06-10 00:53:22,31084,13149,32.6
2026-06-10 00:53:24,31086,13150,29.5
2026-06-10 00:53:26,31088,13151,50.1
2026-06-10 00:53:28,31090,13152,45.0
2026-06-10 00:53:30,31092,13153,40.4
2026-06-10 00:53:32,31094,13154,34.5
2026-06-10 00:53:34,31096,13155,36.6
2026-06-10 00:53:36,31098,13156,26.9
2026-06-10 00:53:38,31100,13157,36.7
2026-06-10 00:53:40,31102,13158,31.6
2026-06-10 00:53:42,31104,13159,29.5
2026-06-10 00:53:44,31106,13160,35.5
2026-06-10 00:53:46,31108,13161,30.9
2026-06-10 00:53:48,31110,13162,44.6
2026-06-10 00:53:50,31112,13163,28.5
2026-06-10 00:53:52,31114,13164,35.8
2026-06-10 00:53:54,31116,13165,44.4
2026-06-10 00:53:56,31118,13166,48.9
2026-06-10 00:53:58,31120,13167,29.7
2026-06-10 00:54:00,31122,13168,41.6
2026-06-10 00:54:02,31124,13169,49.0
2026-06-10 00:54:04,31126,13170,33.4
2026-06-10 00:54:06,31128,13171,31.5
2026-06-10 00:54:08,31130,13172,43.4
2026-06-10 00:54:10,31132,13173,26.4
2026-06-10 00:54:12,31134,13174,44.9
2026-06-10 00:54:14,31136,13175,37.3
2026-06-10 00:54:16,31138,13176,49.8
2026-06-10 00:54:18,31140,13177,31.9
2026-06-10 00:54:20,31142,13178,36.4
2026-06-10 00:54:22,31144,13179,36.4
2026-06-10 00:54:24,31146,13180,24.8
2026-06-10 00:54:26,31148,13181,32.9
2026-06-10 00:54:28,31150,13182,63.4
2026-06-10 00:54:30,31152,13183,56.0
2026-06-10 00:54:32,31154,13184,30.8
2026-06-10 00:54:34,31156,13185,85.1
2026-06-10 00:54:36,31158,13186,30.6
2026-06-10 00:54:38,31160,13187,27.5
2026-06-10 00:54:40,31162,13188,16.7
2026-06-10 00:54:42,31164,13189,37.7
2026-06-10 00:54:44,31166,13190,38.4
2026-06-10 00:54:46,31168,13191,30.7
2026-06-10 00:54:48,31170,13192,27.3
2026-06-10 00:54:50,31172,13193,26.7
2026-06-10 00:54:52,31174,13194,46.4
2026-06-10 00:54:54,31176,13195,24.8
2026-06-10 00:54:56,31178,13196,45.4
2026-06-10 00:54:58,31180,13197,29.3
2026-06-10 00:55:00,31182,13198,39.4
2026-06-10 00:55:02,31184,13199,24.4
2026-06-10 00:55:04,31186,13200,43.6
2026-06-10 00:55:06,31188,13201,22.2
2026-06-10 00:55:08,31190,13202,28.9
2026-06-10 00:55:10,31192,13203,34.3
2026-06-10 00:55:12,31194,13204,36.9
2026-06-10 00:55:14,31196,13205,37.0
2026-06-10 00:55:16,31198,13206,47.7
2026-06-10 00:55:18,31200,13207,34.1
2026-06-10 00:55:20,31202,13208,54.1
2026-06-10 00:55:22,31204,13209,49.0
2026-06-10 00:55:24,31206,13210,171
2026-06-10 00:55:26,31208,13211,24.0
2026-06-10 00:55:29,31211,13212,25.5
2026-06-10 00:55:31,31213,13213,25.5
2026-06-10 00:55:33,31215,13214,32.4
2026-06-10 00:55:35,31217,13215,24.5
2026-06-10 00:55:37,31219,13216,26.0
2026-06-10 00:55:39,31221,13217,25.9
2026-06-10 00:55:41,31223,13218,17.0
2026-06-10 00:55:43,31225,13219,25.5
2026-06-10 00:55:45,31227,13220,85.1
2026-06-10 00:55:47,31229,13221,30.1
2026-06-10 00:55:49,31231,13222,37.8
2026-06-10 00:55:51,31233,13223,125
2026-06-10 00:55:53,31235,13224,46.1
2026-06-10 00:55:55,31237,13225,208
2026-06-10 00:55:57,31239,13226,23.5
2026-06-10 00:55:59,31241,13227,23.7
2026-06-10 00:56:01,31243,13228,135
2026-06-10 00:56:03,31245,13229,58.4
2026-06-10 00:56:05,31247,13230,34.7
2026-06-10 00:56:07,31249,13231,34.1
2026-06-10 00:56:09,31251,13232,34.2
2026-06-10 00:56:11,31253,13233,413
2026-06-10 00:56:13,31255,13234,35.8
2026-06-10 00:56:15,31257,13235,51.5
2026-06-10 00:56:17,31259,13236,33.3
2026-06-10 00:56:19,31261,13237,41.0
2026-06-10 00:56:21,31263,13238,45.3
2026-06-10 00:56:23,31265,13239,17.6
2026-06-10 00:56:25,31267,13240,39.2
2026-06-10 00:56:27,31269,13241,42.4
2026-06-10 00:56:29,31271,13242,41.7
2026-06-10 00:56:31,31273,13243,29.3
2026-06-10 00:56:33,31275,13244,54.6
2026-06-10 00:56:35,31277,13245,202
2026-06-10 00:56:37,31279,13246,40.4
2026-06-10 00:56:39,31281,13247,29.4
2026-06-10 00:56:41,31283,13248,35.3
2026-06-10 00:56:43,31285,13249,48.5
2026-06-10 00:56:45,31287,13250,178
2026-06-10 00:56:47,31289,13251,26.6
2026-06-10 00:56:49,31291,13252,62.5
2026-06-10 00:56:51,31293,13253,54.4
2026-06-10 00:56:53,31295,13254,26.8
2026-06-10 00:56:55,31297,13255,136
2026-06-10 00:56:57,31299,13256,34.1
2026-06-10 00:56:59,31301,13257,42.4
2026-06-10 00:57:01,31303,13258,46.3
2026-06-10 00:57:03,31305,13259,45.0
2026-06-10 00:57:05,31307,13260,31.9
2026-06-10 00:57:07,31309,13261,28.6
2026-06-10 00:57:09,31311,13262,35.2
2026-06-10 00:57:11,31313,13263,38.8
2026-06-10 00:57:13,31315,13264,34.3
2026-06-10 00:57:15,31317,13265,65.6
2026-06-10 00:57:17,31319,13266,38.3
2026-06-10 00:57:19,31321,13267,27.3
2026-06-10 00:57:21,31323,13268,25.2
2026-06-10 00:57:23,31325,13269,35.3
2026-06-10 00:57:25,31327,13270,51.0
2026-06-10 00:57:27,31329,13271,41.4
2026-06-10 00:57:30,31332,13272,27.9
2026-06-10 00:57:32,31334,13273,33.8
2026-06-10 00:57:34,31336,13274,45.1
2026-06-10 00:57:36,31338,13275,52.5
2026-06-10 00:57:38,31340,13276,29.9
2026-06-10 00:57:40,31342,13277,40.2
2026-06-10 00:57:42,31344,13278,42.3
2026-06-10 00:57:44,31346,13279,35.2
2026-06-10 00:57:46,31348,13280,31.8
2026-06-10 00:57:48,31350,13281,41.3
2026-06-10 00:57:50,31352,13282,39.7
2026-06-10 00:57:52,31354,13283,59.7
2026-06-10 00:57:54,31356,13284,38.5
2026-06-10 00:57:56,31358,13285,54.1
2026-06-10 00:57:58,31360,13286,68.1
2026-06-10 00:58:00,31362,13287,27.2
2026-06-10 00:58:02,31364,13288,34.5
2026-06-10 00:58:04,31366,13289,33.9
2026-06-10 00:58:06,31368,13290,56.4
2026-06-10 00:58:08,31370,13291,29.0
2026-06-10 00:58:10,31372,13292,33.3
2026-06-10 00:58:12,31374,13293,29.2
2026-06-10 00:58:14,31376,13294,38.2
2026-06-10 00:58:16,31378,13295,32.6
2026-06-10 00:58:18,31380,13296,180
2026-06-10 00:58:20,31382,13297,49.9
2026-06-10 00:58:22,31384,13298,31.9
2026-06-10 00:58:24,31386,13299,27.7
2026-06-10 00:58:26,31388,13300,29.4
2026-06-10 00:58:28,31390,13301,110
2026-06-10 00:58:30,31392,13302,41.6
2026-06-10 00:58:32,31394,13303,39.6
2026-06-10 00:58:34,31396,13304,24.2
2026-06-10 00:58:36,31398,13305,24.6
2026-06-10 00:58:38,31400,13306,36.2
2026-06-10 00:58:40,31402,13307,48.0
2026-06-10 00:58:42,31404,13308,49.5
2026-06-10 00:58:44,31406,13309,43.9
2026-06-10 00:58:46,31408,13310,42.4
2026-06-10 00:58:48,31410,13311,36.3
2026-06-10 00:58:50,31412,13312,49.2
2026-06-10 00:58:52,31414,13313,41.2
2026-06-10 00:58:54,31416,13314,30.7
2026-06-10 00:58:57,31419,13315,35.8
2026-06-10 00:58:59,31421,13316,153
2026-06-10 00:59:01,31423,13317,49.0
2026-06-10 00:59:03,31425,13318,35.6
2026-06-10 00:59:05,31427,13319,27.3
2026-06-10 00:59:07,31429,13320,45.7
2026-06-10 00:59:09,31431,13321,29.3
2026-06-10 00:59:11,31433,13322,33.6
2026-06-10 00:59:13,31435,13323,36.3
2026-06-10 00:59:15,31437,13324,27.7
2026-06-10 00:59:17,31439,13325,18.0
2026-06-10 00:59:19,31441,13326,51.7
2026-06-10 00:59:21,31443,13327,105
2026-06-10 00:59:23,31445,13328,26.5
2026-06-10 00:59:25,31447,13329,34.0
2026-06-10 00:59:27,31449,13330,25.6
2026-06-10 00:59:29,31451,13331,29.8
2026-06-10 00:59:31,31453,13332,54.0
2026-06-10 00:59:33,31455,13333,42.1
2026-06-10 00:59:35,31457,13334,40.3
2026-06-10 00:59:37,31459,13335,29.9
2026-06-10 00:59:39,31461,13336,36.1
2026-06-10 00:59:41,31463,13337,23.0
2026-06-10 00:59:43,31465,13338,34.4
2026-06-10 00:59:45,31467,13339,49.3
2026-06-10 00:59:47,31469,13340,49.1
2026-06-10 00:59:49,31471,13341,29.3
2026-06-10 00:59:52,31474,13342,37.8
2026-06-10 00:59:54,31476,13343,37.3
2026-06-10 00:59:56,31478,13344,24.0
2026-06-10 00:59:58,31480,13345,30.6
2026-06-10 01:00:00,31482,13346,43.7
2026-06-10 01:00:02,31484,13347,54.4
2026-06-10 01:00:04,31486,13348,40.6
2026-06-10 01:00:06,31488,13349,117
2026-06-10 01:00:08,31490,13350,8.71
2026-06-10 01:00:10,31492,13351,26.7
2026-06-10 01:00:12,31494,13352,30.9
2026-06-10 01:00:14,31496,13353,29.7
2026-06-10 01:00:16,31498,13354,41.1
2026-06-10 01:00:18,31500,13355,25.9
2026-06-10 01:00:20,31502,13356,29.6
2026-06-10 01:00:22,31504,13357,56.0
2026-06-10 01:00:24,31506,13358,26.1
2026-06-10 01:00:26,31508,13359,38.6
2026-06-10 01:00:28,31510,13360,49.1
2026-06-10 01:00:30,31512,13361,56.7
2026-06-10 01:00:32,31514,13362,29.2
2026-06-10 01:00:34,31516,13363,42.9
2026-06-10 01:00:36,31518,13364,47.3
2026-06-10 01:00:38,31520,13365,45.3
2026-06-10 01:00:40,31522,13366,70.4
2026-06-10 01:00:42,31524,13367,35.8
2026-06-10 01:00:44,31526,13368,29.4
2026-06-10 01:00:46,31528,13369,39.9
2026-06-10 01:00:48,31530,13370,54.1
2026-06-10 01:00:50,31532,13371,24.8
2026-06-10 01:00:52,31534,13372,37.2
2026-06-10 01:00:54,31536,13373,42.5
2026-06-10 01:00:56,31538,13374,29.7
2026-06-10 01:00:58,31540,13375,52.0
2026-06-10 01:01:00,31542,13376,25.8
2026-06-10 01:01:02,31544,13377,31.7
2026-06-10 01:01:04,31546,13378,49.7
2026-06-10 01:01:06,31548,13379,41.8
2026-06-10 01:01:08,31550,13380,30.5
2026-06-10 01:01:10,31552,13381,40.9
2026-06-10 01:01:12,31554,13382,34.6
2026-06-10 01:01:14,31556,13383,34.5
2026-06-10 01:01:16,31558,13384,51.7
2026-06-10 01:01:18,31560,13385,51.0
2026-06-10 01:01:20,31562,13386,24.3
2026-06-10 01:01:23,31565,13387,31.4
2026-06-10 01:01:25,31567,13388,45.1
2026-06-10 01:01:27,31569,13389,36.5
2026-06-10 01:01:29,31571,13390,36.0
2026-06-10 01:01:31,31573,13391,45.1
2026-06-10 01:01:33,31575,13392,23.9
2026-06-10 01:01:35,31577,13393,58.2
2026-06-10 01:01:37,31579,13394,52.8
2026-06-10 01:01:39,31581,13395,29.8
2026-06-10 01:01:41,31583,13396,46.4
2026-06-10 01:01:43,31585,13397,26.4
2026-06-10 01:01:45,31587,13398,37.1
2026-06-10 01:01:47,31589,13399,42.4
2026-06-10 01:01:49,31591,13400,53.9
2026-06-10 01:01:51,31593,13401,42.8
2026-06-10 01:01:53,31595,13402,32.9
2026-06-10 01:01:55,31597,13403,39.1
2026-06-10 01:01:57,31599,13404,40.2
2026-06-10 01:01:59,31601,13405,35.8
2026-06-10 01:02:01,31603,13406,41.2
2026-06-10 01:02:03,31605,13407,25.6
2026-06-10 01:02:05,31607,13408,19.5
2026-06-10 01:02:07,31609,13409,34.5
2026-06-10 01:02:09,31611,13410,23.6
2026-06-10 01:02:11,31613,13411,33.1
2026-06-10 01:02:13,31615,13412,30.3
2026-06-10 01:02:15,31617,13413,31.7
2026-06-10 01:02:17,31619,13414,39.2
2026-06-10 01:02:19,31621,13415,23.0
2026-06-10 01:02:21,31623,13416,33.9
2026-06-10 01:02:23,31625,13417,31.3
2026-06-10 01:02:25,31627,13418,38.1
2026-06-10 01:02:27,31629,13419,33.4
2026-06-10 01:02:29,31631,13420,44.8
2026-06-10 01:02:31,31633,13421,37.9
2026-06-10 01:02:33,31635,13422,60.2
2026-06-10 01:02:35,31637,13423,39.0
2026-06-10 01:02:38,31640,13424,35.5
2026-06-10 01:02:40,31641,13425,39.8
2026-06-10 01:02:42,31644,13426,35.9
2026-06-10 01:02:44,31646,13427,29.5
2026-06-10 01:02:46,31648,13428,37.3
2026-06-10 01:02:48,31650,13429,70.8
2026-06-10 01:02:50,31652,13430,35.1
2026-06-10 01:02:51,31653,13431,51.0
2026-06-10 01:02:54,31656,13432,52.1
2026-06-10 01:02:56,31658,13433,235
2026-06-10 01:02:58,31660,13434,36.8
2026-06-10 01:03:00,31662,13435,27.3
2026-06-10 01:03:02,31664,13436,23.9
2026-06-10 01:03:04,31666,13437,25.4
2026-06-10 01:03:06,31668,13438,52.6
2026-06-10 01:03:08,31670,13439,32.1
2026-06-10 01:03:10,31672,13440,31.2
2026-06-10 01:03:12,31674,13441,21.0
2026-06-10 01:03:14,31676,13442,39.1
2026-06-10 01:03:16,31678,13443,42.8
2026-06-10 01:03:18,31680,13444,38.7
2026-06-10 01:03:20,31682,13445,85.6
2026-06-10 01:03:22,31684,13446,29.3
2026-06-10 01:03:24,31686,13447,33.6
2026-06-10 01:03:26,31688,13448,42.4
2026-06-10 01:03:28,31690,13449,24.6
2026-06-10 01:03:30,31692,13450,38.5
2026-06-10 01:03:32,31694,13451,29.8
2026-06-10 01:03:34,31696,13452,32.7
2026-06-10 01:03:36,31698,13453,22.2
2026-06-10 01:03:38,31700,13454,44.4
2026-06-10 01:03:40,31702,13455,32.8
2026-06-10 01:03:42,31704,13456,49.2
2026-06-10 01:03:44,31706,13457,57.1
2026-06-10 01:03:46,31708,13458,59.4
2026-06-10 01:03:48,31710,13459,34.4
2026-06-10 01:03:50,31712,13460,57.4
2026-06-10 01:03:52,31714,13461,43.0
2026-06-10 01:03:54,31716,13462,33.5
2026-06-10 01:03:56,31718,13463,28.9
2026-06-10 01:03:58,31720,13464,43.5
2026-06-10 01:04:00,31722,13465,52.8
2026-06-10 01:04:02,31724,13466,23.3
2026-06-10 01:04:04,31726,13467,27.6
2026-06-10 01:04:06,31728,13468,36.8
2026-06-10 01:04:08,31730,13469,33.9
2026-06-10 01:04:10,31732,13470,51.5
2026-06-10 01:04:12,31734,13471,36.4
2026-06-10 01:04:14,31736,13472,12.9
2026-06-10 01:04:16,31738,13473,20.4
2026-06-10 01:04:19,31741,13474,34.5
2026-06-10 01:04:21,31743,13475,26.2
2026-06-10 01:04:23,31745,13476,40.6
2026-06-10 01:04:25,31747,13477,61.6
2026-06-10 01:04:27,31749,13478,36.6
2026-06-10 01:04:29,31751,13479,51.9
2026-06-10 01:04:31,31753,13480,38.4
2026-06-10 01:04:33,31755,13481,38.6
2026-06-10 01:04:35,31757,13482,29.8
2026-06-10 01:04:37,31759,13483,31.7
2026-06-10 01:04:39,31761,13484,38.4
2026-06-10 01:04:41,31763,13485,36.0
2026-06-10 01:04:43,31765,13486,51.1
2026-06-10 01:04:45,31767,13487,39.8
2026-06-10 01:04:47,31769,13488,33.7
2026-06-10 01:04:49,31771,13489,28.3
2026-06-10 01:04:51,31773,13490,31.6
2026-06-10 01:04:53,31775,13491,25.4
2026-06-10 01:04:55,31777,13492,34.9
2026-06-10 01:04:57,31779,13493,35.2
2026-06-10 01:04:59,31781,13494,70.2
2026-06-10 01:05:01,31783,13495,28.9
2026-06-10 01:05:03,31785,13496,52.7
2026-06-10 01:05:05,31787,13497,38.0
2026-06-10 01:05:07,31789,13498,39.7
2026-06-10 01:05:09,31791,13499,258
2026-06-10 01:05:11,31793,13500,47.4
2026-06-10 01:05:13,31795,13501,86.3
2026-06-10 01:05:15,31797,13502,215
2026-06-10 01:05:18,31800,13503,32.9
2026-06-10 01:05:20,31802,13504,25.3
2026-06-10 01:05:22,31804,13505,29.8
2026-06-10 01:05:24,31806,13506,52.9
2026-06-10 01:05:26,31808,13507,21.8
2026-06-10 01:05:28,31810,13508,46.8
2026-06-10 01:05:30,31812,13509,22.1
2026-06-10 01:05:32,31814,13510,30.3
2026-06-10 01:05:34,31816,13511,45.1
2026-06-10 01:05:36,31818,13512,52.5
2026-06-10 01:05:38,31820,13513,61.4
2026-06-10 01:05:40,31822,13514,44.0
2026-06-10 01:05:42,31824,13515,30.2
2026-06-10 01:05:43,31825,13516,21.6
2026-06-10 01:05:46,31828,13517,24.9
2026-06-10 01:05:48,31830,13518,35.0
2026-06-10 01:05:49,31831,13519,31.1
2026-06-10 01:05:52,31834,13520,32.5
2026-06-10 01:05:53,31835,13521,25.6
2026-06-10 01:05:56,31838,13522,34.8
2026-06-10 01:05:58,31840,13523,25.9
2026-06-10 01:06:00,31842,13524,27.6
2026-06-10 01:06:02,31844,13525,25.8
2026-06-10 01:06:04,31846,13526,37.0
2026-06-10 01:06:06,31848,13527,39.2
2026-06-10 01:06:08,31850,13528,31.8
2026-06-10 01:06:10,31852,13529,35.2
2026-06-10 01:06:12,31854,13530,41.9
2026-06-10 01:06:14,31856,13531,30.9
2026-06-10 01:06:16,31858,13532,109
2026-06-10 01:06:18,31860,13533,30.8
2026-06-10 01:06:20,31862,13534,37.4
2026-06-10 01:06:22,31864,13535,37.6
2026-06-10 01:06:24,31866,13536,32.9
2026-06-10 01:06:26,31868,13537,34.3
2026-06-10 01:06:28,31870,13538,23.6
2026-06-10 01:06:30,31872,13539,21.1
2026-06-10 01:06:32,31874,13540,34.0
2026-06-10 01:06:34,31876,13541,31.6
2026-06-10 01:06:36,31878,13542,28.5
2026-06-10 01:06:38,31880,13543,34.0
2026-06-10 01:06:40,31882,13544,29.8
2026-06-10 01:06:42,31884,13545,39.4
2026-06-10 01:06:44,31886,13546,37.8
2026-06-10 01:06:46,31888,13547,48.8
2026-06-10 01:06:48,31890,13548,26.6
2026-06-10 01:06:50,31892,13549,31.5
2026-06-10 01:06:52,31894,13550,33.8
2026-06-10 01:06:54,31896,13551,29.5
2026-06-10 01:06:56,31898,13552,22.4
2026-06-10 01:06:58,31900,13553,29.5
2026-06-10 01:07:00,31902,13554,32.1
2026-06-10 01:07:02,31904,13555,24.3
2026-06-10 01:07:04,31906,13556,27.9
2026-06-10 01:07:06,31908,13557,40.5
2026-06-10 01:07:08,31910,13558,38.9
2026-06-10 01:07:10,31912,13559,44.4
2026-06-10 01:07:12,31914,13560,39.9
2026-06-10 01:07:14,31916,13561,28.1
2026-06-10 01:07:16,31918,13562,33.1
2026-06-10 01:07:18,31920,13563,48.0
2026-06-10 01:07:20,31922,13564,35.9
2026-06-10 01:07:22,31924,13565,27.0
2026-06-10 01:07:24,31926,13566,40.5
2026-06-10 01:07:26,31928,13567,30.1
2026-06-10 01:07:28,31930,13568,25.9
2026-06-10 01:07:30,31932,13569,25.6
2026-06-10 01:07:32,31934,13570,27.0
2026-06-10 01:07:34,31936,13571,50.1
2026-06-10 01:07:36,31938,13572,38.2
2026-06-10 01:07:38,31940,13573,44.7
2026-06-10 01:07:41,31943,13574,33.4
2026-06-10 01:07:43,31945,13575,37.9
2026-06-10 01:07:45,31947,13576,32.8
2026-06-10 01:07:47,31949,13577,27.8
2026-06-10 01:07:49,31951,13578,32.9
2026-06-10 01:07:51,31953,13579,40.3
2026-06-10 01:07:53,31955,13580,23.8
2026-06-10 01:07:55,31957,13581,40.7
2026-06-10 01:07:57,31959,13582,44.1
2026-06-10 01:07:59,31961,13583,48.5
2026-06-10 01:08:01,31963,13584,31.7
2026-06-10 01:08:03,31965,13585,22.1
2026-06-10 01:08:05,31967,13586,54.3
2026-06-10 01:08:07,31969,13587,45.2
2026-06-10 01:08:09,31971,13588,35.4
2026-06-10 01:08:11,31973,13589,26.3
2026-06-10 01:08:13,31975,13590,34.2
2026-06-10 01:08:15,31977,13591,23.4
2026-06-10 01:08:17,31979,13592,37.3
2026-06-10 01:08:19,31981,13593,20.8
2026-06-10 01:08:21,31983,13594,36.2
2026-06-10 01:08:23,31985,13595,30.8
2026-06-10 01:08:26,31988,13596,35.5
2026-06-10 01:08:27,31989,13597,20.5
2026-06-10 01:08:29,31991,13598,36.6
2026-06-10 01:08:31,31993,13599,28.9
2026-06-10 01:08:33,31995,13600,34.2
2026-06-10 01:08:35,31997,13601,28.8
2026-06-10 01:08:38,32000,13602,28.6
2026-06-10 01:08:39,32001,13603,46.7
2026-06-10 01:08:41,32003,13604,25.0
2026-06-10 01:08:43,32005,13605,22.2
2026-06-10 01:08:45,32007,13606,48.4
2026-06-10 01:08:48,32010,13607,36.8
2026-06-10 01:08:50,32012,13608,27.9
2026-06-10 01:08:52,32014,13609,31.4
2026-06-10 01:08:54,32016,13610,38.9
2026-06-10 01:08:56,32018,13611,28.8
2026-06-10 01:08:58,32020,13612,23.8
2026-06-10 01:09:00,32022,13613,33.2
2026-06-10 01:09:02,32024,13614,35.6
2026-06-10 01:09:04,32026,13615,35.8
2026-06-10 01:09:06,32028,13616,49.0
2026-06-10 01:09:08,32030,13617,26.7
2026-06-10 01:09:10,32032,13618,32.6
2026-06-10 01:09:12,32034,13619,37.6
2026-06-10 01:09:14,32036,13620,39.9
2026-06-10 01:09:16,32038,13621,71.2
2026-06-10 01:09:18,32040,13622,24.9
2026-06-10 01:09:20,32042,13623,18.6
2026-06-10 01:09:22,32044,13624,32.0
2026-06-10 01:09:24,32046,13625,30.5
2026-06-10 01:09:26,32048,13626,14.2
2026-06-10 01:09:28,32050,13627,36.2
2026-06-10 01:09:30,32052,13628,29.0
2026-06-10 01:09:32,32054,13629,61.0
2026-06-10 01:09:34,32056,13630,20.8
2026-06-10 01:09:36,32058,13631,26.2
2026-06-10 01:09:38,32060,13632,48.7
2026-06-10 01:09:40,32062,13633,28.8
2026-06-10 01:09:42,32064,13634,29.5
2026-06-10 01:09:44,32066,13635,23.6
2026-06-10 01:09:46,32068,13636,68.8
2026-06-10 01:09:48,32070,13637,27.5
2026-06-10 01:09:50,32072,13638,41.2
2026-06-10 01:09:52,32074,13639,42.1
2026-06-10 01:09:54,32076,13640,41.1
2026-06-10 01:09:57,32079,13641,45.4
2026-06-10 01:09:59,32081,13642,46.4
2026-06-10 01:10:01,32083,13643,67.7
2026-06-10 01:10:03,32085,13644,54.0
2026-06-10 01:10:05,32087,13645,55.4
2026-06-10 01:10:07,32089,13646,50.8
2026-06-10 01:10:09,32091,13647,36.0
2026-06-10 01:10:11,32093,13648,35.0
2026-06-10 01:10:13,32095,13649,44.8
2026-06-10 01:10:15,32097,13650,60.8
2026-06-10 01:10:17,32099,13651,26.5
2026-06-10 01:10:19,32101,13652,35.2
2026-06-10 01:10:21,32103,13653,49.6
2026-06-10 01:10:23,32105,13654,25.9
2026-06-10 01:10:25,32107,13655,25.1
2026-06-10 01:10:27,32109,13656,27.8
2026-06-10 01:10:29,32111,13657,31.1
2026-06-10 01:10:31,32113,13658,26.8
2026-06-10 01:10:33,32115,13659,27.3
2026-06-10 01:10:35,32117,13660,37.2
2026-06-10 01:10:37,32119,13661,24.0
2026-06-10 01:10:39,32121,13662,47.4
2026-06-10 01:10:41,32123,13663,46.0
2026-06-10 01:10:43,32125,13664,34.7
2026-06-10 01:10:45,32127,13665,26.8
2026-06-10 01:10:47,32129,13666,34.9
2026-06-10 01:10:49,32131,13667,32.0
2026-06-10 01:10:51,32133,13668,34.0
2026-06-10 01:10:53,32135,13669,24.0
2026-06-10 01:10:55,32137,13670,117
2026-06-10 01:10:57,32139,13671,25.5
2026-06-10 01:10:59,32141,13672,31.3
2026-06-10 01:11:01,32143,13673,45.3
2026-06-10 01:11:03,32145,13674,58.0
2026-06-10 01:11:05,32147,13675,38.2
2026-06-10 01:11:07,32149,13676,25.9
2026-06-10 01:11:09,32151,13677,22.8
2026-06-10 01:11:11,32153,13678,42.4
2026-06-10 01:11:13,32155,13679,34.0
2026-06-10 01:11:15,32157,13680,25.7
2026-06-10 01:11:17,32159,13681,28.5
2026-06-10 01:11:19,32161,13682,27.2
2026-06-10 01:11:21,32163,13683,63.4
2026-06-10 01:11:23,32165,13684,42.5
2026-06-10 01:11:25,32167,13685,38.0
2026-06-10 01:11:27,32169,13686,36.1
2026-06-10 01:11:29,32171,13687,33.5
2026-06-10 01:11:31,32173,13688,28.8
2026-06-10 01:11:33,32175,13689,26.3
2026-06-10 01:11:35,32177,13690,45.6
2026-06-10 01:11:37,32179,13691,25.0
2026-06-10 01:11:39,32181,13692,33.3
2026-06-10 01:11:41,32183,13693,28.7
2026-06-10 01:11:43,32185,13694,31.2
2026-06-10 01:11:45,32187,13695,35.3
2026-06-10 01:11:47,32189,13696,26.1
2026-06-10 01:11:49,32191,13697,35.7
2026-06-10 01:11:51,32193,13698,45.7
2026-06-10 01:11:53,32195,13699,33.8
2026-06-10 01:11:55,32197,13700,26.4
2026-06-10 01:11:57,32199,13701,25.7
2026-06-10 01:11:59,32201,13702,39.2
2026-06-10 01:12:01,32203,13703,26.9
2026-06-10 01:12:03,32205,13704,54.9
2026-06-10 01:12:05,32207,13705,28.6
2026-06-10 01:12:07,32209,13706,36.4
2026-06-10 01:12:09,32211,13707,177
2026-06-10 01:12:11,32213,13708,24.5
2026-06-10 01:12:14,32216,13709,42.4
2026-06-10 01:12:16,32218,13710,35.3
2026-06-10 01:12:18,32220,13711,32.3
2026-06-10 01:12:20,32222,13712,41.1
2026-06-10 01:12:22,32224,13713,29.4
2026-06-10 01:12:25,32227,13714,20.8
2026-06-10 01:12:27,32229,13715,50.9
2026-06-10 01:12:29,32231,13716,27.1
2026-06-10 01:12:31,32233,13717,47.0
2026-06-10 01:12:33,32235,13718,31.2
2026-06-10 01:12:35,32237,13719,34.4
2026-06-10 01:12:37,32239,13720,28.8
2026-06-10 01:12:39,32241,13721,29.2
2026-06-10 01:12:41,32243,13722,49.1
2026-06-10 01:12:43,32245,13723,61.0
2026-06-10 01:12:45,32247,13724,33.6
2026-06-10 01:12:47,32249,13725,28.4
2026-06-10 01:12:49,32251,13726,39.7
2026-06-10 01:12:51,32253,13727,54.5
2026-06-10 01:12:53,32255,13728,47.4
2026-06-10 01:12:55,32257,13729,31.8
2026-06-10 01:12:57,32259,13730,77.5
2026-06-10 01:12:59,32261,13731,45.9
2026-06-10 01:13:01,32263,13732,53.5
2026-06-10 01:13:03,32265,13733,22.3
2026-06-10 01:13:05,32267,13734,36.2
2026-06-10 01:13:07,32269,13735,28.3
2026-06-10 01:13:09,32271,13736,24.7
2026-06-10 01:13:11,32273,13737,39.7
2026-06-10 01:13:13,32275,13738,30.6
2026-06-10 01:13:15,32277,13739,25.4
2026-06-10 01:13:17,32279,13740,27.4
2026-06-10 01:13:20,32282,13741,50.1
2026-06-10 01:13:21,32283,13742,43.1
2026-06-10 01:13:23,32285,13743,30.2
2026-06-10 01:13:25,32287,13744,36.3
2026-06-10 01:13:27,32289,13745,38.4
2026-06-10 01:13:29,32291,13746,55.8
2026-06-10 01:13:32,32294,13747,30.5
2026-06-10 01:13:34,32296,13748,38.9
2026-06-10 01:13:36,32298,13749,29.2
2026-06-10 01:13:38,32300,13750,42.4
2026-06-10 01:13:40,32302,13751,29.0
2026-06-10 01:13:42,32304,13752,48.2
2026-06-10 01:13:44,32306,13753,34.0
2026-06-10 01:13:46,32308,13754,45.1
2026-06-10 01:13:48,32310,13755,23.8
2026-06-10 01:13:50,32312,13756,32.0
2026-06-10 01:13:52,32314,13757,54.9
2026-06-10 01:13:54,32316,13758,227
2026-06-10 01:13:55,32317,13759,38.9
2026-06-10 01:13:57,32319,13760,28.2
2026-06-10 01:13:59,32321,13761,24.0
2026-06-10 01:14:01,32323,13762,31.1
2026-06-10 01:14:03,32325,13763,29.7
2026-06-10 01:14:05,32327,13764,38.1
2026-06-10 01:14:07,32329,13765,35.3
2026-06-10 01:14:09,32331,13766,32.2
2026-06-10 01:14:11,32333,13767,34.9
2026-06-10 01:14:13,32335,13768,57.4
2026-06-10 01:14:15,32337,13769,37.6
2026-06-10 01:14:17,32339,13770,36.6
2026-06-10 01:14:19,32341,13771,22.0
2026-06-10 01:14:21,32343,13772,41.4
2026-06-10 01:14:23,32345,13773,45.9
2026-06-10 01:14:25,32347,13774,28.7
2026-06-10 01:14:27,32349,13775,24.8
2026-06-10 01:14:29,32351,13776,37.8
2026-06-10 01:14:31,32353,13777,47.9
2026-06-10 01:14:33,32355,13778,31.0
2026-06-10 01:14:35,32357,13779,44.1
2026-06-10 01:14:37,32359,13780,24.4
2026-06-10 01:14:39,32361,13781,45.1
2026-06-10 01:14:41,32363,13782,31.7
2026-06-10 01:14:43,32365,13783,43.9
2026-06-10 01:14:45,32367,13784,42.8
2026-06-10 01:14:47,32369,13785,26.6
2026-06-10 01:14:49,32371,13786,103
2026-06-10 01:14:51,32373,13787,28.9
2026-06-10 01:14:53,32375,13788,29.9
2026-06-10 01:14:55,32377,13789,28.0
2026-06-10 01:14:57,32379,13790,28.3
2026-06-10 01:14:59,32381,13791,32.1
2026-06-10 01:15:01,32383,13792,71.4
2026-06-10 01:15:03,32385,13793,38.1
2026-06-10 01:15:05,32387,13794,20.4
2026-06-10 01:15:07,32389,13795,31.0
2026-06-10 01:15:09,32391,13796,43.2
2026-06-10 01:15:11,32393,13797,24.8
2026-06-10 01:15:13,32395,13798,28.4
2026-06-10 01:15:15,32397,13799,40.1
2026-06-10 01:15:17,32399,13800,40.4
2026-06-10 01:15:19,32401,13801,37.3
2026-06-10 01:15:21,32403,13802,23.8
2026-06-10 01:15:23,32405,13803,43.2
2026-06-10 01:15:25,32407,13804,20.5
2026-06-10 01:15:27,32409,13805,38.2
2026-06-10 01:15:29,32411,13806,42.7
2026-06-10 01:15:31,32413,13807,74.2
2026-06-10 01:15:33,32415,13808,23.2
2026-06-10 01:15:35,32417,13809,17.0
2026-06-10 01:15:37,32419,13810,26.1
2026-06-10 01:15:39,32421,13811,35.2
2026-06-10 01:15:41,32423,13812,24.1
2026-06-10 01:15:43,32425,13813,40.1
2026-06-10 01:15:45,32427,13814,35.8
2026-06-10 01:15:47,32429,13815,36.2
2026-06-10 01:15:49,32431,13816,35.0
2026-06-10 01:15:51,32433,13817,36.9
2026-06-10 01:15:53,32435,13818,45.4
2026-06-10 01:15:55,32437,13819,27.5
2026-06-10 01:15:57,32439,13820,21.4
2026-06-10 01:15:59,32441,13821,23.6
2026-06-10 01:16:01,32443,13822,21.2
2026-06-10 01:16:03,32445,13823,30.9
2026-06-10 01:16:05,32447,13824,25.7
2026-06-10 01:16:07,32449,13825,35.1
2026-06-10 01:16:09,32451,13826,32.6
2026-06-10 01:16:11,32453,13827,23.1
2026-06-10 01:16:13,32455,13828,17.3
2026-06-10 01:16:15,32457,13829,25.4
2026-06-10 01:16:17,32459,13830,25.3
2026-06-10 01:16:19,32461,13831,30.3
2026-06-10 01:16:21,32463,13832,50.0
2026-06-10 01:16:23,32465,13833,53.6
2026-06-10 01:16:25,32467,13834,40.7
2026-06-10 01:16:27,32469,13835,40.4
2026-06-10 01:16:29,32471,13836,29.0
2026-06-10 01:16:31,32473,13837,16.7
2026-06-10 01:16:33,32475,13838,33.3
2026-06-10 01:16:35,32477,13839,29.3
2026-06-10 01:16:37,32479,13840,25.5
2026-06-10 01:16:39,32481,13841,35.6
2026-06-10 01:16:41,32483,13842,30.3
2026-06-10 01:16:43,32485,13843,24.1
2026-06-10 01:16:45,32487,13844,40.3
2026-06-10 01:16:47,32489,13845,28.7
2026-06-10 01:16:49,32491,13846,36.0
2026-06-10 01:16:51,32493,13847,34.1
2026-06-10 01:16:53,32495,13848,32.0
2026-06-10 01:16:55,32497,13849,37.8
2026-06-10 01:16:57,32499,13850,47.7
2026-06-10 01:16:59,32501,13851,28.6
2026-06-10 01:17:01,32503,13852,26.2
2026-06-10 01:17:03,32505,13853,41.5
2026-06-10 01:17:05,32507,13854,37.4
2026-06-10 01:17:07,32509,13855,34.1
2026-06-10 01:17:09,32511,13856,36.8
2026-06-10 01:17:11,32513,13857,58.0
2026-06-10 01:17:13,32515,13858,114
2026-06-10 01:17:15,32517,13859,44.4
2026-06-10 01:17:17,32519,13860,34.3
2026-06-10 01:17:19,32521,13861,33.0
2026-06-10 01:17:21,32523,13862,43.8
2026-06-10 01:17:23,32525,13863,277
2026-06-10 01:17:25,32527,13864,22.8
2026-06-10 01:17:27,32529,13865,42.9
2026-06-10 01:17:29,32531,13866,33.4
2026-06-10 01:17:31,32533,13867,21.8
2026-06-10 01:17:33,32535,13868,47.0
2026-06-10 01:17:35,32537,13869,42.3
2026-06-10 01:17:37,32539,13870,110
2026-06-10 01:17:39,32541,13871,26.5
2026-06-10 01:17:41,32543,13872,29.6
2026-06-10 01:17:43,32545,13873,45.7
2026-06-10 01:17:45,32547,13874,23.0
2026-06-10 01:17:47,32549,13875,48.2
2026-06-10 01:17:49,32551,13876,22.6
2026-06-10 01:17:52,32553,13877,35.1
2026-06-10 01:17:53,32555,13878,55.8
2026-06-10 01:17:55,32557,13879,36.9
2026-06-10 01:17:57,32559,13880,35.4
2026-06-10 01:17:59,32561,13881,37.0
2026-06-10 01:18:01,32563,13882,34.4
2026-06-10 01:18:03,32565,13883,80.8
2026-06-10 01:18:06,32568,13884,34.2
2026-06-10 01:18:08,32570,13885,101
2026-06-10 01:18:10,32572,13886,224
2026-06-10 01:18:12,32574,13887,38.3
2026-06-10 01:18:14,32576,13888,139
2026-06-10 01:18:17,32579,13889,42.9
2026-06-10 01:18:19,32581,13890,52.9
2026-06-10 01:18:21,32583,13891,38.3
2026-06-10 01:18:23,32585,13892,27.4
2026-06-10 01:18:25,32587,13893,52.4
2026-06-10 01:18:27,32589,13894,23.1
2026-06-10 01:18:29,32591,13895,72.5
2026-06-10 01:18:31,32593,13896,42.8
2026-06-10 01:18:34,32596,13897,41.1
2026-06-10 01:18:36,32598,13898,40.0
2026-06-10 01:18:38,32600,13899,40.8
2026-06-10 01:18:40,32602,13900,28.7
2026-06-10 01:18:42,32604,13901,34.7
2026-06-10 01:18:44,32606,13902,104
2026-06-10 01:18:46,32608,13903,37.9
2026-06-10 01:18:48,32610,13904,33.1
2026-06-10 01:18:50,32612,13905,28.6
2026-06-10 01:18:52,32614,13906,45.8
2026-06-10 01:18:54,32616,13907,41.4
2026-06-10 01:18:57,32619,13908,30.1
2026-06-10 01:18:58,32620,13909,42.8
2026-06-10 01:19:00,32622,13910,25.2
2026-06-10 01:19:03,32625,13911,23.6
2026-06-10 01:19:05,32627,13912,46.7
2026-06-10 01:19:07,32629,13913,30.8
2026-06-10 01:19:09,32631,13914,45.4
2026-06-10 01:19:11,32633,13915,34.7
2026-06-10 01:19:13,32635,13916,50.9
2026-06-10 01:19:15,32637,13917,18.2
2026-06-10 01:19:17,32639,13918,30.2
2026-06-10 01:19:19,32641,13919,59.0
2026-06-10 01:19:21,32643,13920,32.6
2026-06-10 01:19:23,32645,13921,27.6
2026-06-10 01:19:25,32647,13922,16.8
2026-06-10 01:19:27,32649,13923,44.5
2026-06-10 01:19:29,32651,13924,36.6
2026-06-10 01:19:31,32653,13925,24.5
2026-06-10 01:19:33,32655,13926,43.4
2026-06-10 01:19:35,32657,13927,38.7
2026-06-10 01:19:37,32659,13928,380
2026-06-10 01:19:39,32661,13929,34.3
2026-06-10 01:19:41,32663,13930,47.1
2026-06-10 01:19:43,32665,13931,46.4
2026-06-10 01:19:45,32667,13932,38.1
2026-06-10 01:19:47,32669,13933,35.4
2026-06-10 01:19:49,32671,13934,35.4
2026-06-10 01:19:51,32673,13935,42.5
2026-06-10 01:19:53,32675,13936,40.4
2026-06-10 01:19:55,32677,13937,19.8
2026-06-10 01:19:57,32679,13938,37.3
2026-06-10 01:19:59,32681,13939,37.6
2026-06-10 01:20:01,32683,13940,25.0
2026-06-10 01:20:03,32685,13941,70.0
2026-06-10 01:20:05,32687,13942,24.5
2026-06-10 01:20:07,32689,13943,33.2
2026-06-10 01:20:09,32691,13944,20.9
2026-06-10 01:20:11,32693,13945,31.9
2026-06-10 01:20:13,32695,13946,27.1
2026-06-10 01:20:15,32697,13947,35.7
2026-06-10 01:20:17,32699,13948,46.3
2026-06-10 01:20:19,32701,13949,24.8
2026-06-10 01:20:21,32703,13950,47.1
2026-06-10 01:20:23,32705,13951,23.0
2026-06-10 01:20:25,32707,13952,32.4
2026-06-10 01:20:27,32709,13953,33.4
2026-06-10 01:20:29,32711,13954,30.7
2026-06-10 01:20:31,32713,13955,21.2
2026-06-10 01:20:33,32715,13956,46.4
2026-06-10 01:20:35,32717,13957,44.2
2026-06-10 01:20:37,32719,13958,28.8
2026-06-10 01:20:39,32721,13959,39.9
2026-06-10 01:20:41,32723,13960,29.2
2026-06-10 01:20:43,32725,13961,29.3
2026-06-10 01:20:45,32727,13962,36.8
2026-06-10 01:20:47,32729,13963,29.3
2026-06-10 01:20:49,32731,13964,35.2
2026-06-10 01:20:51,32733,13965,35.3
2026-06-10 01:20:53,32735,13966,40.5
2026-06-10 01:20:55,32737,13967,37.6
2026-06-10 01:20:57,32739,13968,34.4
2026-06-10 01:20:59,32741,13969,38.9
2026-06-10 01:21:01,32743,13970,30.6
2026-06-10 01:21:03,32745,13971,38.3
2026-06-10 01:21:05,32747,13972,35.6
2026-06-10 01:21:07,32749,13973,34.6
2026-06-10 01:21:09,32751,13974,49.0
2026-06-10 01:21:11,32753,13975,28.1
2026-06-10 01:21:13,32755,13976,41.8
2026-06-10 01:21:15,32757,13977,40.5
2026-06-10 01:21:17,32759,13978,35.6
2026-06-10 01:21:19,32761,13979,27.1
2026-06-10 01:21:21,32763,13980,35.2
2026-06-10 01:21:23,32765,13981,46.9
2026-06-10 01:21:25,32767,13982,59.8
2026-06-10 01:21:27,32769,13983,30.3
2026-06-10 01:21:29,32771,13984,31.5
2026-06-10 01:21:31,32773,13985,32.5
2026-06-10 01:21:33,32775,13986,37.8
2026-06-10 01:21:35,32777,13987,30.2
2026-06-10 01:21:37,32779,13988,38.1
2026-06-10 01:21:39,32781,13989,48.4
2026-06-10 01:21:41,32783,13990,38.1
2026-06-10 01:21:43,32785,13991,50.6
2026-06-10 01:21:45,32787,13992,35.9
2026-06-10 01:21:47,32789,13993,43.0
2026-06-10 01:21:49,32791,13994,33.0
2026-06-10 01:21:51,32793,13995,38.3
2026-06-10 01:21:53,32795,13996,38.7
2026-06-10 01:21:55,32797,13997,34.9
2026-06-10 01:21:57,32799,13998,42.0
2026-06-10 01:21:59,32801,13999,53.0
2026-06-10 01:22:01,32803,14000,31.8
2026-06-10 01:22:03,32805,14001,32.0
2026-06-10 01:22:05,32807,14002,39.0
2026-06-10 01:22:07,32809,14003,24.2
2026-06-10 01:22:09,32811,14004,32.7
2026-06-10 01:22:11,32813,14005,35.3
2026-06-10 01:22:13,32815,14006,35.2
2026-06-10 01:22:15,32817,14007,348
2026-06-10 01:22:17,32819,14008,111
2026-06-10 01:22:19,32821,14009,30.4
2026-06-10 01:22:22,32824,14010,210
2026-06-10 01:22:24,32826,14011,37.0
2026-06-10 01:22:26,32828,14012,37.3
2026-06-10 01:22:28,32830,14013,46.8
2026-06-10 01:22:30,32832,14014,50.9
2026-06-10 01:22:32,32834,14015,47.0
2026-06-10 01:22:34,32836,14016,43.9
2026-06-10 01:22:36,32838,14017,33.0
2026-06-10 01:22:38,32840,14018,33.1
2026-06-10 01:22:41,32843,14019,31.9
2026-06-10 01:22:43,32845,14020,245
2026-06-10 01:22:45,32847,14021,161
2026-06-10 01:22:47,32849,14022,29.0
2026-06-10 01:22:49,32851,14023,32.1
2026-06-10 01:22:51,32853,14024,43.3
2026-06-10 01:22:53,32855,14025,41.3
2026-06-10 01:22:55,32857,14026,31.9
2026-06-10 01:22:57,32859,14027,26.9
2026-06-10 01:22:59,32861,14028,29.1
2026-06-10 01:23:01,32863,14029,30.4
2026-06-10 01:23:03,32865,14030,38.7
2026-06-10 01:23:05,32867,14031,31.0
2026-06-10 01:23:07,32869,14032,46.4
2026-06-10 01:23:09,32871,14033,26.7
2026-06-10 01:23:11,32873,14034,26.7
2026-06-10 01:23:13,32875,14035,23.3
2026-06-10 01:23:15,32877,14036,41.2
2026-06-10 01:23:17,32879,14037,33.7
2026-06-10 01:23:19,32881,14038,42.2
2026-06-10 01:23:21,32883,14039,19.1
2026-06-10 01:23:23,32885,14040,26.8
2026-06-10 01:23:25,32887,14041,49.9
2026-06-10 01:23:27,32889,14042,19.2
2026-06-10 01:23:29,32891,14043,73.6
2026-06-10 01:23:31,32893,14044,23.3
2026-06-10 01:23:33,32895,14045,27.7
2026-06-10 01:23:35,32897,14046,38.2
2026-06-10 01:23:37,32899,14047,58.0
2026-06-10 01:23:39,32901,14048,37.3
2026-06-10 01:23:41,32903,14049,53.8
2026-06-10 01:23:43,32905,14050,30.9
2026-06-10 01:23:45,32907,14051,35.1
2026-06-10 01:23:47,32909,14052,36.4
2026-06-10 01:23:49,32911,14053,31.6
2026-06-10 01:23:51,32913,14054,27.0
2026-06-10 01:23:53,32915,14055,41.1
2026-06-10 01:23:55,32917,14056,34.7
2026-06-10 01:23:57,32919,14057,36.6
2026-06-10 01:23:59,32921,14058,37.1
2026-06-10 01:24:01,32923,14059,45.3
2026-06-10 01:24:03,32925,14060,27.8
2026-06-10 01:24:05,32927,14061,27.5
2026-06-10 01:24:07,32929,14062,24.2
2026-06-10 01:24:09,32931,14063,34.0
2026-06-10 01:24:11,32933,14064,41.0
2026-06-10 01:24:13,32935,14065,32.0
2026-06-10 01:24:15,32937,14066,35.0
2026-06-10 01:24:17,32939,14067,42.2
2026-06-10 01:24:19,32941,14068,25.8
2026-06-10 01:24:21,32943,14069,41.6
2026-06-10 01:24:23,32945,14070,59.9
2026-06-10 01:24:25,32947,14071,33.2
2026-06-10 01:24:27,32949,14072,44.5
2026-06-10 01:24:29,32951,14073,97.5
2026-06-10 01:24:31,32953,14074,25.6
2026-06-10 01:24:33,32955,14075,32.1
2026-06-10 01:24:35,32957,14076,28.1
2026-06-10 01:24:37,32959,14077,30.7
2026-06-10 01:24:39,32961,14078,25.9
2026-06-10 01:24:41,32963,14079,58.9
2026-06-10 01:24:43,32965,14080,28.4
2026-06-10 01:24:45,32967,14081,35.8
2026-06-10 01:24:47,32969,14082,29.6
2026-06-10 01:24:49,32971,14083,40.1
2026-06-10 01:24:51,32973,14084,36.9
2026-06-10 01:24:53,32975,14085,38.6
2026-06-10 01:24:55,32977,14086,79.0
2026-06-10 01:24:57,32979,14087,64.3
2026-06-10 01:24:59,32981,14088,28.6
2026-06-10 01:25:01,32983,14089,46.2
2026-06-10 01:25:03,32985,14090,26.6
2026-06-10 01:25:06,32988,14091,37.7
2026-06-10 01:25:08,32990,14092,44.1
2026-06-10 01:25:10,32992,14093,51.2
2026-06-10 01:25:12,32994,14094,24.4
2026-06-10 01:25:14,32996,14095,36.0
2026-06-10 01:25:16,32998,14096,33.6
2026-06-10 01:25:18,33000,14097,31.1
2026-06-10 01:25:20,33002,14098,25.9
2026-06-10 01:25:22,33004,14099,41.2
2026-06-10 01:25:24,33006,14100,28.6
2026-06-10 01:25:26,33008,14101,51.3
2026-06-10 01:25:28,33010,14102,14.8
2026-06-10 01:25:30,33012,14103,34.0
2026-06-10 01:25:32,33014,14104,34.9
2026-06-10 01:25:34,33016,14105,29.5
2026-06-10 01:25:36,33018,14106,34.8
2026-06-10 01:25:38,33020,14107,29.7
2026-06-10 01:25:40,33022,14108,45.6
2026-06-10 01:25:42,33024,14109,38.7
2026-06-10 01:25:44,33026,14110,48.6
2026-06-10 01:25:46,33028,14111,33.3
2026-06-10 01:25:48,33030,14112,28.1
2026-06-10 01:25:50,33032,14113,45.1
2026-06-10 01:25:52,33034,14114,28.4
2026-06-10 01:25:54,33036,14115,54.8
2026-06-10 01:25:56,33038,14116,79.2
2026-06-10 01:25:58,33040,14117,39.7
2026-06-10 01:26:00,33042,14118,72.1
2026-06-10 01:26:02,33044,14119,42.6
2026-06-10 01:26:04,33046,14120,32.9
2026-06-10 01:26:06,33048,14121,30.1
2026-06-10 01:26:08,33050,14122,32.4
2026-06-10 01:26:10,33052,14123,28.6
2026-06-10 01:26:12,33054,14124,27.9
2026-06-10 01:26:14,33056,14125,33.9
2026-06-10 01:26:16,33058,14126,41.3
2026-06-10 01:26:18,33060,14127,29.3
2026-06-10 01:26:20,33062,14128,35.5
2026-06-10 01:26:22,33064,14129,33.5
2026-06-10 01:26:24,33066,14130,33.0
2026-06-10 01:26:26,33068,14131,36.0
2026-06-10 01:26:28,33070,14132,55.4
2026-06-10 01:26:30,33072,14133,27.5
2026-06-10 01:26:32,33074,14134,29.2
2026-06-10 01:26:34,33076,14135,33.8
2026-06-10 01:26:36,33078,14136,39.5
2026-06-10 01:26:38,33080,14137,46.4
2026-06-10 01:26:40,33082,14138,35.9
2026-06-10 01:26:42,33084,14139,38.7
2026-06-10 01:26:44,33086,14140,28.0
2026-06-10 01:26:46,33088,14141,26.6
2026-06-10 01:26:48,33090,14142,37.2
2026-06-10 01:26:50,33092,14143,33.2
2026-06-10 01:26:52,33094,14144,34.1
2026-06-10 01:26:54,33096,14145,24.0
2026-06-10 01:26:56,33098,14146,27.0
2026-06-10 01:26:58,33100,14147,33.4
2026-06-10 01:27:00,33102,14148,37.9
2026-06-10 01:27:02,33104,14149,30.1
2026-06-10 01:27:04,33106,14150,249
2026-06-10 01:27:06,33108,14151,55.8
2026-06-10 01:27:08,33110,14152,47.6
2026-06-10 01:27:10,33112,14153,33.7
2026-06-10 01:27:13,33115,14154,25.1
2026-06-10 01:27:15,33117,14155,20.7
2026-06-10 01:27:17,33119,14156,29.5
2026-06-10 01:27:19,33121,14157,28.6
2026-06-10 01:27:21,33123,14158,26.0
2026-06-10 01:27:23,33125,14159,15.8
2026-06-10 01:27:26,33128,14160,48.8
2026-06-10 01:27:28,33130,14161,24.3
2026-06-10 01:27:30,33132,14162,30.0
2026-06-10 01:27:32,33134,14163,26.8
2026-06-10 01:27:34,33136,14164,38.6
2026-06-10 01:27:36,33138,14165,38.0
2026-06-10 01:27:38,33140,14166,29.1
2026-06-10 01:27:40,33142,14167,19.4
2026-06-10 01:27:42,33144,14168,24.4
2026-06-10 01:27:44,33146,14169,21.8
2026-06-10 01:27:46,33148,14170,28.7
2026-06-10 01:27:48,33150,14171,24.5
2026-06-10 01:27:50,33152,14172,36.4
2026-06-10 01:27:52,33154,14173,17.8
2026-06-10 01:27:54,33156,14174,42.7
2026-06-10 01:27:56,33158,14175,25.1
2026-06-10 01:27:58,33160,14176,116
2026-06-10 01:28:00,33162,14177,34.2
2026-06-10 01:28:02,33164,14178,29.1
2026-06-10 01:28:04,33166,14179,29.3
2026-06-10 01:28:06,33168,14180,35.9
2026-06-10 01:28:08,33170,14181,25.7
2026-06-10 01:28:10,33172,14182,22.2
2026-06-10 01:28:12,33174,14183,53.0
2026-06-10 01:28:14,33176,14184,24.9
2026-06-10 01:28:16,33178,14185,35.3
2026-06-10 01:28:18,33180,14186,30.9
2026-06-10 01:28:20,33182,14187,30.3
2026-06-10 01:28:22,33184,14188,32.7
2026-06-10 01:28:24,33186,14189,30.4
2026-06-10 01:28:26,33188,14190,33.2
2026-06-10 01:28:28,33190,14191,27.7
2026-06-10 01:28:30,33192,14192,44.9
2026-06-10 01:28:32,33194,14193,38.0
2026-06-10 01:28:34,33196,14194,40.1
2026-06-10 01:28:36,33198,14195,32.3
2026-06-10 01:28:38,33200,14196,32.9
2026-06-10 01:28:40,33202,14197,28.2
2026-06-10 01:28:42,33204,14198,34.9
2026-06-10 01:28:44,33206,14199,32.9
2026-06-10 01:28:46,33208,14200,45.0
2026-06-10 01:28:48,33210,14201,37.6
2026-06-10 01:28:50,33212,14202,35.3
2026-06-10 01:28:52,33214,14203,35.5
2026-06-10 01:28:54,33216,14204,24.9
2026-06-10 01:28:56,33218,14205,21.7
2026-06-10 01:28:58,33220,14206,37.1
2026-06-10 01:29:00,33222,14207,45.0
2026-06-10 01:29:02,33224,14208,28.4
2026-06-10 01:29:04,33226,14209,51.2
2026-06-10 01:29:06,33228,14210,30.7
2026-06-10 01:29:08,33230,14211,193
2026-06-10 01:29:10,33232,14212,41.3
2026-06-10 01:29:12,33234,14213,37.3
2026-06-10 01:29:14,33236,14214,33.4
2026-06-10 01:29:16,33238,14215,31.9
2026-06-10 01:29:18,33240,14216,261
2026-06-10 01:29:20,33242,14217,57.3
2026-06-10 01:29:22,33244,14218,38.1
2026-06-10 01:29:24,33246,14219,40.0
2026-06-10 01:29:26,33248,14220,47.2
2026-06-10 01:29:28,33250,14221,23.5
2026-06-10 01:29:30,33252,14222,32.7
2026-06-10 01:29:32,33254,14223,36.2
2026-06-10 01:29:34,33256,14224,33.7
2026-06-10 01:29:36,33258,14225,29.3
2026-06-10 01:29:38,33260,14226,217
2026-06-10 01:29:40,33262,14227,25.9
2026-06-10 01:29:42,33264,14228,34.9
2026-06-10 01:29:44,33266,14229,32.0
2026-06-10 01:29:46,33268,14230,31.5
2026-06-10 01:29:48,33270,14231,27.5
2026-06-10 01:29:50,33272,14232,34.3
2026-06-10 01:29:52,33274,14233,236
2026-06-10 01:29:55,33277,14234,30.0
2026-06-10 01:29:57,33279,14235,34.6
2026-06-10 01:29:59,33281,14236,21.9
2026-06-10 01:30:01,33283,14237,25.2
2026-06-10 01:30:03,33285,14238,41.7
2026-06-10 01:30:05,33287,14239,25.2
2026-06-10 01:30:07,33289,14240,29.2
2026-06-10 01:30:09,33291,14241,47.0
2026-06-10 01:30:11,33293,14242,35.9
2026-06-10 01:30:13,33295,14243,32.4
2026-06-10 01:30:15,33297,14244,37.4
2026-06-10 01:30:17,33299,14245,36.1
2026-06-10 01:30:19,33301,14246,30.6
2026-06-10 01:30:21,33303,14247,46.8
2026-06-10 01:30:23,33305,14248,43.8
2026-06-10 01:30:25,33307,14249,36.0
2026-06-10 01:30:27,33309,14250,31.3
2026-06-10 01:30:29,33311,14251,31.6
2026-06-10 01:30:31,33313,14252,47.9
2026-06-10 01:30:33,33315,14253,47.9
2026-06-10 01:30:35,33317,14254,40.0
2026-06-10 01:30:37,33319,14255,41.9
2026-06-10 01:30:39,33321,14256,52.1
2026-06-10 01:30:41,33323,14257,36.8
2026-06-10 01:30:43,33325,14258,33.8
2026-06-10 01:30:45,33327,14259,60.7
2026-06-10 01:30:47,33329,14260,30.3
2026-06-10 01:30:49,33331,14261,39.9
2026-06-10 01:30:51,33333,14262,43.2
2026-06-10 01:30:53,33335,14263,42.2
2026-06-10 01:30:55,33337,14264,47.2
2026-06-10 01:30:57,33339,14265,40.1
2026-06-10 01:30:59,33341,14266,25.3
2026-06-10 01:31:01,33343,14267,42.9
2026-06-10 01:31:03,33345,14268,37.5
2026-06-10 01:31:05,33347,14269,54.4
2026-06-10 01:31:07,33349,14270,38.3
2026-06-10 01:31:09,33351,14271,39.2
2026-06-10 01:31:11,33353,14272,37.0
2026-06-10 01:31:13,33355,14273,36.9
2026-06-10 01:31:15,33357,14274,18.8
2026-06-10 01:31:17,33359,14275,32.6
2026-06-10 01:31:19,33361,14276,64.9
2026-06-10 01:31:21,33363,14277,48.8
2026-06-10 01:31:23,33365,14278,40.5
2026-06-10 01:31:25,33367,14279,32.6
2026-06-10 01:31:27,33369,14280,28.1
2026-06-10 01:31:29,33371,14281,25.8
2026-06-10 01:31:31,33373,14282,29.0
2026-06-10 01:31:33,33375,14283,54.0
2026-06-10 01:31:35,33377,14284,27.1
2026-06-10 01:31:37,33379,14285,35.2
2026-06-10 01:31:39,33381,14286,25.0
2026-06-10 01:31:41,33383,14287,33.8
2026-06-10 01:31:43,33385,14288,32.2
2026-06-10 01:31:45,33387,14289,38.4
2026-06-10 01:31:47,33389,14290,23.7
2026-06-10 01:31:49,33391,14291,44.3
2026-06-10 01:31:51,33393,14292,73.5
2026-06-10 01:31:53,33395,14293,18.5
2026-06-10 01:31:55,33397,14294,29.1
2026-06-10 01:31:57,33399,14295,40.2
2026-06-10 01:31:59,33401,14296,37.4
2026-06-10 01:32:01,33403,14297,37.0
2026-06-10 01:32:03,33405,14298,34.8
2026-06-10 01:32:05,33407,14299,53.5
2026-06-10 01:32:07,33409,14300,38.0
2026-06-10 01:32:09,33411,14301,32.0
2026-06-10 01:32:11,33413,14302,37.0
2026-06-10 01:32:13,33415,14303,38.0
2026-06-10 01:32:15,33417,14304,24.8
2026-06-10 01:32:17,33419,14305,31.7
2026-06-10 01:32:19,33421,14306,31.1
2026-06-10 01:32:21,33423,14307,35.7
2026-06-10 01:32:23,33425,14308,31.3
2026-06-10 01:32:25,33427,14309,33.3
2026-06-10 01:32:27,33429,14310,61.0
2026-06-10 01:32:29,33431,14311,30.2
2026-06-10 01:32:31,33433,14312,28.0
2026-06-10 01:32:33,33435,14313,36.9
2026-06-10 01:32:35,33437,14314,32.4
2026-06-10 01:32:37,33439,14315,30.6
2026-06-10 01:32:39,33441,14316,17.6
2026-06-10 01:32:41,33443,14317,70.8
2026-06-10 01:32:43,33445,14318,24.7
2026-06-10 01:32:45,33447,14319,40.3
2026-06-10 01:32:47,33449,14320,42.4
2026-06-10 01:32:49,33451,14321,44.3
2026-06-10 01:32:51,33453,14322,31.9
2026-06-10 01:32:54,33456,14323,35.5
2026-06-10 01:32:56,33458,14324,28.5
2026-06-10 01:32:58,33460,14325,64.3
2026-06-10 01:33:00,33462,14326,29.5
2026-06-10 01:33:02,33464,14327,54.5
2026-06-10 01:33:04,33466,14328,35.4
2026-06-10 01:33:06,33468,14329,62.7
2026-06-10 01:33:08,33470,14330,43.9
2026-06-10 01:33:10,33472,14331,39.7
2026-06-10 01:33:12,33474,14332,140
2026-06-10 01:33:14,33476,14333,22.3
2026-06-10 01:33:16,33478,14334,122
2026-06-10 01:33:18,33480,14335,96.2
2026-06-10 01:33:21,33483,14336,70.1
2026-06-10 01:33:23,33485,14337,54.5
2026-06-10 01:33:25,33487,14338,94.1
2026-06-10 01:33:27,33489,14339,113
2026-06-10 01:33:29,33491,14340,59.0
2026-06-10 01:33:31,33493,14341,32.8
2026-06-10 01:33:33,33495,14342,36.6
2026-06-10 01:33:35,33497,14343,37.2
2026-06-10 01:33:37,33499,14344,26.6
2026-06-10 01:33:39,33501,14345,36.9
2026-06-10 01:33:42,33504,14346,43.7
2026-06-10 01:33:44,33506,14347,26.6
2026-06-10 01:33:46,33508,14348,37.1
2026-06-10 01:33:48,33510,14349,41.5
2026-06-10 01:33:50,33512,14350,40.8
2026-06-10 01:33:52,33514,14351,34.8
2026-06-10 01:33:54,33516,14352,38.5
2026-06-10 01:33:56,33518,14353,25.6
2026-06-10 01:33:58,33520,14354,32.9
2026-06-10 01:34:00,33522,14355,33.5
2026-06-10 01:34:02,33524,14356,34.6
2026-06-10 01:34:04,33526,14357,30.2
2026-06-10 01:34:06,33528,14358,29.0
2026-06-10 01:34:08,33530,14359,33.5
2026-06-10 01:34:10,33532,14360,31.4
2026-06-10 01:34:12,33534,14361,29.0
2026-06-10 01:34:14,33536,14362,33.0
2026-06-10 01:34:16,33538,14363,31.7
2026-06-10 01:34:18,33540,14364,42.4
2026-06-10 01:34:20,33542,14365,32.0
2026-06-10 01:34:22,33544,14366,33.6
2026-06-10 01:34:24,33546,14367,41.5
2026-06-10 01:34:26,33548,14368,33.9
2026-06-10 01:34:28,33550,14369,190
2026-06-10 01:34:30,33552,14370,27.7
2026-06-10 01:34:32,33554,14371,27.0
2026-06-10 01:34:34,33556,14372,36.0
2026-06-10 01:34:36,33558,14373,36.7
2026-06-10 01:34:38,33560,14374,39.1
2026-06-10 01:34:40,33562,14375,31.3
2026-06-10 01:34:42,33564,14376,27.5
2026-06-10 01:34:44,33566,14377,36.8
2026-06-10 01:34:46,33568,14378,55.5
2026-06-10 01:34:48,33570,14379,29.6
2026-06-10 01:34:50,33572,14380,30.0
2026-06-10 01:34:52,33574,14381,49.8
2026-06-10 01:34:54,33576,14382,42.8
2026-06-10 01:34:56,33578,14383,29.0
2026-06-10 01:34:58,33580,14384,39.2
2026-06-10 01:35:00,33582,14385,29.9
2026-06-10 01:35:02,33584,14386,11.2
2026-06-10 01:35:04,33586,14387,25.0
2026-06-10 01:35:06,33588,14388,32.0
2026-06-10 01:35:08,33590,14389,35.3
2026-06-10 01:35:10,33592,14390,20.5
2026-06-10 01:35:12,33594,14391,49.6
2026-06-10 01:35:14,33596,14392,23.1
2026-06-10 01:35:16,33598,14393,56.0
2026-06-10 01:35:18,33600,14394,35.3
2026-06-10 01:35:20,33602,14395,31.0
2026-06-10 01:35:22,33604,14396,46.9
2026-06-10 01:35:24,33606,14397,32.2
2026-06-10 01:35:26,33608,14398,42.8
2026-06-10 01:35:28,33610,14399,25.8
2026-06-10 01:35:30,33612,14400,54.6
2026-06-10 01:35:32,33614,14401,44.0
2026-06-10 01:35:34,33616,14402,19.2
2026-06-10 01:35:36,33618,14403,27.8
2026-06-10 01:35:38,33620,14404,25.9
2026-06-10 01:35:40,33622,14405,43.3
2026-06-10 01:35:42,33624,14406,25.7
2026-06-10 01:35:44,33626,14407,31.1
2026-06-10 01:35:46,33628,14408,33.0
2026-06-10 01:35:48,33630,14409,29.1
2026-06-10 01:35:50,33632,14410,38.7
2026-06-10 01:35:52,33634,14411,30.9
2026-06-10 01:35:54,33636,14412,78.1
2026-06-10 01:35:56,33638,14413,35.7
2026-06-10 01:35:58,33640,14414,28.4
2026-06-10 01:36:00,33642,14415,44.2
2026-06-10 01:36:02,33644,14416,30.9
2026-06-10 01:36:04,33646,14417,34.7
2026-06-10 01:36:06,33648,14418,36.5
2026-06-10 01:36:08,33650,14419,31.5
2026-06-10 01:36:10,33652,14420,33.9
2026-06-10 01:36:12,33654,14421,32.4
2026-06-10 01:36:14,33656,14422,42.8
2026-06-10 01:36:16,33658,14423,42.5
2026-06-10 01:36:18,33660,14424,40.6
2026-06-10 01:36:20,33662,14425,21.7
2026-06-10 01:36:22,33664,14426,33.7
2026-06-10 01:36:24,33666,14427,30.0
2026-06-10 01:36:26,33668,14428,21.5
2026-06-10 01:36:28,33670,14429,50.1
2026-06-10 01:36:30,33672,14430,54.0
2026-06-10 01:36:32,33674,14431,31.0
2026-06-10 01:36:34,33676,14432,43.1
2026-06-10 01:36:36,33678,14433,42.9
2026-06-10 01:36:38,33680,14434,27.0
2026-06-10 01:36:40,33682,14435,47.4
2026-06-10 01:36:42,33684,14436,32.4
2026-06-10 01:36:44,33686,14437,36.6
2026-06-10 01:36:46,33688,14438,31.8
2026-06-10 01:36:48,33690,14439,35.8
2026-06-10 01:36:50,33692,14440,18.6
2026-06-10 01:36:52,33694,14441,31.7
2026-06-10 01:36:54,33696,14442,34.4
2026-06-10 01:36:56,33698,14443,24.9
2026-06-10 01:36:58,33700,14444,42.3
2026-06-10 01:37:00,33702,14445,25.0
2026-06-10 01:37:02,33704,14446,51.6
2026-06-10 01:37:04,33706,14447,19.9
2026-06-10 01:37:06,33708,14448,26.8
2026-06-10 01:37:08,33710,14449,31.3
2026-06-10 01:37:10,33712,14450,34.8
2026-06-10 01:37:12,33714,14451,28.2
2026-06-10 01:37:14,33716,14452,31.7
2026-06-10 01:37:16,33718,14453,34.9
2026-06-10 01:37:18,33720,14454,44.2
2026-06-10 01:37:20,33722,14455,39.5
2026-06-10 01:37:22,33724,14456,35.7
2026-06-10 01:37:24,33726,14457,89.0
2026-06-10 01:37:26,33728,14458,34.4
2026-06-10 01:37:28,33730,14459,44.0
2026-06-10 01:37:30,33732,14460,41.3
2026-06-10 01:37:32,33734,14461,38.3
2026-06-10 01:37:34,33736,14462,44.9
2026-06-10 01:37:36,33738,14463,42.2
2026-06-10 01:37:38,33740,14464,26.2
2026-06-10 01:37:40,33742,14465,36.7
2026-06-10 01:37:42,33744,14466,30.1
2026-06-10 01:37:44,33746,14467,28.3
2026-06-10 01:37:46,33748,14468,46.2
2026-06-10 01:37:48,33750,14469,40.4
2026-06-10 01:37:50,33752,14470,30.6
2026-06-10 01:37:52,33754,14471,40.6
2026-06-10 01:37:54,33756,14472,43.1
2026-06-10 01:37:56,33758,14473,33.0
2026-06-10 01:37:58,33760,14474,35.6
2026-06-10 01:38:00,33762,14475,41.3
2026-06-10 01:38:02,33764,14476,27.5
2026-06-10 01:38:04,33766,14477,30.6
2026-06-10 01:38:06,33768,14478,36.4
2026-06-10 01:38:08,33770,14479,30.2
2026-06-10 01:38:10,33772,14480,22.8
2026-06-10 01:38:12,33774,14481,42.6
2026-06-10 01:38:14,33776,14482,26.9
2026-06-10 01:38:16,33778,14483,44.9
2026-06-10 01:38:18,33780,14484,31.9
2026-06-10 01:38:20,33782,14485,52.4
2026-06-10 01:38:22,33784,14486,27.1
2026-06-10 01:38:24,33786,14487,33.8
2026-06-10 01:38:26,33788,14488,35.2
2026-06-10 01:38:28,33790,14489,39.5
2026-06-10 01:38:30,33792,14490,30.7
2026-06-10 01:38:32,33794,14491,36.4
2026-06-10 01:38:34,33796,14492,39.5
2026-06-10 01:38:36,33798,14493,38.8
2026-06-10 01:38:38,33800,14494,32.1
2026-06-10 01:38:40,33802,14495,36.1
2026-06-10 01:38:42,33804,14496,21.5
2026-06-10 01:38:44,33806,14497,31.8
2026-06-10 01:38:46,33808,14498,24.2
2026-06-10 01:38:48,33810,14499,76.2
2026-06-10 01:38:50,33812,14500,35.8
2026-06-10 01:38:52,33814,14501,37.4
2026-06-10 01:38:54,33816,14502,38.1
2026-06-10 01:38:56,33818,14503,45.0
2026-06-10 01:38:58,33820,14504,45.5
2026-06-10 01:39:00,33822,14505,51.5
2026-06-10 01:39:02,33824,14506,39.5
2026-06-10 01:39:04,33826,14507,27.4
2026-06-10 01:39:06,33828,14508,32.0
2026-06-10 01:39:08,33830,14509,32.9
2026-06-10 01:39:10,33832,14510,27.9
2026-06-10 01:39:12,33834,14511,154
2026-06-10 01:39:14,33836,14512,260
2026-06-10 01:39:16,33838,14513,53.8
2026-06-10 01:39:19,33841,14514,42.6
2026-06-10 01:39:21,33843,14515,39.4
2026-06-10 01:39:22,33844,14516,42.0
2026-06-10 01:39:24,33846,14517,37.9
2026-06-10 01:39:26,33848,14518,52.6
2026-06-10 01:39:28,33850,14519,36.5
2026-06-10 01:39:30,33852,14520,33.4
2026-06-10 01:39:32,33854,14521,68.9
2026-06-10 01:39:34,33856,14522,53.5
2026-06-10 01:39:36,33858,14523,166
2026-06-10 01:39:39,33861,14524,90.2
2026-06-10 01:39:41,33863,14525,39.8
2026-06-10 01:39:43,33865,14526,37.4
2026-06-10 01:39:45,33867,14527,27.4
2026-06-10 01:39:47,33869,14528,39.5
2026-06-10 01:39:49,33871,14529,47.2
2026-06-10 01:39:51,33873,14530,35.8
2026-06-10 01:39:53,33875,14531,47.8
2026-06-10 01:39:55,33877,14532,47.2
2026-06-10 01:39:57,33879,14533,43.8
2026-06-10 01:39:59,33881,14534,25.1
2026-06-10 01:40:01,33883,14535,37.3
2026-06-10 01:40:03,33885,14536,29.8
2026-06-10 01:40:05,33887,14537,25.0
2026-06-10 01:40:07,33889,14538,51.1
2026-06-10 01:40:09,33891,14539,44.3
2026-06-10 01:40:11,33893,14540,26.3
2026-06-10 01:40:13,33895,14541,18.3
2026-06-10 01:40:15,33897,14542,31.6
2026-06-10 01:40:17,33899,14543,28.0
2026-06-10 01:40:19,33901,14544,27.6
2026-06-10 01:40:21,33903,14545,28.3
2026-06-10 01:40:23,33905,14546,126
2026-06-10 01:40:25,33907,14547,42.9
2026-06-10 01:40:27,33909,14548,40.1
2026-06-10 01:40:29,33911,14549,55.4
2026-06-10 01:40:31,33913,14550,33.9
2026-06-10 01:40:33,33915,14551,34.8
2026-06-10 01:40:35,33917,14552,39.1
2026-06-10 01:40:37,33919,14553,52.0
2026-06-10 01:40:39,33921,14554,55.3
2026-06-10 01:40:41,33923,14555,41.9
2026-06-10 01:40:43,33925,14556,35.9
2026-06-10 01:40:45,33927,14557,43.8
2026-06-10 01:40:47,33929,14558,81.8
2026-06-10 01:40:49,33931,14559,56.1
2026-06-10 01:40:51,33933,14560,42.5
2026-06-10 01:40:53,33935,14561,44.6
2026-06-10 01:40:55,33937,14562,28.7
2026-06-10 01:40:57,33939,14563,54.0
2026-06-10 01:40:59,33941,14564,31.3
2026-06-10 01:41:01,33943,14565,42.9
2026-06-10 01:41:03,33945,14566,39.3
2026-06-10 01:41:04,33946,14567,37.6
2026-06-10 01:41:06,33948,14568,27.4
2026-06-10 01:41:08,33950,14569,68.2
2026-06-10 01:41:10,33952,14570,35.2
2026-06-10 01:41:12,33954,14571,35.0
2026-06-10 01:41:14,33956,14572,35.3
2026-06-10 01:41:16,33958,14573,31.5
2026-06-10 01:41:18,33960,14574,34.4
2026-06-10 01:41:20,33962,14575,42.9
2026-06-10 01:41:22,33964,14576,35.6
2026-06-10 01:41:24,33966,14577,37.5
2026-06-10 01:41:26,33968,14578,58.2
2026-06-10 01:41:28,33970,14579,31.9
2026-06-10 01:41:30,33972,14580,32.4
2026-06-10 01:41:32,33974,14581,24.9
2026-06-10 01:41:34,33976,14582,26.6
2026-06-10 01:41:36,33978,14583,42.3
2026-06-10 01:41:38,33980,14584,35.9
2026-06-10 01:41:40,33982,14585,43.9
2026-06-10 01:41:42,33984,14586,39.6
2026-06-10 01:41:44,33986,14587,16.6
2026-06-10 01:41:46,33988,14588,20.4
2026-06-10 01:41:48,33990,14589,35.4
2026-06-10 01:41:50,33992,14590,35.3
2026-06-10 01:41:52,33994,14591,191
2026-06-10 01:41:54,33996,14592,210
2026-06-10 01:41:56,33998,14593,24.5
2026-06-10 01:41:59,34001,14594,35.1
2026-06-10 01:42:01,34003,14595,314
2026-06-10 01:42:03,34005,14596,36.2
2026-06-10 01:42:05,34007,14597,32.8
2026-06-10 01:42:07,34009,14598,58.6
2026-06-10 01:42:10,34012,14599,173
2026-06-10 01:42:12,34014,14600,224
2026-06-10 01:42:14,34016,14601,26.3
2026-06-10 01:42:16,34018,14602,14.2
2026-06-10 01:42:18,34020,14603,28.7
2026-06-10 01:42:20,34022,14604,141
2026-06-10 01:42:22,34024,14605,28.4
2026-06-10 01:42:24,34026,14606,27.9
2026-06-10 01:42:27,34029,14607,59.1
2026-06-10 01:42:29,34031,14608,37.2
2026-06-10 01:42:31,34033,14609,31.2
2026-06-10 01:42:33,34035,14610,25.6
2026-06-10 01:42:35,34037,14611,48.9
2026-06-10 01:42:37,34039,14612,29.8
2026-06-10 01:42:39,34041,14613,43.7
2026-06-10 01:42:41,34043,14614,48.5
2026-06-10 01:42:43,34045,14615,30.1
2026-06-10 01:42:45,34047,14616,52.7
2026-06-10 01:42:47,34049,14617,50.8
2026-06-10 01:42:49,34051,14618,69.2
2026-06-10 01:42:51,34053,14619,47.7
2026-06-10 01:42:53,34055,14620,31.0
2026-06-10 01:42:56,34058,14621,46.6
2026-06-10 01:42:58,34060,14622,44.7
2026-06-10 01:43:00,34062,14623,59.4
2026-06-10 01:43:02,34064,14624,36.2
2026-06-10 01:43:04,34066,14625,32.2
2026-06-10 01:43:06,34068,14626,32.2
2026-06-10 01:43:08,34070,14627,44.3
2026-06-10 01:43:10,34072,14628,39.9
2026-06-10 01:43:12,34074,14629,36.2
2026-06-10 01:43:14,34076,14630,49.4
2026-06-10 01:43:16,34078,14631,47.5
2026-06-10 01:43:18,34080,14632,80.8
2026-06-10 01:43:20,34082,14633,30.2
2026-06-10 01:43:23,34085,14634,44.2
2026-06-10 01:43:25,34087,14635,34.7
2026-06-10 01:43:27,34089,14636,21.1
2026-06-10 01:43:29,34091,14637,29.5
2026-06-10 01:43:31,34093,14638,30.1
2026-06-10 01:43:33,34095,14639,226
2026-06-10 01:43:35,34097,14640,29.0
2026-06-10 01:43:37,34099,14641,39.7
2026-06-10 01:43:39,34101,14642,39.5
2026-06-10 01:43:41,34103,14643,25.3
2026-06-10 01:43:43,34105,14644,26.2
2026-06-10 01:43:45,34107,14645,45.2
2026-06-10 01:43:47,34109,14646,34.3
2026-06-10 01:43:49,34111,14647,39.5
2026-06-10 01:43:51,34113,14648,106
2026-06-10 01:43:53,34115,14649,41.6
2026-06-10 01:43:55,34117,14650,40.8
2026-06-10 01:43:57,34119,14651,28.3
2026-06-10 01:43:59,34121,14652,30.4
2026-06-10 01:44:01,34123,14653,37.0
2026-06-10 01:44:03,34125,14654,40.2
2026-06-10 01:44:05,34127,14655,28.6
2026-06-10 01:44:07,34129,14656,31.2
2026-06-10 01:44:10,34132,14657,115
2026-06-10 01:44:12,34134,14658,28.8
2026-06-10 01:44:14,34136,14659,30.9
2026-06-10 01:44:16,34138,14660,29.8
2026-06-10 01:44:18,34140,14661,35.4
2026-06-10 01:44:20,34142,14662,67.9
2026-06-10 01:44:22,34144,14663,46.6
2026-06-10 01:44:24,34146,14664,56.3
2026-06-10 01:44:26,34148,14665,23.0
2026-06-10 01:44:28,34150,14666,33.6
2026-06-10 01:44:30,34152,14667,67.4
2026-06-10 01:44:32,34154,14668,29.2
2026-06-10 01:44:34,34156,14669,29.2
2026-06-10 01:44:36,34158,14670,41.6
2026-06-10 01:44:38,34160,14671,48.2
2026-06-10 01:44:40,34162,14672,31.3
2026-06-10 01:44:42,34164,14673,56.5
2026-06-10 01:44:44,34166,14674,38.9
2026-06-10 01:44:46,34168,14675,20.1
2026-06-10 01:44:48,34170,14676,32.7
2026-06-10 01:44:50,34172,14677,17.9
2026-06-10 01:44:52,34174,14678,43.6
2026-06-10 01:44:54,34176,14679,30.9
2026-06-10 01:44:56,34178,14680,57.9
2026-06-10 01:44:58,34180,14681,46.3
2026-06-10 01:45:00,34182,14682,33.5
2026-06-10 01:45:02,34184,14683,36.3
2026-06-10 01:45:04,34186,14684,38.0
2026-06-10 01:45:06,34188,14685,73.0
2026-06-10 01:45:09,34191,14686,45.2
2026-06-10 01:45:11,34193,14687,35.5
2026-06-10 01:45:13,34195,14688,29.9
2026-06-10 01:45:15,34197,14689,37.1
2026-06-10 01:45:17,34199,14690,31.5
2026-06-10 01:45:19,34201,14691,21.4
2026-06-10 01:45:21,34203,14692,34.8
2026-06-10 01:45:23,34205,14693,36.5
2026-06-10 01:45:25,34207,14694,23.4
2026-06-10 01:45:27,34209,14695,37.1
2026-06-10 01:45:29,34211,14696,46.8
2026-06-10 01:45:31,34213,14697,34.3
2026-06-10 01:45:33,34215,14698,36.2
2026-06-10 01:45:35,34217,14699,25.8
2026-06-10 01:45:37,34219,14700,31.2
2026-06-10 01:45:39,34221,14701,31.5
2026-06-10 01:45:41,34223,14702,36.2
2026-06-10 01:45:43,34225,14703,31.5
2026-06-10 01:45:45,34227,14704,47.9
2026-06-10 01:45:47,34229,14705,22.3
2026-06-10 01:45:49,34231,14706,33.9
2026-06-10 01:45:51,34233,14707,45.9
2026-06-10 01:45:53,34235,14708,24.3
2026-06-10 01:45:55,34237,14709,37.3
2026-06-10 01:45:57,34239,14710,24.9
2026-06-10 01:46:00,34242,14711,26.8
2026-06-10 01:46:02,34244,14712,10.7
2026-06-10 01:46:04,34246,14713,29.8
2026-06-10 01:46:06,34248,14714,30.5
2026-06-10 01:46:08,34250,14715,25.3
2026-06-10 01:46:10,34252,14716,35.2
2026-06-10 01:46:12,34254,14717,47.8
2026-06-10 01:46:14,34256,14718,28.7
2026-06-10 01:46:16,34258,14719,29.6
2026-06-10 01:46:18,34260,14720,23.3
2026-06-10 01:46:20,34262,14721,27.7
2026-06-10 01:46:22,34264,14722,32.2
2026-06-10 01:46:24,34266,14723,36.0
2026-06-10 01:46:26,34268,14724,23.8
2026-06-10 01:46:28,34270,14725,32.8
2026-06-10 01:46:30,34272,14726,17.9
2026-06-10 01:46:32,34274,14727,35.8
2026-06-10 01:46:34,34276,14728,30.6
2026-06-10 01:46:36,34278,14729,33.5
2026-06-10 01:46:38,34280,14730,23.0
2026-06-10 01:46:40,34282,14731,35.2
2026-06-10 01:46:42,34284,14732,32.5
2026-06-10 01:46:44,34286,14733,25.0
2026-06-10 01:46:46,34288,14734,25.9
2026-06-10 01:46:49,34291,14735,29.8
2026-06-10 01:46:51,34293,14736,44.6
2026-06-10 01:46:53,34295,14737,39.0
2026-06-10 01:46:55,34297,14738,25.5
2026-06-10 01:46:57,34299,14739,94.6
2026-06-10 01:46:59,34301,14740,30.6
2026-06-10 01:47:01,34303,14741,60.4
2026-06-10 01:47:03,34305,14742,21.0
2026-06-10 01:47:05,34307,14743,40.7
2026-06-10 01:47:07,34309,14744,25.3
2026-06-10 01:47:09,34311,14745,28.7
2026-06-10 01:47:11,34313,14746,35.0
2026-06-10 01:47:13,34315,14747,30.5
2026-06-10 01:47:15,34317,14748,31.0
2026-06-10 01:47:17,34319,14749,31.3
2026-06-10 01:47:19,34321,14750,47.6
2026-06-10 01:47:21,34323,14751,41.1
2026-06-10 01:47:23,34325,14752,55.7
2026-06-10 01:47:26,34328,14753,31.2
2026-06-10 01:47:28,34330,14754,30.7
2026-06-10 01:47:30,34332,14755,25.3
2026-06-10 01:47:32,34334,14756,32.2
2026-06-10 01:47:34,34336,14757,28.8
2026-06-10 01:47:36,34338,14758,34.3
2026-06-10 01:47:38,34340,14759,32.1
2026-06-10 01:47:40,34342,14760,35.8
2026-06-10 01:47:42,34344,14761,50.5
2026-06-10 01:47:44,34346,14762,49.4
2026-06-10 01:47:46,34348,14763,47.5
2026-06-10 01:47:48,34350,14764,36.6
2026-06-10 01:47:50,34352,14765,39.9
2026-06-10 01:47:52,34354,14766,25.7
2026-06-10 01:47:54,34356,14767,46.7
2026-06-10 01:47:56,34358,14768,34.6
2026-06-10 01:47:58,34360,14769,18.8
2026-06-10 01:48:00,34362,14770,31.8
2026-06-10 01:48:02,34364,14771,30.5
2026-06-10 01:48:04,34366,14772,49.6
2026-06-10 01:48:06,34368,14773,32.3
2026-06-10 01:48:08,34370,14774,37.4
2026-06-10 01:48:10,34372,14775,30.2
2026-06-10 01:48:12,34374,14776,29.9
2026-06-10 01:48:15,34377,14777,44.6
2026-06-10 01:48:17,34379,14778,35.8
2026-06-10 01:48:19,34381,14779,37.7
2026-06-10 01:48:21,34383,14780,24.1
2026-06-10 01:48:23,34385,14781,107
2026-06-10 01:48:25,34387,14782,29.3
2026-06-10 01:48:27,34389,14783,162
2026-06-10 01:48:29,34391,14784,39.7
2026-06-10 01:48:31,34393,14785,30.0
2026-06-10 01:48:33,34395,14786,28.2
2026-06-10 01:48:35,34397,14787,49.8
2026-06-10 01:48:37,34399,14788,30.5
2026-06-10 01:48:39,34401,14789,28.7
2026-06-10 01:48:41,34403,14790,31.2
2026-06-10 01:48:43,34405,14791,27.2
2026-06-10 01:48:45,34407,14792,171
2026-06-10 01:48:47,34409,14793,30.7
2026-06-10 01:48:49,34411,14794,114
2026-06-10 01:48:51,34413,14795,41.9
2026-06-10 01:48:53,34415,14796,49.1
2026-06-10 01:48:55,34417,14797,377
2026-06-10 01:48:57,34419,14798,334
2026-06-10 01:49:00,34422,14799,75.4
2026-06-10 01:49:02,34424,14800,92.8
2026-06-10 01:49:04,34426,14801,65.6
2026-06-10 01:49:06,34428,14802,33.1
2026-06-10 01:49:08,34430,14803,48.4
2026-06-10 01:49:10,34432,14804,44.7
2026-06-10 01:49:12,34434,14805,44.9
2026-06-10 01:49:14,34436,14806,41.3
2026-06-10 01:49:16,34438,14807,33.0
2026-06-10 01:49:18,34440,14808,42.4
2026-06-10 01:49:20,34442,14809,48.8
2026-06-10 01:49:22,34444,14810,25.4
2026-06-10 01:49:24,34446,14811,23.7
2026-06-10 01:49:26,34448,14812,34.2
2026-06-10 01:49:29,34451,14813,54.3
2026-06-10 01:49:31,34453,14814,32.6
2026-06-10 01:49:33,34455,14815,34.0
2026-06-10 01:49:35,34457,14816,39.5
2026-06-10 01:49:37,34459,14817,41.2
2026-06-10 01:49:39,34461,14818,30.6
2026-06-10 01:49:41,34463,14819,40.0
2026-06-10 01:49:43,34465,14820,50.2
2026-06-10 01:49:45,34467,14821,29.3
2026-06-10 01:49:47,34469,14822,37.8
2026-06-10 01:49:49,34471,14823,32.0
2026-06-10 01:49:51,34473,14824,33.3
2026-06-10 01:49:53,34475,14825,44.1
2026-06-10 01:49:55,34477,14826,113
2026-06-10 01:49:57,34479,14827,35.2
2026-06-10 01:49:59,34481,14828,25.2
2026-06-10 01:50:01,34483,14829,195
2026-06-10 01:50:04,34486,14830,38.7
2026-06-10 01:50:06,34488,14831,62.4
2026-06-10 01:50:08,34490,14832,51.8
2026-06-10 01:50:10,34492,14833,26.3
2026-06-10 01:50:12,34494,14834,24.9
2026-06-10 01:50:14,34496,14835,51.2
2026-06-10 01:50:16,34498,14836,154
2026-06-10 01:50:18,34500,14837,20.0
2026-06-10 01:50:20,34502,14838,26.7
2026-06-10 01:50:22,34504,14839,21.5
2026-06-10 01:50:24,34506,14840,19.1
2026-06-10 01:50:26,34508,14841,26.5
2026-06-10 01:50:28,34510,14842,42.6
2026-06-10 01:50:30,34512,14843,41.0
2026-06-10 01:50:32,34514,14844,27.3
2026-06-10 01:50:34,34516,14845,37.3
2026-06-10 01:50:36,34518,14846,112
2026-06-10 01:50:39,34521,14847,54.7
2026-06-10 01:50:41,34523,14848,130
2026-06-10 01:50:43,34525,14849,117
2026-06-10 01:50:45,34527,14850,187
2026-06-10 01:50:47,34529,14851,43.0
2026-06-10 01:50:49,34531,14852,21.9
2026-06-10 01:50:52,34534,14853,344
2026-06-10 01:50:54,34536,14854,223
2026-06-10 01:50:56,34538,14855,30.6
2026-06-10 01:50:58,34540,14856,28.5
2026-06-10 01:51:00,34542,14857,66.8
2026-06-10 01:51:02,34544,14858,31.1
2026-06-10 01:51:04,34546,14859,35.1
2026-06-10 01:51:06,34548,14860,51.3
2026-06-10 01:51:08,34550,14861,31.4
2026-06-10 01:51:10,34552,14862,33.9
2026-06-10 01:51:12,34554,14863,28.5
2026-06-10 01:51:14,34556,14864,35.8
2026-06-10 01:51:16,34558,14865,22.4
2026-06-10 01:51:18,34560,14866,48.4
2026-06-10 01:51:20,34562,14867,40.0
2026-06-10 01:51:22,34564,14868,35.4
2026-06-10 01:51:24,34566,14869,33.4
2026-06-10 01:51:26,34568,14870,42.2
2026-06-10 01:51:28,34570,14871,32.0
2026-06-10 01:51:30,34572,14872,23.9
2026-06-10 01:51:32,34574,14873,225
2026-06-10 01:51:34,34576,14874,62.1
2026-06-10 01:51:36,34578,14875,31.1
2026-06-10 01:51:38,34580,14876,50.0
2026-06-10 01:51:40,34582,14877,70.9
2026-06-10 01:51:43,34585,14878,30.7
2026-06-10 01:51:45,34587,14879,14.2
2026-06-10 01:51:47,34589,14880,31.2
2026-06-10 01:51:49,34591,14881,32.9
2026-06-10 01:51:51,34593,14882,65.3
2026-06-10 01:51:53,34595,14883,24.0
2026-06-10 01:51:55,34597,14884,51.2
2026-06-10 01:51:57,34599,14885,19.6
2026-06-10 01:51:59,34601,14886,34.0
2026-06-10 01:52:01,34603,14887,22.6
2026-06-10 01:52:03,34605,14888,24.8
2026-06-10 01:52:05,34607,14889,46.5
2026-06-10 01:52:07,34609,14890,24.5
2026-06-10 01:52:09,34611,14891,23.9
2026-06-10 01:52:11,34613,14892,28.0
2026-06-10 01:52:13,34615,14893,177
2026-06-10 01:52:15,34617,14894,39.2
2026-06-10 01:52:17,34619,14895,33.3
2026-06-10 01:52:19,34621,14896,46.6
2026-06-10 01:52:21,34623,14897,37.5
2026-06-10 01:52:23,34625,14898,53.1
2026-06-10 01:52:25,34627,14899,51.7
2026-06-10 01:52:27,34629,14900,31.9
2026-06-10 01:52:29,34631,14901,40.7
2026-06-10 01:52:31,34633,14902,38.0
2026-06-10 01:52:33,34635,14903,31.7
2026-06-10 01:52:35,34637,14904,40.6
2026-06-10 01:52:37,34639,14905,25.5
2026-06-10 01:52:39,34641,14906,26.3
2026-06-10 01:52:40,34642,14907,38.4
2026-06-10 01:52:42,34644,14908,29.4
2026-06-10 01:52:44,34646,14909,41.1
2026-06-10 01:52:46,34648,14910,50.9
2026-06-10 01:52:48,34650,14911,40.3
2026-06-10 01:52:50,34652,14912,39.5
2026-06-10 01:52:52,34654,14913,33.4
2026-06-10 01:52:54,34656,14914,45.8
2026-06-10 01:52:56,34658,14915,44.3
2026-06-10 01:52:58,34660,14916,29.0
2026-06-10 01:53:00,34662,14917,56.5
2026-06-10 01:53:02,34664,14918,56.4
2026-06-10 01:53:04,34666,14919,33.3
2026-06-10 01:53:06,34668,14920,41.1
2026-06-10 01:53:08,34670,14921,31.3
2026-06-10 01:53:10,34672,14922,30.3
2026-06-10 01:53:12,34674,14923,29.1
2026-06-10 01:53:14,34676,14924,24.8
2026-06-10 01:53:16,34678,14925,37.9
2026-06-10 01:53:18,34680,14926,34.7
2026-06-10 01:53:20,34682,14927,33.6
2026-06-10 01:53:22,34684,14928,42.7
2026-06-10 01:53:24,34686,14929,42.9
2026-06-10 01:53:26,34688,14930,44.5
2026-06-10 01:53:28,34690,14931,43.6
2026-06-10 01:53:30,34692,14932,16.3
2026-06-10 01:53:33,34694,14933,51.4
2026-06-10 01:53:34,34696,14934,33.8
2026-06-10 01:53:37,34698,14935,63.1
2026-06-10 01:53:38,34700,14936,30.0
2026-06-10 01:53:40,34702,14937,36.7
2026-06-10 01:53:43,34705,14938,29.7
2026-06-10 01:53:44,34706,14939,31.6
2026-06-10 01:53:47,34708,14940,29.8
2026-06-10 01:53:48,34710,14941,46.0
2026-06-10 01:53:50,34712,14942,34.7
2026-06-10 01:53:52,34714,14943,49.8
2026-06-10 01:53:54,34716,14944,36.4
2026-06-10 01:53:56,34718,14945,42.6
2026-06-10 01:53:58,34720,14946,39.8
2026-06-10 01:54:00,34722,14947,49.8
2026-06-10 01:54:02,34724,14948,34.2
2026-06-10 01:54:04,34726,14949,33.4
2026-06-10 01:54:06,34728,14950,34.2
2026-06-10 01:54:08,34730,14951,52.9
2026-06-10 01:54:10,34732,14952,38.8
2026-06-10 01:54:12,34734,14953,25.3
2026-06-10 01:54:14,34736,14954,28.0
2026-06-10 01:54:16,34738,14955,48.0
2026-06-10 01:54:18,34740,14956,36.6
2026-06-10 01:54:20,34742,14957,30.4
2026-06-10 01:54:22,34744,14958,31.4
2026-06-10 01:54:24,34746,14959,41.5
2026-06-10 01:54:26,34748,14960,35.3
2026-06-10 01:54:28,34750,14961,28.9
2026-06-10 01:54:30,34752,14962,50.7
2026-06-10 01:54:32,34754,14963,57.2
2026-06-10 01:54:34,34756,14964,23.5
2026-06-10 01:54:36,34758,14965,30.0
2026-06-10 01:54:38,34760,14966,27.6
2026-06-10 01:54:40,34762,14967,22.7
2026-06-10 01:54:42,34764,14968,23.1
2026-06-10 01:54:44,34766,14969,41.0
2026-06-10 01:54:46,34768,14970,40.8
2026-06-10 01:54:48,34770,14971,30.0
2026-06-10 01:54:50,34772,14972,40.8
2026-06-10 01:54:52,34774,14973,28.5
2026-06-10 01:54:54,34776,14974,27.6
2026-06-10 01:54:56,34778,14975,35.1
2026-06-10 01:54:58,34780,14976,39.9
2026-06-10 01:55:00,34782,14977,45.3
2026-06-10 01:55:02,34784,14978,32.7
2026-06-10 01:55:04,34786,14979,48.7
2026-06-10 01:55:06,34788,14980,152
2026-06-10 01:55:08,34790,14981,17.7
2026-06-10 01:55:11,34793,14982,31.7
2026-06-10 01:55:13,34795,14983,26.9
2026-06-10 01:55:15,34797,14984,27.5
2026-06-10 01:55:17,34799,14985,22.2
2026-06-10 01:55:19,34801,14986,37.4
2026-06-10 01:55:21,34803,14987,37.1
2026-06-10 01:55:23,34805,14988,38.6
2026-06-10 01:55:25,34807,14989,42.7
2026-06-10 01:55:27,34809,14990,36.5
2026-06-10 01:55:29,34811,14991,33.7
2026-06-10 01:55:31,34813,14992,36.3
2026-06-10 01:55:33,34815,14993,38.4
2026-06-10 01:55:35,34817,14994,27.7
2026-06-10 01:55:37,34819,14995,44.5
2026-06-10 01:55:39,34821,14996,28.5
2026-06-10 01:55:41,34823,14997,74.3
2026-06-10 01:55:43,34825,14998,57.6
2026-06-10 01:55:45,34827,14999,49.2
2026-06-10 01:55:47,34829,15000,44.6
2026-06-10 01:55:49,34831,15001,20.2
2026-06-10 01:55:51,34833,15002,163
2026-06-10 01:55:53,34835,15003,37.8
2026-06-10 01:55:55,34837,15004,25.7
2026-06-10 01:55:57,34839,15005,22.9
2026-06-10 01:55:59,34841,15006,46.9
2026-06-10 01:56:01,34843,15007,63.0
2026-06-10 01:56:04,34846,15008,27.3
2026-06-10 01:56:06,34848,15009,631
2026-06-10 01:56:08,34850,15010,188
2026-06-10 01:56:10,34852,15011,25.7
2026-06-10 01:56:12,34854,15012,203
2026-06-10 01:56:14,34856,15013,28.5
2026-06-10 01:56:16,34858,15014,42.1
2026-06-10 01:56:18,34860,15015,30.7
2026-06-10 01:56:20,34862,15016,37.1
2026-06-10 01:56:22,34864,15017,49.2
2026-06-10 01:56:24,34866,15018,22.2
2026-06-10 01:56:26,34868,15019,44.5
2026-06-10 01:56:28,34870,15020,53.1
2026-06-10 01:56:30,34872,15021,33.5
2026-06-10 01:56:32,34874,15022,39.2
2026-06-10 01:56:34,34876,15023,41.1
2026-06-10 01:56:36,34878,15024,66.1
2026-06-10 01:56:38,34880,15025,55.7
2026-06-10 01:56:40,34882,15026,32.7
2026-06-10 01:56:42,34884,15027,34.6
2026-06-10 01:56:44,34886,15028,33.3
2026-06-10 01:56:46,34888,15029,30.5
2026-06-10 01:56:48,34890,15030,29.0
2026-06-10 01:56:50,34892,15031,44.5
2026-06-10 01:56:52,34894,15032,28.6
2026-06-10 01:56:54,34896,15033,31.7
2026-06-10 01:56:56,34898,15034,32.2
2026-06-10 01:56:58,34900,15035,53.6
2026-06-10 01:57:00,34902,15036,43.6
2026-06-10 01:57:03,34905,15037,44.5
2026-06-10 01:57:05,34907,15038,26.7
2026-06-10 01:57:07,34909,15039,23.8
2026-06-10 01:57:09,34911,15040,34.5
2026-06-10 01:57:11,34913,15041,21.0
2026-06-10 01:57:13,34915,15042,37.6
2026-06-10 01:57:15,34917,15043,25.2
2026-06-10 01:57:17,34919,15044,34.0
2026-06-10 01:57:19,34921,15045,35.3
2026-06-10 01:57:21,34923,15046,34.1
2026-06-10 01:57:23,34925,15047,42.3
2026-06-10 01:57:25,34927,15048,45.4
2026-06-10 01:57:27,34929,15049,52.2
2026-06-10 01:57:29,34931,15050,32.4
2026-06-10 01:57:31,34933,15051,47.4
2026-06-10 01:57:33,34935,15052,51.8
2026-06-10 01:57:35,34937,15053,30.4
2026-06-10 01:57:37,34939,15054,32.8
2026-06-10 01:57:39,34941,15055,35.6
2026-06-10 01:57:41,34943,15056,39.5
2026-06-10 01:57:43,34945,15057,40.9
2026-06-10 01:57:45,34947,15058,238
2026-06-10 01:57:47,34949,15059,41.3
2026-06-10 01:57:49,34951,15060,42.1
2026-06-10 01:57:51,34953,15061,36.2
2026-06-10 01:57:53,34955,15062,31.8
2026-06-10 01:57:55,34957,15063,37.5
2026-06-10 01:57:57,34959,15064,39.6
2026-06-10 01:57:59,34961,15065,31.4
2026-06-10 01:58:01,34963,15066,31.2
2026-06-10 01:58:03,34965,15067,38.7
2026-06-10 01:58:05,34967,15068,29.6
2026-06-10 01:58:07,34969,15069,18.6
2026-06-10 01:58:09,34971,15070,30.1
2026-06-10 01:58:11,34973,15071,37.8
2026-06-10 01:58:13,34975,15072,31.0
2026-06-10 01:58:15,34977,15073,29.8
2026-06-10 01:58:17,34979,15074,40.3
2026-06-10 01:58:19,34981,15075,35.9
2026-06-10 01:58:21,34983,15076,29.7
2026-06-10 01:58:23,34985,15077,22.3
2026-06-10 01:58:25,34987,15078,39.5
2026-06-10 01:58:27,34989,15079,23.8
2026-06-10 01:58:29,34991,15080,26.9
2026-06-10 01:58:31,34993,15081,27.5
2026-06-10 01:58:33,34995,15082,25.4
2026-06-10 01:58:35,34997,15083,32.8
2026-06-10 01:58:37,34999,15084,42.8
2026-06-10 01:58:39,35001,15085,38.3
2026-06-10 01:58:41,35003,15086,27.3
2026-06-10 01:58:43,35005,15087,40.6
2026-06-10 01:58:45,35007,15088,35.9
2026-06-10 01:58:47,35009,15089,26.8
2026-06-10 01:58:49,35011,15090,44.0
2026-06-10 01:58:51,35013,15091,41.3
2026-06-10 01:58:53,35015,15092,34.5
2026-06-10 01:58:55,35017,15093,44.1
2026-06-10 01:58:57,35019,15094,32.4
2026-06-10 01:58:59,35021,15095,28.1
2026-06-10 01:59:01,35023,15096,24.2
2026-06-10 01:59:03,35025,15097,26.1
2026-06-10 01:59:05,35027,15098,29.4
2026-06-10 01:59:07,35029,15099,32.7
2026-06-10 01:59:09,35031,15100,39.3
2026-06-10 01:59:11,35033,15101,19.2
2026-06-10 01:59:13,35035,15102,32.9
2026-06-10 01:59:15,35037,15103,38.4
2026-06-10 01:59:17,35039,15104,35.3
2026-06-10 01:59:19,35041,15105,16.4
2026-06-10 01:59:21,35043,15106,34.1
2026-06-10 01:59:23,35045,15107,202
2026-06-10 01:59:25,35047,15108,234
2026-06-10 01:59:28,35050,15109,61.0
2026-06-10 01:59:30,35052,15110,107
2026-06-10 01:59:32,35054,15111,21.0
2026-06-10 01:59:34,35056,15112,137
2026-06-10 01:59:36,35058,15113,26.7
2026-06-10 01:59:38,35060,15114,41.3
2026-06-10 01:59:40,35062,15115,39.0
2026-06-10 01:59:42,35064,15116,31.5
2026-06-10 01:59:44,35066,15117,28.6
2026-06-10 01:59:46,35068,15118,27.9
2026-06-10 01:59:48,35070,15119,24.1
2026-06-10 01:59:50,35072,15120,36.9
2026-06-10 01:59:52,35074,15121,32.7
2026-06-10 01:59:54,35076,15122,37.5
2026-06-10 01:59:56,35078,15123,31.0
2026-06-10 01:59:58,35080,15124,31.4
2026-06-10 02:00:01,35083,15125,26.3
2026-06-10 02:00:03,35085,15126,20.8
2026-06-10 02:00:05,35087,15127,33.0
2026-06-10 02:00:07,35089,15128,33.4
2026-06-10 02:00:09,35091,15129,60.6
2026-06-10 02:00:11,35093,15130,33.0
2026-06-10 02:00:13,35095,15131,33.5
2026-06-10 02:00:15,35097,15132,46.3
2026-06-10 02:00:17,35099,15133,35.7
2026-06-10 02:00:19,35101,15134,483
2026-06-10 02:00:21,35103,15135,585
2026-06-10 02:00:24,35106,15136,586
2026-06-10 02:00:26,35108,15137,521
2026-06-10 02:00:29,35111,15138,591
2026-06-10 02:00:31,35113,15139,492
2026-06-10 02:00:33,35115,15140,674
2026-06-10 02:00:36,35118,15141,554
2026-06-10 02:00:38,35120,15142,594
2026-06-10 02:00:41,35123,15143,565
2026-06-10 02:00:43,35125,15144,424
2026-06-10 02:00:46,35128,15145,438
2026-06-10 02:00:48,35130,15146,36.4
2026-06-10 02:00:50,35132,15147,38.0
2026-06-10 02:00:52,35134,15148,39.0
2026-06-10 02:00:54,35136,15149,51.3
2026-06-10 02:00:56,35138,15150,244
2026-06-10 02:00:58,35140,15151,43.2
2026-06-10 02:01:00,35142,15152,30.5
2026-06-10 02:01:02,35144,15153,24.0
2026-06-10 02:01:04,35146,15154,38.1
2026-06-10 02:01:06,35148,15155,30.5
2026-06-10 02:01:08,35150,15156,18.9
2026-06-10 02:01:10,35152,15157,16.8
2026-06-10 02:01:12,35154,15158,196
2026-06-10 02:01:14,35156,15159,72.9
2026-06-10 02:01:17,35159,15160,185
2026-06-10 02:01:19,35161,15161,52.2
2026-06-10 02:01:22,35164,15162,75.8
2026-06-10 02:01:24,35166,15163,16.5
2026-06-10 02:01:26,35168,15164,18.3
2026-06-10 02:01:28,35170,15165,98.0
2026-06-10 02:01:30,35172,15166,98.5
2026-06-10 02:01:32,35174,15167,27.6
2026-06-10 02:01:34,35176,15168,30.6
2026-06-10 02:01:36,35178,15169,31.9
2026-06-10 02:01:38,35180,15170,44.4
2026-06-10 02:01:40,35182,15171,27.1
2026-06-10 02:01:42,35184,15172,55.7
2026-06-10 02:01:44,35186,15173,43.2
2026-06-10 02:01:46,35188,15174,31.6
2026-06-10 02:01:48,35190,15175,34.1
2026-06-10 02:01:50,35192,15176,35.1
2026-06-10 02:01:53,35195,15177,32.5
2026-06-10 02:01:55,35197,15178,37.4
2026-06-10 02:01:57,35199,15179,52.3
2026-06-10 02:01:59,35201,15180,56.7
2026-06-10 02:02:01,35203,15181,24.3
2026-06-10 02:02:03,35205,15182,25.6
2026-06-10 02:02:05,35207,15183,51.9
2026-06-10 02:02:07,35209,15184,51.9
2026-06-10 02:02:09,35211,15185,36.7
2026-06-10 02:02:11,35213,15186,123
2026-06-10 02:02:14,35216,15187,294
2026-06-10 02:02:16,35218,15188,66.9
2026-06-10 02:02:18,35220,15189,39.3
2026-06-10 02:02:20,35222,15190,46.0
2026-06-10 02:02:22,35224,15191,29.3
2026-06-10 02:02:24,35226,15192,33.0
2026-06-10 02:02:26,35228,15193,41.1
2026-06-10 02:02:28,35230,15194,42.4
2026-06-10 02:02:30,35232,15195,56.5
2026-06-10 02:02:32,35234,15196,42.6
2026-06-10 02:02:34,35236,15197,31.5
2026-06-10 02:02:36,35238,15198,138
2026-06-10 02:02:39,35241,15199,39.1
2026-06-10 02:02:41,35243,15200,247
2026-06-10 02:02:43,35245,15201,35.9
2026-06-10 02:02:45,35247,15202,48.0
2026-06-10 02:02:47,35249,15203,26.0
2026-06-10 02:02:49,35251,15204,73.0
2026-06-10 02:02:51,35253,15205,32.2
2026-06-10 02:02:53,35255,15206,36.0
2026-06-10 02:02:56,35258,15207,16.0
2026-06-10 02:02:58,35260,15208,43.1
2026-06-10 02:03:00,35262,15209,43.4
2026-06-10 02:03:02,35264,15210,34.9
2026-06-10 02:03:04,35266,15211,52.2
2026-06-10 02:03:06,35268,15212,173
2026-06-10 02:03:08,35270,15213,48.2
2026-06-10 02:03:10,35272,15214,41.2
2026-06-10 02:03:12,35274,15215,49.0
2026-06-10 02:03:14,35276,15216,50.6
2026-06-10 02:03:16,35278,15217,35.5
2026-06-10 02:03:18,35280,15218,35.2
2026-06-10 02:03:20,35282,15219,35.0
2026-06-10 02:03:22,35284,15220,30.5
2026-06-10 02:03:24,35286,15221,38.0
2026-06-10 02:03:27,35289,15222,43.7
2026-06-10 02:03:29,35291,15223,33.8
2026-06-10 02:03:31,35293,15224,50.4
2026-06-10 02:03:33,35295,15225,45.1
2026-06-10 02:03:35,35297,15226,32.3
2026-06-10 02:03:37,35299,15227,152
2026-06-10 02:03:39,35301,15228,44.1
2026-06-10 02:03:41,35303,15229,500
2026-06-10 02:03:43,35305,15230,505
2026-06-10 02:03:46,35308,15231,648
2026-06-10 02:03:48,35310,15232,623
2026-06-10 02:03:51,35313,15233,552
2026-06-10 02:03:53,35315,15234,466
2026-06-10 02:03:55,35317,15235,491
2026-06-10 02:03:58,35320,15236,535
2026-06-10 02:04:00,35322,15237,542
2026-06-10 02:04:03,35325,15238,551
2026-06-10 02:04:05,35327,15239,489
2026-06-10 02:04:07,35329,15240,41.7
2026-06-10 02:04:09,35331,15241,40.0
2026-06-10 02:04:11,35333,15242,44.9
2026-06-10 02:04:13,35335,15243,42.1
2026-06-10 02:04:15,35337,15244,30.7
2026-06-10 02:04:17,35339,15245,51.0
2026-06-10 02:04:19,35341,15246,42.6
2026-06-10 02:04:21,35343,15247,38.6
2026-06-10 02:04:23,35345,15248,57.6
2026-06-10 02:04:26,35348,15249,31.4
2026-06-10 02:04:28,35350,15250,43.1
2026-06-10 02:04:30,35352,15251,39.8
2026-06-10 02:04:32,35354,15252,44.4
2026-06-10 02:04:34,35356,15253,156
2026-06-10 02:04:37,35359,15254,88.6
2026-06-10 02:04:39,35361,15255,113
2026-06-10 02:04:41,35363,15256,24.5
2026-06-10 02:04:43,35365,15257,33.0
2026-06-10 02:04:45,35367,15258,45.3
2026-06-10 02:04:48,35370,15259,38.1
2026-06-10 02:04:50,35372,15260,26.5
2026-06-10 02:04:52,35374,15261,33.5
2026-06-10 02:04:54,35376,15262,39.9
2026-06-10 02:04:56,35378,15263,41.7
2026-06-10 02:04:58,35380,15264,35.9
2026-06-10 02:05:00,35382,15265,40.6
2026-06-10 02:05:02,35384,15266,62.4
2026-06-10 02:05:05,35387,15267,140
2026-06-10 02:05:07,35389,15268,33.7
2026-06-10 02:05:09,35391,15269,37.8
2026-06-10 02:05:11,35393,15270,31.0
2026-06-10 02:05:13,35395,15271,27.3
2026-06-10 02:05:15,35397,15272,20.1
2026-06-10 02:05:17,35399,15273,26.7
2026-06-10 02:05:19,35401,15274,36.3
2026-06-10 02:05:21,35403,15275,19.7
2026-06-10 02:05:23,35405,15276,36.0
2026-06-10 02:05:25,35407,15277,36.9
2026-06-10 02:05:28,35410,15278,43.9
2026-06-10 02:05:30,35412,15279,41.7
2026-06-10 02:05:32,35414,15280,43.1
2026-06-10 02:05:34,35416,15281,34.4
2026-06-10 02:05:36,35418,15282,28.6
2026-06-10 02:05:38,35420,15283,23.4
2026-06-10 02:05:40,35422,15284,44.5
2026-06-10 02:05:42,35424,15285,202
2026-06-10 02:05:44,35426,15286,39.6
2026-06-10 02:05:46,35428,15287,27.8
2026-06-10 02:05:48,35430,15288,42.4
2026-06-10 02:05:50,35432,15289,24.3
2026-06-10 02:05:53,35435,15290,29.8
2026-06-10 02:05:55,35437,15291,40.7
2026-06-10 02:05:57,35439,15292,38.0
2026-06-10 02:05:59,35441,15293,48.7
2026-06-10 02:06:01,35443,15294,52.9
2026-06-10 02:06:03,35445,15295,25.1
2026-06-10 02:06:05,35447,15296,49.2
2026-06-10 02:06:07,35449,15297,46.4
2026-06-10 02:06:09,35451,15298,43.8
2026-06-10 02:06:11,35453,15299,38.8
2026-06-10 02:06:13,35455,15300,40.1
2026-06-10 02:06:15,35457,15301,43.3
2026-06-10 02:06:17,35459,15302,31.6
2026-06-10 02:06:19,35461,15303,33.8
2026-06-10 02:06:21,35463,15304,36.0
2026-06-10 02:06:23,35465,15305,37.4
2026-06-10 02:06:25,35467,15306,37.8
2026-06-10 02:06:27,35469,15307,34.9
2026-06-10 02:06:30,35472,15308,197
2026-06-10 02:06:32,35474,15309,72.4
2026-06-10 02:06:34,35476,15310,33.3
2026-06-10 02:06:36,35478,15311,36.3
2026-06-10 02:06:38,35480,15312,59.6
2026-06-10 02:06:40,35482,15313,32.2
2026-06-10 02:06:43,35485,15314,339
2026-06-10 02:06:45,35487,15315,91.7
2026-06-10 02:06:47,35489,15316,171
2026-06-10 02:06:49,35491,15317,28.3
2026-06-10 02:06:51,35493,15318,41.6
2026-06-10 02:06:53,35495,15319,33.2
2026-06-10 02:06:55,35497,15320,145
2026-06-10 02:06:57,35499,15321,32.2
2026-06-10 02:07:00,35501,15322,40.4
2026-06-10 02:07:01,35503,15323,43.7
2026-06-10 02:07:03,35505,15324,40.6
2026-06-10 02:07:05,35507,15325,27.6
2026-06-10 02:07:08,35510,15326,40.2
2026-06-10 02:07:10,35512,15327,35.3
2026-06-10 02:07:12,35514,15328,31.9
2026-06-10 02:07:14,35516,15329,34.0
2026-06-10 02:07:16,35518,15330,25.8
2026-06-10 02:07:18,35520,15331,29.5
2026-06-10 02:07:20,35522,15332,17.6
2026-06-10 02:07:22,35524,15333,28.5
2026-06-10 02:07:24,35526,15334,185
2026-06-10 02:07:26,35528,15335,128
2026-06-10 02:07:28,35530,15336,495
2026-06-10 02:07:31,35533,15337,632
2026-06-10 02:07:33,35535,15338,526
2026-06-10 02:07:36,35538,15339,545
2026-06-10 02:07:38,35540,15340,565
2026-06-10 02:07:40,35542,15341,573
2026-06-10 02:07:43,35545,15342,512
2026-06-10 02:07:45,35547,15343,610
2026-06-10 02:07:48,35550,15344,591
2026-06-10 02:07:50,35552,15345,606
2026-06-10 02:07:52,35554,15346,529
2026-06-10 02:07:55,35557,15347,49.0
2026-06-10 02:07:57,35559,15348,26.5
2026-06-10 02:07:59,35561,15349,33.9
2026-06-10 02:08:01,35563,15350,29.0
2026-06-10 02:08:03,35565,15351,41.9
2026-06-10 02:08:05,35567,15352,41.1
2026-06-10 02:08:07,35569,15353,25.2
2026-06-10 02:08:09,35571,15354,23.1
2026-06-10 02:08:11,35573,15355,35.2
2026-06-10 02:08:13,35575,15356,43.8
2026-06-10 02:08:15,35577,15357,33.9
2026-06-10 02:08:17,35579,15358,30.6
2026-06-10 02:08:19,35581,15359,32.5
2026-06-10 02:08:21,35583,15360,103
2026-06-10 02:08:24,35586,15361,50.1
2026-06-10 02:08:26,35588,15362,168
2026-06-10 02:08:28,35590,15363,139
2026-06-10 02:08:31,35593,15364,26.2
2026-06-10 02:08:33,35595,15365,34.1
2026-06-10 02:08:35,35597,15366,24.8
2026-06-10 02:08:37,35599,15367,46.9
2026-06-10 02:08:39,35601,15368,43.6
2026-06-10 02:08:41,35603,15369,45.9
2026-06-10 02:08:43,35605,15370,25.8
2026-06-10 02:08:45,35607,15371,34.8
2026-06-10 02:08:48,35610,15372,37.7
2026-06-10 02:08:50,35612,15373,73.8
2026-06-10 02:08:52,35614,15374,30.8
2026-06-10 02:08:54,35616,15375,45.0
2026-06-10 02:08:56,35618,15376,20.8
2026-06-10 02:08:58,35620,15377,40.5
2026-06-10 02:09:00,35622,15378,40.4
2026-06-10 02:09:02,35624,15379,54.5
2026-06-10 02:09:04,35626,15380,129
2026-06-10 02:09:06,35628,15381,40.1
2026-06-10 02:09:08,35630,15382,34.5
2026-06-10 02:09:11,35633,15383,35.5
2026-06-10 02:09:13,35635,15384,18.3
2026-06-10 02:09:15,35637,15385,235
2026-06-10 02:09:17,35639,15386,131
2026-06-10 02:09:19,35641,15387,24.5
2026-06-10 02:09:21,35643,15388,29.3
2026-06-10 02:09:23,35645,15389,36.8
2026-06-10 02:09:25,35647,15390,35.0
2026-06-10 02:09:27,35649,15391,55.3
2026-06-10 02:09:29,35651,15392,46.3
2026-06-10 02:09:31,35653,15393,40.8
2026-06-10 02:09:33,35655,15394,35.2
2026-06-10 02:09:36,35658,15395,27.3
2026-06-10 02:09:38,35660,15396,31.7
2026-06-10 02:09:40,35662,15397,25.5
2026-06-10 02:09:42,35664,15398,58.7
2026-06-10 02:09:44,35666,15399,39.1
2026-06-10 02:09:46,35668,15400,63.9
2026-06-10 02:09:48,35670,15401,52.7
2026-06-10 02:09:50,35672,15402,40.0
2026-06-10 02:09:53,35675,15403,30.7
2026-06-10 02:09:55,35677,15404,62.2
2026-06-10 02:09:57,35679,15405,24.6
2026-06-10 02:09:59,35681,15406,68.8
2026-06-10 02:10:01,35683,15407,51.1
2026-06-10 02:10:04,35686,15408,23.1
2026-06-10 02:10:06,35688,15409,33.1
2026-06-10 02:10:08,35690,15410,38.1
2026-06-10 02:10:10,35692,15411,626
2026-06-10 02:10:12,35694,15412,111
2026-06-10 02:10:14,35696,15413,26.5
2026-06-10 02:10:16,35698,15414,28.1
2026-06-10 02:10:18,35700,15415,31.6
2026-06-10 02:10:21,35703,15416,44.9
2026-06-10 02:10:23,35705,15417,21.7
2026-06-10 02:10:25,35707,15418,36.2
2026-06-10 02:10:27,35709,15419,30.0
2026-06-10 02:10:29,35711,15420,37.4
2026-06-10 02:10:31,35713,15421,31.6
2026-06-10 02:10:33,35715,15422,31.6
2026-06-10 02:10:35,35717,15423,38.6
2026-06-10 02:10:37,35719,15424,23.2
2026-06-10 02:10:39,35721,15425,24.4
2026-06-10 02:10:41,35723,15426,37.6
2026-06-10 02:10:43,35725,15427,28.2
2026-06-10 02:10:45,35727,15428,31.8
2026-06-10 02:10:47,35729,15429,36.8
2026-06-10 02:10:49,35731,15430,41.3
2026-06-10 02:10:51,35733,15431,29.9
2026-06-10 02:10:53,35735,15432,23.0
2026-06-10 02:10:55,35737,15433,50.2
2026-06-10 02:10:58,35740,15434,28.5
2026-06-10 02:11:00,35742,15435,470
2026-06-10 02:11:02,35744,15436,480
2026-06-10 02:11:04,35746,15437,460
2026-06-10 02:11:07,35749,15438,493
2026-06-10 02:11:09,35751,15439,433
2026-06-10 02:11:12,35754,15440,496
2026-06-10 02:11:14,35756,15441,491
2026-06-10 02:11:17,35759,15442,632
2026-06-10 02:11:19,35761,15443,430
2026-06-10 02:11:22,35764,15444,557
2026-06-10 02:11:24,35766,15445,465
2026-06-10 02:11:27,35769,15446,130
2026-06-10 02:11:29,35771,15447,28.8
2026-06-10 02:11:31,35773,15448,37.8
2026-06-10 02:11:33,35775,15449,46.9
2026-06-10 02:11:35,35777,15450,54.1
2026-06-10 02:11:37,35779,15451,33.5
2026-06-10 02:11:39,35781,15452,41.5
2026-06-10 02:11:41,35783,15453,39.7
2026-06-10 02:11:43,35785,15454,40.9
2026-06-10 02:11:45,35787,15455,28.9
2026-06-10 02:11:47,35789,15456,37.9
2026-06-10 02:11:49,35791,15457,27.5
2026-06-10 02:11:51,35793,15458,32.1
2026-06-10 02:11:53,35795,15459,21.3
2026-06-10 02:11:56,35798,15460,163
2026-06-10 02:11:58,35800,15461,179
2026-06-10 02:12:00,35802,15462,129
2026-06-10 02:12:03,35805,15463,34.9
2026-06-10 02:12:05,35807,15464,25.0
2026-06-10 02:12:07,35809,15465,26.2
2026-06-10 02:12:09,35811,15466,33.1
2026-06-10 02:12:11,35813,15467,66.1
2026-06-10 02:12:13,35815,15468,46.5
2026-06-10 02:12:15,35817,15469,94.4
2026-06-10 02:12:17,35819,15470,38.6
2026-06-10 02:12:19,35821,15471,45.3
2026-06-10 02:12:21,35823,15472,26.8
2026-06-10 02:12:23,35825,15473,36.5
2026-06-10 02:12:25,35827,15474,41.0
2026-06-10 02:12:27,35829,15475,36.0
2026-06-10 02:12:29,35831,15476,39.2
2026-06-10 02:12:31,35833,15477,42.1
2026-06-10 02:12:34,35836,15478,75.8
2026-06-10 02:12:36,35838,15479,34.6
2026-06-10 02:12:38,35840,15480,31.3
2026-06-10 02:12:40,35842,15481,29.1
2026-06-10 02:12:42,35844,15482,38.5
2026-06-10 02:12:44,35846,15483,31.8
2026-06-10 02:12:46,35848,15484,33.6
2026-06-10 02:12:48,35850,15485,87.6
2026-06-10 02:12:51,35853,15486,74.6
2026-06-10 02:12:53,35855,15487,121
2026-06-10 02:12:55,35857,15488,34.4
2026-06-10 02:12:57,35859,15489,36.0
2026-06-10 02:12:59,35861,15490,33.7
2026-06-10 02:13:01,35863,15491,48.2
2026-06-10 02:13:03,35865,15492,44.4
2026-06-10 02:13:05,35867,15493,52.1
2026-06-10 02:13:07,35869,15494,33.9
2026-06-10 02:13:09,35871,15495,37.2
2026-06-10 02:13:12,35874,15496,26.0
2026-06-10 02:13:14,35876,15497,61.0
2026-06-10 02:13:16,35878,15498,38.3
2026-06-10 02:13:18,35880,15499,30.1
2026-06-10 02:13:20,35882,15500,146
2026-06-10 02:13:22,35884,15501,37.0
2026-06-10 02:13:24,35886,15502,675
2026-06-10 02:13:26,35888,15503,70.2
2026-06-10 02:13:28,35890,15504,24.9
2026-06-10 02:13:30,35892,15505,55.8
2026-06-10 02:13:33,35894,15506,63.5
2026-06-10 02:13:34,35896,15507,22.3
2026-06-10 02:13:37,35899,15508,18.7
2026-06-10 02:13:39,35901,15509,40.9
2026-06-10 02:13:41,35903,15510,45.1
2026-06-10 02:13:43,35905,15511,28.2
2026-06-10 02:13:45,35907,15512,42.4
2026-06-10 02:13:47,35909,15513,44.7
2026-06-10 02:13:49,35911,15514,38.0
2026-06-10 02:13:50,35912,15515,38.0
2026-06-10 02:13:53,35915,15516,50.8
2026-06-10 02:13:54,35916,15517,38.0
2026-06-10 02:13:56,35918,15518,38.1
2026-06-10 02:13:58,35920,15519,50.7
2026-06-10 02:14:00,35922,15520,33.5
2026-06-10 02:14:02,35924,15521,36.9
2026-06-10 02:14:04,35926,15522,45.5
2026-06-10 02:14:06,35928,15523,54.7
2026-06-10 02:14:08,35930,15524,45.4
2026-06-10 02:14:10,35932,15525,53.9
2026-06-10 02:14:12,35934,15526,41.9
2026-06-10 02:14:14,35936,15527,566
2026-06-10 02:14:17,35939,15528,538
2026-06-10 02:14:19,35941,15529,618
2026-06-10 02:14:22,35944,15530,559
2026-06-10 02:14:24,35946,15531,603
2026-06-10 02:14:27,35949,15532,587
2026-06-10 02:14:29,35951,15533,573
2026-06-10 02:14:32,35954,15534,548
2026-06-10 02:14:34,35956,15535,513
2026-06-10 02:14:37,35959,15536,42.5
2026-06-10 02:14:39,35961,15537,24.9
2026-06-10 02:14:41,35963,15538,48.6
2026-06-10 02:14:43,35965,15539,43.7
2026-06-10 02:14:45,35967,15540,53.8
2026-06-10 02:14:47,35969,15541,26.3
2026-06-10 02:14:49,35971,15542,47.5
2026-06-10 02:14:51,35973,15543,51.8
2026-06-10 02:14:53,35975,15544,50.9
2026-06-10 02:14:55,35977,15545,35.2
2026-06-10 02:14:57,35979,15546,67.3
2026-06-10 02:14:59,35981,15547,58.0
2026-06-10 02:15:01,35983,15548,36.2
2026-06-10 02:15:03,35985,15549,37.1
2026-06-10 02:15:06,35988,15550,57.4
2026-06-10 02:15:08,35990,15551,147
2026-06-10 02:15:10,35992,15552,167
2026-06-10 02:15:13,35995,15553,61.8
2026-06-10 02:15:15,35997,15554,37.8
2026-06-10 02:15:17,35999,15555,25.8
2026-06-10 02:15:19,36001,15556,29.3
2026-06-10 02:15:21,36003,15557,39.9
2026-06-10 02:15:23,36005,15558,48.1
2026-06-10 02:15:25,36007,15559,52.3
2026-06-10 02:15:27,36009,15560,24.5
2026-06-10 02:15:29,36011,15561,52.7
2026-06-10 02:15:31,36013,15562,41.4
2026-06-10 02:15:33,36015,15563,32.0
2026-06-10 02:15:35,36017,15564,45.5
2026-06-10 02:15:37,36019,15565,47.5
2026-06-10 02:15:39,36021,15566,54.4
2026-06-10 02:15:41,36023,15567,37.3
2026-06-10 02:15:43,36025,15568,34.1
2026-06-10 02:15:45,36027,15569,51.7
2026-06-10 02:15:48,36030,15570,259
2026-06-10 02:15:50,36032,15571,32.7
2026-06-10 02:15:52,36034,15572,39.4
2026-06-10 02:15:54,36036,15573,51.3
2026-06-10 02:15:56,36038,15574,35.1
2026-06-10 02:15:58,36040,15575,44.9
2026-06-10 02:16:00,36042,15576,30.6
2026-06-10 02:16:02,36044,15577,20.0
2026-06-10 02:16:04,36046,15578,34.5
2026-06-10 02:16:07,36049,15579,182
2026-06-10 02:16:09,36051,15580,146
2026-06-10 02:16:11,36053,15581,48.5
2026-06-10 02:16:13,36055,15582,37.5
2026-06-10 02:16:15,36057,15583,76.4
2026-06-10 02:16:17,36059,15584,44.7
2026-06-10 02:16:19,36061,15585,44.5
2026-06-10 02:16:21,36063,15586,41.7
2026-06-10 02:16:23,36065,15587,29.1
2026-06-10 02:16:25,36067,15588,31.4
2026-06-10 02:16:27,36069,15589,99.4
2026-06-10 02:16:29,36071,15590,71.8
2026-06-10 02:16:31,36073,15591,289
2026-06-10 02:16:34,36076,15592,147
2026-06-10 02:16:36,36078,15593,29.4
2026-06-10 02:16:38,36080,15594,31.2
2026-06-10 02:16:40,36082,15595,75.2
2026-06-10 02:16:42,36084,15596,44.9
2026-06-10 02:16:44,36086,15597,23.1
2026-06-10 02:16:46,36088,15598,33.7
2026-06-10 02:16:48,36090,15599,42.2
2026-06-10 02:16:50,36092,15600,257
2026-06-10 02:16:53,36095,15601,31.3
2026-06-10 02:16:55,36097,15602,24.2
2026-06-10 02:16:57,36099,15603,39.5
2026-06-10 02:16:59,36101,15604,50.0
2026-06-10 02:17:01,36103,15605,39.5
2026-06-10 02:17:03,36105,15606,35.7
2026-06-10 02:17:05,36107,15607,48.1
2026-06-10 02:17:07,36109,15608,44.6
2026-06-10 02:17:09,36111,15609,53.8
2026-06-10 02:17:11,36113,15610,22.9
2026-06-10 02:17:13,36115,15611,42.5
2026-06-10 02:17:15,36117,15612,48.1
2026-06-10 02:17:17,36119,15613,33.4
2026-06-10 02:17:19,36121,15614,45.0
2026-06-10 02:17:21,36123,15615,26.1
2026-06-10 02:17:23,36125,15616,25.4
2026-06-10 02:17:25,36127,15617,44.5
2026-06-10 02:17:27,36129,15618,41.9
2026-06-10 02:17:29,36131,15619,21.0
2026-06-10 02:17:31,36133,15620,37.0
2026-06-10 02:17:33,36135,15621,49.5
2026-06-10 02:17:35,36137,15622,191
2026-06-10 02:17:38,36140,15623,30.0
2026-06-10 02:17:40,36142,15624,502
2026-06-10 02:17:42,36144,15625,509
2026-06-10 02:17:45,36147,15626,521
2026-06-10 02:17:47,36149,15627,572
2026-06-10 02:17:49,36151,15628,501
2026-06-10 02:17:52,36154,15629,603
2026-06-10 02:17:54,36156,15630,530
2026-06-10 02:17:57,36159,15631,447
2026-06-10 02:17:59,36161,15632,587
2026-06-10 02:18:02,36164,15633,645
2026-06-10 02:18:04,36166,15634,449
2026-06-10 02:18:06,36168,15635,38.7
2026-06-10 02:18:08,36170,15636,21.2
2026-06-10 02:18:11,36173,15637,24.4
2026-06-10 02:18:13,36175,15638,22.8
2026-06-10 02:18:15,36177,15639,47.0
2026-06-10 02:18:17,36179,15640,38.6
2026-06-10 02:18:19,36181,15641,32.4
2026-06-10 02:18:21,36183,15642,22.4
2026-06-10 02:18:23,36185,15643,30.1
2026-06-10 02:18:25,36187,15644,35.1
2026-06-10 02:18:27,36189,15645,49.9
2026-06-10 02:18:29,36191,15646,41.4
2026-06-10 02:18:31,36193,15647,39.9
2026-06-10 02:18:33,36195,15648,59.0
2026-06-10 02:18:35,36197,15649,139
2026-06-10 02:18:37,36199,15650,142
2026-06-10 02:18:40,36202,15651,174
2026-06-10 02:18:42,36204,15652,122
2026-06-10 02:18:45,36207,15653,26.9
2026-06-10 02:18:47,36209,15654,28.2
2026-06-10 02:18:49,36211,15655,46.8
2026-06-10 02:18:51,36213,15656,75.1
2026-06-10 02:18:53,36215,15657,39.7
2026-06-10 02:18:55,36217,15658,48.6
2026-06-10 02:18:57,36219,15659,64.4
2026-06-10 02:18:59,36221,15660,28.9
2026-06-10 02:19:01,36223,15661,35.1
2026-06-10 02:19:03,36225,15662,57.5
2026-06-10 02:19:05,36227,15663,81.5
2026-06-10 02:19:07,36229,15664,54.3
2026-06-10 02:19:09,36231,15665,118
2026-06-10 02:19:11,36233,15666,36.1
2026-06-10 02:19:13,36235,15667,33.1
2026-06-10 02:19:15,36237,15668,33.4
2026-06-10 02:19:17,36239,15669,30.2
2026-06-10 02:19:19,36241,15670,25.5
2026-06-10 02:19:21,36243,15671,40.9
2026-06-10 02:19:24,36246,15672,41.7
2026-06-10 02:19:26,36248,15673,15.0
2026-06-10 02:19:28,36250,15674,28.5
2026-06-10 02:19:30,36252,15675,44.4
2026-06-10 02:19:32,36254,15676,23.0
2026-06-10 02:19:34,36256,15677,48.8
2026-06-10 02:19:36,36258,15678,45.6
2026-06-10 02:19:38,36260,15679,57.2
2026-06-10 02:19:40,36262,15680,50.8
2026-06-10 02:19:42,36264,15681,48.8
2026-06-10 02:19:44,36266,15682,27.9
2026-06-10 02:19:46,36268,15683,42.8
2026-06-10 02:19:48,36270,15684,56.1
2026-06-10 02:19:50,36272,15685,28.5
2026-06-10 02:19:53,36275,15686,30.8
2026-06-10 02:19:55,36277,15687,34.5
2026-06-10 02:19:57,36279,15688,45.0
2026-06-10 02:19:59,36281,15689,268
2026-06-10 02:20:01,36283,15690,45.2
2026-06-10 02:20:03,36285,15691,25.9
2026-06-10 02:20:05,36287,15692,59.1
2026-06-10 02:20:08,36290,15693,28.3
2026-06-10 02:20:10,36292,15694,552
2026-06-10 02:20:12,36294,15695,25.5
2026-06-10 02:20:14,36296,15696,25.3
2026-06-10 02:20:16,36298,15697,42.1
2026-06-10 02:20:18,36300,15698,43.4
2026-06-10 02:20:20,36302,15699,29.1
2026-06-10 02:20:22,36304,15700,30.1
2026-06-10 02:20:24,36306,15701,30.5
2026-06-10 02:20:26,36308,15702,30.1
2026-06-10 02:20:29,36310,15703,37.4
2026-06-10 02:20:30,36312,15704,23.2
2026-06-10 02:20:33,36315,15705,50.9
2026-06-10 02:20:35,36317,15706,33.5
2026-06-10 02:20:37,36319,15707,45.1
2026-06-10 02:20:39,36321,15708,31.0
2026-06-10 02:20:41,36323,15709,31.6
2026-06-10 02:20:43,36325,15710,31.5
2026-06-10 02:20:45,36327,15711,38.6
2026-06-10 02:20:47,36329,15712,46.4
2026-06-10 02:20:49,36331,15713,43.3
2026-06-10 02:20:51,36333,15714,35.7
2026-06-10 02:20:53,36335,15715,118
2026-06-10 02:20:55,36337,15716,39.6
2026-06-10 02:20:57,36339,15717,478
2026-06-10 02:20:59,36341,15718,632
2026-06-10 02:21:02,36344,15719,576
2026-06-10 02:21:04,36346,15720,487
2026-06-10 02:21:07,36349,15721,501
2026-06-10 02:21:09,36351,15722,506
2026-06-10 02:21:12,36354,15723,654
2026-06-10 02:21:14,36356,15724,480
2026-06-10 02:21:16,36358,15725,533
2026-06-10 02:21:19,36361,15726,506
2026-06-10 02:21:21,36363,15727,546
2026-06-10 02:21:24,36366,15728,39.8
2026-06-10 02:21:26,36368,15729,48.8
2026-06-10 02:21:28,36370,15730,34.6
2026-06-10 02:21:30,36372,15731,59.5
2026-06-10 02:21:32,36374,15732,39.7
2026-06-10 02:21:34,36376,15733,30.1
2026-06-10 02:21:36,36378,15734,41.4
2026-06-10 02:21:38,36380,15735,33.4
2026-06-10 02:21:40,36382,15736,31.6
2026-06-10 02:21:42,36384,15737,34.4
2026-06-10 02:21:44,36386,15738,36.4
2026-06-10 02:21:46,36388,15739,47.4
2026-06-10 02:21:48,36390,15740,31.5
2026-06-10 02:21:50,36392,15741,181
2026-06-10 02:21:53,36395,15742,42.6
2026-06-10 02:21:55,36397,15743,54.2
2026-06-10 02:21:57,36399,15744,152
2026-06-10 02:22:00,36402,15745,153
2026-06-10 02:22:02,36404,15746,30.0
2026-06-10 02:22:04,36406,15747,48.7
2026-06-10 02:22:06,36408,15748,28.4
2026-06-10 02:22:08,36410,15749,52.2
2026-06-10 02:22:10,36412,15750,39.9
2026-06-10 02:22:12,36414,15751,35.2
2026-06-10 02:22:14,36416,15752,49.9
2026-06-10 02:22:16,36418,15753,39.7
2026-06-10 02:22:18,36420,15754,43.6
2026-06-10 02:22:20,36422,15755,190
2026-06-10 02:22:23,36424,15756,41.9
2026-06-10 02:22:25,36427,15757,37.2
2026-06-10 02:22:27,36429,15758,46.4
2026-06-10 02:22:29,36431,15759,33.5
2026-06-10 02:22:31,36433,15760,33.9
2026-06-10 02:22:33,36435,15761,50.9
2026-06-10 02:22:35,36437,15762,35.9
2026-06-10 02:22:37,36439,15763,27.1
2026-06-10 02:22:39,36441,15764,61.1
2026-06-10 02:22:42,36444,15765,28.0
2026-06-10 02:22:44,36446,15766,39.2
2026-06-10 02:22:46,36448,15767,27.4
2026-06-10 02:22:48,36450,15768,31.7
2026-06-10 02:22:50,36452,15769,33.8
2026-06-10 02:22:52,36454,15770,55.0
2026-06-10 02:22:54,36456,15771,50.1
2026-06-10 02:22:56,36458,15772,38.5
2026-06-10 02:22:58,36460,15773,37.4
2026-06-10 02:23:00,36462,15774,29.8
2026-06-10 02:23:02,36464,15775,39.0
2026-06-10 02:23:04,36466,15776,152
2026-06-10 02:23:06,36468,15777,32.2
2026-06-10 02:23:08,36470,15778,40.6
2026-06-10 02:23:10,36472,15779,43.0
2026-06-10 02:23:12,36474,15780,228
2026-06-10 02:23:14,36476,15781,331
2026-06-10 02:23:17,36479,15782,93.1
2026-06-10 02:23:19,36481,15783,186
2026-06-10 02:23:21,36483,15784,26.2
2026-06-10 02:23:23,36485,15785,36.0
2026-06-10 02:23:25,36487,15786,63.6
2026-06-10 02:23:27,36489,15787,30.2
2026-06-10 02:23:29,36491,15788,50.5
2026-06-10 02:23:31,36493,15789,37.8
2026-06-10 02:23:33,36495,15790,36.4
2026-06-10 02:23:35,36497,15791,46.1
2026-06-10 02:23:37,36499,15792,28.8
2026-06-10 02:23:39,36501,15793,31.7
2026-06-10 02:23:41,36503,15794,42.1
2026-06-10 02:23:43,36505,15795,36.7
2026-06-10 02:23:45,36507,15796,33.2
2026-06-10 02:23:47,36509,15797,36.6
2026-06-10 02:23:49,36511,15798,27.8
2026-06-10 02:23:51,36513,15799,52.7
2026-06-10 02:23:53,36515,15800,50.2
2026-06-10 02:23:55,36517,15801,33.9
2026-06-10 02:23:57,36519,15802,48.0
2026-06-10 02:23:59,36521,15803,44.4
2026-06-10 02:24:01,36523,15804,36.0
2026-06-10 02:24:03,36525,15805,45.0
2026-06-10 02:24:05,36527,15806,47.6
2026-06-10 02:24:07,36529,15807,35.2
2026-06-10 02:24:09,36531,15808,33.2
2026-06-10 02:24:11,36533,15809,52.4
2026-06-10 02:24:13,36535,15810,497
2026-06-10 02:24:16,36538,15811,505
2026-06-10 02:24:18,36540,15812,524
2026-06-10 02:24:21,36543,15813,394
2026-06-10 02:24:23,36545,15814,516
2026-06-10 02:24:26,36548,15815,728
2026-06-10 02:24:28,36550,15816,552
2026-06-10 02:24:31,36553,15817,659
2026-06-10 02:24:33,36555,15818,192
2026-06-10 02:24:35,36557,15819,171
2026-06-10 02:24:38,36560,15820,27.2
2026-06-10 02:24:40,36562,15821,218
2026-06-10 02:24:42,36564,15822,39.2
2026-06-10 02:24:44,36566,15823,52.3
2026-06-10 02:24:46,36568,15824,44.6
2026-06-10 02:24:48,36570,15825,51.7
2026-06-10 02:24:50,36572,15826,38.8
2026-06-10 02:24:52,36574,15827,35.7
2026-06-10 02:24:54,36576,15828,35.5
2026-06-10 02:24:56,36578,15829,49.1
2026-06-10 02:24:58,36580,15830,28.9
2026-06-10 02:25:00,36582,15831,30.6
2026-06-10 02:25:02,36584,15832,114
2026-06-10 02:25:04,36586,15833,126
2026-06-10 02:25:07,36589,15834,148
2026-06-10 02:25:09,36591,15835,145
2026-06-10 02:25:11,36593,15836,35.1
2026-06-10 02:25:14,36596,15837,34.8
2026-06-10 02:25:16,36598,15838,35.0
2026-06-10 02:25:18,36600,15839,241
2026-06-10 02:25:20,36602,15840,39.3
2026-06-10 02:25:22,36604,15841,39.6
2026-06-10 02:25:24,36606,15842,38.6
2026-06-10 02:25:26,36608,15843,60.3
2026-06-10 02:25:28,36610,15844,35.9
2026-06-10 02:25:30,36612,15845,50.5
2026-06-10 02:25:32,36614,15846,26.6
2026-06-10 02:25:34,36616,15847,44.2
2026-06-10 02:25:36,36618,15848,32.2
2026-06-10 02:25:38,36620,15849,48.6
2026-06-10 02:25:41,36623,15850,34.0
2026-06-10 02:25:43,36625,15851,30.4
2026-06-10 02:25:45,36627,15852,33.1
2026-06-10 02:25:47,36629,15853,46.6
2026-06-10 02:25:49,36631,15854,25.6
2026-06-10 02:25:51,36633,15855,34.1
2026-06-10 02:25:53,36635,15856,122
2026-06-10 02:25:56,36638,15857,31.1
2026-06-10 02:25:58,36640,15858,37.3
2026-06-10 02:26:00,36642,15859,42.1
2026-06-10 02:26:02,36644,15860,53.1
2026-06-10 02:26:04,36646,15861,41.8
2026-06-10 02:26:06,36648,15862,29.6
2026-06-10 02:26:08,36650,15863,37.4
2026-06-10 02:26:10,36652,15864,36.0
2026-06-10 02:26:12,36654,15865,39.9
2026-06-10 02:26:14,36656,15866,35.0
2026-06-10 02:26:16,36658,15867,79.9
2026-06-10 02:26:18,36660,15868,44.7
2026-06-10 02:26:20,36662,15869,55.0
2026-06-10 02:26:23,36665,15870,29.5
2026-06-10 02:26:25,36667,15871,34.7
2026-06-10 02:26:27,36669,15872,31.0
2026-06-10 02:26:29,36671,15873,53.9
2026-06-10 02:26:32,36674,15874,32.9
2026-06-10 02:26:34,36676,15875,34.3
2026-06-10 02:26:36,36678,15876,34.9
2026-06-10 02:26:38,36680,15877,29.4
2026-06-10 02:26:40,36682,15878,42.2
2026-06-10 02:26:42,36684,15879,24.2
2026-06-10 02:26:44,36686,15880,32.6
2026-06-10 02:26:46,36688,15881,31.0
2026-06-10 02:26:48,36690,15882,42.2
2026-06-10 02:26:50,36692,15883,31.8
2026-06-10 02:26:52,36694,15884,36.5
2026-06-10 02:26:54,36696,15885,30.5
2026-06-10 02:26:56,36698,15886,33.6
2026-06-10 02:26:58,36700,15887,28.0
2026-06-10 02:27:00,36702,15888,38.3
2026-06-10 02:27:02,36704,15889,35.1
2026-06-10 02:27:04,36706,15890,33.6
2026-06-10 02:27:06,36708,15891,24.6
2026-06-10 02:27:08,36710,15892,29.0
2026-06-10 02:27:10,36712,15893,28.5
2026-06-10 02:27:12,36714,15894,44.7
2026-06-10 02:27:14,36716,15895,29.7
2026-06-10 02:27:16,36718,15896,38.9
2026-06-10 02:27:18,36720,15897,38.0
2026-06-10 02:27:20,36722,15898,36.3
2026-06-10 02:27:22,36724,15899,36.6
2026-06-10 02:27:24,36726,15900,24.2
2026-06-10 02:27:26,36728,15901,26.9
2026-06-10 02:27:28,36730,15902,20.3
2026-06-10 02:27:30,36732,15903,43.2
2026-06-10 02:27:33,36735,15904,21.6
2026-06-10 02:27:34,36736,15905,42.5
2026-06-10 02:27:36,36738,15906,37.0
2026-06-10 02:27:38,36740,15907,31.5
2026-06-10 02:27:40,36742,15908,42.5
2026-06-10 02:27:42,36744,15909,39.2
2026-06-10 02:27:44,36746,15910,29.1
2026-06-10 02:27:47,36749,15911,26.9
2026-06-10 02:27:49,36751,15912,16.2
2026-06-10 02:27:51,36753,15913,26.0
2026-06-10 02:27:53,36755,15914,26.0
2026-06-10 02:27:55,36757,15915,22.8
2026-06-10 02:27:57,36759,15916,38.2
2026-06-10 02:27:59,36761,15917,36.3
2026-06-10 02:28:01,36763,15918,42.4
2026-06-10 02:28:03,36765,15919,50.1
2026-06-10 02:28:05,36767,15920,44.1
2026-06-10 02:28:07,36769,15921,22.2
2026-06-10 02:28:09,36771,15922,22.5
2026-06-10 02:28:11,36773,15923,148
2026-06-10 02:28:13,36775,15924,30.8
2026-06-10 02:28:15,36777,15925,33.1
2026-06-10 02:28:17,36779,15926,48.1
2026-06-10 02:28:19,36781,15927,28.0
2026-06-10 02:28:21,36783,15928,81.5
2026-06-10 02:28:23,36785,15929,36.1
2026-06-10 02:28:25,36787,15930,27.4
2026-06-10 02:28:27,36789,15931,42.8
2026-06-10 02:28:29,36791,15932,44.5
2026-06-10 02:28:31,36793,15933,28.3
2026-06-10 02:28:33,36795,15934,21.5
2026-06-10 02:28:35,36797,15935,25.2
2026-06-10 02:28:37,36799,15936,16.2
2026-06-10 02:28:39,36801,15937,21.6
2026-06-10 02:28:41,36803,15938,36.3
2026-06-10 02:28:43,36805,15939,41.0
2026-06-10 02:28:45,36807,15940,19.3
2026-06-10 02:28:47,36809,15941,37.9
2026-06-10 02:28:49,36811,15942,36.8
2026-06-10 02:28:51,36813,15943,39.3
2026-06-10 02:28:53,36815,15944,28.4
2026-06-10 02:28:55,36817,15945,45.5
2026-06-10 02:28:57,36819,15946,28.0
2026-06-10 02:28:59,36821,15947,27.5
2026-06-10 02:29:01,36823,15948,29.8
2026-06-10 02:29:03,36825,15949,26.5
2026-06-10 02:29:05,36827,15950,45.4
2026-06-10 02:29:07,36829,15951,24.0
2026-06-10 02:29:09,36831,15952,34.0
2026-06-10 02:29:11,36833,15953,51.9
2026-06-10 02:29:13,36835,15954,27.4
2026-06-10 02:29:15,36837,15955,40.9
2026-06-10 02:29:17,36839,15956,25.5
2026-06-10 02:29:19,36841,15957,32.6
2026-06-10 02:29:21,36843,15958,25.6
2026-06-10 02:29:24,36846,15959,42.6
2026-06-10 02:29:26,36848,15960,43.7
2026-06-10 02:29:27,36849,15961,25.6
2026-06-10 02:29:29,36851,15962,41.1
2026-06-10 02:29:32,36854,15963,37.4
2026-06-10 02:29:33,36855,15964,27.5
2026-06-10 02:29:35,36857,15965,32.7
2026-06-10 02:29:38,36860,15966,36.8
2026-06-10 02:29:40,36862,15967,32.0
2026-06-10 02:29:42,36864,15968,29.9
2026-06-10 02:29:44,36866,15969,30.7
2026-06-10 02:29:46,36868,15970,37.3
2026-06-10 02:29:48,36870,15971,27.5
2026-06-10 02:29:50,36872,15972,36.3
2026-06-10 02:29:52,36874,15973,34.7
2026-06-10 02:29:54,36876,15974,24.0
2026-06-10 02:29:56,36878,15975,37.5
2026-06-10 02:29:58,36880,15976,36.0
2026-06-10 02:30:00,36882,15977,33.3
2026-06-10 02:30:02,36884,15978,32.4
2026-06-10 02:30:04,36886,15979,27.3
2026-06-10 02:30:06,36888,15980,21.1
2026-06-10 02:30:08,36890,15981,29.1
2026-06-10 02:30:10,36892,15982,30.2
2026-06-10 02:30:12,36894,15983,28.8
2026-06-10 02:30:14,36896,15984,38.0
2026-06-10 02:30:16,36898,15985,52.5
2026-06-10 02:30:18,36900,15986,34.2
2026-06-10 02:30:20,36902,15987,27.6
2026-06-10 02:30:22,36904,15988,228
2026-06-10 02:30:24,36906,15989,193
2026-06-10 02:30:26,36908,15990,153
2026-06-10 02:30:28,36910,15991,58.1
2026-06-10 02:30:30,36912,15992,54.5
2026-06-10 02:30:32,36914,15993,943
2026-06-10 02:30:35,36917,15994,42.9
2026-06-10 02:30:37,36919,15995,156
2026-06-10 02:30:39,36921,15996,34.6
2026-06-10 02:30:41,36923,15997,196
2026-06-10 02:30:44,36926,15998,172
2026-06-10 02:30:47,36929,15999,209
2026-06-10 02:30:49,36931,16000,230
2026-06-10 02:30:51,36933,16001,30.3
2026-06-10 02:30:53,36935,16002,40.7
2026-06-10 02:30:56,36938,16003,34.4
2026-06-10 02:30:57,36939,16004,35.5
2026-06-10 02:30:59,36941,16005,56.5
2026-06-10 02:31:02,36944,16006,33.8
2026-06-10 02:31:04,36946,16007,44.2
2026-06-10 02:31:06,36948,16008,43.8
2026-06-10 02:31:08,36950,16009,41.7
2026-06-10 02:31:10,36952,16010,39.0
2026-06-10 02:31:12,36954,16011,31.8
2026-06-10 02:31:14,36956,16012,31.6
2026-06-10 02:31:16,36958,16013,29.4
2026-06-10 02:31:18,36960,16014,42.7
2026-06-10 02:31:20,36962,16015,43.7
2026-06-10 02:31:22,36964,16016,144
2026-06-10 02:31:24,36966,16017,27.2
2026-06-10 02:31:26,36968,16018,46.2
2026-06-10 02:31:28,36970,16019,38.9
2026-06-10 02:31:30,36972,16020,39.1
2026-06-10 02:31:33,36975,16021,64.7
2026-06-10 02:31:35,36977,16022,21.1
2026-06-10 02:31:37,36979,16023,30.9
2026-06-10 02:31:39,36981,16024,28.0
2026-06-10 02:31:41,36983,16025,59.7
2026-06-10 02:31:43,36985,16026,190
2026-06-10 02:31:45,36987,16027,52.2
2026-06-10 02:31:47,36989,16028,41.2
2026-06-10 02:31:49,36991,16029,47.3
2026-06-10 02:31:51,36993,16030,28.1
2026-06-10 02:31:53,36995,16031,67.9
2026-06-10 02:31:55,36997,16032,266
2026-06-10 02:31:57,36999,16033,24.3
2026-06-10 02:31:59,37001,16034,32.4
2026-06-10 02:32:02,37004,16035,20.6
2026-06-10 02:32:04,37006,16036,151
2026-06-10 02:32:06,37008,16037,189
2026-06-10 02:32:08,37010,16038,32.4
2026-06-10 02:32:10,37012,16039,60.1
2026-06-10 02:32:12,37014,16040,24.9
2026-06-10 02:32:14,37016,16041,37.7
2026-06-10 02:32:16,37018,16042,33.7
2026-06-10 02:32:18,37020,16043,31.2
2026-06-10 02:32:20,37022,16044,31.0
2026-06-10 02:32:22,37024,16045,30.6
2026-06-10 02:32:24,37026,16046,46.7
2026-06-10 02:32:27,37028,16047,27.8
2026-06-10 02:32:29,37031,16048,49.6
2026-06-10 02:32:31,37033,16049,32.1
2026-06-10 02:32:33,37035,16050,89.6
2026-06-10 02:32:35,37037,16051,21.8
2026-06-10 02:32:37,37039,16052,58.9
2026-06-10 02:32:39,37041,16053,109
2026-06-10 02:32:41,37043,16054,33.8
2026-06-10 02:32:43,37045,16055,22.9
2026-06-10 02:32:46,37048,16056,175
2026-06-10 02:32:48,37050,16057,22.7
2026-06-10 02:32:50,37052,16058,31.7
2026-06-10 02:32:52,37054,16059,94.7
2026-06-10 02:32:54,37056,16060,198
2026-06-10 02:32:56,37058,16061,33.8
2026-06-10 02:32:58,37060,16062,40.0
2026-06-10 02:33:00,37062,16063,36.0
2026-06-10 02:33:02,37064,16064,34.7
2026-06-10 02:33:04,37066,16065,31.0
2026-06-10 02:33:06,37068,16066,36.4
2026-06-10 02:33:09,37071,16067,33.3
2026-06-10 02:33:11,37073,16068,46.8
2026-06-10 02:33:13,37075,16069,30.9
2026-06-10 02:33:15,37077,16070,26.6
2026-06-10 02:33:17,37079,16071,33.3
2026-06-10 02:33:19,37081,16072,31.2
2026-06-10 02:33:21,37083,16073,25.4
2026-06-10 02:33:23,37085,16074,43.4
2026-06-10 02:33:25,37087,16075,38.7
2026-06-10 02:33:27,37089,16076,43.9
2026-06-10 02:33:29,37091,16077,31.0
2026-06-10 02:33:31,37093,16078,29.1
2026-06-10 02:33:33,37095,16079,41.9
2026-06-10 02:33:35,37097,16080,92.9
2026-06-10 02:33:37,37099,16081,39.2
2026-06-10 02:33:39,37101,16082,29.2
2026-06-10 02:33:41,37103,16083,100
2026-06-10 02:33:44,37106,16084,154
2026-06-10 02:33:46,37108,16085,168
2026-06-10 02:33:48,37110,16086,36.0
2026-06-10 02:33:50,37112,16087,31.8
2026-06-10 02:33:52,37114,16088,43.9
2026-06-10 02:33:54,37116,16089,71.4
2026-06-10 02:33:56,37118,16090,32.3
2026-06-10 02:33:59,37121,16091,21.7
2026-06-10 02:34:01,37123,16092,35.0
2026-06-10 02:34:03,37125,16093,31.0
2026-06-10 02:34:05,37127,16094,225
2026-06-10 02:34:07,37129,16095,23.7
2026-06-10 02:34:09,37131,16096,131
2026-06-10 02:34:11,37133,16097,24.9
2026-06-10 02:34:13,37135,16098,23.1
2026-06-10 02:34:15,37137,16099,45.5
2026-06-10 02:34:17,37139,16100,86.9
2026-06-10 02:34:19,37141,16101,83.9
2026-06-10 02:34:21,37143,16102,38.1
2026-06-10 02:34:23,37145,16103,18.6
2026-06-10 02:34:26,37148,16104,134
2026-06-10 02:34:28,37150,16105,145
2026-06-10 02:34:31,37153,16106,169
2026-06-10 02:34:33,37155,16107,196
2026-06-10 02:34:36,37158,16108,191
2026-06-10 02:34:38,37160,16109,23.5
2026-06-10 02:34:40,37162,16110,49.1
2026-06-10 02:34:43,37165,16111,20.0
2026-06-10 02:34:45,37167,16112,32.7
2026-06-10 02:34:47,37169,16113,18.0
2026-06-10 02:34:49,37171,16114,44.5
2026-06-10 02:34:51,37173,16115,28.9
2026-06-10 02:34:53,37175,16116,17.2
2026-06-10 02:34:55,37177,16117,28.4
2026-06-10 02:34:57,37179,16118,33.8
2026-06-10 02:34:59,37181,16119,21.3
2026-06-10 02:35:01,37183,16120,21.4
2026-06-10 02:35:03,37185,16121,24.3
2026-06-10 02:35:05,37187,16122,21.0
2026-06-10 02:35:07,37189,16123,79.3
2026-06-10 02:35:09,37191,16124,94.0
2026-06-10 02:35:12,37194,16125,49.8
2026-06-10 02:35:14,37196,16126,48.2
2026-06-10 02:35:16,37198,16127,174
2026-06-10 02:35:18,37200,16128,26.4
2026-06-10 02:35:20,37202,16129,34.9
2026-06-10 02:35:22,37204,16130,46.7
2026-06-10 02:35:24,37206,16131,33.4
2026-06-10 02:35:26,37208,16132,32.3
2026-06-10 02:35:28,37210,16133,28.6
2026-06-10 02:35:30,37212,16134,39.4
2026-06-10 02:35:32,37214,16135,25.7
2026-06-10 02:35:34,37216,16136,36.7
2026-06-10 02:35:36,37218,16137,33.0
2026-06-10 02:35:38,37220,16138,32.4
2026-06-10 02:35:40,37222,16139,34.0
2026-06-10 02:35:42,37224,16140,93.5
2026-06-10 02:35:44,37226,16141,102
2026-06-10 02:35:46,37228,16142,31.0
2026-06-10 02:35:48,37230,16143,31.8
2026-06-10 02:35:50,37232,16144,442
2026-06-10 02:35:53,37235,16145,38.0
2026-06-10 02:35:55,37237,16146,45.8
2026-06-10 02:35:57,37239,16147,52.0
2026-06-10 02:35:59,37241,16148,34.6
2026-06-10 02:36:01,37243,16149,128
2026-06-10 02:36:04,37246,16150,41.9
2026-06-10 02:36:06,37248,16151,27.8
2026-06-10 02:36:08,37250,16152,48.6
2026-06-10 02:36:10,37252,16153,36.6
2026-06-10 02:36:12,37254,16154,99.4
2026-06-10 02:36:14,37256,16155,42.3
2026-06-10 02:36:16,37258,16156,84.9
2026-06-10 02:36:18,37260,16157,34.3
2026-06-10 02:36:20,37262,16158,38.1
2026-06-10 02:36:22,37264,16159,80.1
2026-06-10 02:36:24,37266,16160,114
2026-06-10 02:36:26,37268,16161,77.4
2026-06-10 02:36:28,37270,16162,151
2026-06-10 02:36:31,37273,16163,109
2026-06-10 02:36:33,37275,16164,29.0
2026-06-10 02:36:35,37277,16165,39.2
2026-06-10 02:36:37,37279,16166,83.0
2026-06-10 02:36:39,37281,16167,229
2026-06-10 02:36:41,37283,16168,224
2026-06-10 02:36:44,37286,16169,69.8
2026-06-10 02:36:46,37288,16170,73.1
2026-06-10 02:36:48,37290,16171,145
2026-06-10 02:36:50,37292,16172,29.0
2026-06-10 02:36:52,37294,16173,48.5
2026-06-10 02:36:54,37296,16174,32.9
2026-06-10 02:36:57,37299,16175,36.1
2026-06-10 02:36:59,37301,16176,45.7
2026-06-10 02:37:01,37303,16177,38.5
2026-06-10 02:37:03,37305,16178,46.6
2026-06-10 02:37:05,37307,16179,63.2
2026-06-10 02:37:07,37309,16180,42.7
2026-06-10 02:37:09,37311,16181,34.8
2026-06-10 02:37:11,37313,16182,19.3
2026-06-10 02:37:13,37315,16183,28.6
2026-06-10 02:37:16,37318,16184,391
2026-06-10 02:37:18,37320,16185,26.3
2026-06-10 02:37:20,37322,16186,134
2026-06-10 02:37:22,37324,16187,124
2026-06-10 02:37:25,37327,16188,127
2026-06-10 02:37:27,37329,16189,108
2026-06-10 02:37:30,37332,16190,173
2026-06-10 02:37:33,37335,16191,48.8
2026-06-10 02:37:35,37337,16192,27.4
2026-06-10 02:37:37,37339,16193,96.9
2026-06-10 02:37:39,37341,16194,21.8
2026-06-10 02:37:41,37343,16195,37.9
2026-06-10 02:37:43,37345,16196,38.6
2026-06-10 02:37:45,37347,16197,14.1
2026-06-10 02:37:47,37349,16198,38.4
2026-06-10 02:37:49,37351,16199,47.7
2026-06-10 02:37:51,37353,16200,44.5
2026-06-10 02:37:53,37355,16201,32.3
2026-06-10 02:37:55,37357,16202,33.8
2026-06-10 02:37:57,37359,16203,24.1
2026-06-10 02:37:59,37361,16204,31.1
2026-06-10 02:38:01,37363,16205,111
2026-06-10 02:38:04,37366,16206,46.8
2026-06-10 02:38:06,37368,16207,32.3
2026-06-10 02:38:08,37370,16208,159
2026-06-10 02:38:11,37373,16209,185
2026-06-10 02:38:13,37375,16210,120
2026-06-10 02:38:15,37377,16211,162
2026-06-10 02:38:18,37380,16212,103
2026-06-10 02:38:21,37383,16213,50.7
2026-06-10 02:38:23,37385,16214,46.3
2026-06-10 02:38:25,37387,16215,85.4
2026-06-10 02:38:27,37389,16216,52.0
2026-06-10 02:38:29,37391,16217,31.2
2026-06-10 02:38:31,37393,16218,28.1
2026-06-10 02:38:33,37395,16219,19.5
2026-06-10 02:38:35,37397,16220,17.1
2026-06-10 02:38:37,37399,16221,46.5
2026-06-10 02:38:39,37401,16222,32.2
2026-06-10 02:38:41,37403,16223,35.4
2026-06-10 02:38:43,37405,16224,31.9
2026-06-10 02:38:45,37407,16225,32.1
2026-06-10 02:38:47,37409,16226,31.9
2026-06-10 02:38:49,37411,16227,21.3
2026-06-10 02:38:51,37413,16228,30.0
2026-06-10 02:38:54,37416,16229,64.0
2026-06-10 02:38:56,37418,16230,38.3
2026-06-10 02:38:58,37420,16231,33.6
2026-06-10 02:39:00,37422,16232,47.5
2026-06-10 02:39:02,37424,16233,44.0
2026-06-10 02:39:04,37426,16234,33.3
2026-06-10 02:39:06,37428,16235,56.7
2026-06-10 02:39:08,37430,16236,55.0
2026-06-10 02:39:10,37432,16237,24.2
2026-06-10 02:39:12,37434,16238,42.7
2026-06-10 02:39:14,37436,16239,39.4
2026-06-10 02:39:16,37438,16240,90.1
2026-06-10 02:39:18,37440,16241,92.0
2026-06-10 02:39:20,37442,16242,153
2026-06-10 02:39:22,37444,16243,168
2026-06-10 02:39:25,37447,16244,57.1
2026-06-10 02:39:27,37449,16245,97.6
2026-06-10 02:39:29,37451,16246,21.3
2026-06-10 02:39:31,37453,16247,155
2026-06-10 02:39:33,37455,16248,266
2026-06-10 02:39:35,37457,16249,35.5
2026-06-10 02:39:37,37459,16250,118
2026-06-10 02:39:40,37462,16251,236
2026-06-10 02:39:42,37464,16252,157
2026-06-10 02:39:45,37467,16253,191
2026-06-10 02:39:48,37470,16254,123
2026-06-10 02:39:50,37472,16255,50.4
2026-06-10 02:39:52,37474,16256,30.9
2026-06-10 02:39:54,37476,16257,96.7
2026-06-10 02:39:56,37478,16258,24.6
2026-06-10 02:39:58,37480,16259,21.3
2026-06-10 02:40:01,37483,16260,42.3
2026-06-10 02:40:03,37485,16261,24.1
2026-06-10 02:40:05,37487,16262,33.9
2026-06-10 02:40:07,37489,16263,37.0
2026-06-10 02:40:09,37491,16264,39.5
2026-06-10 02:40:11,37493,16265,42.4
2026-06-10 02:40:13,37495,16266,25.1
2026-06-10 02:40:15,37497,16267,34.6
2026-06-10 02:40:17,37499,16268,15.3
2026-06-10 02:40:19,37501,16269,41.5
2026-06-10 02:40:21,37503,16270,34.8
2026-06-10 02:40:23,37505,16271,28.0
2026-06-10 02:40:25,37507,16272,35.6
2026-06-10 02:40:27,37509,16273,120
2026-06-10 02:40:30,37512,16274,28.1
2026-06-10 02:40:32,37514,16275,151
2026-06-10 02:40:34,37516,16276,47.8
2026-06-10 02:40:36,37518,16277,56.7
2026-06-10 02:40:38,37520,16278,38.6
2026-06-10 02:40:40,37522,16279,47.2
2026-06-10 02:40:42,37524,16280,59.0
2026-06-10 02:40:44,37526,16281,29.2
2026-06-10 02:40:46,37528,16282,57.3
2026-06-10 02:40:48,37530,16283,32.3
2026-06-10 02:40:50,37532,16284,49.1
2026-06-10 02:40:52,37534,16285,98.0
2026-06-10 02:40:54,37536,16286,37.1
2026-06-10 02:40:56,37538,16287,41.9
2026-06-10 02:40:59,37541,16288,165
2026-06-10 02:41:01,37543,16289,132
2026-06-10 02:41:04,37546,16290,118
2026-06-10 02:41:06,37548,16291,151
2026-06-10 02:41:09,37551,16292,122
2026-06-10 02:41:12,37554,16293,39.2
2026-06-10 02:41:14,37556,16294,35.9
2026-06-10 02:41:16,37558,16295,112
2026-06-10 02:41:18,37560,16296,30.9
2026-06-10 02:41:20,37562,16297,25.2
2026-06-10 02:41:22,37564,16298,18.5
2026-06-10 02:41:24,37566,16299,31.1
2026-06-10 02:41:26,37568,16300,37.4
2026-06-10 02:41:28,37570,16301,26.9
2026-06-10 02:41:30,37572,16302,33.8
2026-06-10 02:41:32,37574,16303,23.1
2026-06-10 02:41:34,37576,16304,31.7
2026-06-10 02:41:36,37578,16305,38.4
2026-06-10 02:41:38,37580,16306,450
2026-06-10 02:41:40,37582,16307,115
2026-06-10 02:41:42,37584,16308,120
2026-06-10 02:41:44,37586,16309,114
2026-06-10 02:41:46,37588,16310,88.2
2026-06-10 02:41:48,37590,16311,109
2026-06-10 02:41:50,37592,16312,23.0
2026-06-10 02:41:52,37594,16313,27.3
2026-06-10 02:41:54,37596,16314,56.8
2026-06-10 02:41:57,37599,16315,30.2
2026-06-10 02:41:59,37601,16316,81.4
2026-06-10 02:42:01,37603,16317,26.2
2026-06-10 02:42:03,37605,16318,63.2
2026-06-10 02:42:05,37607,16319,40.8
2026-06-10 02:42:07,37609,16320,40.8
2026-06-10 02:42:09,37611,16321,65.8
2026-06-10 02:42:11,37613,16322,17.1
2026-06-10 02:42:13,37615,16323,35.4
2026-06-10 02:42:15,37617,16324,74.8
2026-06-10 02:42:17,37619,16325,162
2026-06-10 02:42:19,37621,16326,44.9
2026-06-10 02:42:22,37624,16327,42.4
2026-06-10 02:42:24,37626,16328,44.2
2026-06-10 02:42:26,37628,16329,30.1
2026-06-10 02:42:28,37630,16330,54.1
2026-06-10 02:42:30,37632,16331,49.5
2026-06-10 02:42:32,37634,16332,33.8
2026-06-10 02:42:34,37636,16333,34.5
2026-06-10 02:42:36,37638,16334,40.0
2026-06-10 02:42:38,37640,16335,289
2026-06-10 02:42:40,37642,16336,26.3
2026-06-10 02:42:42,37644,16337,117
2026-06-10 02:42:45,37647,16338,36.9
2026-06-10 02:42:47,37649,16339,35.7
2026-06-10 02:42:49,37651,16340,37.1
2026-06-10 02:42:51,37653,16341,32.5
2026-06-10 02:42:53,37655,16342,73.8
2026-06-10 02:42:55,37657,16343,79.9
2026-06-10 02:42:57,37659,16344,35.0
2026-06-10 02:43:00,37662,16345,593
2026-06-10 02:43:02,37664,16346,22.8
2026-06-10 02:43:04,37666,16347,39.7
2026-06-10 02:43:06,37668,16348,60.9
2026-06-10 02:43:08,37670,16349,38.2
2026-06-10 02:43:10,37672,16350,44.3
2026-06-10 02:43:12,37674,16351,38.9
2026-06-10 02:43:14,37676,16352,43.9
2026-06-10 02:43:16,37678,16353,46.3
2026-06-10 02:43:18,37680,16354,31.7
2026-06-10 02:43:20,37682,16355,39.8
2026-06-10 02:43:23,37685,16356,39.7
2026-06-10 02:43:24,37686,16357,51.3
2026-06-10 02:43:26,37688,16358,36.4
2026-06-10 02:43:28,37690,16359,42.1
2026-06-10 02:43:30,37692,16360,33.3
2026-06-10 02:43:33,37695,16361,53.2
2026-06-10 02:43:35,37697,16362,42.6
2026-06-10 02:43:37,37699,16363,35.0
2026-06-10 02:43:39,37701,16364,43.4
2026-06-10 02:43:41,37703,16365,38.4
2026-06-10 02:43:43,37705,16366,26.0
2026-06-10 02:43:45,37707,16367,29.6
2026-06-10 02:43:47,37709,16368,548
2026-06-10 02:43:49,37711,16369,499
2026-06-10 02:43:51,37713,16370,451
2026-06-10 02:43:54,37716,16371,572
2026-06-10 02:43:56,37718,16372,470
2026-06-10 02:43:59,37721,16373,730
2026-06-10 02:44:01,37723,16374,575
2026-06-10 02:44:04,37726,16375,504
2026-06-10 02:44:06,37728,16376,516
2026-06-10 02:44:08,37730,16377,550
2026-06-10 02:44:11,37733,16378,670
2026-06-10 02:44:13,37735,16379,537
2026-06-10 02:44:16,37738,16380,40.0
2026-06-10 02:44:18,37740,16381,32.5
2026-06-10 02:44:20,37742,16382,43.1
2026-06-10 02:44:22,37744,16383,50.7
2026-06-10 02:44:24,37746,16384,34.9
2026-06-10 02:44:26,37748,16385,46.3
2026-06-10 02:44:28,37750,16386,44.6
2026-06-10 02:44:30,37752,16387,37.2
2026-06-10 02:44:32,37754,16388,35.8
2026-06-10 02:44:34,37756,16389,28.0
2026-06-10 02:44:36,37758,16390,27.1
2026-06-10 02:44:38,37760,16391,27.5
2026-06-10 02:44:40,37762,16392,46.6
2026-06-10 02:44:42,37764,16393,159
2026-06-10 02:44:45,37767,16394,201
2026-06-10 02:44:47,37769,16395,42.1
2026-06-10 02:44:49,37771,16396,121
2026-06-10 02:44:52,37774,16397,64.7
2026-06-10 02:44:54,37776,16398,31.9
2026-06-10 02:44:56,37778,16399,46.0
2026-06-10 02:44:58,37780,16400,68.6
2026-06-10 02:45:00,37782,16401,52.0
2026-06-10 02:45:02,37784,16402,29.8
2026-06-10 02:45:04,37786,16403,43.2
2026-06-10 02:45:06,37788,16404,32.8
2026-06-10 02:45:08,37790,16405,42.7
2026-06-10 02:45:10,37792,16406,46.3
2026-06-10 02:45:12,37794,16407,215
2026-06-10 02:45:14,37796,16408,39.1
2026-06-10 02:45:16,37798,16409,38.2
2026-06-10 02:45:18,37800,16410,41.7
2026-06-10 02:45:21,37803,16411,37.1
2026-06-10 02:45:23,37805,16412,26.3
2026-06-10 02:45:25,37807,16413,23.5
2026-06-10 02:45:27,37809,16414,30.3
2026-06-10 02:45:29,37811,16415,41.9
2026-06-10 02:45:31,37813,16416,39.4
2026-06-10 02:45:33,37815,16417,114
2026-06-10 02:45:36,37818,16418,22.0
2026-06-10 02:45:38,37820,16419,22.5
2026-06-10 02:45:40,37822,16420,259
2026-06-10 02:45:42,37824,16421,37.3
2026-06-10 02:45:44,37826,16422,50.7
2026-06-10 02:45:46,37828,16423,38.5
2026-06-10 02:45:48,37830,16424,193
2026-06-10 02:45:50,37832,16425,37.1
2026-06-10 02:45:52,37834,16426,34.4
2026-06-10 02:45:54,37836,16427,29.4
2026-06-10 02:45:56,37838,16428,288
2026-06-10 02:45:58,37840,16429,79.3
2026-06-10 02:46:00,37842,16430,131
2026-06-10 02:46:02,37844,16431,51.3
2026-06-10 02:46:04,37846,16432,32.4
2026-06-10 02:46:06,37848,16433,21.2
2026-06-10 02:46:09,37851,16434,106
2026-06-10 02:46:11,37853,16435,154
2026-06-10 02:46:13,37855,16436,106
2026-06-10 02:46:15,37857,16437,98.7
2026-06-10 02:46:17,37859,16438,225
2026-06-10 02:46:20,37862,16439,43.7
2026-06-10 02:46:22,37864,16440,70.3
2026-06-10 02:46:24,37866,16441,31.8
2026-06-10 02:46:26,37868,16442,53.9
2026-06-10 02:46:28,37870,16443,138
2026-06-10 02:46:31,37873,16444,152
2026-06-10 02:46:33,37875,16445,182
2026-06-10 02:46:36,37878,16446,153
2026-06-10 02:46:39,37881,16447,135
2026-06-10 02:46:41,37883,16448,49.4
2026-06-10 02:46:43,37885,16449,66.6
2026-06-10 02:46:45,37887,16450,31.4
2026-06-10 02:46:47,37889,16451,30.8
2026-06-10 02:46:49,37891,16452,29.3
2026-06-10 02:46:51,37893,16453,19.2
2026-06-10 02:46:53,37895,16454,43.7
2026-06-10 02:46:56,37897,16455,26.2
2026-06-10 02:46:58,37900,16456,20.9
2026-06-10 02:47:00,37902,16457,19.9
2026-06-10 02:47:02,37904,16458,36.2
2026-06-10 02:47:04,37906,16459,46.7
2026-06-10 02:47:06,37908,16460,57.4
2026-06-10 02:47:08,37910,16461,45.3
2026-06-10 02:47:10,37912,16462,64.6
2026-06-10 02:47:12,37914,16463,24.3
2026-06-10 02:47:14,37916,16464,32.8
2026-06-10 02:47:16,37918,16465,61.9
2026-06-10 02:47:19,37921,16466,46.3
2026-06-10 02:47:21,37923,16467,28.9
2026-06-10 02:47:23,37925,16468,156
2026-06-10 02:47:25,37927,16469,32.3
2026-06-10 02:47:27,37929,16470,25.6
2026-06-10 02:47:29,37931,16471,37.4
2026-06-10 02:47:31,37933,16472,41.3
2026-06-10 02:47:33,37935,16473,36.0
2026-06-10 02:47:36,37938,16474,44.3
2026-06-10 02:47:38,37940,16475,31.2
2026-06-10 02:47:40,37942,16476,38.8
2026-06-10 02:47:42,37944,16477,36.1
2026-06-10 02:47:44,37946,16478,93.6
2026-06-10 02:47:46,37948,16479,43.4
2026-06-10 02:47:48,37950,16480,108
2026-06-10 02:47:50,37952,16481,28.2
2026-06-10 02:47:52,37954,16482,102
2026-06-10 02:47:55,37957,16483,57.9
2026-06-10 02:47:57,37959,16484,40.9
2026-06-10 02:47:59,37961,16485,42.8
2026-06-10 02:48:01,37963,16486,48.4
2026-06-10 02:48:03,37965,16487,21.4
2026-06-10 02:48:05,37967,16488,452
2026-06-10 02:48:08,37970,16489,304
2026-06-10 02:48:10,37972,16490,39.5
2026-06-10 02:48:12,37974,16491,181
2026-06-10 02:48:14,37976,16492,215
2026-06-10 02:48:17,37979,16493,193
2026-06-10 02:48:19,37981,16494,195
2026-06-10 02:48:22,37984,16495,147
2026-06-10 02:48:24,37986,16496,772
2026-06-10 02:48:27,37989,16497,35.2
2026-06-10 02:48:29,37991,16498,71.8
2026-06-10 02:48:31,37993,16499,21.2
2026-06-10 02:48:33,37995,16500,38.4
2026-06-10 02:48:35,37997,16501,16.7
2026-06-10 02:48:37,37999,16502,38.1
2026-06-10 02:48:39,38001,16503,36.6
2026-06-10 02:48:41,38003,16504,23.8
2026-06-10 02:48:43,38005,16505,36.9
2026-06-10 02:48:45,38007,16506,26.5
2026-06-10 02:48:47,38009,16507,29.0
2026-06-10 02:48:49,38011,16508,24.2
2026-06-10 02:48:51,38013,16509,27.0
2026-06-10 02:48:53,38015,16510,41.2
2026-06-10 02:48:56,38018,16511,45.1
2026-06-10 02:48:58,38020,16512,39.8
2026-06-10 02:49:00,38022,16513,29.0
2026-06-10 02:49:02,38024,16514,32.3
2026-06-10 02:49:04,38026,16515,36.0
2026-06-10 02:49:06,38028,16516,48.8
2026-06-10 02:49:08,38030,16517,40.2
2026-06-10 02:49:10,38032,16518,32.5
2026-06-10 02:49:12,38034,16519,31.2
2026-06-10 02:49:15,38037,16520,24.2
2026-06-10 02:49:17,38039,16521,38.9
2026-06-10 02:49:19,38041,16522,39.9
2026-06-10 02:49:21,38043,16523,65.9
2026-06-10 02:49:23,38045,16524,45.9
2026-06-10 02:49:25,38047,16525,182
2026-06-10 02:49:27,38049,16526,156
2026-06-10 02:49:30,38052,16527,43.9
2026-06-10 02:49:32,38054,16528,30.7
2026-06-10 02:49:34,38056,16529,32.9
2026-06-10 02:49:36,38058,16530,60.6
2026-06-10 02:49:38,38060,16531,47.2
2026-06-10 02:49:40,38062,16532,58.3
2026-06-10 02:49:42,38064,16533,45.6
2026-06-10 02:49:45,38067,16534,32.3
2026-06-10 02:49:47,38069,16535,49.9
2026-06-10 02:49:49,38071,16536,24.9
2026-06-10 02:49:51,38073,16537,29.5
2026-06-10 02:49:53,38075,16538,28.5
2026-06-10 02:49:55,38077,16539,42.2
2026-06-10 02:49:57,38079,16540,47.9
2026-06-10 02:49:59,38081,16541,29.1
2026-06-10 02:50:01,38083,16542,36.3
2026-06-10 02:50:03,38085,16543,42.8
2026-06-10 02:50:05,38087,16544,51.9
2026-06-10 02:50:07,38089,16545,52.4
2026-06-10 02:50:09,38091,16546,68.5
2026-06-10 02:50:11,38093,16547,23.6
2026-06-10 02:50:13,38095,16548,29.2
2026-06-10 02:50:15,38097,16549,41.6
2026-06-10 02:50:17,38099,16550,14.2
2026-06-10 02:50:20,38102,16551,32.2
2026-06-10 02:50:22,38104,16552,49.7
2026-06-10 02:50:24,38106,16553,17.6
2026-06-10 02:50:26,38108,16554,50.4
2026-06-10 02:50:28,38110,16555,55.4
2026-06-10 02:50:30,38112,16556,162
2026-06-10 02:50:32,38114,16557,38.0
2026-06-10 02:50:34,38116,16558,35.5
2026-06-10 02:50:36,38118,16559,23.6
2026-06-10 02:50:38,38120,16560,44.1
2026-06-10 02:50:40,38122,16561,47.6
2026-06-10 02:50:42,38124,16562,151
2026-06-10 02:50:45,38127,16563,179
2026-06-10 02:50:47,38129,16564,173
2026-06-10 02:50:49,38131,16565,111
2026-06-10 02:50:51,38133,16566,145
2026-06-10 02:50:53,38135,16567,27.9
2026-06-10 02:50:56,38138,16568,193
2026-06-10 02:50:58,38140,16569,43.0
2026-06-10 02:51:00,38142,16570,159
2026-06-10 02:51:03,38145,16571,171
2026-06-10 02:51:05,38147,16572,211
2026-06-10 02:51:08,38150,16573,171
2026-06-10 02:51:10,38152,16574,186
2026-06-10 02:51:13,38155,16575,19.7
2026-06-10 02:51:15,38157,16576,31.3
2026-06-10 02:51:17,38159,16577,84.4
2026-06-10 02:51:19,38161,16578,27.5
2026-06-10 02:51:21,38163,16579,33.2
2026-06-10 02:51:23,38165,16580,24.3
2026-06-10 02:51:25,38167,16581,21.4
2026-06-10 02:51:27,38169,16582,20.2
2026-06-10 02:51:29,38171,16583,26.6
2026-06-10 02:51:31,38173,16584,20.3
2026-06-10 02:51:33,38175,16585,22.8
2026-06-10 02:51:35,38177,16586,38.0
2026-06-10 02:51:37,38179,16587,29.4
2026-06-10 02:51:39,38181,16588,23.7
2026-06-10 02:51:41,38183,16589,35.0
2026-06-10 02:51:44,38186,16590,32.5
2026-06-10 02:51:46,38188,16591,30.9
2026-06-10 02:51:48,38190,16592,96.7
2026-06-10 02:51:50,38192,16593,293
2026-06-10 02:51:53,38195,16594,149
2026-06-10 02:51:55,38197,16595,22.5
2026-06-10 02:51:57,38199,16596,27.8
2026-06-10 02:51:59,38201,16597,274
2026-06-10 02:52:02,38204,16598,22.6
2026-06-10 02:52:04,38206,16599,67.2
2026-06-10 02:52:06,38208,16600,183
2026-06-10 02:52:08,38210,16601,118
2026-06-10 02:52:10,38212,16602,36.2
2026-06-10 02:52:12,38214,16603,48.8
2026-06-10 02:52:14,38216,16604,95.3
2026-06-10 02:52:17,38219,16605,48.6
2026-06-10 02:52:19,38221,16606,31.2
2026-06-10 02:52:21,38223,16607,35.8
2026-06-10 02:52:23,38225,16608,30.5
2026-06-10 02:52:25,38227,16609,55.8
2026-06-10 02:52:27,38229,16610,84.2
2026-06-10 02:52:29,38231,16611,199
2026-06-10 02:52:32,38234,16612,183
2026-06-10 02:52:34,38236,16613,34.5
2026-06-10 02:52:36,38238,16614,45.6
2026-06-10 02:52:38,38240,16615,35.9
2026-06-10 02:52:40,38242,16616,97.3
2026-06-10 02:52:42,38244,16617,42.9
2026-06-10 02:52:44,38246,16618,117
2026-06-10 02:52:47,38249,16619,30.1
2026-06-10 02:52:49,38251,16620,158
2026-06-10 02:52:51,38253,16621,49.1
2026-06-10 02:52:53,38255,16622,30.0
2026-06-10 02:52:55,38257,16623,48.6
2026-06-10 02:52:57,38259,16624,38.8
2026-06-10 02:52:59,38261,16625,59.2
2026-06-10 02:53:01,38263,16626,62.4
2026-06-10 02:53:03,38265,16627,26.8
2026-06-10 02:53:05,38267,16628,33.3
2026-06-10 02:53:07,38269,16629,38.1
2026-06-10 02:53:09,38271,16630,36.1
2026-06-10 02:53:11,38273,16631,123
2026-06-10 02:53:13,38275,16632,268
2026-06-10 02:53:16,38278,16633,31.3
2026-06-10 02:53:18,38280,16634,29.2
2026-06-10 02:53:20,38282,16635,35.3
2026-06-10 02:53:22,38284,16636,24.9
2026-06-10 02:53:24,38286,16637,52.7
2026-06-10 02:53:26,38288,16638,21.6
2026-06-10 02:53:28,38290,16639,113
2026-06-10 02:53:31,38293,16640,179
2026-06-10 02:53:33,38295,16641,114
2026-06-10 02:53:36,38298,16642,159
2026-06-10 02:53:39,38301,16643,140
2026-06-10 02:53:41,38303,16644,204
2026-06-10 02:53:44,38306,16645,42.4
2026-06-10 02:53:46,38308,16646,36.0
2026-06-10 02:53:48,38310,16647,33.1
2026-06-10 02:53:50,38312,16648,43.0
2026-06-10 02:53:52,38314,16649,37.5
2026-06-10 02:53:54,38316,16650,20.8
2026-06-10 02:53:56,38318,16651,47.0
2026-06-10 02:53:58,38320,16652,23.8
2026-06-10 02:54:00,38322,16653,45.8
2026-06-10 02:54:02,38324,16654,39.8
2026-06-10 02:54:04,38326,16655,57.4
2026-06-10 02:54:06,38328,16656,25.9
2026-06-10 02:54:08,38330,16657,21.8
2026-06-10 02:54:10,38332,16658,112
2026-06-10 02:54:13,38335,16659,35.6
2026-06-10 02:54:15,38337,16660,30.7
2026-06-10 02:54:17,38339,16661,230
2026-06-10 02:54:19,38341,16662,75.2
2026-06-10 02:54:21,38343,16663,59.7
2026-06-10 02:54:23,38345,16664,41.8
2026-06-10 02:54:26,38348,16665,34.4
2026-06-10 02:54:28,38350,16666,145
2026-06-10 02:54:30,38352,16667,86.9
2026-06-10 02:54:32,38354,16668,204
2026-06-10 02:54:34,38356,16669,45.4
2026-06-10 02:54:36,38358,16670,26.9
2026-06-10 02:54:38,38360,16671,92.7
2026-06-10 02:54:40,38362,16672,124
2026-06-10 02:54:43,38365,16673,37.9
2026-06-10 02:54:45,38367,16674,300
2026-06-10 02:54:47,38369,16675,35.6
2026-06-10 02:54:50,38372,16676,39.0
2026-06-10 02:54:52,38374,16677,36.8
2026-06-10 02:54:54,38376,16678,22.0
2026-06-10 02:54:56,38378,16679,94.2
2026-06-10 02:54:58,38380,16680,53.3
2026-06-10 02:55:00,38382,16681,65.1
2026-06-10 02:55:03,38385,16682,24.4
2026-06-10 02:55:05,38387,16683,113
2026-06-10 02:55:07,38389,16684,136
2026-06-10 02:55:09,38391,16685,53.3
2026-06-10 02:55:11,38393,16686,23.5
2026-06-10 02:55:13,38395,16687,32.0
2026-06-10 02:55:16,38398,16688,40.2
2026-06-10 02:55:18,38400,16689,132
2026-06-10 02:55:20,38402,16690,144
2026-06-10 02:55:22,38404,16691,189
2026-06-10 02:55:24,38406,16692,49.7
2026-06-10 02:55:26,38408,16693,34.3
2026-06-10 02:55:29,38411,16694,46.4
2026-06-10 02:55:31,38413,16695,231
2026-06-10 02:55:33,38415,16696,24.9
2026-06-10 02:55:35,38417,16697,292
2026-06-10 02:55:37,38419,16698,223
2026-06-10 02:55:40,38422,16699,34.6
2026-06-10 02:55:42,38424,16700,42.5
2026-06-10 02:55:44,38426,16701,102
2026-06-10 02:55:46,38428,16702,46.0
2026-06-10 02:55:48,38430,16703,30.3
2026-06-10 02:55:50,38432,16704,28.4
2026-06-10 02:55:52,38434,16705,31.4
2026-06-10 02:55:54,38436,16706,37.2
2026-06-10 02:55:56,38438,16707,49.3
2026-06-10 02:55:58,38440,16708,43.0
2026-06-10 02:56:00,38442,16709,42.7
2026-06-10 02:56:02,38444,16710,21.0
2026-06-10 02:56:04,38446,16711,32.0
2026-06-10 02:56:06,38448,16712,25.0
2026-06-10 02:56:08,38450,16713,26.6
2026-06-10 02:56:11,38453,16714,31.7
2026-06-10 02:56:13,38455,16715,24.0
2026-06-10 02:56:15,38457,16716,21.1
2026-06-10 02:56:17,38459,16717,30.1
2026-06-10 02:56:19,38461,16718,39.5
2026-06-10 02:56:21,38463,16719,32.6
2026-06-10 02:56:24,38466,16720,63.6
2026-06-10 02:56:26,38468,16721,39.2
2026-06-10 02:56:28,38470,16722,196
2026-06-10 02:56:30,38472,16723,210
2026-06-10 02:56:32,38474,16724,265
2026-06-10 02:56:34,38476,16725,77.6
2026-06-10 02:56:37,38479,16726,74.9
2026-06-10 02:56:39,38481,16727,23.5
2026-06-10 02:56:41,38483,16728,182
2026-06-10 02:56:43,38485,16729,217
2026-06-10 02:56:46,38488,16730,27.0
2026-06-10 02:56:48,38490,16731,122
2026-06-10 02:56:50,38492,16732,34.7
2026-06-10 02:56:52,38494,16733,22.7
2026-06-10 02:56:54,38496,16734,26.7
2026-06-10 02:56:56,38498,16735,330
2026-06-10 02:56:59,38501,16736,36.3
2026-06-10 02:57:01,38503,16737,122
2026-06-10 02:57:03,38505,16738,143
2026-06-10 02:57:06,38508,16739,214
2026-06-10 02:57:08,38510,16740,172
2026-06-10 02:57:11,38513,16741,121
2026-06-10 02:57:13,38515,16742,31.1
2026-06-10 02:57:16,38518,16743,28.8
2026-06-10 02:57:18,38520,16744,60.9
2026-06-10 02:57:20,38522,16745,29.5
2026-06-10 02:57:22,38524,16746,25.7
2026-06-10 02:57:24,38526,16747,34.0
2026-06-10 02:57:26,38528,16748,34.9
2026-06-10 02:57:28,38530,16749,25.2
2026-06-10 02:57:30,38532,16750,32.3
2026-06-10 02:57:32,38534,16751,25.3
2026-06-10 02:57:34,38536,16752,24.5
2026-06-10 02:57:36,38538,16753,25.6
2026-06-10 02:57:38,38540,16754,21.0
2026-06-10 02:57:40,38542,16755,35.2
2026-06-10 02:57:42,38544,16756,30.8
2026-06-10 02:57:44,38546,16757,49.6
2026-06-10 02:57:47,38549,16758,55.6
2026-06-10 02:57:49,38551,16759,88.5
2026-06-10 02:57:51,38553,16760,34.2
2026-06-10 02:57:53,38555,16761,36.6
2026-06-10 02:57:55,38557,16762,155
2026-06-10 02:57:58,38560,16763,25.1
2026-06-10 02:58:00,38562,16764,358
2026-06-10 02:58:02,38564,16765,25.6
2026-06-10 02:58:04,38566,16766,64.3
2026-06-10 02:58:06,38568,16767,95.5
2026-06-10 02:58:08,38570,16768,31.1
2026-06-10 02:58:10,38572,16769,37.2
2026-06-10 02:58:13,38575,16770,27.5
2026-06-10 02:58:15,38577,16771,31.2
2026-06-10 02:58:17,38579,16772,28.9
2026-06-10 02:58:19,38581,16773,30.7
2026-06-10 02:58:21,38583,16774,35.7
2026-06-10 02:58:23,38585,16775,37.4
2026-06-10 02:58:25,38587,16776,23.5
2026-06-10 02:58:27,38589,16777,44.8
2026-06-10 02:58:29,38591,16778,107
2026-06-10 02:58:31,38593,16779,104
2026-06-10 02:58:34,38596,16780,24.9
2026-06-10 02:58:36,38598,16781,17.5
2026-06-10 02:58:38,38600,16782,30.0
2026-06-10 02:58:40,38602,16783,44.1
2026-06-10 02:58:42,38604,16784,124
2026-06-10 02:58:44,38606,16785,127
2026-06-10 02:58:47,38609,16786,43.4
2026-06-10 02:58:49,38611,16787,81.8
2026-06-10 02:58:51,38613,16788,43.2
2026-06-10 02:58:53,38615,16789,62.9
2026-06-10 02:58:56,38618,16790,55.6
2026-06-10 02:58:58,38620,16791,246
2026-06-10 02:59:00,38622,16792,60.4
2026-06-10 02:59:02,38624,16793,71.4
2026-06-10 02:59:04,38626,16794,108
2026-06-10 02:59:07,38629,16795,23.4
2026-06-10 02:59:09,38631,16796,37.3
2026-06-10 02:59:11,38633,16797,160
2026-06-10 02:59:13,38635,16798,71.3
2026-06-10 02:59:16,38638,16799,247
2026-06-10 02:59:18,38640,16800,102
2026-06-10 02:59:20,38642,16801,88.4
2026-06-10 02:59:23,38645,16802,47.8
2026-06-10 02:59:25,38647,16803,23.1
2026-06-10 02:59:27,38649,16804,20.5
2026-06-10 02:59:29,38651,16805,44.7
2026-06-10 02:59:31,38653,16806,167
2026-06-10 02:59:33,38655,16807,367
2026-06-10 02:59:36,38658,16808,179
2026-06-10 02:59:38,38660,16809,149
2026-06-10 02:59:40,38662,16810,57.6
2026-06-10 02:59:43,38665,16811,142
2026-06-10 02:59:45,38667,16812,23.7
2026-06-10 02:59:47,38669,16813,54.3
2026-06-10 02:59:49,38671,16814,33.0
2026-06-10 02:59:51,38673,16815,28.9
2026-06-10 02:59:53,38675,16816,31.7
2026-06-10 02:59:55,38677,16817,27.8
2026-06-10 02:59:57,38679,16818,25.6
2026-06-10 02:59:59,38681,16819,27.4
2026-06-10 03:00:01,38683,16820,119
2026-06-10 03:00:03,38685,16821,30.5
2026-06-10 03:00:06,38688,16822,18.5
2026-06-10 03:00:08,38690,16823,19.9
2026-06-10 03:00:10,38692,16824,22.3
2026-06-10 03:00:12,38694,16825,99.8
2026-06-10 03:00:14,38696,16826,27.8
2026-06-10 03:00:16,38698,16827,22.9
2026-06-10 03:00:18,38700,16828,41.0
2026-06-10 03:00:20,38702,16829,21.8
2026-06-10 03:00:22,38704,16830,74.8
2026-06-10 03:00:24,38706,16831,17.9
2026-06-10 03:00:26,38708,16832,22.8
2026-06-10 03:00:29,38711,16833,25.7
