timestamp,elapsed_s,sample,system_powertop_W
2026-06-09 16:15:18,0,1,28.4
2026-06-09 16:15:21,3,2,42.3
2026-06-09 16:15:23,4,3,36.7
2026-06-09 16:15:24,6,4,13.3
2026-06-09 16:15:27,8,5,28.6
2026-06-09 16:15:29,11,6,35.9
2026-06-09 16:15:30,12,7,21.8
2026-06-09 16:15:33,15,8,31.8
2026-06-09 16:15:34,16,9,26.3
2026-06-09 16:15:36,18,10,19.1
2026-06-09 16:15:38,20,11,43.0
2026-06-09 16:15:40,22,12,31.7
2026-06-09 16:15:42,24,13,36.4
2026-06-09 16:15:44,26,14,33.3
2026-06-09 16:15:46,28,15,34.9
2026-06-09 16:15:48,30,16,36.9
2026-06-09 16:15:51,33,17,336
2026-06-09 16:15:53,35,18,45.6
2026-06-09 16:15:55,37,19,119
2026-06-09 16:15:57,39,20,38.7
2026-06-09 16:15:59,41,21,14.4
2026-06-09 16:16:01,43,22,25.9
2026-06-09 16:16:03,45,23,16.2
2026-06-09 16:16:05,47,24,28.9
2026-06-09 16:16:07,49,25,37.6
2026-06-09 16:16:09,51,26,139
2026-06-09 16:16:12,54,27,35.7
2026-06-09 16:16:14,56,28,31.3
2026-06-09 16:16:16,58,29,36.2
2026-06-09 16:16:18,60,30,21.6
2026-06-09 16:16:20,62,31,187
2026-06-09 16:16:22,64,32,30.3
2026-06-09 16:16:24,66,33,166
2026-06-09 16:16:26,68,34,22.6
2026-06-09 16:16:28,70,35,214
2026-06-09 16:16:30,72,36,347
2026-06-09 16:16:33,75,37,96.9
2026-06-09 16:16:35,77,38,74.0
2026-06-09 16:16:37,79,39,28.3
2026-06-09 16:16:39,81,40,126
2026-06-09 16:16:41,83,41,22.5
2026-06-09 16:16:43,85,42,54.1
2026-06-09 16:16:46,88,43,36.6
2026-06-09 16:16:48,90,44,27.0
2026-06-09 16:16:50,92,45,49.9
2026-06-09 16:16:52,94,46,265
2026-06-09 16:16:54,96,47,44.7
2026-06-09 16:16:56,98,48,44.0
2026-06-09 16:16:58,100,49,22.1
2026-06-09 16:17:00,102,50,30.1
2026-06-09 16:17:02,104,51,86.0
2026-06-09 16:17:04,106,52,46.1
2026-06-09 16:17:07,109,53,54.6
2026-06-09 16:17:09,111,54,41.3
2026-06-09 16:17:11,113,55,183
2026-06-09 16:17:13,115,56,42.0
2026-06-09 16:17:15,117,57,67.0
2026-06-09 16:17:18,120,58,42.3
2026-06-09 16:17:20,122,59,51.5
2026-06-09 16:17:22,124,60,40.5
2026-06-09 16:17:24,126,61,19.7
2026-06-09 16:17:26,128,62,145
2026-06-09 16:17:29,131,63,21.9
2026-06-09 16:17:31,133,64,193
2026-06-09 16:17:33,135,65,23.4
2026-06-09 16:17:36,138,66,22.5
2026-06-09 16:17:38,140,67,50.7
2026-06-09 16:17:40,142,68,141
2026-06-09 16:17:43,145,69,17.9
2026-06-09 16:17:45,147,70,45.2
2026-06-09 16:17:47,149,71,30.7
2026-06-09 16:17:50,152,72,184
2026-06-09 16:17:52,154,73,27.0
2026-06-09 16:17:54,156,74,18.7
2026-06-09 16:17:56,158,75,15.3
2026-06-09 16:17:59,161,76,192
2026-06-09 16:18:01,163,77,120
2026-06-09 16:18:03,165,78,28.7
2026-06-09 16:18:05,167,79,71.4
2026-06-09 16:18:08,170,80,49.0
2026-06-09 16:18:10,172,81,80.7
2026-06-09 16:18:12,174,82,135
2026-06-09 16:18:15,177,83,29.4
2026-06-09 16:18:17,179,84,17.9
2026-06-09 16:18:20,182,85,21.0
2026-06-09 16:18:22,184,86,106
2026-06-09 16:18:24,186,87,143
2026-06-09 16:18:27,189,88,14.5
2026-06-09 16:18:29,191,89,47.1
2026-06-09 16:18:31,193,90,37.6
2026-06-09 16:18:34,196,91,86.4
2026-06-09 16:18:36,198,92,31.3
2026-06-09 16:18:38,200,93,68.1
2026-06-09 16:18:41,203,94,12.2
2026-06-09 16:18:43,205,95,53.7
2026-06-09 16:18:45,207,96,21.8
2026-06-09 16:18:47,209,97,256
2026-06-09 16:18:50,212,98,77.8
2026-06-09 16:18:52,214,99,12.1
2026-06-09 16:18:54,216,100,108
2026-06-09 16:18:57,219,101,56.0
2026-06-09 16:18:59,221,102,132
2026-06-09 16:19:01,223,103,141
2026-06-09 16:19:03,225,104,42.5
2026-06-09 16:19:06,228,105,134
2026-06-09 16:19:08,230,106,121
2026-06-09 16:19:10,232,107,12.4
2026-06-09 16:19:13,235,108,21.0
2026-06-09 16:19:15,237,109,35.6
2026-06-09 16:19:17,239,110,89.9
2026-06-09 16:19:19,241,111,50.3
2026-06-09 16:19:22,244,112,22.3
2026-06-09 16:19:24,246,113,183
2026-06-09 16:19:26,248,114,112
2026-06-09 16:19:29,251,115,96.2
2026-06-09 16:19:31,253,116,122
2026-06-09 16:19:33,255,117,119
2026-06-09 16:19:36,258,118,78.2
2026-06-09 16:19:39,261,119,96.2
2026-06-09 16:19:42,264,120,66.0
2026-06-09 16:19:44,266,121,211
2026-06-09 16:19:47,269,122,109
2026-06-09 16:19:50,272,123,73.5
2026-06-09 16:19:52,274,124,81.6
2026-06-09 16:19:55,277,125,44.0
2026-06-09 16:19:57,279,126,87.6
2026-06-09 16:20:00,282,127,149
2026-06-09 16:20:03,285,128,85.8
2026-06-09 16:20:05,287,129,70.8
2026-06-09 16:20:08,290,130,72.2
2026-06-09 16:20:10,292,131,98.7
2026-06-09 16:20:13,295,132,225
2026-06-09 16:20:15,297,133,134
2026-06-09 16:20:18,300,134,114
2026-06-09 16:20:21,303,135,103
2026-06-09 16:20:23,305,136,208
2026-06-09 16:20:26,308,137,116
2026-06-09 16:20:28,310,138,58.8
2026-06-09 16:20:31,313,139,197
2026-06-09 16:20:34,316,140,62.1
2026-06-09 16:20:36,318,141,42.0
2026-06-09 16:20:39,321,142,164
2026-06-09 16:20:41,323,143,259
2026-06-09 16:20:44,326,144,193
2026-06-09 16:20:46,328,145,235
2026-06-09 16:20:49,331,146,145
2026-06-09 16:20:51,333,147,70.5
2026-06-09 16:20:54,336,148,148
2026-06-09 16:20:57,339,149,38.6
2026-06-09 16:20:59,341,150,152
2026-06-09 16:21:02,344,151,78.0
2026-06-09 16:21:04,346,152,197
2026-06-09 16:21:07,349,153,42.1
2026-06-09 16:21:10,352,154,179
2026-06-09 16:21:12,354,155,134
2026-06-09 16:21:15,357,156,53.0
2026-06-09 16:21:17,359,157,73.7
2026-06-09 16:21:20,362,158,117
2026-06-09 16:21:22,364,159,174
2026-06-09 16:21:25,367,160,82.5
2026-06-09 16:21:28,370,161,47.7
2026-06-09 16:21:30,372,162,147
2026-06-09 16:21:33,375,163,154
2026-06-09 16:21:36,378,164,240
2026-06-09 16:21:38,380,165,277
2026-06-09 16:21:41,383,166,35.2
2026-06-09 16:21:43,385,167,114
2026-06-09 16:21:46,388,168,142
2026-06-09 16:21:49,391,169,112
2026-06-09 16:21:51,393,170,131
2026-06-09 16:21:54,396,171,193
2026-06-09 16:21:57,399,172,81.4
2026-06-09 16:21:59,401,173,132
2026-06-09 16:22:02,404,174,90.4
2026-06-09 16:22:04,406,175,150
2026-06-09 16:22:07,409,176,220
2026-06-09 16:22:09,411,177,29.4
2026-06-09 16:22:12,414,178,46.3
2026-06-09 16:22:14,416,179,87.7
2026-06-09 16:22:17,419,180,143
2026-06-09 16:22:20,422,181,37.2
2026-06-09 16:22:22,424,182,155
2026-06-09 16:22:25,427,183,98.8
2026-06-09 16:22:27,429,184,55.5
2026-06-09 16:22:30,432,185,71.0
2026-06-09 16:22:32,434,186,89.4
2026-06-09 16:22:35,437,187,168
2026-06-09 16:22:38,440,188,253
2026-06-09 16:22:40,442,189,85.4
2026-06-09 16:22:43,445,190,103
2026-06-09 16:22:45,447,191,69.1
2026-06-09 16:22:48,450,192,58.1
2026-06-09 16:22:50,452,193,27.2
2026-06-09 16:22:53,455,194,19.1
2026-06-09 16:22:55,457,195,19.2
2026-06-09 16:22:57,459,196,33.0
2026-06-09 16:22:59,461,197,48.1
2026-06-09 16:23:02,464,198,40.7
2026-06-09 16:23:04,466,199,56.1
2026-06-09 16:23:07,469,200,82.0
2026-06-09 16:23:09,471,201,48.4
2026-06-09 16:23:12,474,202,112
2026-06-09 16:23:15,477,203,29.1
2026-06-09 16:23:17,479,204,112
2026-06-09 16:23:20,482,205,74.9
2026-06-09 16:23:22,484,206,108
2026-06-09 16:23:24,486,207,122
2026-06-09 16:23:27,489,208,41.5
2026-06-09 16:23:30,492,209,57.8
2026-06-09 16:23:32,494,210,124
2026-06-09 16:23:35,497,211,161
2026-06-09 16:23:37,499,212,104
2026-06-09 16:23:40,502,213,116
2026-06-09 16:23:42,504,214,93.8
2026-06-09 16:23:45,507,215,114
2026-06-09 16:23:48,510,216,136
2026-06-09 16:23:50,512,217,90.1
2026-06-09 16:23:53,515,218,45.7
2026-06-09 16:23:56,518,219,70.3
2026-06-09 16:23:58,520,220,77.9
2026-06-09 16:24:01,523,221,142
2026-06-09 16:24:04,526,222,26.9
2026-06-09 16:24:06,528,223,120
2026-06-09 16:24:09,531,224,94.0
2026-06-09 16:24:11,533,225,90.0
2026-06-09 16:24:14,536,226,31.8
2026-06-09 16:24:17,539,227,206
2026-06-09 16:24:19,541,228,99.8
2026-06-09 16:24:22,544,229,106
2026-06-09 16:24:24,546,230,102
2026-06-09 16:24:27,549,231,84.1
2026-06-09 16:24:30,552,232,126
2026-06-09 16:24:32,554,233,109
2026-06-09 16:24:35,557,234,160
2026-06-09 16:24:37,559,235,63.5
2026-06-09 16:24:40,562,236,64.0
2026-06-09 16:24:43,565,237,79.3
2026-06-09 16:24:45,567,238,88.7
2026-06-09 16:24:47,569,239,157
2026-06-09 16:24:50,572,240,68.8
2026-06-09 16:24:53,575,241,127
2026-06-09 16:24:56,578,242,142
2026-06-09 16:24:58,580,243,100
2026-06-09 16:25:01,583,244,73.0
2026-06-09 16:25:03,585,245,47.8
2026-06-09 16:25:06,588,246,24.2
2026-06-09 16:25:08,590,247,192
2026-06-09 16:25:11,593,248,74.4
2026-06-09 16:25:14,596,249,151
2026-06-09 16:25:16,598,250,190
2026-06-09 16:25:19,601,251,44.9
2026-06-09 16:25:22,604,252,144
2026-06-09 16:25:24,606,253,84.1
2026-06-09 16:25:27,609,254,113
2026-06-09 16:25:29,611,255,144
2026-06-09 16:25:32,614,256,143
2026-06-09 16:25:35,617,257,175
2026-06-09 16:25:38,620,258,119
2026-06-09 16:25:40,622,259,158
2026-06-09 16:25:43,625,260,213
2026-06-09 16:25:46,628,261,93.6
2026-06-09 16:25:48,630,262,113
2026-06-09 16:25:51,633,263,140
2026-06-09 16:25:54,636,264,93.2
2026-06-09 16:25:56,638,265,299
2026-06-09 16:25:59,641,266,138
2026-06-09 16:26:02,644,267,126
2026-06-09 16:26:04,646,268,140
2026-06-09 16:26:07,649,269,76.7
2026-06-09 16:26:09,651,270,112
2026-06-09 16:26:12,654,271,37.1
2026-06-09 16:26:14,656,272,160
2026-06-09 16:26:17,659,273,32.4
2026-06-09 16:26:19,661,274,147
2026-06-09 16:26:22,664,275,114
2026-06-09 16:26:25,667,276,205
2026-06-09 16:26:27,669,277,222
2026-06-09 16:26:30,672,278,208
2026-06-09 16:26:32,674,279,62.4
2026-06-09 16:26:35,677,280,189
2026-06-09 16:26:38,680,281,38.7
2026-06-09 16:26:40,682,282,40.9
2026-06-09 16:26:42,684,283,16.5
2026-06-09 16:26:44,686,284,52.6
2026-06-09 16:26:47,689,285,112
2026-06-09 16:26:49,691,286,50.8
2026-06-09 16:26:51,693,287,81.9
2026-06-09 16:26:54,696,288,7.87
2026-06-09 16:26:56,698,289,75.5
2026-06-09 16:26:59,701,290,175
2026-06-09 16:27:01,703,291,181
2026-06-09 16:27:04,706,292,104
2026-06-09 16:27:07,709,293,89.3
2026-06-09 16:27:09,711,294,103
2026-06-09 16:27:12,714,295,153
2026-06-09 16:27:14,716,296,73.8
2026-06-09 16:27:17,719,297,144
2026-06-09 16:27:20,722,298,49.0
2026-06-09 16:27:22,724,299,85.4
2026-06-09 16:27:25,727,300,192
2026-06-09 16:27:27,729,301,170
2026-06-09 16:27:30,732,302,126
2026-06-09 16:27:32,734,303,174
2026-06-09 16:27:35,737,304,153
2026-06-09 16:27:38,740,305,85.3
2026-06-09 16:27:40,742,306,166
2026-06-09 16:27:43,745,307,103
2026-06-09 16:27:45,747,308,105
2026-06-09 16:27:48,750,309,138
2026-06-09 16:27:50,752,310,206
2026-06-09 16:27:53,755,311,122
2026-06-09 16:27:56,758,312,120
2026-06-09 16:27:58,760,313,202
2026-06-09 16:28:01,763,314,28.2
2026-06-09 16:28:04,766,315,120
2026-06-09 16:28:06,768,316,40.7
2026-06-09 16:28:09,771,317,137
2026-06-09 16:28:11,773,318,205
2026-06-09 16:28:14,776,319,41.3
2026-06-09 16:28:17,779,320,174
2026-06-09 16:28:20,782,321,247
2026-06-09 16:28:22,784,322,124
2026-06-09 16:28:25,787,323,130
2026-06-09 16:28:27,789,324,85.9
2026-06-09 16:28:30,792,325,115
2026-06-09 16:28:33,795,326,174
2026-06-09 16:28:35,797,327,127
2026-06-09 16:28:38,800,328,113
2026-06-09 16:28:41,803,329,32.7
2026-06-09 16:28:43,805,330,120
2026-06-09 16:28:46,808,331,117
2026-06-09 16:28:49,811,332,181
2026-06-09 16:28:51,813,333,286
2026-06-09 16:28:54,816,334,59.0
2026-06-09 16:28:57,819,335,98.5
2026-06-09 16:28:59,821,336,81.3
2026-06-09 16:29:02,824,337,297
2026-06-09 16:29:05,827,338,96.3
2026-06-09 16:29:07,829,339,119
2026-06-09 16:29:10,832,340,173
2026-06-09 16:29:12,834,341,194
2026-06-09 16:29:15,837,342,212
2026-06-09 16:29:18,840,343,78.6
2026-06-09 16:29:20,842,344,178
2026-06-09 16:29:23,845,345,56.3
2026-06-09 16:29:26,848,346,150
2026-06-09 16:29:28,850,347,88.4
2026-06-09 16:29:31,853,348,100
2026-06-09 16:29:34,856,349,51.7
2026-06-09 16:29:36,858,350,51.2
2026-06-09 16:29:39,861,351,40.0
2026-06-09 16:29:41,863,352,79.3
2026-06-09 16:29:44,866,353,67.8
2026-06-09 16:29:46,868,354,109
2026-06-09 16:29:49,871,355,205
2026-06-09 16:29:52,874,356,91.7
2026-06-09 16:29:54,876,357,162
2026-06-09 16:29:57,879,358,237
2026-06-09 16:30:00,882,359,128
2026-06-09 16:30:02,884,360,114
2026-06-09 16:30:05,887,361,93.1
2026-06-09 16:30:08,890,362,224
2026-06-09 16:30:10,892,363,122
2026-06-09 16:30:13,895,364,58.0
2026-06-09 16:30:16,898,365,196
2026-06-09 16:30:18,900,366,164
2026-06-09 16:30:21,903,367,48.7
2026-06-09 16:30:24,906,368,98.3
2026-06-09 16:30:26,908,369,45.7
2026-06-09 16:30:29,911,370,103
2026-06-09 16:30:31,913,371,22.3
2026-06-09 16:30:34,916,372,16.1
2026-06-09 16:30:36,918,373,14.1
2026-06-09 16:30:38,920,374,13.3
2026-06-09 16:30:41,923,375,406
2026-06-09 16:30:43,925,376,69.0
2026-06-09 16:30:45,927,377,26.3
2026-06-09 16:30:48,930,378,101
2026-06-09 16:30:51,933,379,151
2026-06-09 16:30:53,935,380,326
2026-06-09 16:30:56,938,381,129
2026-06-09 16:30:58,940,382,105
2026-06-09 16:31:01,943,383,144
2026-06-09 16:31:04,946,384,181
2026-06-09 16:31:07,949,385,59.5
2026-06-09 16:31:09,951,386,104
2026-06-09 16:31:12,954,387,126
2026-06-09 16:31:14,956,388,100
2026-06-09 16:31:17,959,389,103
2026-06-09 16:31:20,962,390,122
2026-06-09 16:31:22,964,391,165
2026-06-09 16:31:25,967,392,61.2
2026-06-09 16:31:28,970,393,125
2026-06-09 16:31:30,972,394,45.3
2026-06-09 16:31:33,975,395,84.8
2026-06-09 16:31:35,977,396,74.4
2026-06-09 16:31:38,980,397,105
2026-06-09 16:31:40,982,398,161
2026-06-09 16:31:43,985,399,130
2026-06-09 16:31:46,988,400,36.7
2026-06-09 16:31:49,991,401,92.2
2026-06-09 16:31:52,994,402,201
2026-06-09 16:31:54,996,403,106
2026-06-09 16:31:57,999,404,126
2026-06-09 16:32:00,1002,405,140
2026-06-09 16:32:02,1004,406,102
2026-06-09 16:32:05,1007,407,22.3
2026-06-09 16:32:07,1009,408,152
2026-06-09 16:32:10,1012,409,273
2026-06-09 16:32:13,1015,410,208
2026-06-09 16:32:15,1017,411,25.4
2026-06-09 16:32:18,1020,412,183
2026-06-09 16:32:21,1023,413,146
2026-06-09 16:32:23,1025,414,70.8
2026-06-09 16:32:26,1028,415,98.3
2026-06-09 16:32:28,1030,416,73.9
2026-06-09 16:32:31,1033,417,36.7
2026-06-09 16:32:34,1036,418,126
2026-06-09 16:32:36,1038,419,146
2026-06-09 16:32:39,1041,420,79.1
2026-06-09 16:32:42,1044,421,50.3
2026-06-09 16:32:44,1046,422,147
2026-06-09 16:32:47,1049,423,147
2026-06-09 16:32:49,1051,424,110
2026-06-09 16:32:52,1054,425,52.3
2026-06-09 16:32:54,1056,426,173
2026-06-09 16:32:57,1059,427,137
2026-06-09 16:33:00,1062,428,181
2026-06-09 16:33:02,1064,429,342
2026-06-09 16:33:05,1067,430,240
2026-06-09 16:33:08,1070,431,164
2026-06-09 16:33:10,1072,432,68.6
2026-06-09 16:33:13,1075,433,149
2026-06-09 16:33:15,1077,434,44.1
2026-06-09 16:33:18,1080,435,67.5
2026-06-09 16:33:20,1082,436,93.2
2026-06-09 16:33:23,1085,437,274
2026-06-09 16:33:26,1088,438,85.1
2026-06-09 16:33:28,1090,439,49.2
2026-06-09 16:33:31,1093,440,94.7
2026-06-09 16:33:33,1095,441,54.2
2026-06-09 16:33:36,1098,442,135
2026-06-09 16:33:38,1100,443,88.0
2026-06-09 16:33:41,1103,444,63.5
2026-06-09 16:33:44,1106,445,52.3
2026-06-09 16:33:46,1108,446,108
2026-06-09 16:33:49,1111,447,106
2026-06-09 16:33:51,1113,448,91.7
2026-06-09 16:33:54,1115,449,123
2026-06-09 16:33:56,1118,450,74.1
2026-06-09 16:33:59,1121,451,47.2
2026-06-09 16:34:01,1123,452,58.9
2026-06-09 16:34:04,1126,453,169
2026-06-09 16:34:06,1128,454,52.6
2026-06-09 16:34:09,1131,455,121
2026-06-09 16:34:12,1134,456,105
2026-06-09 16:34:14,1136,457,102
2026-06-09 16:34:17,1139,458,119
2026-06-09 16:34:20,1142,459,111
2026-06-09 16:34:22,1144,460,71.1
2026-06-09 16:34:25,1147,461,102
2026-06-09 16:34:28,1150,462,71.6
2026-06-09 16:34:30,1152,463,28.6
2026-06-09 16:34:33,1155,464,23.9
2026-06-09 16:34:35,1157,465,44.1
2026-06-09 16:34:37,1159,466,23.2
2026-06-09 16:34:39,1161,467,54.2
2026-06-09 16:34:42,1164,468,119
2026-06-09 16:34:44,1166,469,54.6
2026-06-09 16:34:46,1168,470,23.1
2026-06-09 16:34:49,1171,471,125
2026-06-09 16:34:52,1174,472,124
2026-06-09 16:34:54,1176,473,91.5
2026-06-09 16:34:57,1179,474,75.3
2026-06-09 16:34:59,1181,475,239
2026-06-09 16:35:02,1184,476,199
2026-06-09 16:35:05,1187,477,203
2026-06-09 16:35:07,1189,478,111
2026-06-09 16:35:10,1192,479,175
2026-06-09 16:35:13,1195,480,90.4
2026-06-09 16:35:15,1197,481,160
2026-06-09 16:35:18,1200,482,165
2026-06-09 16:35:21,1203,483,87.8
2026-06-09 16:35:23,1205,484,138
2026-06-09 16:35:26,1208,485,175
2026-06-09 16:35:29,1211,486,223
2026-06-09 16:35:31,1213,487,197
2026-06-09 16:35:34,1216,488,130
2026-06-09 16:35:37,1219,489,71.1
2026-06-09 16:35:39,1222,490,92.6
2026-06-09 16:35:42,1224,491,127
2026-06-09 16:35:45,1227,492,70.0
2026-06-09 16:35:48,1230,493,54.1
2026-06-09 16:35:51,1233,494,77.4
2026-06-09 16:35:53,1235,495,303
2026-06-09 16:35:56,1238,496,92.5
2026-06-09 16:35:59,1241,497,87.9
2026-06-09 16:36:01,1243,498,111
2026-06-09 16:36:04,1246,499,144
2026-06-09 16:36:06,1248,500,113
2026-06-09 16:36:09,1251,501,214
2026-06-09 16:36:11,1253,502,152
2026-06-09 16:36:14,1256,503,115
2026-06-09 16:36:17,1259,504,120
2026-06-09 16:36:19,1261,505,202
2026-06-09 16:36:22,1264,506,158
2026-06-09 16:36:25,1267,507,118
2026-06-09 16:36:27,1269,508,165
2026-06-09 16:36:30,1272,509,135
2026-06-09 16:36:32,1274,510,69.7
2026-06-09 16:36:35,1277,511,45.2
2026-06-09 16:36:37,1279,512,181
2026-06-09 16:36:40,1282,513,54.7
2026-06-09 16:36:43,1285,514,16.8
2026-06-09 16:36:45,1287,515,76.7
2026-06-09 16:36:48,1290,516,42.8
2026-06-09 16:36:50,1292,517,102
2026-06-09 16:36:53,1295,518,196
2026-06-09 16:36:56,1298,519,178
2026-06-09 16:36:58,1300,520,81.8
2026-06-09 16:37:01,1303,521,191
2026-06-09 16:37:03,1305,522,152
2026-06-09 16:37:06,1308,523,159
2026-06-09 16:37:09,1311,524,162
2026-06-09 16:37:11,1313,525,92.7
2026-06-09 16:37:14,1316,526,180
2026-06-09 16:37:17,1319,527,141
2026-06-09 16:37:19,1321,528,137
2026-06-09 16:37:22,1324,529,120
2026-06-09 16:37:25,1327,530,283
2026-06-09 16:37:27,1329,531,46.0
2026-06-09 16:37:30,1332,532,96.3
2026-06-09 16:37:33,1335,533,141
2026-06-09 16:37:35,1337,534,130
2026-06-09 16:37:38,1340,535,173
2026-06-09 16:37:41,1343,536,105
2026-06-09 16:37:43,1345,537,181
2026-06-09 16:37:46,1348,538,126
2026-06-09 16:37:49,1351,539,92.7
2026-06-09 16:37:51,1353,540,141
2026-06-09 16:37:54,1356,541,133
2026-06-09 16:37:57,1359,542,76.4
2026-06-09 16:37:59,1361,543,52.7
2026-06-09 16:38:02,1364,544,175
2026-06-09 16:38:05,1367,545,292
2026-06-09 16:38:08,1370,546,230
2026-06-09 16:38:10,1372,547,184
2026-06-09 16:38:13,1375,548,282
2026-06-09 16:38:15,1377,549,180
2026-06-09 16:38:18,1380,550,72.8
2026-06-09 16:38:20,1382,551,209
2026-06-09 16:38:23,1385,552,182
2026-06-09 16:38:26,1388,553,37.4
2026-06-09 16:38:28,1390,554,18.9
2026-06-09 16:38:30,1392,555,117
2026-06-09 16:38:33,1395,556,25.2
2026-06-09 16:38:35,1397,557,149
2026-06-09 16:38:38,1400,558,213
2026-06-09 16:38:40,1402,559,118
2026-06-09 16:38:42,1404,560,42.8
2026-06-09 16:38:45,1407,561,32.1
2026-06-09 16:38:47,1409,562,54.1
2026-06-09 16:38:50,1412,563,96.3
2026-06-09 16:38:53,1415,564,107
2026-06-09 16:38:55,1417,565,83.6
2026-06-09 16:38:58,1420,566,81.5
2026-06-09 16:39:00,1422,567,97.3
2026-06-09 16:39:03,1425,568,111
2026-06-09 16:39:06,1428,569,150
2026-06-09 16:39:08,1430,570,58.2
2026-06-09 16:39:11,1433,571,182
2026-06-09 16:39:13,1435,572,172
2026-06-09 16:39:16,1438,573,38.8
2026-06-09 16:39:19,1441,574,114
2026-06-09 16:39:21,1443,575,111
2026-06-09 16:39:24,1446,576,276
2026-06-09 16:39:27,1449,577,173
2026-06-09 16:39:29,1451,578,69.9
2026-06-09 16:39:32,1454,579,155
2026-06-09 16:39:34,1456,580,310
2026-06-09 16:39:37,1459,581,103
2026-06-09 16:39:40,1462,582,80.0
2026-06-09 16:39:42,1464,583,44.5
2026-06-09 16:39:45,1467,584,66.9
2026-06-09 16:39:47,1469,585,168
2026-06-09 16:39:50,1472,586,99.0
2026-06-09 16:39:52,1474,587,69.4
2026-06-09 16:39:55,1477,588,122
2026-06-09 16:39:57,1479,589,102
2026-06-09 16:40:00,1482,590,54.4
2026-06-09 16:40:02,1484,591,102
2026-06-09 16:40:05,1487,592,91.6
2026-06-09 16:40:07,1489,593,185
2026-06-09 16:40:10,1492,594,88.0
2026-06-09 16:40:13,1495,595,113
2026-06-09 16:40:16,1498,596,86.7
2026-06-09 16:40:18,1500,597,134
2026-06-09 16:40:21,1503,598,127
2026-06-09 16:40:23,1505,599,242
2026-06-09 16:40:26,1508,600,228
2026-06-09 16:40:29,1511,601,358
2026-06-09 16:40:31,1513,602,81.9
2026-06-09 16:40:34,1516,603,316
2026-06-09 16:40:36,1518,604,57.2
2026-06-09 16:40:39,1521,605,140
2026-06-09 16:40:42,1524,606,107
2026-06-09 16:40:44,1526,607,70.2
2026-06-09 16:40:47,1529,608,151
2026-06-09 16:40:50,1532,609,173
2026-06-09 16:40:52,1534,610,145
2026-06-09 16:40:55,1537,611,116
2026-06-09 16:40:58,1540,612,177
2026-06-09 16:41:00,1542,613,210
2026-06-09 16:41:03,1545,614,161
2026-06-09 16:41:06,1548,615,206
2026-06-09 16:41:08,1550,616,151
2026-06-09 16:41:11,1553,617,139
2026-06-09 16:41:14,1556,618,130
2026-06-09 16:41:16,1558,619,106
2026-06-09 16:41:19,1561,620,272
2026-06-09 16:41:22,1564,621,131
2026-06-09 16:41:25,1567,622,93.6
2026-06-09 16:41:27,1569,623,93.8
2026-06-09 16:41:30,1572,624,110
2026-06-09 16:41:33,1575,625,158
2026-06-09 16:41:35,1577,626,118
2026-06-09 16:41:38,1580,627,51.6
2026-06-09 16:41:41,1583,628,156
2026-06-09 16:41:44,1586,629,82.0
2026-06-09 16:41:47,1589,630,110
2026-06-09 16:41:49,1591,631,78.5
2026-06-09 16:41:52,1594,632,113
2026-06-09 16:41:55,1597,633,162
2026-06-09 16:41:58,1600,634,85.5
2026-06-09 16:42:00,1602,635,192
2026-06-09 16:42:03,1605,636,106
2026-06-09 16:42:06,1608,637,117
2026-06-09 16:42:08,1610,638,126
2026-06-09 16:42:11,1613,639,47.9
2026-06-09 16:42:14,1616,640,101
2026-06-09 16:42:16,1618,641,44.5
2026-06-09 16:42:19,1621,642,50.4
2026-06-09 16:42:22,1624,643,72.9
2026-06-09 16:42:24,1626,644,25.0
2026-06-09 16:42:26,1628,645,35.5
2026-06-09 16:42:28,1630,646,16.2
2026-06-09 16:42:30,1632,647,11.7
2026-06-09 16:42:33,1635,648,120
2026-06-09 16:42:35,1637,649,247
2026-06-09 16:42:38,1640,650,168
2026-06-09 16:42:40,1642,651,37.3
2026-06-09 16:42:43,1645,652,12.9
2026-06-09 16:42:45,1647,653,112
2026-06-09 16:42:48,1650,654,95.1
2026-06-09 16:42:51,1653,655,142
2026-06-09 16:42:53,1655,656,136
2026-06-09 16:42:56,1658,657,147
2026-06-09 16:42:59,1661,658,192
2026-06-09 16:43:01,1663,659,108
2026-06-09 16:43:04,1666,660,35.8
2026-06-09 16:43:07,1669,661,305
2026-06-09 16:43:09,1671,662,155
2026-06-09 16:43:12,1674,663,71.1
2026-06-09 16:43:14,1676,664,81.9
2026-06-09 16:43:17,1679,665,75.8
2026-06-09 16:43:19,1681,666,67.1
2026-06-09 16:43:22,1684,667,132
2026-06-09 16:43:25,1687,668,313
2026-06-09 16:43:28,1690,669,175
2026-06-09 16:43:30,1692,670,141
2026-06-09 16:43:33,1695,671,98.2
2026-06-09 16:43:35,1697,672,184
2026-06-09 16:43:38,1700,673,272
2026-06-09 16:43:41,1703,674,63.4
2026-06-09 16:43:43,1705,675,204
2026-06-09 16:43:46,1708,676,92.5
2026-06-09 16:43:49,1711,677,178
2026-06-09 16:43:51,1713,678,138
2026-06-09 16:43:54,1716,679,133
2026-06-09 16:43:57,1719,680,95.4
2026-06-09 16:43:59,1721,681,137
2026-06-09 16:44:02,1724,682,152
2026-06-09 16:44:04,1726,683,88.1
2026-06-09 16:44:07,1729,684,111
2026-06-09 16:44:10,1732,685,208
2026-06-09 16:44:13,1735,686,95.9
2026-06-09 16:44:15,1737,687,64.1
2026-06-09 16:44:18,1740,688,102
2026-06-09 16:44:21,1743,689,269
2026-06-09 16:44:23,1745,690,71.2
2026-06-09 16:44:26,1748,691,457
2026-06-09 16:44:29,1751,692,106
2026-06-09 16:44:31,1753,693,120
2026-06-09 16:44:34,1756,694,87.2
2026-06-09 16:44:37,1759,695,54.6
2026-06-09 16:44:40,1762,696,55.2
2026-06-09 16:44:42,1764,697,85.3
2026-06-09 16:44:45,1767,698,71.4
2026-06-09 16:44:48,1770,699,96.5
2026-06-09 16:44:50,1772,700,62.1
2026-06-09 16:44:53,1775,701,36.0
2026-06-09 16:44:56,1778,702,117
2026-06-09 16:44:58,1780,703,62.2
2026-06-09 16:45:01,1783,704,41.7
2026-06-09 16:45:04,1786,705,109
2026-06-09 16:45:06,1788,706,88.9
2026-06-09 16:45:09,1791,707,209
2026-06-09 16:45:11,1793,708,25.0
2026-06-09 16:45:14,1796,709,52.0
2026-06-09 16:45:16,1798,710,106
2026-06-09 16:45:19,1801,711,70.7
2026-06-09 16:45:21,1803,712,135
2026-06-09 16:45:24,1806,713,90.9
2026-06-09 16:45:27,1809,714,160
2026-06-09 16:45:29,1811,715,87.9
2026-06-09 16:45:32,1814,716,172
2026-06-09 16:45:35,1817,717,73.7
2026-06-09 16:45:37,1819,718,14.4
2026-06-09 16:45:40,1822,719,81.4
2026-06-09 16:45:42,1824,720,56.4
2026-06-09 16:45:45,1827,721,67.2
2026-06-09 16:45:48,1830,722,119
2026-06-09 16:45:50,1832,723,91.6
2026-06-09 16:45:53,1835,724,136
2026-06-09 16:45:55,1837,725,160
2026-06-09 16:45:58,1840,726,101
2026-06-09 16:46:00,1842,727,106
2026-06-09 16:46:03,1845,728,115
2026-06-09 16:46:05,1847,729,242
2026-06-09 16:46:08,1850,730,108
2026-06-09 16:46:11,1853,731,129
2026-06-09 16:46:13,1855,732,56.6
2026-06-09 16:46:16,1858,733,138
2026-06-09 16:46:19,1861,734,202
2026-06-09 16:46:21,1863,735,73.1
2026-06-09 16:46:24,1866,736,27.6
2026-06-09 16:46:26,1868,737,31.1
2026-06-09 16:46:28,1870,738,15.5
2026-06-09 16:46:30,1872,739,12.0
2026-06-09 16:46:33,1875,740,229
2026-06-09 16:46:35,1877,741,98.7
2026-06-09 16:46:38,1880,742,95.6
2026-06-09 16:46:40,1882,743,161
2026-06-09 16:46:42,1884,744,135
2026-06-09 16:46:45,1887,745,203
2026-06-09 16:46:47,1889,746,238
2026-06-09 16:46:50,1892,747,22.7
2026-06-09 16:46:53,1895,748,124
2026-06-09 16:46:56,1898,749,66.1
2026-06-09 16:46:58,1900,750,107
2026-06-09 16:47:01,1903,751,137
2026-06-09 16:47:04,1906,752,85.6
2026-06-09 16:47:06,1908,753,225
2026-06-09 16:47:09,1911,754,77.3
2026-06-09 16:47:11,1913,755,174
2026-06-09 16:47:14,1916,756,80.9
2026-06-09 16:47:17,1919,757,88.5
2026-06-09 16:47:19,1921,758,78.5
2026-06-09 16:47:22,1924,759,53.6
2026-06-09 16:47:25,1927,760,115
2026-06-09 16:47:27,1929,761,83.5
2026-06-09 16:47:30,1932,762,47.7
2026-06-09 16:47:32,1934,763,116
2026-06-09 16:47:35,1937,764,89.1
2026-06-09 16:47:38,1940,765,164
2026-06-09 16:47:40,1942,766,156
2026-06-09 16:47:43,1945,767,144
2026-06-09 16:47:45,1947,768,155
2026-06-09 16:47:48,1950,769,104
2026-06-09 16:47:51,1953,770,228
2026-06-09 16:47:53,1955,771,158
2026-06-09 16:47:56,1958,772,17.8
2026-06-09 16:47:58,1960,773,22.3
2026-06-09 16:48:00,1962,774,24.9
2026-06-09 16:48:02,1964,775,110
2026-06-09 16:48:05,1967,776,69.3
2026-06-09 16:48:08,1970,777,36.7
2026-06-09 16:48:10,1972,778,241
2026-06-09 16:48:13,1975,779,64.9
2026-06-09 16:48:15,1977,780,243
2026-06-09 16:48:18,1980,781,413
2026-06-09 16:48:21,1983,782,72.0
2026-06-09 16:48:23,1985,783,128
2026-06-09 16:48:26,1988,784,187
2026-06-09 16:48:29,1991,785,22.5
2026-06-09 16:48:31,1993,786,156
2026-06-09 16:48:34,1996,787,46.7
2026-06-09 16:48:37,1999,788,156
2026-06-09 16:48:39,2001,789,177
2026-06-09 16:48:42,2004,790,77.6
2026-06-09 16:48:45,2007,791,66.7
2026-06-09 16:48:47,2009,792,86.1
2026-06-09 16:48:50,2012,793,121
2026-06-09 16:48:52,2014,794,182
2026-06-09 16:48:55,2017,795,219
2026-06-09 16:48:58,2020,796,122
2026-06-09 16:49:00,2022,797,185
2026-06-09 16:49:03,2025,798,169
2026-06-09 16:49:06,2028,799,132
2026-06-09 16:49:08,2030,800,98.5
2026-06-09 16:49:11,2033,801,168
2026-06-09 16:49:13,2035,802,62.4
2026-06-09 16:49:16,2038,803,77.0
2026-06-09 16:49:19,2041,804,67.5
2026-06-09 16:49:22,2044,805,129
2026-06-09 16:49:24,2046,806,63.7
2026-06-09 16:49:27,2049,807,105
2026-06-09 16:49:30,2052,808,151
2026-06-09 16:49:32,2054,809,83.2
2026-06-09 16:49:35,2057,810,71.1
2026-06-09 16:49:38,2060,811,113
2026-06-09 16:49:40,2062,812,146
2026-06-09 16:49:43,2065,813,116
2026-06-09 16:49:46,2068,814,269
2026-06-09 16:49:49,2071,815,130
2026-06-09 16:49:51,2073,816,151
2026-06-09 16:49:54,2076,817,188
2026-06-09 16:49:56,2078,818,203
2026-06-09 16:49:59,2081,819,147
2026-06-09 16:50:01,2083,820,295
2026-06-09 16:50:04,2086,821,243
2026-06-09 16:50:07,2089,822,139
2026-06-09 16:50:09,2091,823,250
2026-06-09 16:50:12,2094,824,116
2026-06-09 16:50:14,2096,825,126
2026-06-09 16:50:17,2099,826,134
2026-06-09 16:50:20,2102,827,50.2
2026-06-09 16:50:22,2104,828,27.7
2026-06-09 16:50:24,2106,829,30.2
2026-06-09 16:50:27,2109,830,18.2
2026-06-09 16:50:29,2111,831,24.2
2026-06-09 16:50:31,2113,832,336
2026-06-09 16:50:34,2116,833,189
2026-06-09 16:50:36,2118,834,120
2026-06-09 16:50:38,2120,835,21.1
2026-06-09 16:50:41,2123,836,75.9
2026-06-09 16:50:44,2126,837,84.8
2026-06-09 16:50:46,2128,838,106
2026-06-09 16:50:49,2131,839,98.1
2026-06-09 16:50:52,2134,840,153
2026-06-09 16:50:54,2136,841,101
2026-06-09 16:50:57,2139,842,57.6
2026-06-09 16:50:59,2141,843,191
2026-06-09 16:51:02,2144,844,185
2026-06-09 16:51:05,2147,845,176
2026-06-09 16:51:07,2149,846,122
2026-06-09 16:51:10,2152,847,63.3
2026-06-09 16:51:13,2155,848,35.9
2026-06-09 16:51:15,2157,849,67.8
2026-06-09 16:51:18,2160,850,128
2026-06-09 16:51:20,2162,851,97.9
2026-06-09 16:51:23,2165,852,66.8
2026-06-09 16:51:25,2167,853,226
2026-06-09 16:51:28,2170,854,76.2
2026-06-09 16:51:31,2173,855,46.1
2026-06-09 16:51:33,2175,856,62.7
2026-06-09 16:51:36,2178,857,147
2026-06-09 16:51:38,2180,858,81.5
2026-06-09 16:51:41,2183,859,68.6
2026-06-09 16:51:43,2185,860,137
2026-06-09 16:51:46,2188,861,131
2026-06-09 16:51:49,2191,862,45.4
2026-06-09 16:51:51,2193,863,33.5
2026-06-09 16:51:53,2195,864,43.6
2026-06-09 16:51:55,2197,865,27.8
2026-06-09 16:51:58,2200,866,350
2026-06-09 16:52:00,2202,867,175
2026-06-09 16:52:03,2205,868,48.6
2026-06-09 16:52:06,2208,869,236
2026-06-09 16:52:08,2210,870,65.3
2026-06-09 16:52:11,2213,871,169
2026-06-09 16:52:14,2216,872,97.4
2026-06-09 16:52:16,2218,873,138
2026-06-09 16:52:19,2221,874,108
2026-06-09 16:52:21,2223,875,94.2
2026-06-09 16:52:24,2226,876,86.0
2026-06-09 16:52:27,2229,877,103
2026-06-09 16:52:29,2231,878,271
2026-06-09 16:52:32,2234,879,94.6
2026-06-09 16:52:34,2236,880,144
2026-06-09 16:52:37,2239,881,165
2026-06-09 16:52:40,2242,882,142
2026-06-09 16:52:43,2245,883,170
2026-06-09 16:52:45,2247,884,97.3
2026-06-09 16:52:48,2250,885,163
2026-06-09 16:52:51,2253,886,82.9
2026-06-09 16:52:53,2255,887,105
2026-06-09 16:52:56,2258,888,78.1
2026-06-09 16:52:58,2260,889,171
2026-06-09 16:53:01,2263,890,117
2026-06-09 16:53:04,2266,891,65.7
2026-06-09 16:53:06,2268,892,86.5
2026-06-09 16:53:09,2271,893,154
2026-06-09 16:53:12,2274,894,50.1
2026-06-09 16:53:15,2277,895,67.5
2026-06-09 16:53:17,2279,896,94.3
2026-06-09 16:53:20,2282,897,136
2026-06-09 16:53:22,2284,898,94.4
2026-06-09 16:53:25,2287,899,104
2026-06-09 16:53:28,2290,900,70.2
2026-06-09 16:53:30,2292,901,189
2026-06-09 16:53:33,2295,902,201
2026-06-09 16:53:36,2298,903,63.6
2026-06-09 16:53:38,2300,904,89.1
2026-06-09 16:53:41,2303,905,269
2026-06-09 16:53:43,2305,906,150
2026-06-09 16:53:46,2308,907,113
2026-06-09 16:53:49,2311,908,150
2026-06-09 16:53:51,2313,909,90.1
2026-06-09 16:53:54,2316,910,140
2026-06-09 16:53:56,2318,911,44.5
2026-06-09 16:53:59,2321,912,207
2026-06-09 16:54:01,2323,913,104
2026-06-09 16:54:04,2326,914,45.1
2026-06-09 16:54:06,2328,915,103
2026-06-09 16:54:09,2331,916,86.4
2026-06-09 16:54:11,2333,917,102
2026-06-09 16:54:14,2336,918,60.8
2026-06-09 16:54:16,2338,919,94.2
2026-06-09 16:54:19,2341,920,36.7
2026-06-09 16:54:21,2343,921,27.1
2026-06-09 16:54:23,2345,922,194
2026-06-09 16:54:25,2347,923,22.8
2026-06-09 16:54:28,2350,924,205
2026-06-09 16:54:30,2352,925,32.6
2026-06-09 16:54:32,2354,926,21.6
2026-06-09 16:54:35,2357,927,27.0
2026-06-09 16:54:37,2359,928,41.5
2026-06-09 16:54:39,2361,929,24.1
2026-06-09 16:54:41,2363,930,143
2026-06-09 16:54:44,2366,931,191
2026-06-09 16:54:46,2368,932,222
2026-06-09 16:54:49,2371,933,148
2026-06-09 16:54:51,2373,934,331
2026-06-09 16:54:54,2376,935,187
2026-06-09 16:54:57,2379,936,184
2026-06-09 16:54:59,2381,937,267
2026-06-09 16:55:02,2384,938,177
2026-06-09 16:55:04,2386,939,220
2026-06-09 16:55:07,2389,940,167
2026-06-09 16:55:09,2391,941,211
2026-06-09 16:55:12,2394,942,289
2026-06-09 16:55:15,2397,943,207
2026-06-09 16:55:17,2399,944,189
2026-06-09 16:55:20,2402,945,99.3
2026-06-09 16:55:22,2404,946,21.8
2026-06-09 16:55:25,2407,947,193
2026-06-09 16:55:27,2409,948,188
2026-06-09 16:55:30,2412,949,211
2026-06-09 16:55:33,2415,950,249
2026-06-09 16:55:35,2417,951,184
2026-06-09 16:55:37,2419,952,134
2026-06-09 16:55:40,2422,953,223
2026-06-09 16:55:43,2425,954,181
2026-06-09 16:55:45,2427,955,300
2026-06-09 16:55:48,2430,956,237
2026-06-09 16:55:50,2432,957,196
2026-06-09 16:55:53,2435,958,190
2026-06-09 16:55:56,2438,959,15.7
2026-06-09 16:55:58,2440,960,52.5
2026-06-09 16:56:01,2443,961,220
2026-06-09 16:56:03,2445,962,183
2026-06-09 16:56:06,2448,963,49.8
2026-06-09 16:56:08,2450,964,31.6
2026-06-09 16:56:11,2453,965,38.7
2026-06-09 16:56:13,2455,966,43.5
2026-06-09 16:56:15,2457,967,31.5
2026-06-09 16:56:17,2459,968,27.5
2026-06-09 16:56:20,2462,969,30.2
2026-06-09 16:56:22,2464,970,29.5
2026-06-09 16:56:24,2466,971,227
2026-06-09 16:56:26,2468,972,29.4
2026-06-09 16:56:28,2470,973,178
2026-06-09 16:56:30,2472,974,324
2026-06-09 16:56:32,2474,975,277
2026-06-09 16:56:35,2477,976,101
2026-06-09 16:56:37,2479,977,204
2026-06-09 16:56:40,2482,978,324
2026-06-09 16:56:42,2484,979,62.1
2026-06-09 16:56:44,2486,980,28.4
2026-06-09 16:56:46,2488,981,41.4
2026-06-09 16:56:48,2490,982,73.6
2026-06-09 16:56:50,2492,983,27.1
2026-06-09 16:56:52,2494,984,201
2026-06-09 16:56:54,2496,985,35.3
2026-06-09 16:56:56,2498,986,43.5
2026-06-09 16:56:58,2500,987,119
2026-06-09 16:57:00,2502,988,34.1
2026-06-09 16:57:02,2504,989,36.1
2026-06-09 16:57:04,2506,990,31.1
2026-06-09 16:57:06,2508,991,37.3
2026-06-09 16:57:08,2510,992,30.8
2026-06-09 16:57:10,2512,993,39.0
2026-06-09 16:57:13,2515,994,38.7
2026-06-09 16:57:14,2516,995,36.3
2026-06-09 16:57:16,2518,996,42.2
2026-06-09 16:57:19,2521,997,52.2
2026-06-09 16:57:21,2523,998,124
2026-06-09 16:57:23,2525,999,53.5
2026-06-09 16:57:25,2527,1000,142
2026-06-09 16:57:27,2529,1001,31.1
2026-06-09 16:57:29,2531,1002,29.8
2026-06-09 16:57:31,2533,1003,33.1
2026-06-09 16:57:33,2535,1004,30.2
2026-06-09 16:57:35,2537,1005,46.9
2026-06-09 16:57:37,2539,1006,128
2026-06-09 16:57:39,2541,1007,44.0
2026-06-09 16:57:41,2543,1008,26.7
2026-06-09 16:57:43,2545,1009,54.7
2026-06-09 16:57:45,2547,1010,53.9
2026-06-09 16:57:47,2549,1011,42.0
2026-06-09 16:57:49,2551,1012,33.5
2026-06-09 16:57:51,2553,1013,134
2026-06-09 16:57:53,2555,1014,48.0
2026-06-09 16:57:55,2557,1015,39.4
2026-06-09 16:57:57,2559,1016,21.9
2026-06-09 16:57:59,2561,1017,34.7
2026-06-09 16:58:01,2563,1018,53.0
2026-06-09 16:58:03,2565,1019,27.4
2026-06-09 16:58:05,2567,1020,17.5
2026-06-09 16:58:07,2569,1021,248
2026-06-09 16:58:09,2571,1022,49.7
2026-06-09 16:58:12,2574,1023,149
2026-06-09 16:58:14,2576,1024,26.2
2026-06-09 16:58:16,2578,1025,36.6
2026-06-09 16:58:18,2580,1026,35.4
2026-06-09 16:58:20,2582,1027,32.4
2026-06-09 16:58:22,2584,1028,41.6
2026-06-09 16:58:24,2586,1029,47.1
2026-06-09 16:58:26,2588,1030,249
2026-06-09 16:58:28,2590,1031,27.7
2026-06-09 16:58:30,2592,1032,30.5
2026-06-09 16:58:32,2594,1033,267
2026-06-09 16:58:34,2596,1034,41.2
2026-06-09 16:58:36,2598,1035,37.3
2026-06-09 16:58:38,2600,1036,36.0
2026-06-09 16:58:40,2602,1037,31.4
2026-06-09 16:58:42,2604,1038,33.6
2026-06-09 16:58:44,2606,1039,727
2026-06-09 16:58:46,2608,1040,49.7
2026-06-09 16:58:48,2610,1041,29.3
2026-06-09 16:58:50,2612,1042,51.5
2026-06-09 16:58:52,2614,1043,41.6
2026-06-09 16:58:54,2616,1044,45.4
2026-06-09 16:58:56,2618,1045,48.9
2026-06-09 16:58:58,2620,1046,40.2
2026-06-09 16:59:00,2622,1047,64.7
2026-06-09 16:59:02,2624,1048,38.8
2026-06-09 16:59:05,2627,1049,39.0
2026-06-09 16:59:07,2629,1050,22.5
2026-06-09 16:59:09,2631,1051,24.0
2026-06-09 16:59:11,2633,1052,41.8
2026-06-09 16:59:13,2635,1053,38.9
2026-06-09 16:59:15,2637,1054,27.7
2026-06-09 16:59:17,2639,1055,31.2
2026-06-09 16:59:19,2641,1056,33.3
2026-06-09 16:59:21,2643,1057,29.9
2026-06-09 16:59:23,2645,1058,20.7
2026-06-09 16:59:25,2647,1059,42.8
2026-06-09 16:59:27,2649,1060,39.8
2026-06-09 16:59:29,2651,1061,26.4
2026-06-09 16:59:31,2653,1062,57.7
2026-06-09 16:59:33,2655,1063,35.5
2026-06-09 16:59:35,2657,1064,34.2
2026-06-09 16:59:37,2659,1065,33.2
2026-06-09 16:59:39,2661,1066,18.1
2026-06-09 16:59:41,2663,1067,42.2
2026-06-09 16:59:43,2665,1068,152
2026-06-09 16:59:45,2667,1069,38.2
2026-06-09 16:59:47,2669,1070,32.7
2026-06-09 16:59:49,2671,1071,38.7
2026-06-09 16:59:51,2673,1072,58.9
2026-06-09 16:59:53,2675,1073,50.3
2026-06-09 16:59:55,2677,1074,26.9
2026-06-09 16:59:57,2679,1075,21.6
2026-06-09 16:59:59,2681,1076,18.0
2026-06-09 17:00:01,2683,1077,29.6
2026-06-09 17:00:03,2685,1078,215
2026-06-09 17:00:05,2687,1079,32.6
2026-06-09 17:00:07,2689,1080,40.0
2026-06-09 17:00:09,2691,1081,25.9
2026-06-09 17:00:11,2693,1082,35.4
2026-06-09 17:00:13,2695,1083,33.5
2026-06-09 17:00:15,2697,1084,31.4
2026-06-09 17:00:17,2699,1085,24.5
2026-06-09 17:00:19,2701,1086,52.5
2026-06-09 17:00:21,2703,1087,17.8
2026-06-09 17:00:23,2705,1088,30.0
2026-06-09 17:00:25,2707,1089,30.9
2026-06-09 17:00:27,2709,1090,27.7
2026-06-09 17:00:29,2711,1091,31.3
2026-06-09 17:00:31,2713,1092,27.7
2026-06-09 17:00:33,2715,1093,103
2026-06-09 17:00:35,2717,1094,30.1
2026-06-09 17:00:37,2719,1095,47.0
2026-06-09 17:00:39,2721,1096,32.1
2026-06-09 17:00:41,2723,1097,27.4
2026-06-09 17:00:43,2725,1098,21.2
2026-06-09 17:00:45,2727,1099,19.4
2026-06-09 17:00:47,2729,1100,29.2
2026-06-09 17:00:49,2731,1101,25.8
2026-06-09 17:00:51,2733,1102,38.0
2026-06-09 17:00:53,2735,1103,24.8
2026-06-09 17:00:55,2737,1104,36.2
2026-06-09 17:00:57,2739,1105,18.9
2026-06-09 17:00:59,2741,1106,16.3
2026-06-09 17:01:01,2743,1107,18.6
2026-06-09 17:01:03,2745,1108,34.8
2026-06-09 17:01:05,2747,1109,14.6
2026-06-09 17:01:08,2750,1110,29.2
2026-06-09 17:01:09,2751,1111,33.8
2026-06-09 17:01:11,2753,1112,32.1
2026-06-09 17:01:13,2755,1113,21.9
2026-06-09 17:01:15,2757,1114,20.6
2026-06-09 17:01:18,2760,1115,22.5
2026-06-09 17:01:20,2762,1116,10.5
2026-06-09 17:01:22,2764,1117,49.1
2026-06-09 17:01:24,2766,1118,18.6
2026-06-09 17:01:26,2768,1119,36.6
2026-06-09 17:01:28,2770,1120,48.2
2026-06-09 17:01:30,2772,1121,40.5
2026-06-09 17:01:32,2774,1122,27.6
2026-06-09 17:01:34,2776,1123,21.4
2026-06-09 17:01:36,2778,1124,26.2
2026-06-09 17:01:38,2780,1125,32.3
2026-06-09 17:01:40,2782,1126,40.3
2026-06-09 17:01:42,2784,1127,59.9
2026-06-09 17:01:44,2786,1128,56.6
2026-06-09 17:01:46,2788,1129,42.4
2026-06-09 17:01:48,2790,1130,30.1
2026-06-09 17:01:50,2792,1131,33.0
2026-06-09 17:01:52,2794,1132,43.2
2026-06-09 17:01:54,2796,1133,46.1
2026-06-09 17:01:56,2798,1134,35.4
2026-06-09 17:01:58,2800,1135,102
2026-06-09 17:02:00,2802,1136,23.8
2026-06-09 17:02:02,2804,1137,28.8
2026-06-09 17:02:04,2806,1138,51.8
2026-06-09 17:02:06,2808,1139,17.7
2026-06-09 17:02:08,2810,1140,30.0
2026-06-09 17:02:10,2812,1141,39.5
2026-06-09 17:02:12,2814,1142,37.7
2026-06-09 17:02:14,2816,1143,36.0
2026-06-09 17:02:16,2818,1144,40.2
2026-06-09 17:02:18,2820,1145,25.9
2026-06-09 17:02:20,2822,1146,21.2
2026-06-09 17:02:22,2824,1147,23.2
2026-06-09 17:02:24,2826,1148,38.1
2026-06-09 17:02:26,2828,1149,58.8
2026-06-09 17:02:28,2830,1150,39.9
2026-06-09 17:02:30,2832,1151,41.5
2026-06-09 17:02:32,2834,1152,33.6
2026-06-09 17:02:34,2836,1153,33.3
2026-06-09 17:02:36,2838,1154,37.0
2026-06-09 17:02:38,2840,1155,39.7
2026-06-09 17:02:40,2842,1156,33.9
2026-06-09 17:02:42,2844,1157,30.4
2026-06-09 17:02:44,2846,1158,27.9
2026-06-09 17:02:46,2848,1159,40.4
2026-06-09 17:02:48,2850,1160,29.5
2026-06-09 17:02:50,2852,1161,45.0
2026-06-09 17:02:52,2854,1162,46.5
2026-06-09 17:02:54,2856,1163,44.8
2026-06-09 17:02:56,2858,1164,34.4
2026-06-09 17:02:58,2860,1165,44.9
2026-06-09 17:03:00,2862,1166,32.3
2026-06-09 17:03:02,2864,1167,18.2
2026-06-09 17:03:04,2866,1168,34.7
2026-06-09 17:03:06,2868,1169,33.1
2026-06-09 17:03:08,2870,1170,42.0
2026-06-09 17:03:10,2872,1171,48.4
2026-06-09 17:03:12,2874,1172,52.0
2026-06-09 17:03:14,2876,1173,42.4
2026-06-09 17:03:16,2878,1174,40.4
2026-06-09 17:03:18,2880,1175,36.0
2026-06-09 17:03:20,2882,1176,34.5
2026-06-09 17:03:22,2884,1177,38.2
2026-06-09 17:03:24,2886,1178,42.2
2026-06-09 17:03:26,2888,1179,46.0
2026-06-09 17:03:28,2890,1180,39.7
2026-06-09 17:03:30,2892,1181,30.8
2026-06-09 17:03:32,2894,1182,40.1
2026-06-09 17:03:34,2896,1183,21.1
2026-06-09 17:03:36,2898,1184,23.6
2026-06-09 17:03:38,2900,1185,27.6
2026-06-09 17:03:40,2902,1186,14.7
2026-06-09 17:03:42,2904,1187,21.6
2026-06-09 17:03:44,2906,1188,17.8
2026-06-09 17:03:46,2908,1189,26.9
2026-06-09 17:03:48,2910,1190,29.5
2026-06-09 17:03:50,2912,1191,27.4
2026-06-09 17:03:52,2914,1192,24.1
2026-06-09 17:03:54,2916,1193,11.3
2026-06-09 17:03:56,2918,1194,19.5
2026-06-09 17:03:58,2920,1195,18.9
2026-06-09 17:04:00,2922,1196,16.1
2026-06-09 17:04:03,2925,1197,28.7
2026-06-09 17:04:05,2927,1198,25.5
2026-06-09 17:04:07,2929,1199,29.1
2026-06-09 17:04:09,2931,1200,19.4
2026-06-09 17:04:11,2933,1201,24.2
2026-06-09 17:04:13,2935,1202,35.3
2026-06-09 17:04:15,2937,1203,43.2
2026-06-09 17:04:17,2939,1204,33.8
2026-06-09 17:04:19,2941,1205,28.3
2026-06-09 17:04:21,2943,1206,48.0
2026-06-09 17:04:23,2945,1207,42.7
2026-06-09 17:04:25,2947,1208,32.8
2026-06-09 17:04:27,2949,1209,20.2
2026-06-09 17:04:29,2951,1210,30.7
2026-06-09 17:04:31,2953,1211,14.2
2026-06-09 17:04:33,2955,1212,31.5
2026-06-09 17:04:35,2957,1213,36.0
2026-06-09 17:04:37,2959,1214,40.6
2026-06-09 17:04:39,2961,1215,12.3
2026-06-09 17:04:42,2964,1216,35.5
2026-06-09 17:04:44,2966,1217,27.6
2026-06-09 17:04:46,2968,1218,39.4
2026-06-09 17:04:48,2970,1219,12.7
2026-06-09 17:04:50,2972,1220,55.8
2026-06-09 17:04:52,2974,1221,43.4
2026-06-09 17:04:54,2976,1222,46.3
2026-06-09 17:04:56,2978,1223,32.8
2026-06-09 17:04:58,2980,1224,44.6
2026-06-09 17:04:59,2981,1225,37.8
2026-06-09 17:05:01,2983,1226,39.7
2026-06-09 17:05:03,2985,1227,41.7
2026-06-09 17:05:05,2987,1228,44.5
2026-06-09 17:05:07,2989,1229,58.9
2026-06-09 17:05:09,2991,1230,34.5
2026-06-09 17:05:11,2993,1231,36.7
2026-06-09 17:05:13,2995,1232,30.5
2026-06-09 17:05:15,2997,1233,31.8
2026-06-09 17:05:17,2999,1234,31.1
2026-06-09 17:05:19,3001,1235,38.2
2026-06-09 17:05:21,3003,1236,30.3
2026-06-09 17:05:23,3005,1237,43.9
2026-06-09 17:05:25,3007,1238,22.9
2026-06-09 17:05:27,3009,1239,40.8
2026-06-09 17:05:29,3011,1240,32.6
2026-06-09 17:05:31,3013,1241,26.2
2026-06-09 17:05:33,3015,1242,63.4
2026-06-09 17:05:35,3017,1243,39.3
2026-06-09 17:05:37,3019,1244,38.6
2026-06-09 17:05:38,3020,1245,30.1
2026-06-09 17:05:40,3022,1246,38.9
2026-06-09 17:05:42,3024,1247,44.0
2026-06-09 17:05:44,3026,1248,39.3
2026-06-09 17:05:46,3028,1249,36.1
2026-06-09 17:05:48,3030,1250,58.3
2026-06-09 17:05:50,3032,1251,37.4
2026-06-09 17:05:52,3034,1252,48.1
2026-06-09 17:05:54,3036,1253,29.4
2026-06-09 17:05:56,3038,1254,37.0
2026-06-09 17:05:58,3040,1255,30.0
2026-06-09 17:06:00,3042,1256,31.9
2026-06-09 17:06:02,3044,1257,25.8
2026-06-09 17:06:04,3046,1258,34.7
2026-06-09 17:06:06,3048,1259,39.4
2026-06-09 17:06:08,3050,1260,38.5
2026-06-09 17:06:10,3052,1261,31.2
2026-06-09 17:06:12,3054,1262,43.7
2026-06-09 17:06:14,3056,1263,31.1
2026-06-09 17:06:16,3058,1264,29.8
2026-06-09 17:06:18,3060,1265,39.7
2026-06-09 17:06:20,3062,1266,48.0
2026-06-09 17:06:22,3064,1267,31.7
2026-06-09 17:06:24,3066,1268,29.1
2026-06-09 17:06:26,3068,1269,37.0
2026-06-09 17:06:28,3070,1270,44.2
2026-06-09 17:06:29,3071,1271,32.8
2026-06-09 17:06:31,3073,1272,41.3
2026-06-09 17:06:33,3075,1273,30.7
2026-06-09 17:06:35,3077,1274,47.1
2026-06-09 17:06:37,3079,1275,35.1
2026-06-09 17:06:39,3081,1276,48.2
2026-06-09 17:06:41,3083,1277,30.9
2026-06-09 17:06:43,3085,1278,27.5
2026-06-09 17:06:45,3087,1279,29.0
2026-06-09 17:06:47,3089,1280,46.9
2026-06-09 17:06:49,3091,1281,35.3
2026-06-09 17:06:51,3093,1282,30.8
2026-06-09 17:06:53,3095,1283,39.8
2026-06-09 17:06:55,3097,1284,33.3
2026-06-09 17:06:57,3099,1285,45.2
2026-06-09 17:06:59,3101,1286,30.1
2026-06-09 17:07:01,3103,1287,40.7
2026-06-09 17:07:03,3105,1288,32.7
2026-06-09 17:07:05,3107,1289,51.5
2026-06-09 17:07:07,3109,1290,23.1
2026-06-09 17:07:09,3111,1291,26.0
2026-06-09 17:07:10,3112,1292,147
2026-06-09 17:07:12,3114,1293,36.0
2026-06-09 17:07:14,3116,1294,36.7
2026-06-09 17:07:16,3118,1295,149
2026-06-09 17:07:19,3121,1296,169
2026-06-09 17:07:20,3122,1297,44.2
2026-06-09 17:07:22,3124,1298,36.5
2026-06-09 17:07:24,3126,1299,50.0
2026-06-09 17:07:26,3128,1300,69.3
2026-06-09 17:07:28,3130,1301,52.7
2026-06-09 17:07:30,3132,1302,41.3
2026-06-09 17:07:32,3134,1303,37.5
2026-06-09 17:07:34,3136,1304,54.3
2026-06-09 17:07:36,3138,1305,43.0
2026-06-09 17:07:38,3140,1306,41.0
2026-06-09 17:07:40,3142,1307,48.3
2026-06-09 17:07:42,3144,1308,31.4
2026-06-09 17:07:44,3146,1309,36.4
2026-06-09 17:07:46,3148,1310,65.2
2026-06-09 17:07:48,3150,1311,34.6
2026-06-09 17:07:50,3152,1312,24.7
2026-06-09 17:07:52,3154,1313,30.4
2026-06-09 17:07:54,3156,1314,26.0
2026-06-09 17:07:55,3157,1315,50.2
2026-06-09 17:07:57,3159,1316,37.4
2026-06-09 17:07:59,3161,1317,46.6
2026-06-09 17:08:01,3163,1318,29.3
2026-06-09 17:08:03,3165,1319,34.9
2026-06-09 17:08:05,3167,1320,34.0
2026-06-09 17:08:07,3169,1321,41.5
2026-06-09 17:08:09,3171,1322,55.1
2026-06-09 17:08:11,3173,1323,35.7
2026-06-09 17:08:13,3175,1324,45.0
2026-06-09 17:08:15,3177,1325,48.6
2026-06-09 17:08:17,3179,1326,37.0
2026-06-09 17:08:19,3181,1327,31.0
2026-06-09 17:08:21,3183,1328,48.4
2026-06-09 17:08:23,3185,1329,35.5
2026-06-09 17:08:25,3187,1330,33.9
2026-06-09 17:08:26,3188,1331,51.6
2026-06-09 17:08:28,3190,1332,44.8
2026-06-09 17:08:30,3192,1333,69.4
2026-06-09 17:08:32,3194,1334,30.3
2026-06-09 17:08:34,3196,1335,41.2
2026-06-09 17:08:36,3198,1336,38.6
2026-06-09 17:08:38,3200,1337,170
2026-06-09 17:08:40,3202,1338,45.0
2026-06-09 17:08:42,3204,1339,37.0
2026-06-09 17:08:44,3206,1340,29.4
2026-06-09 17:08:46,3208,1341,58.5
2026-06-09 17:08:48,3210,1342,29.5
2026-06-09 17:08:50,3212,1343,51.0
2026-06-09 17:08:52,3214,1344,29.0
2026-06-09 17:08:54,3216,1345,39.9
2026-06-09 17:08:56,3218,1346,31.0
2026-06-09 17:08:58,3220,1347,28.2
2026-06-09 17:09:00,3222,1348,38.3
2026-06-09 17:09:02,3224,1349,31.6
2026-06-09 17:09:04,3226,1350,33.7
2026-06-09 17:09:06,3228,1351,33.4
2026-06-09 17:09:08,3230,1352,29.7
2026-06-09 17:09:10,3232,1353,30.5
2026-06-09 17:09:12,3234,1354,48.3
2026-06-09 17:09:14,3236,1355,48.7
2026-06-09 17:09:15,3237,1356,25.6
2026-06-09 17:09:17,3239,1357,30.8
2026-06-09 17:09:19,3241,1358,45.1
2026-06-09 17:09:21,3243,1359,45.9
2026-06-09 17:09:23,3245,1360,44.9
2026-06-09 17:09:25,3247,1361,35.2
2026-06-09 17:09:27,3249,1362,40.2
2026-06-09 17:09:29,3251,1363,36.1
2026-06-09 17:09:31,3253,1364,27.4
2026-06-09 17:09:33,3255,1365,34.6
2026-06-09 17:09:35,3257,1366,34.0
2026-06-09 17:09:37,3259,1367,44.2
2026-06-09 17:09:39,3261,1368,33.7
2026-06-09 17:09:41,3263,1369,25.5
2026-06-09 17:09:43,3265,1370,48.6
2026-06-09 17:09:45,3267,1371,31.7
2026-06-09 17:09:47,3269,1372,35.5
2026-06-09 17:09:49,3271,1373,30.9
2026-06-09 17:09:51,3273,1374,29.9
2026-06-09 17:09:53,3275,1375,28.1
2026-06-09 17:09:54,3276,1376,30.6
2026-06-09 17:09:56,3278,1377,26.4
2026-06-09 17:09:58,3280,1378,31.3
2026-06-09 17:10:00,3282,1379,38.7
2026-06-09 17:10:02,3284,1380,36.7
2026-06-09 17:10:04,3286,1381,121
2026-06-09 17:10:06,3288,1382,33.4
2026-06-09 17:10:09,3291,1383,27.2
2026-06-09 17:10:11,3293,1384,24.9
2026-06-09 17:10:13,3295,1385,26.6
2026-06-09 17:10:14,3296,1386,19.7
2026-06-09 17:10:17,3299,1387,47.6
2026-06-09 17:10:18,3300,1388,29.9
2026-06-09 17:10:20,3302,1389,30.5
2026-06-09 17:10:22,3304,1390,28.1
2026-06-09 17:10:24,3306,1391,34.3
2026-06-09 17:10:26,3308,1392,27.0
2026-06-09 17:10:28,3310,1393,20.8
2026-06-09 17:10:30,3312,1394,26.7
2026-06-09 17:10:32,3314,1395,26.5
2026-06-09 17:10:34,3316,1396,43.5
2026-06-09 17:10:36,3318,1397,39.3
2026-06-09 17:10:38,3320,1398,44.7
2026-06-09 17:10:40,3322,1399,42.3
2026-06-09 17:10:42,3324,1400,30.3
2026-06-09 17:10:44,3326,1401,33.5
2026-06-09 17:10:46,3328,1402,33.2
2026-06-09 17:10:48,3330,1403,31.5
2026-06-09 17:10:50,3332,1404,32.0
2026-06-09 17:10:52,3334,1405,37.9
2026-06-09 17:10:54,3336,1406,33.3
2026-06-09 17:10:56,3338,1407,109
2026-06-09 17:10:58,3340,1408,39.0
2026-06-09 17:11:00,3342,1409,35.7
2026-06-09 17:11:02,3344,1410,37.7
2026-06-09 17:11:04,3346,1411,13.5
2026-06-09 17:11:06,3348,1412,46.4
2026-06-09 17:11:08,3350,1413,26.2
2026-06-09 17:11:09,3351,1414,25.9
2026-06-09 17:11:11,3353,1415,35.0
2026-06-09 17:11:13,3355,1416,33.7
2026-06-09 17:11:15,3357,1417,31.8
2026-06-09 17:11:17,3359,1418,33.6
2026-06-09 17:11:19,3361,1419,31.0
2026-06-09 17:11:21,3363,1420,48.2
2026-06-09 17:11:23,3365,1421,35.7
2026-06-09 17:11:25,3367,1422,152
2026-06-09 17:11:27,3369,1423,43.9
2026-06-09 17:11:29,3371,1424,34.7
2026-06-09 17:11:31,3373,1425,35.7
2026-06-09 17:11:33,3375,1426,30.1
2026-06-09 17:11:35,3377,1427,30.6
2026-06-09 17:11:37,3379,1428,49.3
2026-06-09 17:11:39,3381,1429,37.7
2026-06-09 17:11:41,3383,1430,38.9
2026-06-09 17:11:43,3385,1431,29.0
2026-06-09 17:11:45,3387,1432,30.3
2026-06-09 17:11:47,3389,1433,34.1
2026-06-09 17:11:49,3391,1434,89.9
2026-06-09 17:11:51,3393,1435,29.6
2026-06-09 17:11:53,3395,1436,35.7
2026-06-09 17:11:55,3397,1437,88.5
2026-06-09 17:11:58,3400,1438,21.1
2026-06-09 17:11:59,3401,1439,41.1
2026-06-09 17:12:01,3403,1440,38.4
2026-06-09 17:12:03,3405,1441,30.1
2026-06-09 17:12:05,3407,1442,36.7
2026-06-09 17:12:07,3409,1443,26.2
2026-06-09 17:12:09,3411,1444,36.9
2026-06-09 17:12:11,3413,1445,29.2
2026-06-09 17:12:13,3415,1446,35.8
2026-06-09 17:12:15,3417,1447,32.2
2026-06-09 17:12:17,3419,1448,37.6
2026-06-09 17:12:19,3421,1449,22.9
2026-06-09 17:12:21,3423,1450,85.2
2026-06-09 17:12:23,3425,1451,36.9
2026-06-09 17:12:25,3427,1452,30.1
2026-06-09 17:12:27,3429,1453,30.9
2026-06-09 17:12:29,3431,1454,42.0
2026-06-09 17:12:31,3433,1455,39.2
2026-06-09 17:12:33,3435,1456,19.0
2026-06-09 17:12:35,3437,1457,29.9
2026-06-09 17:12:37,3439,1458,33.5
2026-06-09 17:12:39,3441,1459,32.3
2026-06-09 17:12:41,3443,1460,52.5
2026-06-09 17:12:43,3445,1461,27.4
2026-06-09 17:12:45,3447,1462,39.2
2026-06-09 17:12:46,3448,1463,34.8
2026-06-09 17:12:48,3450,1464,48.8
2026-06-09 17:12:50,3452,1465,42.0
2026-06-09 17:12:52,3454,1466,29.2
2026-06-09 17:12:54,3456,1467,28.8
2026-06-09 17:12:56,3458,1468,32.4
2026-06-09 17:12:58,3460,1469,36.5
2026-06-09 17:13:00,3462,1470,37.9
2026-06-09 17:13:02,3464,1471,40.7
2026-06-09 17:13:04,3466,1472,20.3
2026-06-09 17:13:06,3468,1473,38.0
2026-06-09 17:13:08,3470,1474,45.9
2026-06-09 17:13:10,3472,1475,31.7
2026-06-09 17:13:12,3474,1476,26.4
2026-06-09 17:13:14,3476,1477,22.1
2026-06-09 17:13:16,3478,1478,697
2026-06-09 17:13:18,3480,1479,36.6
2026-06-09 17:13:20,3482,1480,40.2
2026-06-09 17:13:22,3484,1481,33.7
2026-06-09 17:13:24,3486,1482,27.8
2026-06-09 17:13:26,3488,1483,39.2
2026-06-09 17:13:28,3490,1484,47.7
2026-06-09 17:13:30,3492,1485,32.3
2026-06-09 17:13:32,3494,1486,35.6
2026-06-09 17:13:34,3496,1487,36.0
2026-06-09 17:13:36,3498,1488,33.1
2026-06-09 17:13:38,3500,1489,39.1
2026-06-09 17:13:40,3502,1490,48.5
2026-06-09 17:13:42,3504,1491,40.6
2026-06-09 17:13:43,3505,1492,47.9
2026-06-09 17:13:45,3507,1493,52.5
2026-06-09 17:13:47,3509,1494,46.8
2026-06-09 17:13:49,3511,1495,30.4
2026-06-09 17:13:51,3513,1496,31.6
2026-06-09 17:13:53,3515,1497,31.5
2026-06-09 17:13:55,3517,1498,36.3
2026-06-09 17:13:57,3519,1499,30.9
2026-06-09 17:13:59,3521,1500,32.5
2026-06-09 17:14:01,3523,1501,30.9
2026-06-09 17:14:03,3525,1502,33.1
2026-06-09 17:14:05,3527,1503,33.6
2026-06-09 17:14:07,3529,1504,29.4
2026-06-09 17:14:09,3531,1505,47.2
2026-06-09 17:14:11,3533,1506,30.9
2026-06-09 17:14:13,3535,1507,28.1
2026-06-09 17:14:15,3537,1508,41.1
2026-06-09 17:14:17,3539,1509,24.8
2026-06-09 17:14:19,3541,1510,40.1
2026-06-09 17:14:21,3543,1511,34.3
2026-06-09 17:14:22,3544,1512,35.7
2026-06-09 17:14:24,3546,1513,40.8
2026-06-09 17:14:26,3548,1514,32.0
2026-06-09 17:14:28,3550,1515,36.0
2026-06-09 17:14:30,3552,1516,49.2
2026-06-09 17:14:32,3554,1517,42.6
2026-06-09 17:14:34,3556,1518,25.9
2026-06-09 17:14:36,3558,1519,30.4
2026-06-09 17:14:38,3560,1520,273
2026-06-09 17:14:40,3562,1521,62.4
2026-06-09 17:14:42,3564,1522,40.5
2026-06-09 17:14:44,3566,1523,27.1
2026-06-09 17:14:46,3568,1524,46.0
2026-06-09 17:14:48,3570,1525,36.2
2026-06-09 17:14:50,3572,1526,31.1
2026-06-09 17:14:52,3574,1527,29.2
2026-06-09 17:14:54,3576,1528,46.2
2026-06-09 17:14:56,3578,1529,50.3
2026-06-09 17:14:58,3580,1530,24.8
2026-06-09 17:15:00,3582,1531,171
2026-06-09 17:15:02,3584,1532,52.3
2026-06-09 17:15:04,3586,1533,30.7
2026-06-09 17:15:06,3588,1534,44.8
2026-06-09 17:15:08,3590,1535,46.9
2026-06-09 17:15:10,3592,1536,38.8
2026-06-09 17:15:12,3594,1537,46.9
2026-06-09 17:15:14,3596,1538,41.5
2026-06-09 17:15:17,3599,1539,36.3
2026-06-09 17:15:19,3601,1540,49.8
2026-06-09 17:15:21,3603,1541,38.8
2026-06-09 17:15:23,3605,1542,52.0
2026-06-09 17:15:25,3607,1543,39.7
2026-06-09 17:15:27,3609,1544,53.3
2026-06-09 17:15:29,3611,1545,37.6
2026-06-09 17:15:31,3613,1546,55.3
2026-06-09 17:15:33,3615,1547,46.7
2026-06-09 17:15:35,3617,1548,47.6
2026-06-09 17:15:37,3619,1549,40.9
2026-06-09 17:15:39,3621,1550,43.9
2026-06-09 17:15:41,3623,1551,38.0
2026-06-09 17:15:43,3625,1552,39.6
2026-06-09 17:15:45,3627,1553,40.5
2026-06-09 17:15:47,3629,1554,50.4
2026-06-09 17:15:49,3631,1555,41.7
2026-06-09 17:15:51,3633,1556,35.4
2026-06-09 17:15:52,3634,1557,35.8
2026-06-09 17:15:54,3636,1558,39.0
2026-06-09 17:15:56,3638,1559,267
2026-06-09 17:15:58,3640,1560,42.6
2026-06-09 17:16:00,3642,1561,53.5
2026-06-09 17:16:02,3644,1562,38.9
2026-06-09 17:16:04,3646,1563,62.1
2026-06-09 17:16:06,3648,1564,40.0
2026-06-09 17:16:08,3650,1565,53.7
2026-06-09 17:16:10,3652,1566,42.8
2026-06-09 17:16:12,3654,1567,32.9
2026-06-09 17:16:14,3656,1568,60.8
2026-06-09 17:16:16,3658,1569,48.2
2026-06-09 17:16:18,3660,1570,44.2
2026-06-09 17:16:20,3662,1571,33.9
2026-06-09 17:16:22,3664,1572,200
2026-06-09 17:16:24,3666,1573,39.4
2026-06-09 17:16:26,3668,1574,29.5
2026-06-09 17:16:28,3670,1575,35.7
2026-06-09 17:16:30,3672,1576,51.6
2026-06-09 17:16:32,3674,1577,44.8
2026-06-09 17:16:35,3677,1578,37.5
2026-06-09 17:16:37,3679,1579,39.8
2026-06-09 17:16:39,3681,1580,48.9
2026-06-09 17:16:41,3683,1581,54.7
2026-06-09 17:16:43,3685,1582,51.0
2026-06-09 17:16:45,3687,1583,42.4
2026-06-09 17:16:47,3689,1584,46.6
2026-06-09 17:16:49,3691,1585,48.8
2026-06-09 17:16:51,3693,1586,40.2
2026-06-09 17:16:53,3695,1587,52.3
2026-06-09 17:16:55,3697,1588,55.8
2026-06-09 17:16:57,3699,1589,52.8
2026-06-09 17:16:59,3701,1590,29.5
2026-06-09 17:17:01,3703,1591,55.0
2026-06-09 17:17:02,3704,1592,52.6
2026-06-09 17:17:04,3706,1593,67.7
2026-06-09 17:17:06,3708,1594,59.2
2026-06-09 17:17:08,3710,1595,54.4
2026-06-09 17:17:10,3712,1596,48.8
2026-06-09 17:17:12,3714,1597,226
2026-06-09 17:17:14,3716,1598,62.2
2026-06-09 17:17:16,3718,1599,62.1
2026-06-09 17:17:18,3720,1600,33.2
2026-06-09 17:17:20,3722,1601,45.3
2026-06-09 17:17:22,3724,1602,50.3
2026-06-09 17:17:24,3726,1603,60.2
2026-06-09 17:17:26,3728,1604,49.5
2026-06-09 17:17:28,3730,1605,33.0
2026-06-09 17:17:30,3732,1606,50.9
2026-06-09 17:17:32,3734,1607,38.8
2026-06-09 17:17:34,3736,1608,47.0
2026-06-09 17:17:36,3738,1609,65.1
2026-06-09 17:17:38,3740,1610,32.5
2026-06-09 17:17:40,3742,1611,35.1
2026-06-09 17:17:42,3744,1612,45.1
2026-06-09 17:17:44,3746,1613,52.8
2026-06-09 17:17:46,3748,1614,38.1
2026-06-09 17:17:48,3750,1615,39.6
2026-06-09 17:17:50,3752,1616,52.2
2026-06-09 17:17:52,3754,1617,48.2
2026-06-09 17:17:54,3756,1618,111
2026-06-09 17:17:56,3758,1619,36.3
2026-06-09 17:17:58,3760,1620,47.2
2026-06-09 17:18:00,3762,1621,32.3
2026-06-09 17:18:02,3764,1622,46.1
2026-06-09 17:18:04,3766,1623,53.2
2026-06-09 17:18:06,3768,1624,42.4
2026-06-09 17:18:08,3770,1625,65.9
2026-06-09 17:18:10,3772,1626,45.3
2026-06-09 17:18:12,3774,1627,32.0
2026-06-09 17:18:14,3776,1628,45.9
2026-06-09 17:18:16,3778,1629,25.8
2026-06-09 17:18:18,3780,1630,39.5
2026-06-09 17:18:20,3782,1631,68.5
2026-06-09 17:18:22,3784,1632,58.9
2026-06-09 17:18:24,3786,1633,39.1
2026-06-09 17:18:26,3788,1634,28.6
2026-06-09 17:18:28,3790,1635,49.6
2026-06-09 17:18:30,3792,1636,39.9
2026-06-09 17:18:32,3794,1637,42.1
2026-06-09 17:18:34,3796,1638,38.7
2026-06-09 17:18:36,3798,1639,37.5
2026-06-09 17:18:38,3800,1640,42.3
2026-06-09 17:18:40,3802,1641,39.7
2026-06-09 17:18:42,3804,1642,51.5
2026-06-09 17:18:44,3806,1643,31.0
2026-06-09 17:18:46,3808,1644,61.4
2026-06-09 17:18:48,3810,1645,41.1
2026-06-09 17:18:50,3812,1646,40.3
2026-06-09 17:18:52,3814,1647,40.7
2026-06-09 17:18:54,3816,1648,39.4
2026-06-09 17:18:56,3818,1649,48.0
2026-06-09 17:18:58,3820,1650,44.3
2026-06-09 17:19:00,3822,1651,29.8
2026-06-09 17:19:02,3824,1652,23.3
2026-06-09 17:19:04,3826,1653,49.0
2026-06-09 17:19:06,3828,1654,52.4
2026-06-09 17:19:08,3830,1655,62.9
2026-06-09 17:19:10,3832,1656,23.5
2026-06-09 17:19:12,3834,1657,42.8
2026-06-09 17:19:13,3835,1658,61.6
2026-06-09 17:19:15,3837,1659,44.4
2026-06-09 17:19:17,3839,1660,58.5
2026-06-09 17:19:19,3841,1661,36.7
2026-06-09 17:19:21,3843,1662,43.4
2026-06-09 17:19:23,3845,1663,42.9
2026-06-09 17:19:25,3847,1664,43.8
2026-06-09 17:19:27,3849,1665,41.7
2026-06-09 17:19:29,3851,1666,40.2
2026-06-09 17:19:31,3853,1667,35.1
2026-06-09 17:19:33,3855,1668,40.7
2026-06-09 17:19:35,3857,1669,43.8
2026-06-09 17:19:37,3859,1670,38.3
2026-06-09 17:19:39,3861,1671,37.2
2026-06-09 17:19:41,3863,1672,52.6
2026-06-09 17:19:43,3865,1673,313
2026-06-09 17:19:45,3867,1674,37.6
2026-06-09 17:19:47,3869,1675,22.7
2026-06-09 17:19:49,3871,1676,30.1
2026-06-09 17:19:51,3873,1677,22.8
2026-06-09 17:19:53,3875,1678,31.5
2026-06-09 17:19:55,3877,1679,30.6
2026-06-09 17:19:57,3879,1680,29.7
2026-06-09 17:19:59,3881,1681,38.7
2026-06-09 17:20:01,3883,1682,232
2026-06-09 17:20:03,3885,1683,34.7
2026-06-09 17:20:05,3887,1684,41.4
2026-06-09 17:20:07,3889,1685,32.4
2026-06-09 17:20:09,3891,1686,136
2026-06-09 17:20:11,3893,1687,23.0
2026-06-09 17:20:13,3895,1688,39.9
2026-06-09 17:20:15,3897,1689,26.6
2026-06-09 17:20:17,3899,1690,37.9
2026-06-09 17:20:19,3901,1691,35.9
2026-06-09 17:20:21,3903,1692,35.5
2026-06-09 17:20:23,3905,1693,37.8
2026-06-09 17:20:25,3907,1694,40.8
2026-06-09 17:20:27,3909,1695,151
2026-06-09 17:20:29,3911,1696,31.3
2026-06-09 17:20:31,3913,1697,38.8
2026-06-09 17:20:33,3915,1698,33.0
2026-06-09 17:20:35,3917,1699,30.0
2026-06-09 17:20:37,3919,1700,47.7
2026-06-09 17:20:39,3921,1701,41.3
2026-06-09 17:20:41,3923,1702,29.2
2026-06-09 17:20:43,3925,1703,30.8
2026-06-09 17:20:45,3927,1704,135
2026-06-09 17:20:47,3929,1705,49.7
2026-06-09 17:20:49,3931,1706,29.5
2026-06-09 17:20:51,3933,1707,60.4
2026-06-09 17:20:53,3935,1708,57.9
2026-06-09 17:20:55,3937,1709,52.8
2026-06-09 17:20:57,3939,1710,40.5
2026-06-09 17:20:59,3941,1711,41.4
2026-06-09 17:21:01,3943,1712,46.2
2026-06-09 17:21:03,3945,1713,56.0
2026-06-09 17:21:05,3947,1714,102
2026-06-09 17:21:07,3949,1715,52.0
2026-06-09 17:21:09,3951,1716,37.9
2026-06-09 17:21:11,3953,1717,33.7
2026-06-09 17:21:13,3955,1718,54.8
2026-06-09 17:21:15,3957,1719,40.8
2026-06-09 17:21:17,3959,1720,39.5
2026-06-09 17:21:19,3961,1721,27.6
2026-06-09 17:21:21,3963,1722,46.8
2026-06-09 17:21:23,3965,1723,42.0
2026-06-09 17:21:25,3967,1724,35.2
2026-06-09 17:21:27,3969,1725,52.0
2026-06-09 17:21:29,3971,1726,47.5
2026-06-09 17:21:31,3973,1727,44.1
2026-06-09 17:21:33,3975,1728,40.8
2026-06-09 17:21:35,3977,1729,47.1
2026-06-09 17:21:37,3979,1730,47.3
2026-06-09 17:21:39,3981,1731,44.3
2026-06-09 17:21:41,3983,1732,147
2026-06-09 17:21:43,3985,1733,40.7
2026-06-09 17:21:45,3987,1734,49.0
2026-06-09 17:21:47,3989,1735,39.8
2026-06-09 17:21:49,3991,1736,54.5
2026-06-09 17:21:51,3993,1737,41.1
2026-06-09 17:21:53,3995,1738,36.3
2026-06-09 17:21:55,3997,1739,40.9
2026-06-09 17:21:57,3999,1740,56.7
2026-06-09 17:21:59,4001,1741,40.2
2026-06-09 17:22:01,4003,1742,44.2
2026-06-09 17:22:02,4004,1743,37.8
2026-06-09 17:22:04,4006,1744,47.8
2026-06-09 17:22:06,4008,1745,38.0
2026-06-09 17:22:08,4010,1746,633
2026-06-09 17:22:11,4013,1747,45.0
2026-06-09 17:22:13,4015,1748,50.0
2026-06-09 17:22:15,4017,1749,44.8
2026-06-09 17:22:17,4019,1750,16.0
2026-06-09 17:22:19,4021,1751,49.6
2026-06-09 17:22:21,4023,1752,52.5
2026-06-09 17:22:23,4025,1753,45.3
2026-06-09 17:22:25,4027,1754,57.3
2026-06-09 17:22:27,4029,1755,35.9
2026-06-09 17:22:29,4031,1756,24.8
2026-06-09 17:22:31,4033,1757,32.8
2026-06-09 17:22:33,4035,1758,49.5
2026-06-09 17:22:35,4037,1759,51.5
2026-06-09 17:22:37,4039,1760,47.4
2026-06-09 17:22:39,4041,1761,31.8
2026-06-09 17:22:41,4043,1762,50.0
2026-06-09 17:22:43,4045,1763,39.7
2026-06-09 17:22:44,4046,1764,41.3
2026-06-09 17:22:47,4049,1765,33.9
2026-06-09 17:22:49,4051,1766,68.7
2026-06-09 17:22:51,4053,1767,35.9
2026-06-09 17:22:53,4055,1768,69.4
2026-06-09 17:22:55,4057,1769,38.4
2026-06-09 17:22:57,4059,1770,41.5
2026-06-09 17:22:59,4061,1771,49.3
2026-06-09 17:23:01,4063,1772,32.1
2026-06-09 17:23:03,4065,1773,153
2026-06-09 17:23:05,4067,1774,40.8
2026-06-09 17:23:07,4069,1775,44.3
2026-06-09 17:23:09,4071,1776,35.7
2026-06-09 17:23:10,4072,1777,29.6
2026-06-09 17:23:12,4074,1778,35.4
2026-06-09 17:23:14,4076,1779,32.1
2026-06-09 17:23:16,4078,1780,41.6
2026-06-09 17:23:18,4080,1781,42.5
2026-06-09 17:23:20,4082,1782,33.3
2026-06-09 17:23:22,4084,1783,31.6
2026-06-09 17:23:24,4086,1784,40.6
2026-06-09 17:23:26,4088,1785,20.1
2026-06-09 17:23:28,4090,1786,33.1
2026-06-09 17:23:30,4092,1787,38.5
2026-06-09 17:23:32,4094,1788,32.9
2026-06-09 17:23:34,4096,1789,22.3
2026-06-09 17:23:36,4098,1790,40.0
2026-06-09 17:23:38,4100,1791,126
2026-06-09 17:23:40,4102,1792,34.4
2026-06-09 17:23:42,4104,1793,59.0
2026-06-09 17:23:44,4106,1794,37.6
2026-06-09 17:23:46,4108,1795,35.8
2026-06-09 17:23:48,4110,1796,39.2
2026-06-09 17:23:50,4112,1797,32.0
2026-06-09 17:23:52,4114,1798,63.8
2026-06-09 17:23:54,4116,1799,33.3
2026-06-09 17:23:56,4118,1800,38.1
2026-06-09 17:23:57,4119,1801,51.9
2026-06-09 17:23:59,4121,1802,28.0
2026-06-09 17:24:01,4123,1803,57.3
2026-06-09 17:24:03,4125,1804,49.7
2026-06-09 17:24:05,4127,1805,38.2
2026-06-09 17:24:07,4129,1806,38.4
2026-06-09 17:24:09,4131,1807,54.4
2026-06-09 17:24:11,4133,1808,34.8
2026-06-09 17:24:13,4135,1809,222
2026-06-09 17:24:15,4137,1810,40.6
2026-06-09 17:24:17,4139,1811,171
2026-06-09 17:24:20,4142,1812,35.5
2026-06-09 17:24:22,4144,1813,54.7
2026-06-09 17:24:24,4146,1814,46.5
2026-06-09 17:24:26,4148,1815,32.5
2026-06-09 17:24:28,4150,1816,35.5
2026-06-09 17:24:30,4152,1817,36.6
2026-06-09 17:24:32,4154,1818,48.4
2026-06-09 17:24:34,4156,1819,44.6
2026-06-09 17:24:36,4158,1820,39.4
2026-06-09 17:24:38,4160,1821,60.8
2026-06-09 17:24:40,4162,1822,37.8
2026-06-09 17:24:42,4164,1823,43.5
2026-06-09 17:24:44,4166,1824,43.2
2026-06-09 17:24:46,4168,1825,43.6
2026-06-09 17:24:48,4170,1826,34.6
2026-06-09 17:24:50,4172,1827,48.8
2026-06-09 17:24:52,4174,1828,347
2026-06-09 17:24:54,4176,1829,38.1
2026-06-09 17:24:56,4178,1830,30.8
2026-06-09 17:24:58,4180,1831,28.0
2026-06-09 17:25:00,4182,1832,33.6
2026-06-09 17:25:02,4184,1833,31.5
2026-06-09 17:25:04,4186,1834,23.3
2026-06-09 17:25:06,4188,1835,40.1
2026-06-09 17:25:08,4190,1836,51.0
2026-06-09 17:25:10,4192,1837,25.6
2026-06-09 17:25:12,4194,1838,46.8
2026-06-09 17:25:14,4196,1839,51.9
2026-06-09 17:25:16,4198,1840,64.1
2026-06-09 17:25:18,4200,1841,32.7
2026-06-09 17:25:20,4202,1842,48.4
2026-06-09 17:25:22,4204,1843,201
2026-06-09 17:25:24,4206,1844,46.8
2026-06-09 17:25:26,4208,1845,29.8
2026-06-09 17:25:28,4210,1846,40.4
2026-06-09 17:25:30,4212,1847,30.0
2026-06-09 17:25:32,4214,1848,44.9
2026-06-09 17:25:34,4216,1849,38.7
2026-06-09 17:25:36,4218,1850,37.1
2026-06-09 17:25:38,4220,1851,270
2026-06-09 17:25:40,4222,1852,26.6
2026-06-09 17:25:42,4224,1853,26.7
2026-06-09 17:25:44,4226,1854,45.7
2026-06-09 17:25:46,4228,1855,29.5
2026-06-09 17:25:48,4230,1856,30.3
2026-06-09 17:25:50,4232,1857,44.5
2026-06-09 17:25:52,4234,1858,26.1
2026-06-09 17:25:54,4236,1859,119
2026-06-09 17:25:56,4238,1860,119
2026-06-09 17:25:58,4240,1861,44.0
2026-06-09 17:26:00,4242,1862,46.0
2026-06-09 17:26:02,4244,1863,33.4
2026-06-09 17:26:04,4246,1864,37.8
2026-06-09 17:26:06,4248,1865,54.9
2026-06-09 17:26:08,4250,1866,30.5
2026-06-09 17:26:10,4252,1867,180
2026-06-09 17:26:12,4254,1868,47.1
2026-06-09 17:26:14,4256,1869,46.6
2026-06-09 17:26:16,4258,1870,59.5
2026-06-09 17:26:18,4260,1871,50.1
2026-06-09 17:26:20,4262,1872,32.1
2026-06-09 17:26:22,4264,1873,39.9
2026-06-09 17:26:25,4267,1874,45.6
2026-06-09 17:26:27,4269,1875,32.5
2026-06-09 17:26:29,4271,1876,53.1
2026-06-09 17:26:31,4273,1877,56.1
2026-06-09 17:26:33,4275,1878,24.5
2026-06-09 17:26:35,4277,1879,29.9
2026-06-09 17:26:37,4279,1880,47.0
2026-06-09 17:26:39,4281,1881,41.7
2026-06-09 17:26:41,4283,1882,44.0
2026-06-09 17:26:43,4285,1883,37.2
2026-06-09 17:26:45,4287,1884,33.8
2026-06-09 17:26:47,4289,1885,37.6
2026-06-09 17:26:49,4291,1886,51.7
2026-06-09 17:26:50,4292,1887,35.1
2026-06-09 17:26:52,4294,1888,32.2
2026-06-09 17:26:54,4296,1889,55.2
2026-06-09 17:26:56,4298,1890,53.8
2026-06-09 17:26:58,4300,1891,37.1
2026-06-09 17:27:00,4302,1892,41.6
2026-06-09 17:27:02,4304,1893,50.1
2026-06-09 17:27:04,4306,1894,39.6
2026-06-09 17:27:06,4308,1895,20.1
2026-06-09 17:27:08,4310,1896,30.1
2026-06-09 17:27:10,4312,1897,45.4
2026-06-09 17:27:12,4314,1898,38.0
2026-06-09 17:27:14,4316,1899,38.9
2026-06-09 17:27:16,4318,1900,41.6
2026-06-09 17:27:18,4320,1901,29.1
2026-06-09 17:27:20,4322,1902,38.2
2026-06-09 17:27:22,4324,1903,32.6
2026-06-09 17:27:24,4326,1904,22.7
2026-06-09 17:27:26,4328,1905,47.7
2026-06-09 17:27:28,4330,1906,54.5
2026-06-09 17:27:30,4332,1907,30.2
2026-06-09 17:27:32,4334,1908,20.0
2026-06-09 17:27:34,4336,1909,33.5
2026-06-09 17:27:36,4338,1910,29.2
2026-06-09 17:27:38,4340,1911,32.0
2026-06-09 17:27:40,4342,1912,29.6
2026-06-09 17:27:42,4344,1913,30.1
2026-06-09 17:27:44,4346,1914,29.5
2026-06-09 17:27:46,4348,1915,42.9
2026-06-09 17:27:48,4350,1916,31.3
2026-06-09 17:27:50,4352,1917,44.6
2026-06-09 17:27:52,4354,1918,106
2026-06-09 17:27:54,4356,1919,291
2026-06-09 17:27:56,4358,1920,26.2
2026-06-09 17:27:58,4360,1921,29.0
2026-06-09 17:28:00,4362,1922,31.9
2026-06-09 17:28:02,4364,1923,30.5
2026-06-09 17:28:04,4366,1924,35.4
2026-06-09 17:28:06,4368,1925,27.9
2026-06-09 17:28:08,4370,1926,36.4
2026-06-09 17:28:10,4372,1927,29.4
2026-06-09 17:28:12,4374,1928,40.5
2026-06-09 17:28:14,4376,1929,40.4
2026-06-09 17:28:16,4378,1930,29.3
2026-06-09 17:28:18,4380,1931,57.9
2026-06-09 17:28:20,4382,1932,56.8
2026-06-09 17:28:22,4384,1933,47.5
2026-06-09 17:28:24,4386,1934,37.6
2026-06-09 17:28:26,4388,1935,35.2
2026-06-09 17:28:28,4390,1936,35.2
2026-06-09 17:28:30,4392,1937,53.1
2026-06-09 17:28:32,4394,1938,40.1
2026-06-09 17:28:34,4396,1939,26.6
2026-06-09 17:28:36,4398,1940,55.1
2026-06-09 17:28:38,4400,1941,40.1
2026-06-09 17:28:40,4402,1942,226
2026-06-09 17:28:42,4403,1943,27.1
2026-06-09 17:28:43,4405,1944,37.3
2026-06-09 17:28:45,4407,1945,50.4
2026-06-09 17:28:47,4409,1946,37.7
2026-06-09 17:28:49,4411,1947,37.5
2026-06-09 17:28:51,4413,1948,25.9
2026-06-09 17:28:53,4415,1949,30.8
2026-06-09 17:28:55,4417,1950,36.5
2026-06-09 17:28:57,4419,1951,35.5
2026-06-09 17:28:59,4421,1952,28.6
2026-06-09 17:29:01,4423,1953,35.0
2026-06-09 17:29:03,4425,1954,32.5
2026-06-09 17:29:05,4427,1955,43.0
2026-06-09 17:29:07,4429,1956,36.4
2026-06-09 17:29:09,4431,1957,25.9
2026-06-09 17:29:11,4433,1958,59.0
2026-06-09 17:29:13,4435,1959,29.4
2026-06-09 17:29:15,4437,1960,22.3
2026-06-09 17:29:17,4439,1961,29.5
2026-06-09 17:29:19,4441,1962,28.7
2026-06-09 17:29:21,4443,1963,31.5
2026-06-09 17:29:23,4445,1964,38.4
2026-06-09 17:29:25,4447,1965,31.2
2026-06-09 17:29:27,4449,1966,31.7
2026-06-09 17:29:29,4451,1967,44.9
2026-06-09 17:29:31,4453,1968,26.1
2026-06-09 17:29:33,4455,1969,138
2026-06-09 17:29:35,4457,1970,26.0
2026-06-09 17:29:37,4459,1971,38.8
2026-06-09 17:29:39,4461,1972,26.7
2026-06-09 17:29:41,4462,1973,36.2
2026-06-09 17:29:43,4465,1974,28.2
2026-06-09 17:29:45,4467,1975,28.8
2026-06-09 17:29:46,4468,1976,12.8
2026-06-09 17:29:49,4471,1977,37.5
2026-06-09 17:29:51,4473,1978,43.4
2026-06-09 17:29:53,4474,1979,43.4
2026-06-09 17:29:54,4476,1980,29.1
2026-06-09 17:29:57,4479,1981,30.1
2026-06-09 17:29:59,4481,1982,29.3
2026-06-09 17:30:00,4482,1983,33.1
2026-06-09 17:30:02,4484,1984,20.6
2026-06-09 17:30:04,4486,1985,30.6
2026-06-09 17:30:06,4488,1986,27.4
2026-06-09 17:30:09,4491,1987,24.0
2026-06-09 17:30:11,4493,1988,33.0
2026-06-09 17:30:13,4495,1989,21.1
2026-06-09 17:30:15,4497,1990,27.2
2026-06-09 17:30:17,4499,1991,107
2026-06-09 17:30:19,4501,1992,17.4
2026-06-09 17:30:21,4503,1993,19.2
2026-06-09 17:30:23,4505,1994,48.2
2026-06-09 17:30:25,4507,1995,32.9
2026-06-09 17:30:27,4509,1996,181
2026-06-09 17:30:29,4511,1997,29.8
2026-06-09 17:30:31,4513,1998,35.3
2026-06-09 17:30:33,4515,1999,49.6
2026-06-09 17:30:35,4517,2000,28.4
2026-06-09 17:30:37,4519,2001,32.5
2026-06-09 17:30:39,4521,2002,43.1
2026-06-09 17:30:41,4523,2003,35.3
2026-06-09 17:30:43,4525,2004,36.1
2026-06-09 17:30:45,4527,2005,32.1
2026-06-09 17:30:47,4529,2006,31.6
2026-06-09 17:30:49,4531,2007,20.4
2026-06-09 17:30:51,4533,2008,37.6
2026-06-09 17:30:53,4535,2009,16.4
2026-06-09 17:30:55,4537,2010,59.7
2026-06-09 17:30:57,4539,2011,32.3
2026-06-09 17:30:59,4541,2012,29.4
2026-06-09 17:31:01,4543,2013,30.4
2026-06-09 17:31:02,4544,2014,36.8
2026-06-09 17:31:04,4546,2015,39.1
2026-06-09 17:31:06,4548,2016,46.7
2026-06-09 17:31:08,4550,2017,36.8
2026-06-09 17:31:10,4552,2018,50.4
2026-06-09 17:31:12,4554,2019,31.4
2026-06-09 17:31:14,4556,2020,30.7
2026-06-09 17:31:16,4558,2021,24.4
2026-06-09 17:31:18,4560,2022,35.9
2026-06-09 17:31:20,4562,2023,38.4
2026-06-09 17:31:22,4564,2024,44.8
2026-06-09 17:31:24,4566,2025,41.8
2026-06-09 17:31:26,4568,2026,41.6
2026-06-09 17:31:28,4570,2027,50.9
2026-06-09 17:31:30,4572,2028,65.1
2026-06-09 17:31:32,4574,2029,37.0
2026-06-09 17:31:34,4576,2030,20.0
2026-06-09 17:31:36,4578,2031,35.6
2026-06-09 17:31:38,4580,2032,35.3
2026-06-09 17:31:40,4582,2033,22.7
2026-06-09 17:31:42,4584,2034,41.5
2026-06-09 17:31:44,4586,2035,38.4
2026-06-09 17:31:46,4588,2036,30.9
2026-06-09 17:31:48,4590,2037,30.2
2026-06-09 17:31:50,4592,2038,24.3
2026-06-09 17:31:52,4594,2039,33.5
2026-06-09 17:31:54,4596,2040,40.3
2026-06-09 17:31:56,4598,2041,27.2
2026-06-09 17:31:58,4600,2042,29.9
2026-06-09 17:32:00,4602,2043,35.0
2026-06-09 17:32:02,4604,2044,85.2
2026-06-09 17:32:04,4606,2045,36.8
2026-06-09 17:32:06,4608,2046,152
2026-06-09 17:32:08,4610,2047,93.3
2026-06-09 17:32:10,4612,2048,52.8
2026-06-09 17:32:12,4614,2049,227
2026-06-09 17:32:14,4616,2050,26.7
2026-06-09 17:32:17,4619,2051,37.3
2026-06-09 17:32:19,4621,2052,31.8
2026-06-09 17:32:21,4623,2053,203
2026-06-09 17:32:23,4625,2054,173
2026-06-09 17:32:25,4627,2055,183
2026-06-09 17:32:27,4629,2056,160
2026-06-09 17:32:30,4632,2057,231
2026-06-09 17:32:32,4634,2058,228
2026-06-09 17:32:34,4636,2059,261
2026-06-09 17:32:36,4638,2060,173
2026-06-09 17:32:38,4640,2061,187
2026-06-09 17:32:41,4643,2062,186
2026-06-09 17:32:43,4645,2063,278
2026-06-09 17:32:45,4647,2064,247
2026-06-09 17:32:47,4649,2065,14.7
2026-06-09 17:32:49,4651,2066,87.0
2026-06-09 17:32:52,4654,2067,41.7
2026-06-09 17:32:54,4656,2068,33.9
2026-06-09 17:32:57,4659,2069,37.5
2026-06-09 17:32:59,4661,2070,63.5
2026-06-09 17:33:02,4664,2071,25.2
2026-06-09 17:33:04,4666,2072,38.7
2026-06-09 17:33:07,4669,2073,86.8
2026-06-09 17:33:10,4672,2074,277
2026-06-09 17:33:12,4674,2075,35.9
2026-06-09 17:33:14,4676,2076,40.4
2026-06-09 17:33:17,4679,2077,40.3
2026-06-09 17:33:19,4681,2078,39.5
2026-06-09 17:33:22,4684,2079,37.7
2026-06-09 17:33:24,4686,2080,101
2026-06-09 17:33:27,4689,2081,500
2026-06-09 17:33:30,4692,2082,604
2026-06-09 17:33:32,4694,2083,30.5
2026-06-09 17:33:35,4697,2084,268
2026-06-09 17:33:37,4699,2085,13.0
2026-06-09 17:33:39,4701,2086,19.5
2026-06-09 17:33:41,4703,2087,22.7
2026-06-09 17:33:43,4705,2088,15.4
2026-06-09 17:33:45,4707,2089,21.2
2026-06-09 17:33:47,4709,2090,25.2
2026-06-09 17:33:49,4711,2091,25.2
2026-06-09 17:33:52,4714,2092,18.1
2026-06-09 17:33:54,4716,2093,51.1
2026-06-09 17:33:56,4718,2094,31.7
2026-06-09 17:33:58,4720,2095,39.1
2026-06-09 17:34:00,4722,2096,36.6
2026-06-09 17:34:02,4724,2097,33.3
2026-06-09 17:34:04,4726,2098,51.2
2026-06-09 17:34:06,4728,2099,64.9
2026-06-09 17:34:08,4730,2100,36.5
2026-06-09 17:34:10,4732,2101,27.7
2026-06-09 17:34:12,4734,2102,19.0
2026-06-09 17:34:14,4736,2103,47.1
2026-06-09 17:34:16,4738,2104,41.4
2026-06-09 17:34:18,4740,2105,46.2
2026-06-09 17:34:20,4742,2106,15.4
2026-06-09 17:34:22,4744,2107,42.6
2026-06-09 17:34:24,4746,2108,29.5
2026-06-09 17:34:26,4748,2109,44.5
2026-06-09 17:34:28,4750,2110,34.6
2026-06-09 17:34:30,4752,2111,36.8
2026-06-09 17:34:32,4754,2112,33.0
2026-06-09 17:34:34,4756,2113,18.2
2026-06-09 17:34:36,4758,2114,39.9
2026-06-09 17:34:38,4760,2115,55.6
2026-06-09 17:34:40,4762,2116,22.4
2026-06-09 17:34:42,4764,2117,46.6
2026-06-09 17:34:44,4766,2118,30.2
2026-06-09 17:34:46,4768,2119,45.9
2026-06-09 17:34:48,4770,2120,27.2
2026-06-09 17:34:50,4772,2121,16.2
2026-06-09 17:34:53,4775,2122,53.9
2026-06-09 17:34:55,4777,2123,24.3
2026-06-09 17:34:57,4779,2124,24.6
2026-06-09 17:34:59,4781,2125,18.3
2026-06-09 17:35:01,4783,2126,17.2
2026-06-09 17:35:03,4785,2127,9.99
2026-06-09 17:35:06,4788,2128,20.3
2026-06-09 17:35:08,4790,2129,15.7
2026-06-09 17:35:10,4792,2130,35.7
2026-06-09 17:35:12,4794,2131,19.2
2026-06-09 17:35:15,4797,2132,28.7
2026-06-09 17:35:17,4799,2133,54.0
2026-06-09 17:35:19,4801,2134,41.2
2026-06-09 17:35:21,4803,2135,32.3
2026-06-09 17:35:23,4805,2136,17.2
2026-06-09 17:35:25,4807,2137,47.2
2026-06-09 17:35:27,4809,2138,16.8
2026-06-09 17:35:29,4811,2139,36.5
2026-06-09 17:35:31,4813,2140,34.9
2026-06-09 17:35:33,4815,2141,35.6
2026-06-09 17:35:35,4817,2142,35.7
2026-06-09 17:35:37,4819,2143,31.1
2026-06-09 17:35:39,4821,2144,42.7
2026-06-09 17:35:41,4823,2145,37.2
2026-06-09 17:35:43,4825,2146,23.0
2026-06-09 17:35:45,4827,2147,21.4
2026-06-09 17:35:47,4829,2148,190
2026-06-09 17:35:49,4831,2149,26.7
2026-06-09 17:35:51,4833,2150,42.7
2026-06-09 17:35:53,4835,2151,26.2
2026-06-09 17:35:55,4837,2152,47.5
2026-06-09 17:35:57,4839,2153,20.3
2026-06-09 17:35:59,4841,2154,39.5
2026-06-09 17:36:01,4843,2155,38.3
2026-06-09 17:36:03,4845,2156,31.0
2026-06-09 17:36:05,4847,2157,30.7
2026-06-09 17:36:07,4849,2158,29.5
2026-06-09 17:36:09,4851,2159,37.4
2026-06-09 17:36:11,4853,2160,38.5
2026-06-09 17:36:13,4855,2161,24.1
2026-06-09 17:36:15,4857,2162,32.6
2026-06-09 17:36:17,4859,2163,28.5
2026-06-09 17:36:19,4861,2164,30.5
2026-06-09 17:36:21,4863,2165,47.8
2026-06-09 17:36:23,4865,2166,220
2026-06-09 17:36:25,4867,2167,38.4
2026-06-09 17:36:27,4869,2168,13.6
2026-06-09 17:36:29,4871,2169,22.5
2026-06-09 17:36:31,4873,2170,33.3
2026-06-09 17:36:33,4875,2171,158
2026-06-09 17:36:35,4877,2172,18.0
2026-06-09 17:36:37,4879,2173,13.8
2026-06-09 17:36:39,4881,2174,27.9
2026-06-09 17:36:41,4883,2175,21.5
2026-06-09 17:36:44,4886,2176,16.4
2026-06-09 17:36:46,4888,2177,15.8
2026-06-09 17:36:48,4890,2178,16.7
2026-06-09 17:36:50,4892,2179,19.7
2026-06-09 17:36:52,4894,2180,29.4
2026-06-09 17:36:54,4896,2181,16.8
2026-06-09 17:36:56,4898,2182,20.0
2026-06-09 17:36:58,4900,2183,27.8
2026-06-09 17:37:01,4903,2184,35.2
2026-06-09 17:37:03,4905,2185,17.6
2026-06-09 17:37:05,4907,2186,19.3
2026-06-09 17:37:07,4909,2187,46.1
2026-06-09 17:37:09,4911,2188,235
2026-06-09 17:37:11,4913,2189,37.0
2026-06-09 17:37:13,4915,2190,34.8
2026-06-09 17:37:15,4917,2191,20.7
2026-06-09 17:37:17,4919,2192,54.9
2026-06-09 17:37:19,4921,2193,38.4
2026-06-09 17:37:21,4923,2194,56.8
2026-06-09 17:37:23,4925,2195,36.5
2026-06-09 17:37:25,4927,2196,38.9
2026-06-09 17:37:27,4929,2197,35.2
2026-06-09 17:37:29,4931,2198,36.3
2026-06-09 17:37:31,4933,2199,22.9
2026-06-09 17:37:33,4935,2200,35.1
2026-06-09 17:37:35,4937,2201,202
2026-06-09 17:37:37,4939,2202,60.6
2026-06-09 17:37:39,4941,2203,29.9
2026-06-09 17:37:40,4942,2204,53.8
2026-06-09 17:37:42,4944,2205,45.2
2026-06-09 17:37:44,4946,2206,51.3
2026-06-09 17:37:46,4948,2207,45.2
2026-06-09 17:37:48,4950,2208,30.8
2026-06-09 17:37:50,4952,2209,32.6
2026-06-09 17:37:52,4954,2210,41.3
2026-06-09 17:37:54,4956,2211,33.0
2026-06-09 17:37:56,4958,2212,40.9
2026-06-09 17:37:58,4960,2213,62.6
2026-06-09 17:38:00,4962,2214,153
2026-06-09 17:38:02,4964,2215,71.0
2026-06-09 17:38:04,4966,2216,745
2026-06-09 17:38:07,4969,2217,78.3
2026-06-09 17:38:09,4971,2218,37.0
2026-06-09 17:38:11,4973,2219,30.7
2026-06-09 17:38:13,4975,2220,80.7
2026-06-09 17:38:15,4977,2221,551
2026-06-09 17:38:17,4979,2222,40.6
2026-06-09 17:38:19,4981,2223,50.3
2026-06-09 17:38:21,4983,2224,33.6
2026-06-09 17:38:23,4985,2225,73.2
2026-06-09 17:38:25,4987,2226,450
2026-06-09 17:38:27,4989,2227,76.9
2026-06-09 17:38:30,4992,2228,32.4
2026-06-09 17:38:32,4994,2229,91.1
2026-06-09 17:38:34,4996,2230,268
2026-06-09 17:38:36,4998,2231,159
2026-06-09 17:38:38,5000,2232,46.6
2026-06-09 17:38:40,5002,2233,37.4
2026-06-09 17:38:42,5004,2234,40.6
2026-06-09 17:38:44,5006,2235,44.0
2026-06-09 17:38:47,5008,2236,194
2026-06-09 17:38:49,5011,2237,176
2026-06-09 17:38:51,5013,2238,192
2026-06-09 17:38:53,5015,2239,196
2026-06-09 17:38:55,5017,2240,209
2026-06-09 17:38:57,5019,2241,221
2026-06-09 17:38:59,5021,2242,170
2026-06-09 17:39:01,5023,2243,224
2026-06-09 17:39:04,5026,2244,187
2026-06-09 17:39:06,5028,2245,141
2026-06-09 17:39:08,5030,2246,140
2026-06-09 17:39:10,5032,2247,156
2026-06-09 17:39:12,5034,2248,162
2026-06-09 17:39:14,5036,2249,155
2026-06-09 17:39:17,5039,2250,208
2026-06-09 17:39:19,5041,2251,34.5
2026-06-09 17:39:21,5043,2252,89.1
2026-06-09 17:39:23,5045,2253,457
2026-06-09 17:39:26,5048,2254,59.7
2026-06-09 17:39:28,5050,2255,41.9
2026-06-09 17:39:31,5053,2256,29.8
2026-06-09 17:39:34,5056,2257,77.3
2026-06-09 17:39:37,5059,2258,28.6
2026-06-09 17:39:39,5061,2259,360
2026-06-09 17:39:42,5064,2260,59.2
2026-06-09 17:39:45,5067,2261,66.6
2026-06-09 17:39:48,5070,2262,95.8
2026-06-09 17:39:51,5073,2263,29.3
2026-06-09 17:39:54,5076,2264,88.0
2026-06-09 17:39:56,5078,2265,85.1
2026-06-09 17:39:59,5081,2266,441
2026-06-09 17:40:02,5084,2267,353
2026-06-09 17:40:04,5086,2268,175
2026-06-09 17:40:07,5089,2269,42.5
2026-06-09 17:40:09,5091,2270,109
2026-06-09 17:40:11,5093,2271,187
2026-06-09 17:40:13,5095,2272,164
2026-06-09 17:40:15,5097,2273,38.2
2026-06-09 17:40:17,5099,2274,46.6
2026-06-09 17:40:20,5102,2275,35.9
2026-06-09 17:40:21,5103,2276,39.4
2026-06-09 17:40:23,5105,2277,27.1
2026-06-09 17:40:25,5107,2278,17.1
2026-06-09 17:40:28,5110,2279,21.9
2026-06-09 17:40:30,5112,2280,138
2026-06-09 17:40:32,5114,2281,274
2026-06-09 17:40:34,5116,2282,116
2026-06-09 17:40:36,5118,2283,49.3
2026-06-09 17:40:38,5120,2284,30.7
2026-06-09 17:40:41,5123,2285,26.0
2026-06-09 17:40:43,5125,2286,42.5
2026-06-09 17:40:45,5127,2287,40.6
2026-06-09 17:40:47,5129,2288,30.4
2026-06-09 17:40:49,5131,2289,38.3
2026-06-09 17:40:51,5133,2290,71.0
2026-06-09 17:40:53,5135,2291,38.2
2026-06-09 17:40:55,5137,2292,35.2
2026-06-09 17:40:57,5139,2293,49.6
2026-06-09 17:40:59,5141,2294,39.5
2026-06-09 17:41:01,5143,2295,22.4
2026-06-09 17:41:03,5145,2296,38.0
2026-06-09 17:41:06,5148,2297,30.6
2026-06-09 17:41:08,5150,2298,66.8
2026-06-09 17:41:10,5152,2299,34.8
2026-06-09 17:41:12,5154,2300,52.1
2026-06-09 17:41:14,5156,2301,35.9
2026-06-09 17:41:16,5158,2302,40.6
2026-06-09 17:41:18,5160,2303,35.0
2026-06-09 17:41:20,5162,2304,49.0
2026-06-09 17:41:22,5164,2305,30.4
2026-06-09 17:41:24,5166,2306,36.2
2026-06-09 17:41:26,5168,2307,42.4
2026-06-09 17:41:28,5170,2308,22.5
2026-06-09 17:41:30,5172,2309,42.2
2026-06-09 17:41:32,5174,2310,38.5
2026-06-09 17:41:34,5176,2311,44.6
2026-06-09 17:41:36,5178,2312,47.6
2026-06-09 17:41:38,5180,2313,38.6
2026-06-09 17:41:40,5182,2314,26.0
2026-06-09 17:41:42,5184,2315,66.7
2026-06-09 17:41:44,5186,2316,40.7
2026-06-09 17:41:46,5188,2317,36.6
2026-06-09 17:41:48,5190,2318,43.0
2026-06-09 17:41:50,5192,2319,53.0
2026-06-09 17:41:52,5194,2320,31.3
2026-06-09 17:41:54,5196,2321,21.9
2026-06-09 17:41:56,5198,2322,31.9
2026-06-09 17:41:58,5200,2323,49.2
2026-06-09 17:42:00,5202,2324,52.8
2026-06-09 17:42:02,5204,2325,35.1
2026-06-09 17:42:05,5207,2326,59.3
2026-06-09 17:42:07,5209,2327,29.4
2026-06-09 17:42:09,5211,2328,25.3
2026-06-09 17:42:11,5213,2329,193
2026-06-09 17:42:13,5215,2330,16.6
2026-06-09 17:42:15,5217,2331,40.1
2026-06-09 17:42:17,5219,2332,30.0
2026-06-09 17:42:19,5221,2333,31.3
2026-06-09 17:42:21,5223,2334,37.4
2026-06-09 17:42:23,5225,2335,31.2
2026-06-09 17:42:25,5227,2336,21.5
2026-06-09 17:42:27,5229,2337,28.4
2026-06-09 17:42:29,5231,2338,29.2
2026-06-09 17:42:31,5233,2339,48.0
2026-06-09 17:42:33,5235,2340,22.7
2026-06-09 17:42:35,5237,2341,41.9
2026-06-09 17:42:37,5239,2342,29.5
2026-06-09 17:42:39,5241,2343,30.4
2026-06-09 17:42:41,5243,2344,30.9
2026-06-09 17:42:43,5245,2345,43.3
2026-06-09 17:42:45,5247,2346,207
2026-06-09 17:42:47,5249,2347,36.0
2026-06-09 17:42:49,5251,2348,44.1
2026-06-09 17:42:51,5253,2349,46.1
2026-06-09 17:42:53,5255,2350,15.8
2026-06-09 17:42:55,5257,2351,30.2
2026-06-09 17:42:58,5260,2352,14.1
2026-06-09 17:43:00,5262,2353,42.9
2026-06-09 17:43:02,5264,2354,35.6
2026-06-09 17:43:04,5266,2355,33.7
2026-06-09 17:43:06,5268,2356,32.3
2026-06-09 17:43:08,5270,2357,62.2
2026-06-09 17:43:10,5272,2358,19.0
2026-06-09 17:43:12,5274,2359,42.6
2026-06-09 17:43:14,5276,2360,23.3
2026-06-09 17:43:16,5278,2361,23.0
2026-06-09 17:43:18,5280,2362,33.9
2026-06-09 17:43:20,5282,2363,40.0
2026-06-09 17:43:22,5284,2364,27.8
2026-06-09 17:43:24,5286,2365,31.2
2026-06-09 17:43:26,5288,2366,21.3
2026-06-09 17:43:28,5290,2367,52.8
2026-06-09 17:43:30,5292,2368,36.9
2026-06-09 17:43:32,5294,2369,20.0
2026-06-09 17:43:34,5296,2370,28.7
2026-06-09 17:43:36,5298,2371,20.1
2026-06-09 17:43:38,5300,2372,26.8
2026-06-09 17:43:40,5302,2373,26.0
2026-06-09 17:43:42,5304,2374,23.1
2026-06-09 17:43:44,5306,2375,30.6
2026-06-09 17:43:46,5308,2376,36.9
2026-06-09 17:43:48,5310,2377,30.2
2026-06-09 17:43:50,5312,2378,45.2
2026-06-09 17:43:52,5314,2379,84.1
2026-06-09 17:43:54,5316,2380,32.2
2026-06-09 17:43:56,5318,2381,47.8
2026-06-09 17:43:58,5320,2382,49.2
2026-06-09 17:44:00,5322,2383,40.6
2026-06-09 17:44:02,5324,2384,31.0
2026-06-09 17:44:04,5326,2385,54.8
2026-06-09 17:44:06,5328,2386,12.1
2026-06-09 17:44:08,5330,2387,22.9
2026-06-09 17:44:10,5332,2388,33.4
2026-06-09 17:44:12,5334,2389,33.7
2026-06-09 17:44:14,5336,2390,33.7
2026-06-09 17:44:16,5338,2391,14.8
2026-06-09 17:44:18,5340,2392,29.5
2026-06-09 17:44:20,5342,2393,34.7
2026-06-09 17:44:22,5344,2394,39.4
2026-06-09 17:44:24,5346,2395,34.9
2026-06-09 17:44:26,5348,2396,20.9
2026-06-09 17:44:28,5350,2397,34.3
2026-06-09 17:44:30,5352,2398,30.8
2026-06-09 17:44:32,5354,2399,19.0
2026-06-09 17:44:34,5356,2400,30.9
2026-06-09 17:44:36,5358,2401,33.0
2026-06-09 17:44:38,5360,2402,22.1
2026-06-09 17:44:40,5362,2403,46.7
2026-06-09 17:44:42,5364,2404,27.5
2026-06-09 17:44:44,5366,2405,13.3
2026-06-09 17:44:46,5368,2406,35.3
2026-06-09 17:44:48,5370,2407,31.8
2026-06-09 17:44:50,5372,2408,45.2
2026-06-09 17:44:52,5374,2409,14.7
2026-06-09 17:44:54,5376,2410,32.0
2026-06-09 17:44:56,5378,2411,31.5
2026-06-09 17:44:58,5380,2412,38.4
2026-06-09 17:45:00,5382,2413,42.5
2026-06-09 17:45:02,5384,2414,29.6
2026-06-09 17:45:04,5386,2415,96.5
2026-06-09 17:45:06,5388,2416,93.2
2026-06-09 17:45:08,5390,2417,21.8
2026-06-09 17:45:10,5392,2418,23.4
2026-06-09 17:45:12,5394,2419,42.8
2026-06-09 17:45:14,5396,2420,33.8
2026-06-09 17:45:16,5398,2421,19.0
2026-06-09 17:45:18,5400,2422,34.3
2026-06-09 17:45:20,5402,2423,27.5
2026-06-09 17:45:22,5404,2424,13.5
2026-06-09 17:45:24,5406,2425,25.1
2026-06-09 17:45:26,5408,2426,32.3
2026-06-09 17:45:28,5410,2427,35.9
2026-06-09 17:45:30,5412,2428,39.5
2026-06-09 17:45:32,5414,2429,25.7
2026-06-09 17:45:34,5416,2430,19.0
2026-06-09 17:45:36,5418,2431,18.1
2026-06-09 17:45:38,5420,2432,33.0
2026-06-09 17:45:40,5422,2433,46.5
2026-06-09 17:45:42,5424,2434,38.7
2026-06-09 17:45:44,5426,2435,12.9
2026-06-09 17:45:46,5428,2436,29.3
2026-06-09 17:45:48,5430,2437,24.0
2026-06-09 17:45:50,5432,2438,197
2026-06-09 17:45:52,5434,2439,11.8
2026-06-09 17:45:54,5436,2440,32.8
2026-06-09 17:45:56,5438,2441,30.3
2026-06-09 17:45:58,5440,2442,20.0
2026-06-09 17:46:00,5442,2443,20.7
2026-06-09 17:46:02,5444,2444,28.7
2026-06-09 17:46:04,5446,2445,19.2
2026-06-09 17:46:06,5448,2446,27.8
2026-06-09 17:46:08,5450,2447,20.3
2026-06-09 17:46:10,5452,2448,23.7
2026-06-09 17:46:12,5454,2449,20.2
2026-06-09 17:46:14,5456,2450,38.7
2026-06-09 17:46:16,5458,2451,323
2026-06-09 17:46:19,5461,2452,31.2
2026-06-09 17:46:21,5463,2453,114
2026-06-09 17:46:23,5465,2454,47.9
2026-06-09 17:46:25,5467,2455,584
2026-06-09 17:46:27,5469,2456,50.6
2026-06-09 17:46:29,5471,2457,35.4
2026-06-09 17:46:31,5473,2458,68.1
2026-06-09 17:46:34,5476,2459,41.0
2026-06-09 17:46:36,5478,2460,44.0
2026-06-09 17:46:38,5480,2461,213
2026-06-09 17:46:40,5482,2462,124
2026-06-09 17:46:42,5484,2463,243
2026-06-09 17:46:44,5486,2464,221
2026-06-09 17:46:46,5488,2465,238
2026-06-09 17:46:49,5491,2466,216
2026-06-09 17:46:51,5493,2467,228
2026-06-09 17:46:53,5495,2468,256
2026-06-09 17:46:55,5497,2469,178
2026-06-09 17:46:57,5499,2470,230
2026-06-09 17:46:59,5501,2471,212
2026-06-09 17:47:01,5503,2472,42.9
2026-06-09 17:47:04,5506,2473,43.0
2026-06-09 17:47:06,5508,2474,146
2026-06-09 17:47:09,5511,2475,45.2
2026-06-09 17:47:11,5513,2476,59.2
2026-06-09 17:47:14,5516,2477,37.9
2026-06-09 17:47:16,5518,2478,47.7
2026-06-09 17:47:19,5521,2479,37.1
2026-06-09 17:47:22,5524,2480,340
2026-06-09 17:47:24,5526,2481,342
2026-06-09 17:47:27,5529,2482,50.8
2026-06-09 17:47:29,5531,2483,36.5
2026-06-09 17:47:32,5534,2484,54.7
2026-06-09 17:47:34,5536,2485,35.8
2026-06-09 17:47:37,5539,2486,55.1
2026-06-09 17:47:39,5541,2487,113
2026-06-09 17:47:42,5544,2488,768
2026-06-09 17:47:45,5547,2489,341
2026-06-09 17:47:47,5549,2490,40.5
2026-06-09 17:47:50,5552,2491,213
2026-06-09 17:47:52,5554,2492,161
2026-06-09 17:47:54,5556,2493,175
2026-06-09 17:47:56,5558,2494,252
2026-06-09 17:47:58,5560,2495,192
2026-06-09 17:48:00,5562,2496,51.4
2026-06-09 17:48:02,5564,2497,43.1
2026-06-09 17:48:05,5567,2498,18.9
2026-06-09 17:48:07,5569,2499,53.6
2026-06-09 17:48:09,5571,2500,46.5
2026-06-09 17:48:11,5573,2501,399
2026-06-09 17:48:13,5575,2502,44.0
2026-06-09 17:48:15,5577,2503,22.1
2026-06-09 17:48:18,5580,2504,377
2026-06-09 17:48:20,5582,2505,50.2
2026-06-09 17:48:22,5584,2506,369
2026-06-09 17:48:24,5586,2507,30.1
2026-06-09 17:48:26,5588,2508,210
2026-06-09 17:48:29,5591,2509,33.3
2026-06-09 17:48:31,5593,2510,23.4
2026-06-09 17:48:33,5595,2511,209
2026-06-09 17:48:35,5597,2512,272
2026-06-09 17:48:37,5599,2513,169
2026-06-09 17:48:39,5601,2514,171
2026-06-09 17:48:41,5603,2515,158
2026-06-09 17:48:44,5606,2516,205
2026-06-09 17:48:46,5608,2517,199
2026-06-09 17:48:48,5610,2518,82.6
2026-06-09 17:48:50,5612,2519,121
2026-06-09 17:48:53,5615,2520,122
2026-06-09 17:48:55,5617,2521,248
2026-06-09 17:48:58,5620,2522,160
2026-06-09 17:49:00,5622,2523,203
2026-06-09 17:49:03,5625,2524,236
2026-06-09 17:49:05,5627,2525,13.4
2026-06-09 17:49:07,5629,2526,20.1
2026-06-09 17:49:10,5632,2527,80.1
2026-06-09 17:49:12,5634,2528,178
2026-06-09 17:49:15,5637,2529,31.8
2026-06-09 17:49:17,5639,2530,105
2026-06-09 17:49:20,5642,2531,47.1
2026-06-09 17:49:23,5645,2532,58.2
2026-06-09 17:49:25,5647,2533,67.8
2026-06-09 17:49:27,5649,2534,43.2
2026-06-09 17:49:30,5652,2535,43.0
2026-06-09 17:49:33,5655,2536,329
2026-06-09 17:49:35,5657,2537,56.2
2026-06-09 17:49:37,5660,2538,45.3
2026-06-09 17:49:40,5662,2539,67.6
2026-06-09 17:49:42,5664,2540,38.5
2026-06-09 17:49:45,5667,2541,55.3
2026-06-09 17:49:47,5669,2542,199
2026-06-09 17:49:50,5672,2543,433
2026-06-09 17:49:53,5675,2544,381
2026-06-09 17:49:55,5677,2545,29.5
2026-06-09 17:49:57,5679,2546,189
2026-06-09 17:50:00,5682,2547,194
2026-06-09 17:50:02,5684,2548,206
2026-06-09 17:50:04,5686,2549,184
2026-06-09 17:50:06,5688,2550,54.2
2026-06-09 17:50:08,5690,2551,415
2026-06-09 17:50:11,5693,2552,12.3
2026-06-09 17:50:13,5695,2553,189
2026-06-09 17:50:16,5698,2554,25.6
2026-06-09 17:50:18,5700,2555,26.8
2026-06-09 17:50:20,5702,2556,222
2026-06-09 17:50:22,5704,2557,121
2026-06-09 17:50:24,5706,2558,129
2026-06-09 17:50:26,5708,2559,178
2026-06-09 17:50:28,5710,2560,212
2026-06-09 17:50:31,5713,2561,160
2026-06-09 17:50:33,5715,2562,248
2026-06-09 17:50:35,5717,2563,363
2026-06-09 17:50:37,5719,2564,217
2026-06-09 17:50:39,5721,2565,196
2026-06-09 17:50:42,5724,2566,211
2026-06-09 17:50:44,5726,2567,176
2026-06-09 17:50:46,5728,2568,193
2026-06-09 17:50:48,5730,2569,122
2026-06-09 17:50:50,5732,2570,32.6
2026-06-09 17:50:53,5735,2571,95.3
2026-06-09 17:50:55,5737,2572,256
2026-06-09 17:50:58,5740,2573,41.6
2026-06-09 17:51:00,5742,2574,71.6
2026-06-09 17:51:03,5745,2575,46.2
2026-06-09 17:51:05,5747,2576,46.7
2026-06-09 17:51:08,5750,2577,70.9
2026-06-09 17:51:11,5753,2578,235
2026-06-09 17:51:14,5756,2579,52.4
2026-06-09 17:51:16,5758,2580,39.0
2026-06-09 17:51:19,5761,2581,71.6
2026-06-09 17:51:21,5763,2582,53.1
2026-06-09 17:51:24,5766,2583,37.7
2026-06-09 17:51:27,5769,2584,25.5
2026-06-09 17:51:29,5771,2585,71.3
2026-06-09 17:51:32,5774,2586,532
2026-06-09 17:51:34,5776,2587,291
2026-06-09 17:51:37,5779,2588,103
2026-06-09 17:51:40,5782,2589,30.8
2026-06-09 17:51:42,5784,2590,88.9
2026-06-09 17:51:44,5786,2591,76.7
2026-06-09 17:51:46,5788,2592,77.1
2026-06-09 17:51:49,5791,2593,402
2026-06-09 17:51:51,5793,2594,88.0
2026-06-09 17:51:54,5796,2595,165
2026-06-09 17:51:56,5798,2596,16.5
2026-06-09 17:51:58,5800,2597,12.2
2026-06-09 17:52:00,5802,2598,43.1
2026-06-09 17:52:03,5805,2599,70.9
2026-06-09 17:52:05,5807,2600,103
2026-06-09 17:52:08,5810,2601,88.9
2026-06-09 17:52:10,5812,2602,120
2026-06-09 17:52:12,5814,2603,91.7
2026-06-09 17:52:14,5816,2604,109
2026-06-09 17:52:17,5819,2605,114
2026-06-09 17:52:19,5821,2606,214
2026-06-09 17:52:21,5823,2607,227
2026-06-09 17:52:24,5826,2608,191
2026-06-09 17:52:26,5828,2609,330
2026-06-09 17:52:28,5830,2610,161
2026-06-09 17:52:30,5832,2611,162
2026-06-09 17:52:33,5835,2612,37.9
2026-06-09 17:52:35,5837,2613,NA
2026-06-09 17:52:37,5839,2614,62.1
2026-06-09 17:52:40,5842,2615,48.9
2026-06-09 17:52:42,5844,2616,67.9
2026-06-09 17:52:45,5847,2617,40.0
2026-06-09 17:52:47,5849,2618,34.2
2026-06-09 17:52:49,5851,2619,38.6
2026-06-09 17:52:52,5854,2620,185
2026-06-09 17:52:55,5857,2621,115
2026-06-09 17:52:57,5859,2622,71.6
2026-06-09 17:53:00,5862,2623,34.7
2026-06-09 17:53:02,5864,2624,77.3
2026-06-09 17:53:05,5867,2625,54.3
2026-06-09 17:53:07,5869,2626,25.2
2026-06-09 17:53:10,5872,2627,532
2026-06-09 17:53:13,5875,2628,419
2026-06-09 17:53:15,5877,2629,206
2026-06-09 17:53:17,5879,2630,317
2026-06-09 17:53:20,5882,2631,174
2026-06-09 17:53:22,5884,2632,48.4
2026-06-09 17:53:25,5887,2633,21.3
2026-06-09 17:53:27,5889,2634,16.7
2026-06-09 17:53:29,5891,2635,18.4
2026-06-09 17:53:31,5893,2636,27.1
2026-06-09 17:53:33,5895,2637,36.3
2026-06-09 17:53:35,5897,2638,32.7
2026-06-09 17:53:37,5899,2639,39.3
2026-06-09 17:53:39,5901,2640,22.9
2026-06-09 17:53:41,5903,2641,22.4
2026-06-09 17:53:43,5905,2642,24.2
2026-06-09 17:53:45,5907,2643,28.3
2026-06-09 17:53:47,5909,2644,36.2
2026-06-09 17:53:49,5911,2645,43.0
2026-06-09 17:53:51,5913,2646,34.5
2026-06-09 17:53:53,5915,2647,49.5
2026-06-09 17:53:55,5917,2648,31.1
2026-06-09 17:53:58,5919,2649,37.8
2026-06-09 17:54:00,5922,2650,31.0
2026-06-09 17:54:02,5924,2651,23.1
2026-06-09 17:54:04,5926,2652,28.5
2026-06-09 17:54:06,5928,2653,15.1
2026-06-09 17:54:08,5930,2654,16.6
2026-06-09 17:54:10,5932,2655,23.4
2026-06-09 17:54:12,5934,2656,38.5
2026-06-09 17:54:14,5936,2657,26.2
2026-06-09 17:54:16,5938,2658,25.0
2026-06-09 17:54:18,5940,2659,31.6
2026-06-09 17:54:20,5942,2660,20.7
2026-06-09 17:54:22,5944,2661,36.1
2026-06-09 17:54:24,5946,2662,41.8
2026-06-09 17:54:26,5948,2663,30.0
2026-06-09 17:54:28,5950,2664,23.2
2026-06-09 17:54:30,5952,2665,39.9
2026-06-09 17:54:32,5954,2666,34.0
2026-06-09 17:54:34,5956,2667,16.5
2026-06-09 17:54:36,5958,2668,15.9
2026-06-09 17:54:39,5961,2669,34.4
2026-06-09 17:54:41,5963,2670,18.1
2026-06-09 17:54:43,5965,2671,18.4
2026-06-09 17:54:45,5967,2672,18.6
2026-06-09 17:54:47,5969,2673,20.9
2026-06-09 17:54:49,5971,2674,39.2
2026-06-09 17:54:51,5973,2675,19.5
2026-06-09 17:54:53,5975,2676,20.0
2026-06-09 17:54:55,5977,2677,24.6
2026-06-09 17:54:57,5979,2678,14.7
2026-06-09 17:54:59,5981,2679,19.5
2026-06-09 17:55:01,5983,2680,16.9
2026-06-09 17:55:03,5985,2681,17.0
2026-06-09 17:55:05,5987,2682,29.3
2026-06-09 17:55:07,5989,2683,29.9
2026-06-09 17:55:09,5991,2684,34.6
2026-06-09 17:55:11,5993,2685,31.3
2026-06-09 17:55:13,5995,2686,14.2
2026-06-09 17:55:15,5997,2687,20.6
2026-06-09 17:55:17,5999,2688,15.5
2026-06-09 17:55:20,6002,2689,23.8
2026-06-09 17:55:22,6004,2690,39.3
2026-06-09 17:55:24,6006,2691,29.1
2026-06-09 17:55:26,6008,2692,21.0
2026-06-09 17:55:28,6010,2693,30.5
2026-06-09 17:55:30,6012,2694,32.0
2026-06-09 17:55:32,6014,2695,17.9
2026-06-09 17:55:34,6016,2696,45.2
2026-06-09 17:55:36,6018,2697,41.7
2026-06-09 17:55:38,6020,2698,48.9
2026-06-09 17:55:40,6022,2699,21.8
2026-06-09 17:55:42,6024,2700,29.9
2026-06-09 17:55:44,6026,2701,29.9
2026-06-09 17:55:46,6028,2702,31.8
2026-06-09 17:55:48,6030,2703,139
2026-06-09 17:55:50,6032,2704,34.8
2026-06-09 17:55:52,6034,2705,39.2
2026-06-09 17:55:54,6036,2706,37.0
2026-06-09 17:55:56,6038,2707,14.3
2026-06-09 17:55:58,6040,2708,39.0
2026-06-09 17:56:00,6042,2709,31.7
2026-06-09 17:56:02,6044,2710,19.0
2026-06-09 17:56:04,6046,2711,20.7
2026-06-09 17:56:06,6048,2712,29.8
2026-06-09 17:56:08,6050,2713,19.3
2026-06-09 17:56:10,6052,2714,28.1
2026-06-09 17:56:12,6054,2715,27.9
2026-06-09 17:56:15,6057,2716,34.0
2026-06-09 17:56:17,6059,2717,29.5
2026-06-09 17:56:19,6061,2718,25.0
2026-06-09 17:56:21,6063,2719,19.5
2026-06-09 17:56:23,6065,2720,16.6
2026-06-09 17:56:25,6067,2721,49.4
2026-06-09 17:56:27,6069,2722,29.5
2026-06-09 17:56:29,6071,2723,14.4
2026-06-09 17:56:31,6073,2724,14.6
2026-06-09 17:56:33,6075,2725,41.9
2026-06-09 17:56:35,6077,2726,30.4
2026-06-09 17:56:37,6079,2727,38.2
2026-06-09 17:56:39,6081,2728,43.2
2026-06-09 17:56:41,6083,2729,35.5
2026-06-09 17:56:43,6085,2730,16.4
2026-06-09 17:56:45,6087,2731,28.1
2026-06-09 17:56:47,6089,2732,21.4
2026-06-09 17:56:49,6091,2733,11.4
2026-06-09 17:56:51,6093,2734,17.2
2026-06-09 17:56:53,6095,2735,15.6
2026-06-09 17:56:55,6097,2736,26.3
2026-06-09 17:56:57,6099,2737,35.2
2026-06-09 17:57:00,6102,2738,23.3
2026-06-09 17:57:02,6104,2739,19.9
2026-06-09 17:57:04,6106,2740,29.6
2026-06-09 17:57:06,6108,2741,9.82
2026-06-09 17:57:08,6110,2742,29.3
2026-06-09 17:57:10,6112,2743,27.2
2026-06-09 17:57:12,6114,2744,43.4
2026-06-09 17:57:14,6116,2745,29.5
2026-06-09 17:57:16,6118,2746,26.8
2026-06-09 17:57:18,6120,2747,17.4
2026-06-09 17:57:20,6122,2748,37.2
2026-06-09 17:57:22,6124,2749,39.8
2026-06-09 17:57:24,6126,2750,28.2
2026-06-09 17:57:26,6128,2751,30.8
2026-06-09 17:57:28,6130,2752,23.0
2026-06-09 17:57:30,6132,2753,99.5
2026-06-09 17:57:33,6135,2754,33.8
2026-06-09 17:57:35,6137,2755,47.3
2026-06-09 17:57:37,6139,2756,47.4
2026-06-09 17:57:39,6141,2757,440
2026-06-09 17:57:42,6144,2758,23.4
2026-06-09 17:57:44,6146,2759,66.5
2026-06-09 17:57:46,6148,2760,37.7
2026-06-09 17:57:48,6150,2761,15.3
2026-06-09 17:57:50,6152,2762,242
2026-06-09 17:57:53,6154,2763,180
2026-06-09 17:57:55,6157,2764,184
2026-06-09 17:57:57,6159,2765,155
2026-06-09 17:57:59,6161,2766,197
2026-06-09 17:58:01,6163,2767,240
2026-06-09 17:58:03,6165,2768,185
2026-06-09 17:58:05,6167,2769,176
2026-06-09 17:58:08,6170,2770,166
2026-06-09 17:58:10,6172,2771,152
2026-06-09 17:58:12,6174,2772,186
2026-06-09 17:58:14,6176,2773,117
2026-06-09 17:58:16,6178,2774,150
2026-06-09 17:58:18,6180,2775,165
2026-06-09 17:58:21,6183,2776,44.7
2026-06-09 17:58:23,6185,2777,31.6
2026-06-09 17:58:25,6187,2778,50.8
2026-06-09 17:58:28,6190,2779,50.6
2026-06-09 17:58:30,6192,2780,44.2
2026-06-09 17:58:33,6195,2781,16.3
2026-06-09 17:58:35,6197,2782,20.2
2026-06-09 17:58:38,6200,2783,21.2
2026-06-09 17:58:41,6203,2784,63.7
2026-06-09 17:58:43,6205,2785,41.9
2026-06-09 17:58:46,6208,2786,63.8
2026-06-09 17:58:48,6210,2787,36.0
2026-06-09 17:58:51,6213,2788,38.8
2026-06-09 17:58:54,6216,2789,21.2
2026-06-09 17:58:56,6218,2790,54.8
2026-06-09 17:58:59,6221,2791,35.8
2026-06-09 17:59:01,6223,2792,164
2026-06-09 17:59:04,6226,2793,506
2026-06-09 17:59:07,6229,2794,38.3
2026-06-09 17:59:09,6231,2795,24.5
2026-06-09 17:59:11,6233,2796,240
2026-06-09 17:59:14,6236,2797,94.6
2026-06-09 17:59:16,6238,2798,86.8
2026-06-09 17:59:18,6240,2799,79.4
2026-06-09 17:59:20,6242,2800,435
2026-06-09 17:59:23,6245,2801,55.3
2026-06-09 17:59:25,6247,2802,24.2
2026-06-09 17:59:27,6249,2803,96.4
2026-06-09 17:59:30,6252,2804,21.1
2026-06-09 17:59:32,6254,2805,142
2026-06-09 17:59:34,6256,2806,112
2026-06-09 17:59:36,6258,2807,108
2026-06-09 17:59:38,6260,2808,221
2026-06-09 17:59:41,6263,2809,136
2026-06-09 17:59:43,6265,2810,206
2026-06-09 17:59:45,6267,2811,195
2026-06-09 17:59:48,6270,2812,207
2026-06-09 17:59:50,6272,2813,186
2026-06-09 17:59:52,6274,2814,223
2026-06-09 17:59:54,6276,2815,184
2026-06-09 17:59:56,6278,2816,152
2026-06-09 17:59:59,6281,2817,191
2026-06-09 18:00:01,6283,2818,50.6
2026-06-09 18:00:03,6285,2819,123
2026-06-09 18:00:06,6288,2820,38.4
2026-06-09 18:00:08,6290,2821,53.3
2026-06-09 18:00:11,6293,2822,32.4
2026-06-09 18:00:13,6295,2823,21.1
2026-06-09 18:00:16,6298,2824,60.6
2026-06-09 18:00:19,6301,2825,28.5
2026-06-09 18:00:22,6304,2826,111
2026-06-09 18:00:25,6307,2827,159
2026-06-09 18:00:27,6309,2828,31.1
2026-06-09 18:00:30,6312,2829,46.0
2026-06-09 18:00:33,6315,2830,51.6
2026-06-09 18:00:36,6318,2831,56.9
2026-06-09 18:00:39,6321,2832,94.6
2026-06-09 18:00:42,6324,2833,493
2026-06-09 18:00:44,6326,2834,310
2026-06-09 18:00:47,6329,2835,20.6
2026-06-09 18:00:50,6332,2836,89.7
2026-06-09 18:00:52,6334,2837,18.4
2026-06-09 18:00:55,6337,2838,18.2
2026-06-09 18:00:57,6339,2839,134
2026-06-09 18:00:59,6341,2840,19.8
2026-06-09 18:01:01,6343,2841,16.8
2026-06-09 18:01:03,6345,2842,26.7
2026-06-09 18:01:06,6348,2843,83.7
2026-06-09 18:01:08,6350,2844,21.2
2026-06-09 18:01:10,6352,2845,18.9
2026-06-09 18:01:12,6354,2846,20.5
2026-06-09 18:01:14,6356,2847,38.4
2026-06-09 18:01:16,6358,2848,14.9
2026-06-09 18:01:19,6361,2849,18.4
2026-06-09 18:01:21,6363,2850,20.2
2026-06-09 18:01:23,6365,2851,26.6
2026-06-09 18:01:25,6367,2852,18.7
2026-06-09 18:01:27,6369,2853,33.7
2026-06-09 18:01:29,6371,2854,48.6
2026-06-09 18:01:31,6373,2855,37.2
2026-06-09 18:01:34,6376,2856,50.6
2026-06-09 18:01:36,6378,2857,48.1
2026-06-09 18:01:37,6379,2858,45.8
2026-06-09 18:01:40,6382,2859,44.4
2026-06-09 18:01:42,6384,2860,66.2
2026-06-09 18:01:44,6386,2861,45.9
2026-06-09 18:01:46,6388,2862,16.7
2026-06-09 18:01:48,6390,2863,54.8
2026-06-09 18:01:50,6392,2864,63.7
2026-06-09 18:01:52,6394,2865,44.3
2026-06-09 18:01:54,6396,2866,32.1
2026-06-09 18:01:56,6398,2867,52.5
2026-06-09 18:01:58,6400,2868,35.9
2026-06-09 18:02:00,6402,2869,39.8
2026-06-09 18:02:02,6404,2870,44.9
2026-06-09 18:02:04,6406,2871,36.4
2026-06-09 18:02:05,6407,2872,35.6
2026-06-09 18:02:07,6409,2873,25.7
2026-06-09 18:02:10,6412,2874,46.3
2026-06-09 18:02:12,6414,2875,36.7
2026-06-09 18:02:13,6415,2876,16.0
2026-06-09 18:02:16,6418,2877,37.1
2026-06-09 18:02:17,6419,2878,18.0
2026-06-09 18:02:20,6422,2879,15.3
2026-06-09 18:02:22,6424,2880,36.1
2026-06-09 18:02:24,6426,2881,13.2
2026-06-09 18:02:26,6428,2882,15.2
2026-06-09 18:02:29,6431,2883,13.7
2026-06-09 18:02:31,6433,2884,21.5
2026-06-09 18:02:33,6435,2885,39.6
2026-06-09 18:02:35,6437,2886,26.0
2026-06-09 18:02:38,6440,2887,17.2
2026-06-09 18:02:40,6442,2888,18.5
2026-06-09 18:02:42,6444,2889,13.3
2026-06-09 18:02:45,6447,2890,20.7
2026-06-09 18:02:47,6449,2891,23.8
2026-06-09 18:02:49,6451,2892,11.6
2026-06-09 18:02:51,6453,2893,14.2
2026-06-09 18:02:54,6456,2894,19.5
2026-06-09 18:02:56,6458,2895,15.8
2026-06-09 18:02:58,6460,2896,26.9
2026-06-09 18:03:00,6462,2897,32.5
2026-06-09 18:03:02,6464,2898,51.5
2026-06-09 18:03:04,6466,2899,38.7
2026-06-09 18:03:06,6468,2900,25.1
2026-06-09 18:03:08,6470,2901,21.2
2026-06-09 18:03:10,6472,2902,32.5
2026-06-09 18:03:12,6474,2903,10.4
2026-06-09 18:03:15,6477,2904,32.3
2026-06-09 18:03:17,6479,2905,15.4
2026-06-09 18:03:18,6480,2906,30.5
2026-06-09 18:03:20,6482,2907,44.8
2026-06-09 18:03:22,6484,2908,36.4
2026-06-09 18:03:24,6486,2909,42.4
2026-06-09 18:03:26,6488,2910,42.1
2026-06-09 18:03:28,6490,2911,42.9
2026-06-09 18:03:30,6492,2912,46.9
2026-06-09 18:03:32,6494,2913,48.4
2026-06-09 18:03:34,6496,2914,14.1
2026-06-09 18:03:36,6498,2915,43.8
2026-06-09 18:03:38,6500,2916,28.8
2026-06-09 18:03:40,6502,2917,28.4
2026-06-09 18:03:42,6504,2918,40.1
2026-06-09 18:03:44,6506,2919,30.5
2026-06-09 18:03:46,6508,2920,41.5
2026-06-09 18:03:48,6510,2921,32.4
2026-06-09 18:03:50,6512,2922,44.2
2026-06-09 18:03:52,6514,2923,31.0
2026-06-09 18:03:54,6516,2924,30.3
2026-06-09 18:03:56,6518,2925,61.7
2026-06-09 18:03:58,6520,2926,50.7
2026-06-09 18:04:00,6522,2927,63.1
2026-06-09 18:04:02,6524,2928,27.8
2026-06-09 18:04:04,6526,2929,38.7
2026-06-09 18:04:06,6528,2930,37.7
2026-06-09 18:04:08,6530,2931,16.4
2026-06-09 18:04:10,6532,2932,37.2
2026-06-09 18:04:12,6534,2933,31.0
2026-06-09 18:04:14,6536,2934,30.0
2026-06-09 18:04:16,6538,2935,35.7
2026-06-09 18:04:18,6540,2936,28.0
2026-06-09 18:04:20,6542,2937,54.3
2026-06-09 18:04:22,6544,2938,27.3
2026-06-09 18:04:24,6546,2939,29.6
2026-06-09 18:04:26,6548,2940,32.1
2026-06-09 18:04:28,6550,2941,35.2
2026-06-09 18:04:30,6552,2942,20.8
2026-06-09 18:04:32,6554,2943,48.8
2026-06-09 18:04:34,6556,2944,37.3
2026-06-09 18:04:36,6558,2945,31.4
2026-06-09 18:04:38,6560,2946,46.8
2026-06-09 18:04:40,6562,2947,47.5
2026-06-09 18:04:42,6564,2948,107
2026-06-09 18:04:44,6566,2949,31.4
2026-06-09 18:04:46,6568,2950,26.9
2026-06-09 18:04:48,6570,2951,38.1
2026-06-09 18:04:50,6572,2952,33.5
2026-06-09 18:04:52,6574,2953,33.7
2026-06-09 18:04:54,6576,2954,13.0
2026-06-09 18:04:56,6578,2955,43.8
2026-06-09 18:04:58,6580,2956,26.2
2026-06-09 18:05:00,6582,2957,23.8
2026-06-09 18:05:02,6584,2958,19.5
2026-06-09 18:05:04,6586,2959,37.0
2026-06-09 18:05:06,6588,2960,30.6
2026-06-09 18:05:08,6590,2961,16.5
2026-06-09 18:05:10,6592,2962,32.2
2026-06-09 18:05:12,6594,2963,23.9
2026-06-09 18:05:14,6596,2964,16.3
2026-06-09 18:05:16,6598,2965,22.5
2026-06-09 18:05:18,6600,2966,37.0
2026-06-09 18:05:20,6602,2967,35.3
2026-06-09 18:05:22,6604,2968,25.0
2026-06-09 18:05:24,6606,2969,22.7
2026-06-09 18:05:26,6608,2970,32.1
2026-06-09 18:05:28,6610,2971,21.1
2026-06-09 18:05:31,6613,2972,38.1
2026-06-09 18:05:33,6615,2973,188
2026-06-09 18:05:35,6617,2974,31.8
2026-06-09 18:05:37,6619,2975,81.1
2026-06-09 18:05:39,6621,2976,159
2026-06-09 18:05:41,6623,2977,21.1
2026-06-09 18:05:43,6625,2978,29.2
2026-06-09 18:05:45,6627,2979,36.5
2026-06-09 18:05:47,6629,2980,40.6
2026-06-09 18:05:49,6631,2981,38.1
2026-06-09 18:05:51,6633,2982,24.7
2026-06-09 18:05:53,6635,2983,38.3
2026-06-09 18:05:55,6637,2984,43.7
2026-06-09 18:05:57,6639,2985,29.6
2026-06-09 18:05:59,6641,2986,45.7
2026-06-09 18:06:01,6643,2987,33.5
2026-06-09 18:06:03,6645,2988,20.8
2026-06-09 18:06:05,6647,2989,30.9
2026-06-09 18:06:07,6649,2990,33.4
2026-06-09 18:06:09,6651,2991,36.6
2026-06-09 18:06:11,6653,2992,31.7
2026-06-09 18:06:13,6655,2993,41.0
2026-06-09 18:06:15,6657,2994,34.2
2026-06-09 18:06:17,6659,2995,33.7
2026-06-09 18:06:19,6661,2996,23.4
2026-06-09 18:06:21,6663,2997,33.3
2026-06-09 18:06:23,6665,2998,44.1
2026-06-09 18:06:25,6667,2999,45.2
2026-06-09 18:06:27,6669,3000,29.3
2026-06-09 18:06:29,6671,3001,29.0
2026-06-09 18:06:31,6673,3002,30.3
2026-06-09 18:06:33,6675,3003,29.1
2026-06-09 18:06:35,6677,3004,39.9
2026-06-09 18:06:37,6679,3005,32.9
2026-06-09 18:06:39,6681,3006,19.1
2026-06-09 18:06:41,6683,3007,26.5
2026-06-09 18:06:43,6685,3008,43.4
2026-06-09 18:06:45,6687,3009,48.6
2026-06-09 18:06:47,6689,3010,29.1
2026-06-09 18:06:49,6691,3011,28.3
2026-06-09 18:06:51,6693,3012,212
2026-06-09 18:06:53,6695,3013,35.4
2026-06-09 18:06:55,6697,3014,13.9
2026-06-09 18:06:57,6699,3015,25.9
2026-06-09 18:06:59,6701,3016,29.7
2026-06-09 18:07:01,6703,3017,47.4
2026-06-09 18:07:03,6705,3018,42.1
2026-06-09 18:07:05,6707,3019,37.5
2026-06-09 18:07:07,6709,3020,14.8
2026-06-09 18:07:09,6711,3021,29.6
2026-06-09 18:07:11,6713,3022,41.6
2026-06-09 18:07:13,6715,3023,50.1
2026-06-09 18:07:15,6717,3024,46.1
2026-06-09 18:07:17,6719,3025,39.6
2026-06-09 18:07:19,6721,3026,47.0
2026-06-09 18:07:21,6723,3027,31.3
2026-06-09 18:07:22,6724,3028,29.5
2026-06-09 18:07:24,6726,3029,31.8
2026-06-09 18:07:26,6728,3030,221
2026-06-09 18:07:28,6730,3031,37.5
2026-06-09 18:07:30,6732,3032,39.9
2026-06-09 18:07:32,6734,3033,31.7
2026-06-09 18:07:34,6736,3034,30.5
2026-06-09 18:07:36,6738,3035,60.9
2026-06-09 18:07:38,6740,3036,29.5
2026-06-09 18:07:40,6742,3037,27.8
2026-06-09 18:07:42,6744,3038,23.4
2026-06-09 18:07:44,6746,3039,29.6
2026-06-09 18:07:46,6748,3040,44.8
2026-06-09 18:07:48,6750,3041,50.2
2026-06-09 18:07:50,6752,3042,18.7
2026-06-09 18:07:52,6754,3043,45.3
2026-06-09 18:07:54,6756,3044,28.2
2026-06-09 18:07:56,6758,3045,36.8
2026-06-09 18:07:58,6760,3046,18.7
2026-06-09 18:08:00,6762,3047,41.4
2026-06-09 18:08:02,6764,3048,65.8
2026-06-09 18:08:04,6766,3049,31.7
2026-06-09 18:08:06,6768,3050,38.9
2026-06-09 18:08:08,6770,3051,47.8
2026-06-09 18:08:10,6772,3052,34.3
2026-06-09 18:08:12,6774,3053,32.1
2026-06-09 18:08:14,6776,3054,52.2
2026-06-09 18:08:16,6778,3055,16.2
2026-06-09 18:08:18,6780,3056,23.0
2026-06-09 18:08:20,6782,3057,26.4
2026-06-09 18:08:22,6784,3058,31.1
2026-06-09 18:08:24,6786,3059,39.1
2026-06-09 18:08:26,6788,3060,62.1
2026-06-09 18:08:28,6790,3061,33.1
2026-06-09 18:08:30,6792,3062,35.8
2026-06-09 18:08:32,6794,3063,27.4
2026-06-09 18:08:34,6796,3064,48.2
2026-06-09 18:08:36,6798,3065,33.1
2026-06-09 18:08:38,6800,3066,48.2
2026-06-09 18:08:40,6802,3067,39.5
2026-06-09 18:08:42,6804,3068,32.1
2026-06-09 18:08:44,6806,3069,27.9
2026-06-09 18:08:46,6808,3070,38.3
2026-06-09 18:08:48,6810,3071,44.9
2026-06-09 18:08:50,6812,3072,29.7
2026-06-09 18:08:52,6814,3073,31.3
2026-06-09 18:08:54,6816,3074,45.8
2026-06-09 18:08:56,6818,3075,37.0
2026-06-09 18:08:58,6820,3076,68.6
2026-06-09 18:09:00,6822,3077,34.5
2026-06-09 18:09:02,6824,3078,32.9
2026-06-09 18:09:04,6826,3079,38.2
2026-06-09 18:09:06,6828,3080,59.6
2026-06-09 18:09:08,6830,3081,36.3
2026-06-09 18:09:10,6832,3082,36.2
2026-06-09 18:09:12,6834,3083,35.0
2026-06-09 18:09:14,6836,3084,28.2
2026-06-09 18:09:16,6838,3085,22.5
2026-06-09 18:09:18,6840,3086,36.8
2026-06-09 18:09:20,6842,3087,61.1
2026-06-09 18:09:22,6844,3088,41.7
2026-06-09 18:09:24,6846,3089,21.8
2026-06-09 18:09:26,6848,3090,33.8
2026-06-09 18:09:28,6850,3091,35.1
2026-06-09 18:09:30,6852,3092,49.4
2026-06-09 18:09:32,6854,3093,39.9
2026-06-09 18:09:34,6856,3094,31.5
2026-06-09 18:09:36,6858,3095,30.0
2026-06-09 18:09:38,6860,3096,19.4
2026-06-09 18:09:40,6862,3097,24.7
2026-06-09 18:09:42,6864,3098,39.9
2026-06-09 18:09:44,6866,3099,11.9
2026-06-09 18:09:46,6868,3100,45.7
2026-06-09 18:09:48,6870,3101,41.3
2026-06-09 18:09:50,6872,3102,37.7
2026-06-09 18:09:52,6874,3103,34.1
2026-06-09 18:09:54,6876,3104,34.9
2026-06-09 18:09:56,6878,3105,40.2
2026-06-09 18:09:58,6880,3106,38.4
2026-06-09 18:10:00,6882,3107,36.4
2026-06-09 18:10:02,6884,3108,44.1
2026-06-09 18:10:04,6886,3109,38.1
2026-06-09 18:10:06,6888,3110,42.8
2026-06-09 18:10:08,6890,3111,42.0
2026-06-09 18:10:10,6892,3112,49.6
2026-06-09 18:10:12,6894,3113,973
2026-06-09 18:10:14,6896,3114,54.2
2026-06-09 18:10:16,6898,3115,54.8
2026-06-09 18:10:19,6901,3116,150
2026-06-09 18:10:21,6903,3117,281
2026-06-09 18:10:23,6905,3118,34.0
2026-06-09 18:10:25,6907,3119,53.8
2026-06-09 18:10:27,6909,3120,48.8
2026-06-09 18:10:29,6911,3121,43.9
2026-06-09 18:10:31,6913,3122,206
2026-06-09 18:10:33,6915,3123,206
2026-06-09 18:10:36,6918,3124,191
2026-06-09 18:10:38,6920,3125,234
2026-06-09 18:10:40,6922,3126,228
2026-06-09 18:10:42,6924,3127,228
2026-06-09 18:10:44,6926,3128,275
2026-06-09 18:10:46,6928,3129,234
2026-06-09 18:10:48,6930,3130,260
2026-06-09 18:10:50,6932,3131,269
2026-06-09 18:10:52,6934,3132,242
2026-06-09 18:10:54,6936,3133,243
2026-06-09 18:10:56,6938,3134,62.4
2026-06-09 18:10:58,6940,3135,72.5
2026-06-09 18:11:01,6943,3136,246
2026-06-09 18:11:04,6946,3137,32.4
2026-06-09 18:11:06,6948,3138,47.1
2026-06-09 18:11:09,6951,3139,60.1
2026-06-09 18:11:12,6954,3140,36.5
2026-06-09 18:11:14,6956,3141,77.0
2026-06-09 18:11:17,6959,3142,170
2026-06-09 18:11:20,6962,3143,60.9
2026-06-09 18:11:22,6964,3144,74.1
2026-06-09 18:11:25,6967,3145,43.9
2026-06-09 18:11:27,6969,3146,27.8
2026-06-09 18:11:30,6972,3147,67.2
2026-06-09 18:11:32,6974,3148,354
2026-06-09 18:11:35,6977,3149,459
2026-06-09 18:11:38,6980,3150,230
2026-06-09 18:11:40,6982,3151,37.7
2026-06-09 18:11:42,6984,3152,55.4
2026-06-09 18:11:45,6987,3153,33.9
2026-06-09 18:11:47,6989,3154,252
2026-06-09 18:11:49,6991,3155,146
2026-06-09 18:11:51,6993,3156,43.1
2026-06-09 18:11:53,6995,3157,16.0
2026-06-09 18:11:56,6998,3158,29.9
2026-06-09 18:11:58,7000,3159,319
2026-06-09 18:12:01,7003,3160,29.6
2026-06-09 18:12:03,7005,3161,41.9
2026-06-09 18:12:05,7007,3162,216
2026-06-09 18:12:07,7009,3163,211
2026-06-09 18:12:09,7011,3164,200
2026-06-09 18:12:11,7013,3165,197
2026-06-09 18:12:13,7015,3166,212
2026-06-09 18:12:15,7017,3167,161
2026-06-09 18:12:17,7019,3168,244
2026-06-09 18:12:19,7021,3169,78.2
2026-06-09 18:12:22,7024,3170,206
2026-06-09 18:12:24,7026,3171,219
2026-06-09 18:12:26,7028,3172,230
2026-06-09 18:12:29,7031,3173,241
2026-06-09 18:12:31,7033,3174,33.7
2026-06-09 18:12:33,7035,3175,NA
2026-06-09 18:12:36,7038,3176,57.7
2026-06-09 18:12:38,7040,3177,38.5
2026-06-09 18:12:40,7042,3178,57.6
2026-06-09 18:12:43,7045,3179,74.0
2026-06-09 18:12:45,7047,3180,50.7
2026-06-09 18:12:48,7050,3181,33.7
2026-06-09 18:12:51,7053,3182,223
2026-06-09 18:12:54,7056,3183,67.9
2026-06-09 18:12:56,7058,3184,21.5
2026-06-09 18:12:58,7060,3185,114
2026-06-09 18:13:01,7063,3186,21.4
2026-06-09 18:13:04,7066,3187,30.4
2026-06-09 18:13:06,7068,3188,60.2
2026-06-09 18:13:09,7071,3189,188
2026-06-09 18:13:11,7073,3190,68.0
2026-06-09 18:13:14,7076,3191,438
2026-06-09 18:13:17,7079,3192,413
2026-06-09 18:13:19,7081,3193,82.0
2026-06-09 18:13:22,7084,3194,42.2
2026-06-09 18:13:24,7086,3195,67.8
2026-06-09 18:13:27,7089,3196,264
2026-06-09 18:13:29,7091,3197,12.3
2026-06-09 18:13:31,7093,3198,20.8
2026-06-09 18:13:34,7096,3199,14.9
2026-06-09 18:13:36,7098,3200,20.8
2026-06-09 18:13:38,7100,3201,24.6
2026-06-09 18:13:41,7103,3202,45.5
2026-06-09 18:13:43,7105,3203,22.8
2026-06-09 18:13:45,7107,3204,32.0
2026-06-09 18:13:47,7109,3205,27.1
2026-06-09 18:13:49,7111,3206,39.8
2026-06-09 18:13:51,7113,3207,19.8
2026-06-09 18:13:53,7115,3208,42.5
2026-06-09 18:13:55,7117,3209,41.3
2026-06-09 18:13:58,7120,3210,27.4
2026-06-09 18:14:00,7122,3211,42.8
2026-06-09 18:14:02,7124,3212,39.2
2026-06-09 18:14:04,7126,3213,31.4
2026-06-09 18:14:06,7128,3214,29.3
2026-06-09 18:14:08,7130,3215,50.7
2026-06-09 18:14:10,7132,3216,26.3
2026-06-09 18:14:12,7134,3217,41.5
2026-06-09 18:14:14,7136,3218,27.7
2026-06-09 18:14:16,7138,3219,28.9
2026-06-09 18:14:18,7140,3220,42.0
2026-06-09 18:14:20,7142,3221,23.1
2026-06-09 18:14:22,7144,3222,30.5
2026-06-09 18:14:24,7146,3223,32.4
2026-06-09 18:14:26,7148,3224,21.6
2026-06-09 18:14:28,7150,3225,35.1
2026-06-09 18:14:30,7152,3226,36.6
2026-06-09 18:14:32,7154,3227,21.9
2026-06-09 18:14:34,7156,3228,57.0
2026-06-09 18:14:36,7158,3229,54.6
2026-06-09 18:14:39,7161,3230,18.0
2026-06-09 18:14:41,7163,3231,37.0
2026-06-09 18:14:43,7165,3232,38.9
2026-06-09 18:14:45,7167,3233,38.5
2026-06-09 18:14:47,7169,3234,32.5
2026-06-09 18:14:49,7171,3235,36.5
2026-06-09 18:14:51,7173,3236,26.6
2026-06-09 18:14:53,7175,3237,72.4
2026-06-09 18:14:55,7177,3238,67.5
2026-06-09 18:14:57,7179,3239,166
2026-06-09 18:14:59,7181,3240,46.8
2026-06-09 18:15:01,7183,3241,15.4
2026-06-09 18:15:03,7185,3242,107
2026-06-09 18:15:05,7187,3243,26.4
2026-06-09 18:15:07,7189,3244,66.7
2026-06-09 18:15:10,7192,3245,30.4
2026-06-09 18:15:12,7194,3246,30.2
2026-06-09 18:15:14,7196,3247,45.8
2026-06-09 18:15:16,7198,3248,68.4
2026-06-09 18:15:18,7200,3249,711
2026-06-09 18:15:20,7202,3250,181
2026-06-09 18:15:22,7204,3251,33.6
2026-06-09 18:15:24,7206,3252,40.1
2026-06-09 18:15:27,7209,3253,150
2026-06-09 18:15:29,7211,3254,48.1
2026-06-09 18:15:31,7213,3255,22.5
2026-06-09 18:15:33,7215,3256,27.0
2026-06-09 18:15:35,7217,3257,43.8
2026-06-09 18:15:37,7219,3258,22.6
2026-06-09 18:15:39,7221,3259,40.1
2026-06-09 18:15:41,7223,3260,167
2026-06-09 18:15:43,7225,3261,32.7
2026-06-09 18:15:45,7227,3262,58.8
2026-06-09 18:15:47,7229,3263,17.8
2026-06-09 18:15:50,7232,3264,47.0
2026-06-09 18:15:52,7234,3265,14.5
2026-06-09 18:15:54,7236,3266,46.3
2026-06-09 18:15:56,7238,3267,16.9
2026-06-09 18:15:58,7240,3268,21.1
2026-06-09 18:16:00,7242,3269,33.9
2026-06-09 18:16:02,7244,3270,15.5
2026-06-09 18:16:04,7246,3271,15.5
2026-06-09 18:16:06,7248,3272,44.2
2026-06-09 18:16:08,7250,3273,13.5
2026-06-09 18:16:10,7252,3274,45.9
2026-06-09 18:16:12,7254,3275,19.7
2026-06-09 18:16:15,7257,3276,16.8
2026-06-09 18:16:17,7259,3277,43.6
2026-06-09 18:16:19,7261,3278,22.7
2026-06-09 18:16:21,7263,3279,44.1
2026-06-09 18:16:23,7265,3280,40.2
2026-06-09 18:16:25,7267,3281,30.7
2026-06-09 18:16:27,7269,3282,31.7
2026-06-09 18:16:29,7271,3283,35.4
2026-06-09 18:16:31,7273,3284,41.4
2026-06-09 18:16:33,7275,3285,49.4
2026-06-09 18:16:35,7277,3286,15.9
2026-06-09 18:16:37,7279,3287,47.4
2026-06-09 18:16:39,7281,3288,14.8
2026-06-09 18:16:41,7283,3289,26.4
2026-06-09 18:16:43,7285,3290,44.3
2026-06-09 18:16:45,7287,3291,36.0
2026-06-09 18:16:47,7289,3292,34.5
2026-06-09 18:16:49,7291,3293,36.8
2026-06-09 18:16:51,7293,3294,22.0
2026-06-09 18:16:53,7295,3295,106
2026-06-09 18:16:55,7297,3296,25.4
2026-06-09 18:16:57,7299,3297,31.6
2026-06-09 18:16:59,7301,3298,50.5
2026-06-09 18:17:01,7303,3299,37.2
2026-06-09 18:17:03,7305,3300,24.3
2026-06-09 18:17:05,7307,3301,41.5
2026-06-09 18:17:07,7309,3302,45.9
2026-06-09 18:17:09,7311,3303,35.4
2026-06-09 18:17:11,7313,3304,39.3
2026-06-09 18:17:13,7315,3305,17.5
2026-06-09 18:17:15,7317,3306,25.5
2026-06-09 18:17:17,7319,3307,57.6
2026-06-09 18:17:19,7321,3308,56.9
2026-06-09 18:17:21,7323,3309,14.3
2026-06-09 18:17:23,7325,3310,39.3
2026-06-09 18:17:25,7327,3311,25.8
2026-06-09 18:17:27,7329,3312,49.6
2026-06-09 18:17:29,7331,3313,36.6
2026-06-09 18:17:31,7333,3314,58.5
2026-06-09 18:17:33,7335,3315,28.9
2026-06-09 18:17:35,7337,3316,20.9
2026-06-09 18:17:37,7339,3317,39.6
2026-06-09 18:17:39,7341,3318,20.7
2026-06-09 18:17:42,7344,3319,49.1
2026-06-09 18:17:43,7345,3320,49.1
2026-06-09 18:17:45,7347,3321,33.7
2026-06-09 18:17:47,7349,3322,36.0
2026-06-09 18:17:49,7351,3323,39.4
2026-06-09 18:17:51,7353,3324,33.6
2026-06-09 18:17:53,7355,3325,26.7
2026-06-09 18:17:55,7357,3326,36.1
2026-06-09 18:17:57,7359,3327,33.9
2026-06-09 18:17:59,7361,3328,25.8
2026-06-09 18:18:01,7363,3329,33.5
2026-06-09 18:18:03,7365,3330,60.6
2026-06-09 18:18:05,7367,3331,23.9
2026-06-09 18:18:07,7369,3332,29.2
2026-06-09 18:18:09,7371,3333,47.5
2026-06-09 18:18:11,7373,3334,33.8
2026-06-09 18:18:13,7375,3335,31.4
2026-06-09 18:18:15,7377,3336,48.1
2026-06-09 18:18:17,7379,3337,27.9
2026-06-09 18:18:19,7381,3338,37.2
2026-06-09 18:18:21,7383,3339,27.4
2026-06-09 18:18:23,7385,3340,22.0
2026-06-09 18:18:25,7387,3341,175
2026-06-09 18:18:27,7389,3342,18.6
2026-06-09 18:18:29,7391,3343,28.8
2026-06-09 18:18:31,7393,3344,26.4
2026-06-09 18:18:34,7396,3345,36.9
2026-06-09 18:18:36,7398,3346,112
2026-06-09 18:18:38,7400,3347,32.7
2026-06-09 18:18:40,7402,3348,36.4
2026-06-09 18:18:42,7404,3349,24.7
2026-06-09 18:18:44,7406,3350,35.6
2026-06-09 18:18:46,7408,3351,36.6
2026-06-09 18:18:48,7410,3352,28.2
2026-06-09 18:18:50,7412,3353,28.0
2026-06-09 18:18:52,7414,3354,30.1
2026-06-09 18:18:54,7416,3355,46.4
2026-06-09 18:18:56,7418,3356,30.2
2026-06-09 18:18:58,7420,3357,27.7
2026-06-09 18:19:00,7422,3358,14.8
2026-06-09 18:19:02,7424,3359,37.7
2026-06-09 18:19:04,7426,3360,20.4
2026-06-09 18:19:06,7428,3361,28.9
2026-06-09 18:19:08,7430,3362,42.3
2026-06-09 18:19:10,7432,3363,26.9
2026-06-09 18:19:12,7434,3364,26.6
2026-06-09 18:19:14,7436,3365,33.4
2026-06-09 18:19:16,7438,3366,51.5
2026-06-09 18:19:18,7440,3367,49.7
2026-06-09 18:19:20,7442,3368,30.5
2026-06-09 18:19:22,7444,3369,205
2026-06-09 18:19:24,7446,3370,42.6
2026-06-09 18:19:26,7448,3371,37.1
2026-06-09 18:19:28,7450,3372,44.8
2026-06-09 18:19:30,7452,3373,593
2026-06-09 18:19:32,7454,3374,133
2026-06-09 18:19:34,7456,3375,173
2026-06-09 18:19:37,7459,3376,28.6
2026-06-09 18:19:39,7461,3377,156
2026-06-09 18:19:41,7463,3378,130
2026-06-09 18:19:44,7466,3379,115
2026-06-09 18:19:46,7468,3380,178
2026-06-09 18:19:50,7472,3381,170
2026-06-09 18:19:53,7475,3382,45.5
2026-06-09 18:19:56,7478,3383,43.1
2026-06-09 18:19:59,7481,3384,46.1
2026-06-09 18:20:02,7484,3385,45.8
2026-06-09 18:20:05,7487,3386,38.6
2026-06-09 18:20:08,7490,3387,15.0
2026-06-09 18:20:10,7492,3388,114
2026-06-09 18:20:13,7495,3389,111
2026-06-09 18:20:16,7498,3390,222
2026-06-09 18:20:19,7501,3391,233
2026-06-09 18:20:22,7504,3392,28.3
2026-06-09 18:20:25,7507,3393,18.3
2026-06-09 18:20:28,7510,3394,157
2026-06-09 18:20:31,7513,3395,59.7
2026-06-09 18:20:34,7516,3396,101
2026-06-09 18:20:37,7519,3397,195
2026-06-09 18:20:40,7522,3398,190
2026-06-09 18:20:43,7525,3399,48.5
2026-06-09 18:20:45,7527,3400,44.7
2026-06-09 18:20:48,7530,3401,137
2026-06-09 18:20:50,7532,3402,159
2026-06-09 18:20:53,7535,3403,33.4
2026-06-09 18:20:56,7538,3404,126
2026-06-09 18:20:59,7541,3405,222
2026-06-09 18:21:01,7543,3406,26.9
2026-06-09 18:21:04,7546,3407,93.9
2026-06-09 18:21:06,7548,3408,123
2026-06-09 18:21:09,7551,3409,174
2026-06-09 18:21:12,7554,3410,152
2026-06-09 18:21:15,7557,3411,140
2026-06-09 18:21:18,7560,3412,56.4
2026-06-09 18:21:21,7563,3413,27.0
2026-06-09 18:21:24,7566,3414,36.1
2026-06-09 18:21:27,7569,3415,204
2026-06-09 18:21:29,7571,3416,49.8
2026-06-09 18:21:32,7574,3417,33.1
2026-06-09 18:21:35,7577,3418,41.1
2026-06-09 18:21:38,7580,3419,46.2
2026-06-09 18:21:41,7583,3420,16.1
2026-06-09 18:21:44,7586,3421,296
2026-06-09 18:21:47,7589,3422,43.7
2026-06-09 18:21:50,7592,3423,164
2026-06-09 18:21:52,7594,3424,163
2026-06-09 18:21:55,7597,3425,53.0
2026-06-09 18:21:58,7600,3426,76.9
2026-06-09 18:22:00,7602,3427,40.3
2026-06-09 18:22:03,7605,3428,177
2026-06-09 18:22:06,7608,3429,32.5
2026-06-09 18:22:09,7611,3430,49.5
2026-06-09 18:22:11,7613,3431,57.2
2026-06-09 18:22:14,7616,3432,52.3
2026-06-09 18:22:17,7619,3433,187
2026-06-09 18:22:20,7622,3434,239
2026-06-09 18:22:23,7625,3435,40.0
2026-06-09 18:22:25,7627,3436,46.9
2026-06-09 18:22:28,7630,3437,39.4
2026-06-09 18:22:31,7633,3438,15.7
2026-06-09 18:22:33,7635,3439,246
2026-06-09 18:22:36,7638,3440,166
2026-06-09 18:22:39,7641,3441,180
2026-06-09 18:22:42,7644,3442,19.3
2026-06-09 18:22:44,7646,3443,88.0
2026-06-09 18:22:47,7649,3444,29.1
2026-06-09 18:22:50,7652,3445,184
2026-06-09 18:22:53,7655,3446,192
2026-06-09 18:22:55,7657,3447,91.7
2026-06-09 18:22:58,7660,3448,103
2026-06-09 18:23:01,7663,3449,242
2026-06-09 18:23:04,7666,3450,68.3
2026-06-09 18:23:06,7668,3451,36.2
2026-06-09 18:23:09,7671,3452,120
2026-06-09 18:23:12,7674,3453,155
2026-06-09 18:23:15,7677,3454,78.7
2026-06-09 18:23:17,7679,3455,42.9
2026-06-09 18:23:20,7682,3456,109
2026-06-09 18:23:23,7685,3457,217
2026-06-09 18:23:25,7687,3458,18.3
2026-06-09 18:23:28,7690,3459,181
2026-06-09 18:23:31,7693,3460,65.7
2026-06-09 18:23:34,7696,3461,48.0
2026-06-09 18:23:36,7698,3462,54.4
2026-06-09 18:23:39,7701,3463,178
2026-06-09 18:23:42,7704,3464,128
2026-06-09 18:23:45,7707,3465,240
2026-06-09 18:23:48,7710,3466,99.2
2026-06-09 18:23:51,7713,3467,70.5
2026-06-09 18:23:54,7716,3468,187
2026-06-09 18:23:57,7719,3469,62.3
2026-06-09 18:23:59,7721,3470,149
2026-06-09 18:24:02,7724,3471,34.9
2026-06-09 18:24:05,7727,3472,320
2026-06-09 18:24:08,7730,3473,168
2026-06-09 18:24:11,7733,3474,92.4
2026-06-09 18:24:13,7735,3475,32.9
2026-06-09 18:24:16,7738,3476,36.2
2026-06-09 18:24:19,7741,3477,40.9
2026-06-09 18:24:21,7743,3478,29.6
2026-06-09 18:24:24,7746,3479,104
2026-06-09 18:24:27,7749,3480,33.6
2026-06-09 18:24:29,7751,3481,90.5
2026-06-09 18:24:32,7754,3482,243
2026-06-09 18:24:35,7757,3483,151
2026-06-09 18:24:37,7759,3484,189
2026-06-09 18:24:40,7762,3485,57.9
2026-06-09 18:24:43,7765,3486,317
2026-06-09 18:24:46,7768,3487,181
2026-06-09 18:24:48,7770,3488,98.1
2026-06-09 18:24:51,7773,3489,41.5
2026-06-09 18:24:54,7776,3490,131
2026-06-09 18:24:57,7779,3491,260
2026-06-09 18:25:00,7782,3492,151
2026-06-09 18:25:02,7784,3493,55.4
2026-06-09 18:25:05,7787,3494,33.0
2026-06-09 18:25:08,7790,3495,41.2
2026-06-09 18:25:10,7792,3496,187
2026-06-09 18:25:13,7795,3497,208
2026-06-09 18:25:16,7798,3498,52.6
2026-06-09 18:25:19,7801,3499,125
2026-06-09 18:25:22,7804,3500,38.1
2026-06-09 18:25:24,7806,3501,104
2026-06-09 18:25:27,7809,3502,130
2026-06-09 18:25:30,7812,3503,63.5
2026-06-09 18:25:33,7815,3504,152
2026-06-09 18:25:36,7818,3505,115
2026-06-09 18:25:38,7820,3506,53.1
2026-06-09 18:25:41,7823,3507,35.8
2026-06-09 18:25:44,7826,3508,64.7
2026-06-09 18:25:46,7828,3509,211
2026-06-09 18:25:49,7831,3510,124
2026-06-09 18:25:52,7834,3511,77.0
2026-06-09 18:25:54,7836,3512,181
2026-06-09 18:25:57,7839,3513,64.4
2026-06-09 18:26:00,7842,3514,85.4
2026-06-09 18:26:02,7844,3515,37.8
2026-06-09 18:26:05,7847,3516,60.5
2026-06-09 18:26:07,7849,3517,71.3
2026-06-09 18:26:10,7852,3518,123
2026-06-09 18:26:13,7855,3519,27.0
2026-06-09 18:26:16,7858,3520,25.3
2026-06-09 18:26:18,7860,3521,72.4
2026-06-09 18:26:21,7863,3522,225
2026-06-09 18:26:24,7866,3523,26.1
2026-06-09 18:26:27,7868,3524,53.2
2026-06-09 18:26:29,7871,3525,30.4
2026-06-09 18:26:32,7874,3526,126
2026-06-09 18:26:35,7877,3527,43.8
2026-06-09 18:26:38,7880,3528,46.9
2026-06-09 18:26:40,7882,3529,60.7
2026-06-09 18:26:43,7885,3530,267
2026-06-09 18:26:46,7888,3531,60.0
2026-06-09 18:26:48,7890,3532,127
2026-06-09 18:26:51,7893,3533,121
2026-06-09 18:26:54,7896,3534,97.0
2026-06-09 18:26:57,7899,3535,140
2026-06-09 18:27:00,7902,3536,26.2
2026-06-09 18:27:03,7905,3537,55.9
2026-06-09 18:27:06,7907,3538,35.9
2026-06-09 18:27:08,7910,3539,210
2026-06-09 18:27:11,7913,3540,30.1
2026-06-09 18:27:14,7916,3541,22.4
2026-06-09 18:27:17,7919,3542,137
2026-06-09 18:27:20,7922,3543,33.3
2026-06-09 18:27:23,7925,3544,157
2026-06-09 18:27:26,7928,3545,70.3
2026-06-09 18:27:28,7930,3546,74.6
2026-06-09 18:27:31,7933,3547,45.4
2026-06-09 18:27:34,7936,3548,204
2026-06-09 18:27:37,7939,3549,62.0
2026-06-09 18:27:40,7942,3550,101
2026-06-09 18:27:42,7944,3551,164
2026-06-09 18:27:45,7947,3552,160
2026-06-09 18:27:48,7950,3553,20.2
2026-06-09 18:27:51,7953,3554,127
2026-06-09 18:27:53,7955,3555,49.9
2026-06-09 18:27:56,7958,3556,282
2026-06-09 18:27:59,7961,3557,75.6
2026-06-09 18:28:02,7964,3558,135
2026-06-09 18:28:05,7967,3559,21.6
2026-06-09 18:28:08,7970,3560,148
2026-06-09 18:28:11,7973,3561,189
2026-06-09 18:28:14,7976,3562,86.9
2026-06-09 18:28:17,7979,3563,181
2026-06-09 18:28:20,7982,3564,29.3
2026-06-09 18:28:23,7985,3565,69.1
2026-06-09 18:28:26,7988,3566,40.3
2026-06-09 18:28:29,7991,3567,54.7
2026-06-09 18:28:31,7993,3568,152
2026-06-09 18:28:34,7996,3569,160
2026-06-09 18:28:37,7999,3570,71.5
2026-06-09 18:28:40,8002,3571,49.6
2026-06-09 18:28:42,8004,3572,106
2026-06-09 18:28:45,8007,3573,40.6
2026-06-09 18:28:48,8010,3574,27.9
2026-06-09 18:28:51,8013,3575,25.3
2026-06-09 18:28:53,8015,3576,54.9
2026-06-09 18:28:56,8018,3577,38.4
2026-06-09 18:28:59,8021,3578,40.0
2026-06-09 18:29:02,8024,3579,64.0
2026-06-09 18:29:05,8027,3580,103
2026-06-09 18:29:07,8029,3581,44.0
2026-06-09 18:29:10,8032,3582,186
2026-06-09 18:29:13,8035,3583,112
2026-06-09 18:29:15,8037,3584,236
2026-06-09 18:29:18,8040,3585,76.2
2026-06-09 18:29:21,8043,3586,174
2026-06-09 18:29:24,8046,3587,47.7
2026-06-09 18:29:26,8048,3588,149
2026-06-09 18:29:29,8051,3589,51.6
2026-06-09 18:29:32,8054,3590,293
2026-06-09 18:29:34,8056,3591,78.9
2026-06-09 18:29:37,8059,3592,134
2026-06-09 18:29:40,8062,3593,173
2026-06-09 18:29:42,8064,3594,30.2
2026-06-09 18:29:45,8067,3595,130
2026-06-09 18:29:48,8070,3596,145
2026-06-09 18:29:51,8073,3597,35.8
2026-06-09 18:29:53,8075,3598,395
2026-06-09 18:29:56,8078,3599,173
2026-06-09 18:29:58,8080,3600,308
2026-06-09 18:30:00,8082,3601,97.1
2026-06-09 18:30:02,8084,3602,236
2026-06-09 18:30:04,8086,3603,39.9
2026-06-09 18:30:06,8088,3604,114
2026-06-09 18:30:09,8091,3605,28.1
2026-06-09 18:30:12,8094,3606,90.0
2026-06-09 18:30:15,8097,3607,87.3
2026-06-09 18:30:18,8100,3608,106
2026-06-09 18:30:20,8102,3609,70.0
2026-06-09 18:30:23,8105,3610,148
2026-06-09 18:30:26,8108,3611,118
2026-06-09 18:30:29,8111,3612,131
2026-06-09 18:30:32,8114,3613,135
2026-06-09 18:30:35,8117,3614,225
2026-06-09 18:30:38,8120,3615,94.4
2026-06-09 18:30:41,8123,3616,279
2026-06-09 18:30:44,8126,3617,174
2026-06-09 18:30:47,8129,3618,42.7
2026-06-09 18:30:50,8132,3619,113
2026-06-09 18:30:53,8135,3620,60.0
2026-06-09 18:30:55,8137,3621,60.7
2026-06-09 18:30:58,8140,3622,116
2026-06-09 18:31:01,8143,3623,107
2026-06-09 18:31:04,8146,3624,287
2026-06-09 18:31:07,8149,3625,324
2026-06-09 18:31:10,8152,3626,93.3
2026-06-09 18:31:12,8154,3627,31.3
2026-06-09 18:31:15,8157,3628,116
2026-06-09 18:31:18,8160,3629,155
2026-06-09 18:31:21,8163,3630,254
2026-06-09 18:31:23,8165,3631,195
2026-06-09 18:31:26,8168,3632,293
2026-06-09 18:31:29,8171,3633,16.8
2026-06-09 18:31:32,8174,3634,118
2026-06-09 18:31:35,8177,3635,74.7
2026-06-09 18:31:37,8179,3636,71.3
2026-06-09 18:31:40,8182,3637,42.3
2026-06-09 18:31:44,8186,3638,132
2026-06-09 18:31:46,8188,3639,228
2026-06-09 18:31:49,8191,3640,282
2026-06-09 18:31:52,8194,3641,81.3
2026-06-09 18:31:55,8197,3642,65.9
2026-06-09 18:31:58,8200,3643,106
2026-06-09 18:32:01,8203,3644,22.9
2026-06-09 18:32:03,8205,3645,223
2026-06-09 18:32:06,8208,3646,163
2026-06-09 18:32:09,8211,3647,152
2026-06-09 18:32:12,8214,3648,110
2026-06-09 18:32:15,8217,3649,93.9
2026-06-09 18:32:18,8220,3650,NA
2026-06-09 18:32:21,8223,3651,38.7
2026-06-09 18:32:23,8225,3652,81.5
2026-06-09 18:32:26,8228,3653,41.8
2026-06-09 18:32:29,8231,3654,73.6
2026-06-09 18:32:32,8234,3655,298
2026-06-09 18:32:34,8236,3656,69.9
2026-06-09 18:32:37,8239,3657,149
2026-06-09 18:32:40,8242,3658,91.5
2026-06-09 18:32:43,8245,3659,59.8
2026-06-09 18:32:45,8247,3660,121
2026-06-09 18:32:48,8250,3661,14.3
2026-06-09 18:32:51,8253,3662,45.9
2026-06-09 18:32:54,8256,3663,56.0
2026-06-09 18:32:57,8259,3664,225
2026-06-09 18:33:00,8262,3665,163
2026-06-09 18:33:03,8265,3666,119
2026-06-09 18:33:05,8267,3667,96.2
2026-06-09 18:33:08,8270,3668,88.0
2026-06-09 18:33:11,8273,3669,165
2026-06-09 18:33:14,8276,3670,16.4
2026-06-09 18:33:17,8279,3671,42.4
2026-06-09 18:33:19,8281,3672,68.5
2026-06-09 18:33:22,8284,3673,41.6
2026-06-09 18:33:25,8287,3674,85.3
2026-06-09 18:33:27,8289,3675,56.1
2026-06-09 18:33:30,8292,3676,31.3
2026-06-09 18:33:33,8295,3677,71.5
2026-06-09 18:33:36,8298,3678,16.8
2026-06-09 18:33:39,8301,3679,222
2026-06-09 18:33:42,8304,3680,27.4
2026-06-09 18:33:45,8307,3681,36.0
2026-06-09 18:33:48,8310,3682,172
2026-06-09 18:33:50,8312,3683,69.6
2026-06-09 18:33:53,8315,3684,28.0
2026-06-09 18:33:56,8318,3685,51.0
2026-06-09 18:33:59,8321,3686,360
2026-06-09 18:34:02,8324,3687,95.8
2026-06-09 18:34:05,8327,3688,21.8
2026-06-09 18:34:08,8330,3689,52.5
2026-06-09 18:34:11,8333,3690,61.0
2026-06-09 18:34:14,8336,3691,104
2026-06-09 18:34:16,8338,3692,31.2
2026-06-09 18:34:19,8341,3693,32.5
2026-06-09 18:34:22,8344,3694,41.0
2026-06-09 18:34:25,8347,3695,272
2026-06-09 18:34:27,8349,3696,74.7
2026-06-09 18:34:30,8352,3697,53.5
2026-06-09 18:34:33,8355,3698,30.9
2026-06-09 18:34:36,8358,3699,44.2
2026-06-09 18:34:39,8361,3700,59.1
2026-06-09 18:34:41,8363,3701,102
2026-06-09 18:34:44,8366,3702,105
2026-06-09 18:34:47,8369,3703,29.5
2026-06-09 18:34:50,8372,3704,144
2026-06-09 18:34:53,8375,3705,140
2026-06-09 18:34:56,8378,3706,232
2026-06-09 18:34:58,8380,3707,201
2026-06-09 18:35:01,8383,3708,110
2026-06-09 18:35:04,8386,3709,250
2026-06-09 18:35:07,8389,3710,37.7
2026-06-09 18:35:10,8392,3711,25.3
2026-06-09 18:35:13,8395,3712,34.9
2026-06-09 18:35:16,8398,3713,69.8
2026-06-09 18:35:19,8401,3714,145
2026-06-09 18:35:22,8404,3715,297
2026-06-09 18:35:25,8407,3716,40.0
2026-06-09 18:35:28,8410,3717,45.5
2026-06-09 18:35:31,8413,3718,26.6
2026-06-09 18:35:34,8416,3719,27.3
2026-06-09 18:35:36,8418,3720,29.8
2026-06-09 18:35:39,8421,3721,32.5
2026-06-09 18:35:42,8424,3722,127
2026-06-09 18:35:44,8426,3723,61.1
2026-06-09 18:35:47,8429,3724,75.1
2026-06-09 18:35:50,8432,3725,59.3
2026-06-09 18:35:53,8435,3726,65.0
2026-06-09 18:35:56,8438,3727,11.4
2026-06-09 18:35:59,8441,3728,25.4
2026-06-09 18:36:02,8444,3729,248
2026-06-09 18:36:04,8446,3730,46.2
2026-06-09 18:36:07,8449,3731,122
2026-06-09 18:36:10,8452,3732,168
2026-06-09 18:36:13,8455,3733,133
2026-06-09 18:36:16,8458,3734,215
2026-06-09 18:36:19,8461,3735,174
2026-06-09 18:36:22,8464,3736,25.1
2026-06-09 18:36:25,8467,3737,32.5
2026-06-09 18:36:28,8470,3738,68.3
2026-06-09 18:36:31,8473,3739,102
2026-06-09 18:36:34,8476,3740,20.0
2026-06-09 18:36:37,8479,3741,286
2026-06-09 18:36:40,8482,3742,101
2026-06-09 18:36:42,8484,3743,147
2026-06-09 18:36:45,8487,3744,39.9
2026-06-09 18:36:48,8490,3745,162
2026-06-09 18:36:51,8493,3746,25.2
2026-06-09 18:36:54,8496,3747,170
2026-06-09 18:36:57,8499,3748,35.3
2026-06-09 18:36:59,8501,3749,196
2026-06-09 18:37:02,8504,3750,216
2026-06-09 18:37:05,8507,3751,104
2026-06-09 18:37:08,8510,3752,74.6
2026-06-09 18:37:11,8513,3753,286
2026-06-09 18:37:14,8516,3754,34.5
2026-06-09 18:37:17,8519,3755,228
2026-06-09 18:37:20,8522,3756,28.7
2026-06-09 18:37:22,8524,3757,54.2
2026-06-09 18:37:25,8527,3758,140
2026-06-09 18:37:28,8530,3759,57.9
2026-06-09 18:37:31,8533,3760,221
2026-06-09 18:37:33,8535,3761,16.4
2026-06-09 18:37:36,8538,3762,17.1
2026-06-09 18:37:39,8541,3763,49.4
2026-06-09 18:37:42,8544,3764,147
2026-06-09 18:37:45,8547,3765,44.9
2026-06-09 18:37:48,8550,3766,185
2026-06-09 18:37:51,8553,3767,39.7
2026-06-09 18:37:54,8556,3768,120
2026-06-09 18:37:57,8559,3769,76.9
2026-06-09 18:37:59,8561,3770,282
2026-06-09 18:38:02,8564,3771,34.8
2026-06-09 18:38:05,8567,3772,64.3
2026-06-09 18:38:08,8570,3773,20.2
2026-06-09 18:38:10,8572,3774,85.2
2026-06-09 18:38:13,8575,3775,247
2026-06-09 18:38:16,8578,3776,208
2026-06-09 18:38:19,8581,3777,62.3
2026-06-09 18:38:21,8583,3778,61.1
2026-06-09 18:38:25,8587,3779,56.3
2026-06-09 18:38:27,8589,3780,57.7
2026-06-09 18:38:30,8592,3781,174
2026-06-09 18:38:33,8595,3782,28.4
2026-06-09 18:38:36,8598,3783,250
2026-06-09 18:38:39,8601,3784,194
2026-06-09 18:38:42,8604,3785,25.7
2026-06-09 18:38:45,8607,3786,117
2026-06-09 18:38:47,8609,3787,109
2026-06-09 18:38:50,8612,3788,43.8
2026-06-09 18:38:53,8615,3789,39.8
2026-06-09 18:38:56,8618,3790,12.7
2026-06-09 18:38:58,8620,3791,40.6
2026-06-09 18:39:01,8623,3792,323
2026-06-09 18:39:04,8626,3793,59.8
2026-06-09 18:39:06,8628,3794,47.6
2026-06-09 18:39:09,8631,3795,83.2
2026-06-09 18:39:12,8634,3796,178
2026-06-09 18:39:14,8636,3797,21.7
2026-06-09 18:39:17,8639,3798,39.6
2026-06-09 18:39:21,8643,3799,231
2026-06-09 18:39:24,8646,3800,183
2026-06-09 18:39:26,8648,3801,134
2026-06-09 18:39:30,8652,3802,134
2026-06-09 18:39:33,8655,3803,65.6
2026-06-09 18:39:36,8658,3804,57.8
2026-06-09 18:39:38,8660,3805,20.6
2026-06-09 18:39:41,8663,3806,152
2026-06-09 18:39:43,8665,3807,50.5
2026-06-09 18:39:46,8668,3808,26.9
2026-06-09 18:39:49,8671,3809,102
2026-06-09 18:39:51,8673,3810,116
2026-06-09 18:39:54,8676,3811,53.7
2026-06-09 18:39:56,8678,3812,255
2026-06-09 18:39:59,8681,3813,31.9
2026-06-09 18:40:02,8684,3814,112
2026-06-09 18:40:05,8687,3815,246
2026-06-09 18:40:07,8689,3816,72.1
2026-06-09 18:40:10,8692,3817,65.4
2026-06-09 18:40:13,8695,3818,33.6
2026-06-09 18:40:15,8697,3819,155
2026-06-09 18:40:18,8700,3820,127
2026-06-09 18:40:21,8703,3821,58.6
2026-06-09 18:40:24,8706,3822,188
2026-06-09 18:40:27,8709,3823,217
2026-06-09 18:40:29,8711,3824,107
2026-06-09 18:40:32,8714,3825,56.8
2026-06-09 18:40:35,8717,3826,119
2026-06-09 18:40:37,8719,3827,17.7
2026-06-09 18:40:39,8721,3828,189
2026-06-09 18:40:42,8724,3829,148
2026-06-09 18:40:44,8726,3830,115
2026-06-09 18:40:46,8728,3831,55.5
2026-06-09 18:40:48,8730,3832,176
2026-06-09 18:40:51,8733,3833,96.6
2026-06-09 18:40:53,8735,3834,137
2026-06-09 18:40:56,8738,3835,188
2026-06-09 18:40:59,8741,3836,21.0
2026-06-09 18:41:01,8743,3837,87.4
2026-06-09 18:41:04,8746,3838,46.9
2026-06-09 18:41:06,8748,3839,109
2026-06-09 18:41:09,8751,3840,55.5
2026-06-09 18:41:12,8754,3841,98.4
2026-06-09 18:41:15,8757,3842,75.5
2026-06-09 18:41:18,8760,3843,85.4
2026-06-09 18:41:20,8762,3844,21.2
2026-06-09 18:41:23,8765,3845,29.4
2026-06-09 18:41:26,8768,3846,166
2026-06-09 18:41:29,8771,3847,33.5
2026-06-09 18:41:31,8773,3848,38.0
2026-06-09 18:41:34,8776,3849,43.5
2026-06-09 18:41:37,8779,3850,55.2
2026-06-09 18:41:40,8782,3851,53.9
2026-06-09 18:41:43,8785,3852,13.2
2026-06-09 18:41:46,8788,3853,82.4
2026-06-09 18:41:48,8790,3854,40.7
2026-06-09 18:41:51,8793,3855,206
2026-06-09 18:41:54,8796,3856,168
2026-06-09 18:41:57,8799,3857,41.9
2026-06-09 18:42:00,8802,3858,92.0
2026-06-09 18:42:03,8805,3859,143
2026-06-09 18:42:06,8808,3860,29.2
2026-06-09 18:42:09,8811,3861,37.2
2026-06-09 18:42:12,8814,3862,41.5
2026-06-09 18:42:15,8817,3863,173
2026-06-09 18:42:17,8819,3864,26.6
2026-06-09 18:42:20,8822,3865,75.7
2026-06-09 18:42:24,8826,3866,66.0
2026-06-09 18:42:27,8829,3867,63.7
2026-06-09 18:42:30,8832,3868,140
2026-06-09 18:42:32,8834,3869,195
2026-06-09 18:42:35,8837,3870,83.0
2026-06-09 18:42:38,8840,3871,111
2026-06-09 18:42:41,8843,3872,59.2
2026-06-09 18:42:43,8845,3873,167
2026-06-09 18:42:46,8848,3874,179
2026-06-09 18:42:49,8851,3875,190
2026-06-09 18:42:52,8854,3876,186
2026-06-09 18:42:54,8856,3877,146
2026-06-09 18:42:57,8859,3878,243
2026-06-09 18:43:00,8862,3879,167
2026-06-09 18:43:02,8864,3880,29.6
2026-06-09 18:43:05,8867,3881,40.7
2026-06-09 18:43:08,8870,3882,174
2026-06-09 18:43:10,8872,3883,243
2026-06-09 18:43:13,8875,3884,90.0
2026-06-09 18:43:16,8878,3885,152
2026-06-09 18:43:19,8881,3886,72.3
2026-06-09 18:43:22,8884,3887,103
2026-06-09 18:43:25,8887,3888,120
2026-06-09 18:43:27,8889,3889,156
2026-06-09 18:43:30,8892,3890,62.7
2026-06-09 18:43:33,8895,3891,260
2026-06-09 18:43:36,8898,3892,140
2026-06-09 18:43:39,8901,3893,210
2026-06-09 18:43:42,8904,3894,64.0
2026-06-09 18:43:45,8907,3895,113
2026-06-09 18:43:48,8910,3896,126
2026-06-09 18:43:51,8913,3897,196
2026-06-09 18:43:53,8915,3898,28.8
2026-06-09 18:43:56,8918,3899,49.7
2026-06-09 18:43:59,8921,3900,196
2026-06-09 18:44:02,8924,3901,73.6
2026-06-09 18:44:05,8927,3902,53.7
2026-06-09 18:44:08,8930,3903,113
2026-06-09 18:44:11,8933,3904,67.8
2026-06-09 18:44:13,8935,3905,53.6
2026-06-09 18:44:16,8938,3906,41.8
2026-06-09 18:44:19,8941,3907,46.0
2026-06-09 18:44:22,8944,3908,25.3
2026-06-09 18:44:24,8946,3909,39.8
2026-06-09 18:44:27,8949,3910,21.8
2026-06-09 18:44:30,8952,3911,143
2026-06-09 18:44:33,8955,3912,185
2026-06-09 18:44:36,8958,3913,153
2026-06-09 18:44:39,8961,3914,96.4
2026-06-09 18:44:42,8964,3915,54.7
2026-06-09 18:44:44,8966,3916,242
2026-06-09 18:44:47,8969,3917,164
2026-06-09 18:44:50,8972,3918,183
2026-06-09 18:44:53,8975,3919,204
2026-06-09 18:44:56,8978,3920,113
2026-06-09 18:44:59,8981,3921,39.6
2026-06-09 18:45:02,8984,3922,113
2026-06-09 18:45:05,8987,3923,66.2
2026-06-09 18:45:08,8990,3924,198
2026-06-09 18:45:11,8993,3925,24.6
2026-06-09 18:45:13,8995,3926,93.1
2026-06-09 18:45:16,8998,3927,21.2
2026-06-09 18:45:19,9001,3928,172
2026-06-09 18:45:22,9004,3929,59.9
2026-06-09 18:45:25,9007,3930,133
2026-06-09 18:45:28,9010,3931,131
2026-06-09 18:45:30,9012,3932,92.9
2026-06-09 18:45:33,9015,3933,177
2026-06-09 18:45:36,9018,3934,56.4
2026-06-09 18:45:39,9021,3935,71.9
2026-06-09 18:45:42,9024,3936,28.3
2026-06-09 18:45:44,9026,3937,169
2026-06-09 18:45:47,9029,3938,65.0
2026-06-09 18:45:50,9032,3939,101
2026-06-09 18:45:53,9035,3940,104
2026-06-09 18:45:56,9038,3941,60.0
2026-06-09 18:45:59,9041,3942,12.9
2026-06-09 18:46:01,9043,3943,134
2026-06-09 18:46:04,9046,3944,68.1
2026-06-09 18:46:06,9048,3945,131
2026-06-09 18:46:09,9051,3946,25.7
2026-06-09 18:46:12,9054,3947,215
2026-06-09 18:46:15,9057,3948,90.4
2026-06-09 18:46:17,9059,3949,41.4
2026-06-09 18:46:20,9062,3950,255
2026-06-09 18:46:23,9065,3951,281
2026-06-09 18:46:25,9067,3952,202
2026-06-09 18:46:28,9070,3953,180
2026-06-09 18:46:31,9073,3954,111
2026-06-09 18:46:34,9076,3955,37.3
2026-06-09 18:46:37,9079,3956,45.6
2026-06-09 18:46:39,9081,3957,143
2026-06-09 18:46:42,9084,3958,66.6
2026-06-09 18:46:45,9087,3959,158
2026-06-09 18:46:48,9090,3960,31.6
2026-06-09 18:46:50,9092,3961,11.4
2026-06-09 18:46:53,9095,3962,76.6
2026-06-09 18:46:56,9098,3963,54.8
2026-06-09 18:46:59,9101,3964,22.5
2026-06-09 18:47:01,9103,3965,56.9
2026-06-09 18:47:04,9106,3966,177
2026-06-09 18:47:07,9109,3967,196
2026-06-09 18:47:10,9112,3968,85.2
2026-06-09 18:47:13,9115,3969,70.0
2026-06-09 18:47:16,9118,3970,92.5
2026-06-09 18:47:19,9121,3971,33.3
2026-06-09 18:47:22,9124,3972,90.9
2026-06-09 18:47:24,9126,3973,132
2026-06-09 18:47:27,9129,3974,59.4
2026-06-09 18:47:30,9132,3975,108
2026-06-09 18:47:33,9135,3976,97.1
2026-06-09 18:47:36,9138,3977,139
2026-06-09 18:47:38,9140,3978,100
2026-06-09 18:47:41,9143,3979,65.3
2026-06-09 18:47:44,9146,3980,74.5
2026-06-09 18:47:47,9149,3981,267
2026-06-09 18:47:49,9151,3982,139
2026-06-09 18:47:52,9154,3983,111
2026-06-09 18:47:55,9157,3984,26.0
2026-06-09 18:47:58,9160,3985,150
2026-06-09 18:48:01,9163,3986,60.9
2026-06-09 18:48:03,9165,3987,82.5
2026-06-09 18:48:06,9168,3988,277
2026-06-09 18:48:09,9171,3989,15.0
2026-06-09 18:48:12,9174,3990,31.9
2026-06-09 18:48:15,9177,3991,42.5
2026-06-09 18:48:18,9180,3992,13.1
2026-06-09 18:48:20,9182,3993,71.6
2026-06-09 18:48:23,9185,3994,43.3
2026-06-09 18:48:26,9188,3995,47.2
2026-06-09 18:48:28,9190,3996,31.7
2026-06-09 18:48:31,9193,3997,20.0
2026-06-09 18:48:33,9195,3998,58.9
2026-06-09 18:48:36,9198,3999,124
2026-06-09 18:48:39,9201,4000,273
2026-06-09 18:48:43,9205,4001,35.6
2026-06-09 18:48:46,9207,4002,52.9
2026-06-09 18:48:48,9210,4003,32.9
2026-06-09 18:48:51,9213,4004,21.7
2026-06-09 18:48:54,9216,4005,32.0
2026-06-09 18:48:57,9219,4006,48.8
2026-06-09 18:49:00,9222,4007,63.1
2026-06-09 18:49:03,9225,4008,27.6
2026-06-09 18:49:06,9228,4009,21.8
2026-06-09 18:49:09,9231,4010,20.1
2026-06-09 18:49:11,9233,4011,81.5
2026-06-09 18:49:14,9236,4012,96.7
2026-06-09 18:49:17,9239,4013,219
2026-06-09 18:49:19,9241,4014,285
2026-06-09 18:49:22,9244,4015,102
2026-06-09 18:49:25,9247,4016,86.8
2026-06-09 18:49:28,9250,4017,44.2
2026-06-09 18:49:31,9253,4018,185
2026-06-09 18:49:34,9256,4019,33.5
2026-06-09 18:49:36,9258,4020,110
2026-06-09 18:49:39,9261,4021,38.3
2026-06-09 18:49:42,9264,4022,23.6
2026-06-09 18:49:45,9267,4023,141
2026-06-09 18:49:48,9270,4024,156
2026-06-09 18:49:51,9273,4025,32.4
2026-06-09 18:49:54,9276,4026,28.6
2026-06-09 18:49:57,9279,4027,175
2026-06-09 18:49:59,9281,4028,260
2026-06-09 18:50:02,9284,4029,218
2026-06-09 18:50:05,9287,4030,85.7
2026-06-09 18:50:08,9290,4031,321
2026-06-09 18:50:11,9293,4032,122
2026-06-09 18:50:13,9295,4033,66.0
2026-06-09 18:50:16,9298,4034,160
2026-06-09 18:50:19,9301,4035,107
2026-06-09 18:50:22,9304,4036,94.1
2026-06-09 18:50:25,9307,4037,163
2026-06-09 18:50:28,9310,4038,80.2
2026-06-09 18:50:31,9313,4039,294
2026-06-09 18:50:34,9316,4040,25.0
2026-06-09 18:50:37,9319,4041,180
2026-06-09 18:50:40,9322,4042,97.7
2026-06-09 18:50:43,9325,4043,158
2026-06-09 18:50:46,9328,4044,74.7
2026-06-09 18:50:49,9331,4045,83.9
2026-06-09 18:50:52,9334,4046,148
2026-06-09 18:50:55,9337,4047,43.6
2026-06-09 18:50:58,9340,4048,77.5
2026-06-09 18:51:01,9343,4049,226
2026-06-09 18:51:04,9346,4050,78.6
2026-06-09 18:51:07,9349,4051,340
2026-06-09 18:51:09,9351,4052,57.7
2026-06-09 18:51:12,9354,4053,40.8
2026-06-09 18:51:15,9357,4054,38.1
2026-06-09 18:51:18,9360,4055,61.3
2026-06-09 18:51:21,9363,4056,153
2026-06-09 18:51:23,9365,4057,129
2026-06-09 18:51:26,9368,4058,297
2026-06-09 18:51:29,9371,4059,23.7
2026-06-09 18:51:31,9373,4060,163
2026-06-09 18:51:33,9375,4061,61.1
2026-06-09 18:51:36,9378,4062,28.3
2026-06-09 18:51:38,9380,4063,108
2026-06-09 18:51:40,9382,4064,45.0
2026-06-09 18:51:42,9384,4065,43.7
2026-06-09 18:51:44,9386,4066,297
2026-06-09 18:51:46,9388,4067,47.3
2026-06-09 18:51:48,9390,4068,15.6
2026-06-09 18:51:51,9393,4069,11.1
2026-06-09 18:51:53,9395,4070,183
2026-06-09 18:51:55,9397,4071,30.5
2026-06-09 18:51:57,9399,4072,38.3
2026-06-09 18:51:59,9401,4073,23.5
2026-06-09 18:52:01,9403,4074,38.9
2026-06-09 18:52:03,9405,4075,13.6
2026-06-09 18:52:05,9407,4076,9.98
2026-06-09 18:52:07,9409,4077,25.3
2026-06-09 18:52:10,9412,4078,21.2
2026-06-09 18:52:12,9414,4079,17.0
2026-06-09 18:52:14,9416,4080,38.3
2026-06-09 18:52:16,9418,4081,42.5
2026-06-09 18:52:18,9420,4082,48.9
2026-06-09 18:52:20,9422,4083,21.0
2026-06-09 18:52:22,9424,4084,13.2
2026-06-09 18:52:24,9426,4085,51.6
2026-06-09 18:52:26,9428,4086,16.2
2026-06-09 18:52:29,9431,4087,17.7
2026-06-09 18:52:31,9433,4088,28.9
2026-06-09 18:52:33,9435,4089,42.3
2026-06-09 18:52:35,9437,4090,13.5
2026-06-09 18:52:37,9439,4091,37.2
2026-06-09 18:52:39,9441,4092,206
2026-06-09 18:52:41,9443,4093,22.0
2026-06-09 18:52:43,9445,4094,38.1
2026-06-09 18:52:45,9447,4095,17.8
2026-06-09 18:52:48,9450,4096,17.1
2026-06-09 18:52:50,9452,4097,16.8
2026-06-09 18:52:52,9454,4098,19.4
2026-06-09 18:52:54,9456,4099,10.8
2026-06-09 18:52:56,9458,4100,12.0
2026-06-09 18:52:58,9460,4101,29.3
2026-06-09 18:53:00,9462,4102,23.7
2026-06-09 18:53:03,9465,4103,24.2
2026-06-09 18:53:05,9467,4104,17.9
2026-06-09 18:53:07,9469,4105,45.7
2026-06-09 18:53:09,9471,4106,25.4
2026-06-09 18:53:11,9473,4107,21.7
2026-06-09 18:53:13,9475,4108,33.8
2026-06-09 18:53:15,9477,4109,96.1
2026-06-09 18:53:18,9480,4110,35.0
2026-06-09 18:53:20,9482,4111,49.4
2026-06-09 18:53:22,9484,4112,12.2
2026-06-09 18:53:24,9486,4113,34.9
2026-06-09 18:53:26,9488,4114,11.7
2026-06-09 18:53:28,9490,4115,13.2
2026-06-09 18:53:30,9492,4116,16.0
2026-06-09 18:53:32,9494,4117,57.4
2026-06-09 18:53:34,9496,4118,17.7
2026-06-09 18:53:37,9499,4119,30.9
2026-06-09 18:53:39,9501,4120,36.2
2026-06-09 18:53:41,9503,4121,4.85
2026-06-09 18:53:43,9505,4122,29.6
2026-06-09 18:53:45,9507,4123,35.7
2026-06-09 18:53:47,9509,4124,36.4
2026-06-09 18:53:49,9511,4125,29.7
2026-06-09 18:53:51,9513,4126,35.6
2026-06-09 18:53:54,9516,4127,15.2
2026-06-09 18:53:56,9518,4128,17.5
2026-06-09 18:53:58,9520,4129,38.3
2026-06-09 18:54:00,9522,4130,34.2
2026-06-09 18:54:02,9524,4131,21.5
2026-06-09 18:54:04,9526,4132,47.3
2026-06-09 18:54:06,9528,4133,31.1
2026-06-09 18:54:08,9530,4134,16.8
2026-06-09 18:54:11,9533,4135,29.2
2026-06-09 18:54:13,9535,4136,22.4
2026-06-09 18:54:15,9537,4137,26.9
2026-06-09 18:54:17,9539,4138,40.5
2026-06-09 18:54:19,9541,4139,40.0
2026-06-09 18:54:21,9543,4140,44.6
2026-06-09 18:54:23,9545,4141,23.8
2026-06-09 18:54:25,9547,4142,19.6
2026-06-09 18:54:27,9549,4143,39.0
2026-06-09 18:54:29,9551,4144,15.8
2026-06-09 18:54:32,9554,4145,62.6
2026-06-09 18:54:34,9556,4146,18.2
2026-06-09 18:54:36,9558,4147,24.5
2026-06-09 18:54:38,9560,4148,174
2026-06-09 18:54:40,9562,4149,26.4
2026-06-09 18:54:42,9564,4150,11.8
2026-06-09 18:54:44,9566,4151,26.1
2026-06-09 18:54:46,9568,4152,44.0
2026-06-09 18:54:48,9570,4153,22.1
2026-06-09 18:54:51,9573,4154,12.4
2026-06-09 18:54:53,9575,4155,12.4
2026-06-09 18:54:55,9577,4156,25.9
2026-06-09 18:54:57,9579,4157,31.1
2026-06-09 18:54:59,9581,4158,19.1
2026-06-09 18:55:01,9583,4159,16.9
2026-06-09 18:55:03,9585,4160,34.8
2026-06-09 18:55:05,9587,4161,35.9
2026-06-09 18:55:07,9589,4162,33.3
2026-06-09 18:55:09,9591,4163,16.9
2026-06-09 18:55:12,9594,4164,26.6
2026-06-09 18:55:14,9596,4165,50.8
2026-06-09 18:55:16,9598,4166,28.1
2026-06-09 18:55:18,9600,4167,46.9
2026-06-09 18:55:20,9602,4168,17.7
2026-06-09 18:55:22,9604,4169,16.7
2026-06-09 18:55:24,9606,4170,20.6
2026-06-09 18:55:26,9608,4171,26.7
2026-06-09 18:55:28,9610,4172,22.2
2026-06-09 18:55:30,9612,4173,14.8
2026-06-09 18:55:32,9614,4174,19.2
2026-06-09 18:55:35,9617,4175,22.2
2026-06-09 18:55:37,9619,4176,18.4
2026-06-09 18:55:39,9621,4177,23.1
2026-06-09 18:55:41,9623,4178,11.8
2026-06-09 18:55:43,9625,4179,11.8
2026-06-09 18:55:45,9627,4180,13.9
2026-06-09 18:55:47,9629,4181,26.0
2026-06-09 18:55:50,9632,4182,10.4
2026-06-09 18:55:52,9634,4183,29.5
2026-06-09 18:55:54,9636,4184,23.9
2026-06-09 18:55:56,9638,4185,18.1
2026-06-09 18:55:58,9640,4186,35.1
2026-06-09 18:56:00,9642,4187,11.5
2026-06-09 18:56:02,9644,4188,34.6
2026-06-09 18:56:04,9646,4189,35.2
2026-06-09 18:56:07,9649,4190,20.9
2026-06-09 18:56:09,9651,4191,13.2
2026-06-09 18:56:11,9653,4192,43.0
2026-06-09 18:56:13,9655,4193,30.7
2026-06-09 18:56:15,9657,4194,39.5
2026-06-09 18:56:17,9659,4195,12.6
2026-06-09 18:56:19,9661,4196,26.5
2026-06-09 18:56:21,9663,4197,16.9
2026-06-09 18:56:23,9665,4198,35.6
2026-06-09 18:56:25,9667,4199,24.4
2026-06-09 18:56:28,9670,4200,19.5
2026-06-09 18:56:30,9672,4201,465
2026-06-09 18:56:32,9674,4202,139
2026-06-09 18:56:34,9676,4203,171
2026-06-09 18:56:36,9678,4204,136
2026-06-09 18:56:39,9681,4205,60.0
2026-06-09 18:56:41,9683,4206,276
2026-06-09 18:56:43,9685,4207,46.5
2026-06-09 18:56:45,9687,4208,48.4
2026-06-09 18:56:48,9690,4209,34.3
2026-06-09 18:56:50,9692,4210,36.5
2026-06-09 18:56:52,9694,4211,34.2
2026-06-09 18:56:54,9696,4212,122
2026-06-09 18:56:56,9698,4213,68.8
2026-06-09 18:56:59,9701,4214,246
2026-06-09 18:57:01,9703,4215,133
2026-06-09 18:57:03,9705,4216,108
2026-06-09 18:57:05,9707,4217,118
2026-06-09 18:57:08,9710,4218,155
2026-06-09 18:57:10,9712,4219,246
2026-06-09 18:57:12,9714,4220,184
2026-06-09 18:57:14,9716,4221,326
2026-06-09 18:57:16,9718,4222,227
2026-06-09 18:57:18,9720,4223,183
2026-06-09 18:57:21,9723,4224,163
2026-06-09 18:57:23,9725,4225,90.8
2026-06-09 18:57:25,9727,4226,41.4
2026-06-09 18:57:27,9729,4227,585
2026-06-09 18:57:30,9732,4228,47.6
2026-06-09 18:57:32,9734,4229,39.3
2026-06-09 18:57:35,9737,4230,57.2
2026-06-09 18:57:38,9740,4231,48.1
2026-06-09 18:57:41,9743,4232,79.2
2026-06-09 18:57:43,9745,4233,62.4
2026-06-09 18:57:46,9748,4234,49.2
2026-06-09 18:57:49,9751,4235,88.3
2026-06-09 18:57:51,9753,4236,28.3
2026-06-09 18:57:54,9756,4237,25.5
2026-06-09 18:57:56,9758,4238,79.3
2026-06-09 18:57:59,9761,4239,31.5
2026-06-09 18:58:01,9763,4240,49.6
2026-06-09 18:58:04,9766,4241,29.3
2026-06-09 18:58:07,9769,4242,164
2026-06-09 18:58:09,9771,4243,516
2026-06-09 18:58:12,9774,4244,20.1
2026-06-09 18:58:14,9776,4245,255
2026-06-09 18:58:17,9779,4246,33.5
2026-06-09 18:58:19,9781,4247,28.2
2026-06-09 18:58:21,9783,4248,166
2026-06-09 18:58:23,9785,4249,31.2
2026-06-09 18:58:25,9787,4250,75.0
2026-06-09 18:58:27,9789,4251,107
2026-06-09 18:58:30,9792,4252,28.4
2026-06-09 18:58:32,9794,4253,57.9
2026-06-09 18:58:34,9796,4254,24.9
2026-06-09 18:58:36,9798,4255,123
2026-06-09 18:58:39,9801,4256,70.0
2026-06-09 18:58:42,9804,4257,39.4
2026-06-09 18:58:44,9806,4258,161
2026-06-09 18:58:47,9809,4259,57.0
2026-06-09 18:58:50,9812,4260,65.2
2026-06-09 18:58:53,9815,4261,71.9
2026-06-09 18:58:55,9817,4262,109
2026-06-09 18:58:58,9820,4263,202
2026-06-09 18:59:01,9823,4264,31.2
2026-06-09 18:59:03,9825,4265,75.6
2026-06-09 18:59:06,9828,4266,44.8
2026-06-09 18:59:09,9831,4267,63.0
2026-06-09 18:59:11,9833,4268,49.0
2026-06-09 18:59:14,9836,4269,47.1
2026-06-09 18:59:17,9839,4270,19.2
2026-06-09 18:59:20,9842,4271,40.7
2026-06-09 18:59:23,9845,4272,34.4
2026-06-09 18:59:25,9847,4273,133
2026-06-09 18:59:28,9850,4274,137
2026-06-09 18:59:31,9853,4275,277
2026-06-09 18:59:34,9856,4276,29.0
2026-06-09 18:59:37,9859,4277,136
2026-06-09 18:59:39,9861,4278,186
2026-06-09 18:59:43,9865,4279,114
2026-06-09 18:59:46,9868,4280,50.4
2026-06-09 18:59:49,9871,4281,42.6
2026-06-09 18:59:51,9873,4282,48.6
2026-06-09 18:59:54,9876,4283,107
2026-06-09 18:59:58,9880,4284,20.5
2026-06-09 19:00:01,9883,4285,181
2026-06-09 19:00:04,9886,4286,250
2026-06-09 19:00:06,9888,4287,108
2026-06-09 19:00:09,9891,4288,209
2026-06-09 19:00:12,9894,4289,158
2026-06-09 19:00:15,9897,4290,95.7
2026-06-09 19:00:18,9900,4291,92.2
2026-06-09 19:00:20,9902,4292,18.9
2026-06-09 19:00:23,9905,4293,182
2026-06-09 19:00:26,9908,4294,265
2026-06-09 19:00:29,9911,4295,132
2026-06-09 19:00:32,9914,4296,25.4
2026-06-09 19:00:35,9917,4297,131
2026-06-09 19:00:38,9920,4298,25.6
2026-06-09 19:00:41,9923,4299,211
2026-06-09 19:00:44,9926,4300,66.1
2026-06-09 19:00:46,9928,4301,111
2026-06-09 19:00:50,9932,4302,130
2026-06-09 19:00:52,9934,4303,79.7
2026-06-09 19:00:55,9937,4304,284
2026-06-09 19:00:58,9940,4305,167
2026-06-09 19:01:01,9943,4306,49.7
2026-06-09 19:01:04,9946,4307,78.7
2026-06-09 19:01:07,9949,4308,24.9
2026-06-09 19:01:10,9952,4309,102
2026-06-09 19:01:13,9955,4310,54.1
2026-06-09 19:01:15,9957,4311,124
2026-06-09 19:01:19,9961,4312,130
2026-06-09 19:01:21,9963,4313,48.8
2026-06-09 19:01:24,9966,4314,40.0
2026-06-09 19:01:27,9969,4315,83.5
2026-06-09 19:01:30,9972,4316,174
2026-06-09 19:01:33,9975,4317,202
2026-06-09 19:01:36,9978,4318,54.8
2026-06-09 19:01:39,9981,4319,57.8
2026-06-09 19:01:42,9984,4320,31.3
2026-06-09 19:01:45,9987,4321,129
2026-06-09 19:01:48,9990,4322,95.4
2026-06-09 19:01:51,9993,4323,140
2026-06-09 19:01:54,9996,4324,35.7
2026-06-09 19:01:57,9999,4325,94.1
2026-06-09 19:02:00,10002,4326,89.5
2026-06-09 19:02:03,10005,4327,143
2026-06-09 19:02:06,10008,4328,41.7
2026-06-09 19:02:09,10011,4329,122
2026-06-09 19:02:12,10014,4330,346
2026-06-09 19:02:15,10017,4331,284
2026-06-09 19:02:18,10020,4332,128
2026-06-09 19:02:21,10023,4333,247
2026-06-09 19:02:23,10025,4334,86.1
2026-06-09 19:02:26,10028,4335,92.8
2026-06-09 19:02:29,10031,4336,81.5
2026-06-09 19:02:32,10034,4337,83.7
2026-06-09 19:02:35,10037,4338,64.5
2026-06-09 19:02:38,10040,4339,12.0
2026-06-09 19:02:41,10043,4340,155
2026-06-09 19:02:44,10046,4341,116
2026-06-09 19:02:46,10048,4342,99.3
2026-06-09 19:02:49,10051,4343,152
2026-06-09 19:02:52,10054,4344,82.4
2026-06-09 19:02:55,10057,4345,28.4
2026-06-09 19:02:58,10060,4346,59.7
2026-06-09 19:03:01,10063,4347,26.6
2026-06-09 19:03:03,10065,4348,95.0
2026-06-09 19:03:06,10068,4349,207
2026-06-09 19:03:09,10071,4350,110
2026-06-09 19:03:12,10074,4351,137
2026-06-09 19:03:15,10077,4352,105
2026-06-09 19:03:18,10080,4353,117
2026-06-09 19:03:21,10083,4354,179
2026-06-09 19:03:24,10086,4355,118
2026-06-09 19:03:27,10089,4356,101
2026-06-09 19:03:30,10092,4357,21.1
2026-06-09 19:03:33,10095,4358,93.3
2026-06-09 19:03:36,10098,4359,41.6
2026-06-09 19:03:38,10100,4360,38.2
2026-06-09 19:03:41,10103,4361,71.5
2026-06-09 19:03:45,10107,4362,68.9
2026-06-09 19:03:48,10110,4363,201
2026-06-09 19:03:50,10112,4364,133
2026-06-09 19:03:53,10115,4365,51.8
2026-06-09 19:03:56,10118,4366,95.5
2026-06-09 19:03:59,10121,4367,26.5
2026-06-09 19:04:02,10124,4368,113
2026-06-09 19:04:05,10127,4369,36.7
2026-06-09 19:04:08,10130,4370,32.9
2026-06-09 19:04:11,10133,4371,29.1
2026-06-09 19:04:14,10136,4372,86.7
2026-06-09 19:04:17,10139,4373,95.1
2026-06-09 19:04:20,10142,4374,31.5
2026-06-09 19:04:22,10144,4375,47.7
2026-06-09 19:04:25,10147,4376,27.8
2026-06-09 19:04:28,10150,4377,68.4
2026-06-09 19:04:31,10153,4378,34.3
2026-06-09 19:04:34,10156,4379,36.2
2026-06-09 19:04:37,10159,4380,174
2026-06-09 19:04:39,10161,4381,140
2026-06-09 19:04:42,10164,4382,133
2026-06-09 19:04:45,10167,4383,111
2026-06-09 19:04:48,10170,4384,97.5
2026-06-09 19:04:50,10172,4385,34.4
2026-06-09 19:04:53,10175,4386,85.6
2026-06-09 19:04:55,10177,4387,225
2026-06-09 19:04:58,10180,4388,64.8
2026-06-09 19:05:00,10182,4389,94.0
2026-06-09 19:05:02,10184,4390,225
2026-06-09 19:05:04,10186,4391,285
2026-06-09 19:05:07,10189,4392,158
2026-06-09 19:05:09,10191,4393,43.7
2026-06-09 19:05:12,10194,4394,107
2026-06-09 19:05:14,10196,4395,92.7
2026-06-09 19:05:17,10199,4396,168
2026-06-09 19:05:20,10202,4397,137
2026-06-09 19:05:23,10205,4398,55.8
2026-06-09 19:05:25,10207,4399,124
2026-06-09 19:05:28,10210,4400,202
2026-06-09 19:05:31,10213,4401,57.5
2026-06-09 19:05:34,10216,4402,52.6
2026-06-09 19:05:37,10219,4403,26.7
2026-06-09 19:05:40,10222,4404,13.5
2026-06-09 19:05:43,10225,4405,54.4
2026-06-09 19:05:46,10228,4406,233
2026-06-09 19:05:49,10231,4407,39.4
2026-06-09 19:05:51,10233,4408,49.3
2026-06-09 19:05:54,10236,4409,29.8
2026-06-09 19:05:57,10239,4410,64.7
2026-06-09 19:05:59,10241,4411,42.0
2026-06-09 19:06:02,10244,4412,122
2026-06-09 19:06:05,10247,4413,116
2026-06-09 19:06:07,10249,4414,117
2026-06-09 19:06:10,10252,4415,71.0
2026-06-09 19:06:12,10254,4416,49.1
2026-06-09 19:06:15,10257,4417,43.3
2026-06-09 19:06:18,10260,4418,36.0
2026-06-09 19:06:20,10262,4419,55.7
2026-06-09 19:06:23,10265,4420,175
2026-06-09 19:06:26,10268,4421,97.6
2026-06-09 19:06:28,10270,4422,121
2026-06-09 19:06:31,10273,4423,115
2026-06-09 19:06:33,10275,4424,93.2
2026-06-09 19:06:36,10278,4425,80.4
2026-06-09 19:06:38,10280,4426,187
2026-06-09 19:06:41,10283,4427,193
2026-06-09 19:06:44,10286,4428,41.8
2026-06-09 19:06:47,10289,4429,70.7
2026-06-09 19:06:49,10291,4430,66.6
2026-06-09 19:06:52,10294,4431,16.0
2026-06-09 19:06:55,10297,4432,277
2026-06-09 19:06:57,10299,4433,178
2026-06-09 19:07:00,10302,4434,60.5
2026-06-09 19:07:02,10304,4435,71.1
2026-06-09 19:07:05,10307,4436,142
2026-06-09 19:07:08,10310,4437,25.0
2026-06-09 19:07:11,10313,4438,38.4
2026-06-09 19:07:14,10316,4439,215
2026-06-09 19:07:17,10319,4440,49.3
2026-06-09 19:07:20,10322,4441,40.5
2026-06-09 19:07:23,10325,4442,19.7
2026-06-09 19:07:26,10328,4443,156
2026-06-09 19:07:28,10330,4444,101
2026-06-09 19:07:31,10333,4445,118
2026-06-09 19:07:34,10336,4446,219
2026-06-09 19:07:36,10338,4447,108
2026-06-09 19:07:39,10341,4448,42.5
2026-06-09 19:07:42,10344,4449,34.2
2026-06-09 19:07:45,10347,4450,211
2026-06-09 19:07:48,10350,4451,80.4
2026-06-09 19:07:51,10353,4452,14.0
2026-06-09 19:07:54,10356,4453,29.5
2026-06-09 19:07:57,10359,4454,23.7
2026-06-09 19:08:00,10362,4455,173
2026-06-09 19:08:03,10365,4456,94.6
2026-06-09 19:08:05,10367,4457,101
2026-06-09 19:08:08,10370,4458,108
2026-06-09 19:08:12,10374,4459,244
2026-06-09 19:08:15,10377,4460,126
2026-06-09 19:08:18,10380,4461,187
2026-06-09 19:08:21,10383,4462,169
2026-06-09 19:08:23,10385,4463,96.0
2026-06-09 19:08:26,10388,4464,45.8
2026-06-09 19:08:28,10390,4465,50.2
2026-06-09 19:08:31,10393,4466,25.3
2026-06-09 19:08:34,10396,4467,109
2026-06-09 19:08:36,10398,4468,124
2026-06-09 19:08:39,10401,4469,189
2026-06-09 19:08:42,10404,4470,23.1
2026-06-09 19:08:45,10407,4471,44.7
2026-06-09 19:08:48,10410,4472,57.2
2026-06-09 19:08:51,10413,4473,232
2026-06-09 19:08:54,10416,4474,35.2
2026-06-09 19:08:56,10418,4475,94.6
2026-06-09 19:08:59,10421,4476,66.5
2026-06-09 19:09:02,10424,4477,37.5
2026-06-09 19:09:04,10426,4478,201
2026-06-09 19:09:07,10429,4479,16.2
2026-06-09 19:09:09,10431,4480,53.5
2026-06-09 19:09:12,10434,4481,69.6
2026-06-09 19:09:15,10437,4482,155
2026-06-09 19:09:17,10439,4483,32.1
2026-06-09 19:09:20,10442,4484,47.3
2026-06-09 19:09:22,10444,4485,180
2026-06-09 19:09:25,10447,4486,46.1
2026-06-09 19:09:28,10450,4487,116
2026-06-09 19:09:30,10452,4488,45.2
2026-06-09 19:09:33,10455,4489,129
2026-06-09 19:09:36,10458,4490,49.6
2026-06-09 19:09:39,10461,4491,33.5
2026-06-09 19:09:41,10463,4492,62.4
2026-06-09 19:09:44,10466,4493,127
2026-06-09 19:09:47,10469,4494,20.3
2026-06-09 19:09:50,10471,4495,185
2026-06-09 19:09:52,10474,4496,166
2026-06-09 19:09:55,10477,4497,106
2026-06-09 19:09:58,10480,4498,314
2026-06-09 19:10:01,10483,4499,89.7
2026-06-09 19:10:04,10486,4500,35.7
2026-06-09 19:10:07,10489,4501,108
2026-06-09 19:10:10,10492,4502,256
2026-06-09 19:10:13,10495,4503,90.6
2026-06-09 19:10:15,10497,4504,25.9
2026-06-09 19:10:18,10500,4505,57.0
2026-06-09 19:10:21,10503,4506,120
2026-06-09 19:10:23,10505,4507,209
2026-06-09 19:10:26,10508,4508,34.1
2026-06-09 19:10:29,10511,4509,173
2026-06-09 19:10:32,10514,4510,243
2026-06-09 19:10:34,10516,4511,294
2026-06-09 19:10:37,10519,4512,25.6
2026-06-09 19:10:40,10522,4513,127
2026-06-09 19:10:43,10525,4514,217
2026-06-09 19:10:46,10528,4515,79.7
2026-06-09 19:10:49,10531,4516,42.3
2026-06-09 19:10:51,10533,4517,145
2026-06-09 19:10:54,10536,4518,25.3
2026-06-09 19:10:57,10539,4519,151
2026-06-09 19:10:59,10541,4520,53.6
2026-06-09 19:11:02,10544,4521,25.5
2026-06-09 19:11:05,10547,4522,217
2026-06-09 19:11:08,10550,4523,79.4
2026-06-09 19:11:11,10553,4524,50.9
2026-06-09 19:11:14,10556,4525,55.4
2026-06-09 19:11:17,10559,4526,187
2026-06-09 19:11:20,10562,4527,26.5
2026-06-09 19:11:23,10565,4528,25.8
2026-06-09 19:11:26,10568,4529,226
2026-06-09 19:11:29,10572,4530,178
2026-06-09 19:11:33,10575,4531,62.1
2026-06-09 19:11:36,10578,4532,217
2026-06-09 19:11:39,10581,4533,51.4
2026-06-09 19:11:42,10584,4534,64.9
2026-06-09 19:11:45,10587,4535,76.5
2026-06-09 19:11:47,10589,4536,121
2026-06-09 19:11:50,10592,4537,109
2026-06-09 19:11:53,10595,4538,21.9
2026-06-09 19:11:56,10598,4539,16.5
2026-06-09 19:11:59,10601,4540,132
2026-06-09 19:12:02,10604,4541,153
2026-06-09 19:12:05,10607,4542,62.4
2026-06-09 19:12:07,10609,4543,26.6
2026-06-09 19:12:10,10612,4544,48.7
2026-06-09 19:12:13,10615,4545,125
2026-06-09 19:12:15,10617,4546,135
2026-06-09 19:12:18,10620,4547,55.3
2026-06-09 19:12:21,10623,4548,65.9
2026-06-09 19:12:24,10626,4549,29.9
2026-06-09 19:12:26,10628,4550,250
2026-06-09 19:12:29,10631,4551,58.4
2026-06-09 19:12:31,10633,4552,79.3
2026-06-09 19:12:34,10636,4553,25.2
2026-06-09 19:12:37,10639,4554,23.8
2026-06-09 19:12:40,10642,4555,51.1
2026-06-09 19:12:43,10645,4556,25.4
2026-06-09 19:12:46,10648,4557,38.8
2026-06-09 19:12:48,10650,4558,45.0
2026-06-09 19:12:52,10654,4559,59.1
2026-06-09 19:12:55,10657,4560,47.4
2026-06-09 19:12:58,10660,4561,90.9
2026-06-09 19:13:00,10662,4562,112
2026-06-09 19:13:03,10665,4563,177
2026-06-09 19:13:06,10668,4564,341
2026-06-09 19:13:09,10671,4565,203
2026-06-09 19:13:12,10674,4566,87.1
2026-06-09 19:13:15,10677,4567,191
2026-06-09 19:13:17,10679,4568,316
2026-06-09 19:13:20,10682,4569,22.3
2026-06-09 19:13:23,10685,4570,75.2
2026-06-09 19:13:26,10688,4571,43.6
2026-06-09 19:13:29,10691,4572,101
2026-06-09 19:13:32,10694,4573,14.5
2026-06-09 19:13:35,10696,4574,85.1
2026-06-09 19:13:38,10700,4575,49.7
2026-06-09 19:13:40,10702,4576,69.1
2026-06-09 19:13:43,10705,4577,40.1
2026-06-09 19:13:46,10708,4578,83.0
2026-06-09 19:13:49,10711,4579,71.8
2026-06-09 19:13:52,10714,4580,56.5
2026-06-09 19:13:54,10716,4581,123
2026-06-09 19:13:57,10719,4582,93.8
2026-06-09 19:14:00,10722,4583,123
2026-06-09 19:14:02,10724,4584,51.6
2026-06-09 19:14:05,10727,4585,102
2026-06-09 19:14:08,10730,4586,30.8
2026-06-09 19:14:10,10732,4587,95.7
2026-06-09 19:14:13,10735,4588,44.9
2026-06-09 19:14:16,10738,4589,63.9
2026-06-09 19:14:19,10741,4590,191
2026-06-09 19:14:22,10744,4591,202
2026-06-09 19:14:25,10747,4592,48.4
2026-06-09 19:14:28,10750,4593,65.3
2026-06-09 19:14:31,10753,4594,44.2
2026-06-09 19:14:33,10755,4595,122
2026-06-09 19:14:36,10758,4596,114
2026-06-09 19:14:39,10761,4597,152
2026-06-09 19:14:42,10764,4598,73.1
2026-06-09 19:14:45,10767,4599,120
2026-06-09 19:14:47,10769,4600,139
2026-06-09 19:14:50,10772,4601,108
2026-06-09 19:14:53,10775,4602,21.0
2026-06-09 19:14:56,10778,4603,88.8
2026-06-09 19:14:59,10781,4604,25.6
2026-06-09 19:15:02,10784,4605,92.8
2026-06-09 19:15:04,10786,4606,75.5
2026-06-09 19:15:07,10789,4607,39.6
2026-06-09 19:15:10,10792,4608,123
2026-06-09 19:15:12,10794,4609,114
2026-06-09 19:15:15,10797,4610,37.0
2026-06-09 19:15:18,10800,4611,40.8
2026-06-09 19:15:21,10803,4612,55.2
2026-06-09 19:15:24,10806,4613,238
2026-06-09 19:15:26,10808,4614,161
2026-06-09 19:15:29,10811,4615,22.5
2026-06-09 19:15:32,10814,4616,148
2026-06-09 19:15:35,10817,4617,113
2026-06-09 19:15:38,10820,4618,130
2026-06-09 19:15:41,10823,4619,43.2
2026-06-09 19:15:43,10825,4620,16.0
2026-06-09 19:15:46,10828,4621,139
2026-06-09 19:15:49,10831,4622,33.8
2026-06-09 19:15:51,10833,4623,170
2026-06-09 19:15:53,10835,4624,156
2026-06-09 19:15:56,10838,4625,255
2026-06-09 19:15:58,10840,4626,130
2026-06-09 19:16:00,10842,4627,89.7
2026-06-09 19:16:03,10845,4628,99.9
2026-06-09 19:16:05,10847,4629,15.0
2026-06-09 19:16:08,10850,4630,43.1
2026-06-09 19:16:11,10853,4631,137
2026-06-09 19:16:14,10856,4632,75.3
2026-06-09 19:16:17,10859,4633,17.3
2026-06-09 19:16:20,10862,4634,68.0
2026-06-09 19:16:22,10864,4635,54.5
2026-06-09 19:16:25,10867,4636,120
2026-06-09 19:16:28,10870,4637,197
2026-06-09 19:16:30,10872,4638,102
2026-06-09 19:16:33,10875,4639,256
2026-06-09 19:16:36,10878,4640,53.6
2026-06-09 19:16:39,10881,4641,92.2
2026-06-09 19:16:42,10884,4642,98.8
2026-06-09 19:16:45,10887,4643,37.6
2026-06-09 19:16:48,10890,4644,41.1
2026-06-09 19:16:50,10892,4645,92.5
2026-06-09 19:16:53,10895,4646,40.1
2026-06-09 19:16:56,10898,4647,70.4
2026-06-09 19:16:59,10901,4648,34.3
2026-06-09 19:17:02,10904,4649,30.1
2026-06-09 19:17:05,10907,4650,102
2026-06-09 19:17:08,10910,4651,164
2026-06-09 19:17:11,10913,4652,302
2026-06-09 19:17:13,10915,4653,159
2026-06-09 19:17:16,10918,4654,73.5
2026-06-09 19:17:19,10921,4655,224
2026-06-09 19:17:21,10923,4656,63.0
2026-06-09 19:17:24,10926,4657,156
2026-06-09 19:17:27,10929,4658,164
2026-06-09 19:17:30,10932,4659,68.0
2026-06-09 19:17:33,10935,4660,17.7
2026-06-09 19:17:36,10938,4661,56.9
2026-06-09 19:17:39,10941,4662,59.3
2026-06-09 19:17:42,10944,4663,41.8
2026-06-09 19:17:45,10947,4664,231
2026-06-09 19:17:48,10950,4665,109
2026-06-09 19:17:50,10952,4666,38.5
2026-06-09 19:17:53,10955,4667,130
2026-06-09 19:17:56,10958,4668,15.2
2026-06-09 19:17:59,10961,4669,99.1
2026-06-09 19:18:02,10964,4670,15.9
2026-06-09 19:18:05,10967,4671,46.3
2026-06-09 19:18:08,10970,4672,21.5
2026-06-09 19:18:10,10972,4673,235
2026-06-09 19:18:13,10975,4674,193
2026-06-09 19:18:16,10978,4675,121
2026-06-09 19:18:18,10980,4676,163
2026-06-09 19:18:21,10983,4677,171
2026-06-09 19:18:24,10986,4678,28.7
2026-06-09 19:18:27,10989,4679,117
2026-06-09 19:18:30,10992,4680,56.9
2026-06-09 19:18:33,10995,4681,224
2026-06-09 19:18:36,10998,4682,153
2026-06-09 19:18:39,11001,4683,44.7
2026-06-09 19:18:41,11003,4684,35.3
2026-06-09 19:18:44,11006,4685,51.6
2026-06-09 19:18:47,11009,4686,34.6
2026-06-09 19:18:50,11012,4687,38.1
2026-06-09 19:18:53,11015,4688,67.1
2026-06-09 19:18:56,11018,4689,40.8
2026-06-09 19:18:59,11021,4690,110
2026-06-09 19:19:02,11024,4691,117
2026-06-09 19:19:05,11027,4692,19.9
2026-06-09 19:19:08,11030,4693,231
2026-06-09 19:19:11,11033,4694,259
2026-06-09 19:19:14,11036,4695,117
2026-06-09 19:19:17,11039,4696,102
2026-06-09 19:19:20,11042,4697,145
2026-06-09 19:19:22,11044,4698,176
2026-06-09 19:19:25,11047,4699,226
2026-06-09 19:19:28,11050,4700,145
2026-06-09 19:19:30,11052,4701,16.4
2026-06-09 19:19:33,11055,4702,33.3
2026-06-09 19:19:36,11058,4703,82.1
2026-06-09 19:19:39,11061,4704,86.6
2026-06-09 19:19:41,11063,4705,70.0
2026-06-09 19:19:44,11066,4706,245
2026-06-09 19:19:47,11069,4707,55.7
2026-06-09 19:19:50,11072,4708,266
2026-06-09 19:19:52,11074,4709,97.7
2026-06-09 19:19:56,11078,4710,62.9
2026-06-09 19:19:58,11080,4711,119
2026-06-09 19:20:01,11083,4712,43.9
2026-06-09 19:20:04,11086,4713,162
2026-06-09 19:20:06,11088,4714,22.5
2026-06-09 19:20:09,11091,4715,40.4
2026-06-09 19:20:12,11094,4716,66.6
2026-06-09 19:20:15,11097,4717,57.4
2026-06-09 19:20:18,11100,4718,195
2026-06-09 19:20:21,11103,4719,39.8
2026-06-09 19:20:24,11106,4720,46.6
2026-06-09 19:20:27,11109,4721,42.1
2026-06-09 19:20:30,11112,4722,237
2026-06-09 19:20:33,11115,4723,57.6
2026-06-09 19:20:36,11118,4724,9.70
2026-06-09 19:20:38,11120,4725,46.0
2026-06-09 19:20:41,11123,4726,169
2026-06-09 19:20:44,11126,4727,36.0
2026-06-09 19:20:47,11129,4728,48.2
2026-06-09 19:20:50,11132,4729,28.3
2026-06-09 19:20:53,11135,4730,68.0
2026-06-09 19:20:56,11138,4731,143
2026-06-09 19:20:58,11140,4732,115
2026-06-09 19:21:01,11143,4733,131
2026-06-09 19:21:04,11146,4734,40.3
2026-06-09 19:21:07,11149,4735,111
2026-06-09 19:21:09,11151,4736,87.1
2026-06-09 19:21:12,11154,4737,123
2026-06-09 19:21:15,11157,4738,196
2026-06-09 19:21:18,11160,4739,92.5
2026-06-09 19:21:21,11163,4740,25.2
2026-06-09 19:21:24,11166,4741,67.0
2026-06-09 19:21:27,11169,4742,140
2026-06-09 19:21:30,11172,4743,112
2026-06-09 19:21:33,11175,4744,229
2026-06-09 19:21:35,11177,4745,101
2026-06-09 19:21:38,11180,4746,125
2026-06-09 19:21:41,11183,4747,41.6
2026-06-09 19:21:44,11186,4748,25.4
2026-06-09 19:21:46,11188,4749,36.8
2026-06-09 19:21:49,11191,4750,53.4
2026-06-09 19:21:52,11194,4751,238
2026-06-09 19:21:56,11198,4752,124
2026-06-09 19:21:58,11200,4753,174
2026-06-09 19:22:02,11204,4754,104
2026-06-09 19:22:04,11206,4755,33.4
2026-06-09 19:22:07,11209,4756,170
2026-06-09 19:22:10,11212,4757,152
2026-06-09 19:22:13,11215,4758,129
2026-06-09 19:22:16,11218,4759,159
2026-06-09 19:22:19,11221,4760,76.6
2026-06-09 19:22:22,11224,4761,61.1
2026-06-09 19:22:25,11227,4762,44.2
2026-06-09 19:22:28,11230,4763,240
2026-06-09 19:22:31,11233,4764,154
2026-06-09 19:22:34,11236,4765,39.1
2026-06-09 19:22:37,11239,4766,83.7
2026-06-09 19:22:40,11242,4767,24.3
2026-06-09 19:22:43,11245,4768,111
2026-06-09 19:22:46,11248,4769,114
2026-06-09 19:22:49,11251,4770,61.7
2026-06-09 19:22:52,11254,4771,41.5
2026-06-09 19:22:55,11257,4772,20.9
2026-06-09 19:22:58,11260,4773,112
2026-06-09 19:23:01,11263,4774,74.2
2026-06-09 19:23:04,11266,4775,174
2026-06-09 19:23:07,11269,4776,67.7
2026-06-09 19:23:09,11271,4777,34.9
2026-06-09 19:23:12,11274,4778,157
2026-06-09 19:23:15,11277,4779,29.9
2026-06-09 19:23:18,11280,4780,93.3
2026-06-09 19:23:21,11283,4781,97.6
2026-06-09 19:23:24,11286,4782,168
2026-06-09 19:23:27,11289,4783,161
2026-06-09 19:23:29,11291,4784,215
2026-06-09 19:23:32,11294,4785,145
2026-06-09 19:23:35,11297,4786,85.9
2026-06-09 19:23:38,11300,4787,186
2026-06-09 19:23:41,11303,4788,67.5
2026-06-09 19:23:44,11306,4789,170
2026-06-09 19:23:47,11309,4790,18.0
2026-06-09 19:23:50,11312,4791,150
2026-06-09 19:23:53,11315,4792,41.2
2026-06-09 19:23:56,11318,4793,108
2026-06-09 19:23:58,11320,4794,45.6
2026-06-09 19:24:01,11323,4795,53.7
2026-06-09 19:24:04,11326,4796,211
2026-06-09 19:24:07,11329,4797,178
2026-06-09 19:24:10,11332,4798,86.8
2026-06-09 19:24:13,11335,4799,12.9
2026-06-09 19:24:16,11338,4800,60.8
2026-06-09 19:24:19,11341,4801,110
2026-06-09 19:24:22,11344,4802,185
2026-06-09 19:24:25,11347,4803,34.2
2026-06-09 19:24:28,11350,4804,35.7
2026-06-09 19:24:31,11353,4805,207
2026-06-09 19:24:34,11356,4806,142
2026-06-09 19:24:37,11359,4807,93.6
2026-06-09 19:24:39,11361,4808,73.0
2026-06-09 19:24:42,11364,4809,121
2026-06-09 19:24:45,11367,4810,78.9
2026-06-09 19:24:48,11370,4811,279
2026-06-09 19:24:51,11373,4812,321
2026-06-09 19:24:54,11376,4813,148
2026-06-09 19:24:56,11378,4814,186
2026-06-09 19:24:59,11381,4815,40.5
2026-06-09 19:25:02,11384,4816,187
2026-06-09 19:25:05,11387,4817,190
2026-06-09 19:25:08,11390,4818,282
2026-06-09 19:25:11,11393,4819,72.2
2026-06-09 19:25:14,11396,4820,200
2026-06-09 19:25:16,11398,4821,116
2026-06-09 19:25:19,11401,4822,93.9
2026-06-09 19:25:22,11404,4823,134
2026-06-09 19:25:25,11407,4824,25.1
2026-06-09 19:25:28,11410,4825,106
2026-06-09 19:25:31,11413,4826,247
2026-06-09 19:25:34,11416,4827,380
2026-06-09 19:25:37,11419,4828,65.7
2026-06-09 19:25:40,11422,4829,40.8
2026-06-09 19:25:43,11425,4830,266
2026-06-09 19:25:46,11428,4831,151
2026-06-09 19:25:49,11431,4832,43.7
2026-06-09 19:25:52,11434,4833,124
2026-06-09 19:25:54,11436,4834,40.4
2026-06-09 19:25:57,11439,4835,90.4
2026-06-09 19:26:00,11442,4836,200
2026-06-09 19:26:02,11444,4837,406
2026-06-09 19:26:04,11446,4838,76.2
2026-06-09 19:26:07,11449,4839,164
2026-06-09 19:26:09,11451,4840,30.0
2026-06-09 19:26:11,11453,4841,130
2026-06-09 19:26:13,11455,4842,80.9
2026-06-09 19:26:16,11458,4843,30.4
2026-06-09 19:26:18,11460,4844,55.7
2026-06-09 19:26:21,11463,4845,109
2026-06-09 19:26:24,11466,4846,142
2026-06-09 19:26:27,11469,4847,31.4
2026-06-09 19:26:30,11472,4848,187
2026-06-09 19:26:33,11475,4849,36.9
2026-06-09 19:26:36,11478,4850,28.4
2026-06-09 19:26:39,11481,4851,18.2
2026-06-09 19:26:42,11484,4852,25.2
2026-06-09 19:26:44,11486,4853,83.5
2026-06-09 19:26:47,11489,4854,124
2026-06-09 19:26:50,11492,4855,178
2026-06-09 19:26:53,11495,4856,22.1
2026-06-09 19:26:56,11498,4857,229
2026-06-09 19:26:59,11501,4858,71.8
2026-06-09 19:27:02,11504,4859,56.3
2026-06-09 19:27:05,11507,4860,57.5
2026-06-09 19:27:07,11509,4861,244
2026-06-09 19:27:10,11512,4862,142
2026-06-09 19:27:13,11515,4863,130
2026-06-09 19:27:16,11518,4864,114
2026-06-09 19:27:18,11520,4865,205
2026-06-09 19:27:21,11523,4866,131
2026-06-09 19:27:23,11525,4867,138
2026-06-09 19:27:26,11528,4868,142
2026-06-09 19:27:29,11531,4869,168
2026-06-09 19:27:32,11534,4870,43.8
2026-06-09 19:27:35,11537,4871,41.9
2026-06-09 19:27:38,11540,4872,54.3
2026-06-09 19:27:40,11542,4873,59.6
2026-06-09 19:27:43,11545,4874,82.2
2026-06-09 19:27:46,11548,4875,116
2026-06-09 19:27:49,11551,4876,36.0
2026-06-09 19:27:52,11554,4877,49.8
2026-06-09 19:27:55,11557,4878,250
2026-06-09 19:27:58,11560,4879,83.4
2026-06-09 19:28:01,11563,4880,50.0
2026-06-09 19:28:03,11565,4881,27.6
2026-06-09 19:28:06,11568,4882,25.2
2026-06-09 19:28:09,11571,4883,193
2026-06-09 19:28:13,11575,4884,24.3
2026-06-09 19:28:15,11577,4885,129
2026-06-09 19:28:18,11580,4886,148
2026-06-09 19:28:21,11583,4887,189
2026-06-09 19:28:23,11585,4888,153
2026-06-09 19:28:26,11588,4889,260
2026-06-09 19:28:29,11591,4890,23.1
2026-06-09 19:28:32,11594,4891,55.6
2026-06-09 19:28:35,11597,4892,131
2026-06-09 19:28:37,11599,4893,147
2026-06-09 19:28:40,11602,4894,259
2026-06-09 19:28:43,11605,4895,112
2026-06-09 19:28:46,11608,4896,171
2026-06-09 19:28:49,11611,4897,35.2
2026-06-09 19:28:51,11613,4898,199
2026-06-09 19:28:54,11616,4899,154
2026-06-09 19:28:57,11619,4900,39.1
2026-06-09 19:29:00,11622,4901,69.9
2026-06-09 19:29:03,11625,4902,115
2026-06-09 19:29:06,11628,4903,107
2026-06-09 19:29:08,11630,4904,131
2026-06-09 19:29:11,11633,4905,52.4
2026-06-09 19:29:14,11636,4906,44.1
2026-06-09 19:29:17,11639,4907,45.6
2026-06-09 19:29:20,11642,4908,21.8
2026-06-09 19:29:23,11645,4909,43.6
2026-06-09 19:29:25,11647,4910,93.8
2026-06-09 19:29:28,11650,4911,134
2026-06-09 19:29:31,11653,4912,83.5
2026-06-09 19:29:34,11656,4913,95.1
2026-06-09 19:29:36,11658,4914,49.0
2026-06-09 19:29:39,11661,4915,157
2026-06-09 19:29:42,11664,4916,38.5
2026-06-09 19:29:45,11667,4917,95.9
2026-06-09 19:29:47,11669,4918,120
2026-06-09 19:29:50,11672,4919,215
2026-06-09 19:29:53,11675,4920,57.4
2026-06-09 19:29:56,11678,4921,56.6
2026-06-09 19:29:59,11681,4922,265
2026-06-09 19:30:01,11683,4923,95.4
2026-06-09 19:30:04,11686,4924,44.2
2026-06-09 19:30:07,11689,4925,99.8
2026-06-09 19:30:10,11692,4926,39.0
2026-06-09 19:30:13,11695,4927,62.6
2026-06-09 19:30:15,11697,4928,180
2026-06-09 19:30:18,11700,4929,64.0
2026-06-09 19:30:21,11703,4930,51.7
2026-06-09 19:30:23,11705,4931,26.0
2026-06-09 19:30:26,11708,4932,22.8
2026-06-09 19:30:29,11711,4933,60.1
2026-06-09 19:30:32,11714,4934,96.0
2026-06-09 19:30:35,11717,4935,95.3
2026-06-09 19:30:37,11719,4936,107
2026-06-09 19:30:40,11722,4937,50.7
2026-06-09 19:30:43,11725,4938,188
2026-06-09 19:30:46,11728,4939,38.3
2026-06-09 19:30:49,11731,4940,70.7
2026-06-09 19:30:51,11733,4941,225
2026-06-09 19:30:54,11736,4942,59.4
2026-06-09 19:30:57,11739,4943,49.0
2026-06-09 19:31:00,11742,4944,295
2026-06-09 19:31:03,11745,4945,132
2026-06-09 19:31:06,11748,4946,57.1
2026-06-09 19:31:09,11751,4947,148
2026-06-09 19:31:11,11753,4948,154
2026-06-09 19:31:14,11756,4949,70.9
2026-06-09 19:31:18,11760,4950,23.8
2026-06-09 19:31:20,11762,4951,156
2026-06-09 19:31:23,11765,4952,61.1
2026-06-09 19:31:26,11768,4953,136
2026-06-09 19:31:29,11771,4954,242
2026-06-09 19:31:31,11773,4955,56.0
2026-06-09 19:31:34,11776,4956,105
2026-06-09 19:31:37,11779,4957,208
2026-06-09 19:31:39,11781,4958,168
2026-06-09 19:31:42,11784,4959,137
2026-06-09 19:31:45,11787,4960,24.3
2026-06-09 19:31:47,11789,4961,82.0
2026-06-09 19:31:50,11792,4962,103
2026-06-09 19:31:53,11795,4963,103
2026-06-09 19:31:55,11797,4964,148
2026-06-09 19:31:58,11800,4965,73.4
2026-06-09 19:32:01,11803,4966,124
2026-06-09 19:32:04,11806,4967,32.6
2026-06-09 19:32:07,11809,4968,64.0
2026-06-09 19:32:10,11812,4969,29.4
2026-06-09 19:32:13,11815,4970,106
2026-06-09 19:32:16,11818,4971,49.1
2026-06-09 19:32:19,11821,4972,25.9
2026-06-09 19:32:22,11824,4973,51.0
2026-06-09 19:32:25,11827,4974,126
2026-06-09 19:32:27,11829,4975,57.2
2026-06-09 19:32:30,11832,4976,172
2026-06-09 19:32:33,11835,4977,30.6
2026-06-09 19:32:36,11838,4978,70.0
2026-06-09 19:32:39,11841,4979,139
2026-06-09 19:32:42,11844,4980,166
2026-06-09 19:32:45,11847,4981,106
2026-06-09 19:32:48,11850,4982,163
2026-06-09 19:32:51,11853,4983,37.5
2026-06-09 19:32:54,11856,4984,39.8
2026-06-09 19:32:57,11859,4985,63.8
2026-06-09 19:33:00,11862,4986,108
2026-06-09 19:33:02,11864,4987,44.3
2026-06-09 19:33:05,11867,4988,141
2026-06-09 19:33:08,11870,4989,162
2026-06-09 19:33:10,11872,4990,84.2
2026-06-09 19:33:13,11875,4991,25.1
2026-06-09 19:33:16,11878,4992,67.4
2026-06-09 19:33:19,11881,4993,26.6
2026-06-09 19:33:22,11884,4994,24.7
2026-06-09 19:33:24,11886,4995,123
2026-06-09 19:33:27,11889,4996,12.4
2026-06-09 19:33:30,11892,4997,234
2026-06-09 19:33:33,11895,4998,65.1
2026-06-09 19:33:36,11898,4999,38.0
2026-06-09 19:33:39,11901,5000,113
2026-06-09 19:33:42,11904,5001,124
2026-06-09 19:33:45,11907,5002,227
2026-06-09 19:33:48,11910,5003,69.0
2026-06-09 19:33:50,11912,5004,53.6
2026-06-09 19:33:53,11915,5005,140
2026-06-09 19:33:56,11918,5006,145
2026-06-09 19:33:59,11921,5007,43.6
2026-06-09 19:34:02,11924,5008,155
2026-06-09 19:34:04,11926,5009,208
2026-06-09 19:34:07,11929,5010,43.4
2026-06-09 19:34:10,11931,5011,35.4
2026-06-09 19:34:12,11934,5012,25.6
2026-06-09 19:34:15,11937,5013,41.1
2026-06-09 19:34:17,11939,5014,265
2026-06-09 19:34:20,11942,5015,25.6
2026-06-09 19:34:23,11945,5016,43.2
2026-06-09 19:34:26,11948,5017,81.0
2026-06-09 19:34:28,11950,5018,134
2026-06-09 19:34:31,11953,5019,57.2
2026-06-09 19:34:34,11956,5020,97.5
2026-06-09 19:34:37,11959,5021,81.8
2026-06-09 19:34:40,11962,5022,85.7
2026-06-09 19:34:43,11965,5023,40.6
2026-06-09 19:34:46,11968,5024,325
2026-06-09 19:34:49,11971,5025,28.4
2026-06-09 19:34:51,11973,5026,185
2026-06-09 19:34:54,11976,5027,245
2026-06-09 19:34:57,11979,5028,69.9
2026-06-09 19:34:59,11981,5029,35.7
2026-06-09 19:35:01,11983,5030,48.8
2026-06-09 19:35:04,11986,5031,28.0
2026-06-09 19:35:07,11989,5032,106
2026-06-09 19:35:09,11991,5033,98.3
2026-06-09 19:35:12,11994,5034,166
2026-06-09 19:35:15,11997,5035,205
2026-06-09 19:35:17,11999,5036,31.4
2026-06-09 19:35:20,12002,5037,26.3
2026-06-09 19:35:22,12004,5038,33.9
2026-06-09 19:35:25,12007,5039,256
2026-06-09 19:35:28,12010,5040,99.0
2026-06-09 19:35:30,12012,5041,94.0
2026-06-09 19:35:33,12015,5042,192
2026-06-09 19:35:35,12017,5043,141
2026-06-09 19:35:38,12020,5044,27.2
2026-06-09 19:35:41,12023,5045,144
2026-06-09 19:35:43,12025,5046,208
2026-06-09 19:35:46,12028,5047,188
2026-06-09 19:35:49,12031,5048,82.6
2026-06-09 19:35:51,12033,5049,32.5
2026-06-09 19:35:54,12036,5050,63.9
2026-06-09 19:35:57,12039,5051,255
2026-06-09 19:35:59,12041,5052,200
2026-06-09 19:36:02,12044,5053,99.2
2026-06-09 19:36:04,12046,5054,23.7
2026-06-09 19:36:07,12049,5055,76.3
2026-06-09 19:36:10,12052,5056,133
2026-06-09 19:36:12,12054,5057,25.2
2026-06-09 19:36:15,12057,5058,122
2026-06-09 19:36:17,12059,5059,155
2026-06-09 19:36:20,12062,5060,29.9
2026-06-09 19:36:23,12065,5061,33.9
2026-06-09 19:36:26,12068,5062,145
2026-06-09 19:36:29,12071,5063,89.3
2026-06-09 19:36:32,12074,5064,255
2026-06-09 19:36:35,12077,5065,18.8
2026-06-09 19:36:37,12079,5066,54.5
2026-06-09 19:36:40,12082,5067,68.6
2026-06-09 19:36:43,12085,5068,151
2026-06-09 19:36:46,12088,5069,83.4
2026-06-09 19:36:49,12091,5070,203
2026-06-09 19:36:51,12093,5071,29.9
2026-06-09 19:36:53,12095,5072,96.6
2026-06-09 19:36:56,12098,5073,85.5
2026-06-09 19:36:58,12100,5074,131
2026-06-09 19:37:00,12102,5075,42.8
2026-06-09 19:37:03,12105,5076,89.2
2026-06-09 19:37:05,12107,5077,34.7
2026-06-09 19:37:07,12109,5078,91.5
2026-06-09 19:37:10,12112,5079,26.5
2026-06-09 19:37:13,12115,5080,45.2
2026-06-09 19:37:15,12117,5081,234
2026-06-09 19:37:18,12120,5082,36.9
2026-06-09 19:37:21,12123,5083,68.1
2026-06-09 19:37:24,12126,5084,73.2
2026-06-09 19:37:26,12128,5085,82.0
2026-06-09 19:37:29,12131,5086,38.2
2026-06-09 19:37:32,12134,5087,23.2
2026-06-09 19:37:35,12137,5088,51.6
2026-06-09 19:37:38,12140,5089,71.0
2026-06-09 19:37:41,12143,5090,85.2
2026-06-09 19:37:44,12146,5091,50.7
2026-06-09 19:37:46,12148,5092,25.5
2026-06-09 19:37:49,12151,5093,91.3
2026-06-09 19:37:52,12154,5094,18.9
2026-06-09 19:37:55,12157,5095,163
2026-06-09 19:37:57,12159,5096,212
2026-06-09 19:38:00,12162,5097,44.3
2026-06-09 19:38:03,12165,5098,35.2
2026-06-09 19:38:06,12168,5099,211
2026-06-09 19:38:08,12170,5100,38.1
2026-06-09 19:38:11,12173,5101,239
2026-06-09 19:38:14,12176,5102,163
2026-06-09 19:38:17,12179,5103,57.7
2026-06-09 19:38:20,12182,5104,55.8
2026-06-09 19:38:23,12185,5105,217
2026-06-09 19:38:26,12188,5106,35.0
2026-06-09 19:38:28,12190,5107,114
2026-06-09 19:38:31,12193,5108,29.4
2026-06-09 19:38:34,12196,5109,99.1
2026-06-09 19:38:37,12199,5110,55.7
2026-06-09 19:38:40,12202,5111,61.4
2026-06-09 19:38:43,12205,5112,117
2026-06-09 19:38:45,12207,5113,20.1
2026-06-09 19:38:48,12210,5114,113
2026-06-09 19:38:51,12213,5115,30.8
2026-06-09 19:38:53,12215,5116,73.2
2026-06-09 19:38:56,12218,5117,60.3
2026-06-09 19:38:59,12221,5118,100
2026-06-09 19:39:01,12223,5119,45.0
2026-06-09 19:39:04,12226,5120,43.2
2026-06-09 19:39:07,12229,5121,97.0
2026-06-09 19:39:10,12232,5122,32.2
2026-06-09 19:39:13,12235,5123,171
2026-06-09 19:39:15,12237,5124,289
2026-06-09 19:39:18,12240,5125,50.6
2026-06-09 19:39:21,12243,5126,37.2
2026-06-09 19:39:24,12246,5127,227
2026-06-09 19:39:27,12249,5128,10.6
2026-06-09 19:39:30,12252,5129,174
2026-06-09 19:39:32,12254,5130,150
2026-06-09 19:39:35,12257,5131,59.5
2026-06-09 19:39:38,12260,5132,78.9
2026-06-09 19:39:41,12263,5133,187
2026-06-09 19:39:44,12266,5134,280
2026-06-09 19:39:47,12269,5135,79.0
2026-06-09 19:39:50,12272,5136,63.4
2026-06-09 19:39:53,12275,5137,33.1
2026-06-09 19:39:56,12278,5138,68.9
2026-06-09 19:39:59,12281,5139,136
2026-06-09 19:40:02,12284,5140,221
2026-06-09 19:40:05,12287,5141,18.9
2026-06-09 19:40:07,12289,5142,53.1
2026-06-09 19:40:10,12292,5143,242
2026-06-09 19:40:13,12295,5144,47.4
2026-06-09 19:40:15,12297,5145,90.8
2026-06-09 19:40:18,12300,5146,41.5
2026-06-09 19:40:21,12303,5147,57.5
2026-06-09 19:40:24,12306,5148,34.0
2026-06-09 19:40:27,12309,5149,38.0
2026-06-09 19:40:29,12311,5150,200
2026-06-09 19:40:32,12314,5151,127
2026-06-09 19:40:35,12317,5152,153
2026-06-09 19:40:37,12319,5153,125
2026-06-09 19:40:40,12322,5154,114
2026-06-09 19:40:43,12325,5155,155
2026-06-09 19:40:46,12328,5156,24.3
2026-06-09 19:40:49,12331,5157,55.4
2026-06-09 19:40:52,12334,5158,20.7
2026-06-09 19:40:55,12337,5159,56.7
2026-06-09 19:40:58,12340,5160,29.9
2026-06-09 19:41:00,12342,5161,130
2026-06-09 19:41:03,12345,5162,182
2026-06-09 19:41:06,12348,5163,83.0
2026-06-09 19:41:09,12351,5164,14.7
2026-06-09 19:41:12,12354,5165,33.5
2026-06-09 19:41:15,12357,5166,45.6
2026-06-09 19:41:18,12360,5167,68.8
2026-06-09 19:41:21,12363,5168,118
2026-06-09 19:41:23,12365,5169,168
2026-06-09 19:41:26,12368,5170,40.8
2026-06-09 19:41:28,12370,5171,92.1
2026-06-09 19:41:31,12373,5172,90.0
2026-06-09 19:41:34,12376,5173,135
2026-06-09 19:41:37,12379,5174,119
2026-06-09 19:41:39,12381,5175,37.8
2026-06-09 19:41:42,12384,5176,47.2
2026-06-09 19:41:45,12387,5177,73.1
2026-06-09 19:41:48,12390,5178,41.9
2026-06-09 19:41:51,12393,5179,30.2
2026-06-09 19:41:54,12396,5180,175
2026-06-09 19:41:56,12398,5181,172
2026-06-09 19:41:59,12401,5182,100
2026-06-09 19:42:02,12404,5183,20.0
2026-06-09 19:42:05,12407,5184,33.2
2026-06-09 19:42:08,12410,5185,216
2026-06-09 19:42:10,12412,5186,35.3
2026-06-09 19:42:13,12415,5187,38.1
2026-06-09 19:42:16,12418,5188,29.3
2026-06-09 19:42:18,12420,5189,220
2026-06-09 19:42:21,12423,5190,21.7
2026-06-09 19:42:24,12426,5191,126
2026-06-09 19:42:27,12429,5192,128
2026-06-09 19:42:29,12431,5193,155
2026-06-09 19:42:32,12434,5194,95.2
2026-06-09 19:42:35,12437,5195,76.1
2026-06-09 19:42:37,12439,5196,44.3
2026-06-09 19:42:40,12442,5197,52.7
2026-06-09 19:42:43,12445,5198,140
2026-06-09 19:42:45,12447,5199,276
2026-06-09 19:42:48,12450,5200,26.8
2026-06-09 19:42:51,12453,5201,29.6
2026-06-09 19:42:53,12455,5202,231
2026-06-09 19:42:56,12458,5203,74.2
2026-06-09 19:42:59,12461,5204,260
2026-06-09 19:43:02,12464,5205,101
2026-06-09 19:43:05,12467,5206,213
2026-06-09 19:43:07,12469,5207,43.8
2026-06-09 19:43:10,12472,5208,35.4
2026-06-09 19:43:13,12475,5209,161
2026-06-09 19:43:15,12477,5210,101
2026-06-09 19:43:18,12480,5211,67.1
2026-06-09 19:43:21,12483,5212,92.0
2026-06-09 19:43:23,12485,5213,92.3
2026-06-09 19:43:26,12488,5214,35.5
2026-06-09 19:43:29,12491,5215,50.2
2026-06-09 19:43:32,12494,5216,343
2026-06-09 19:43:35,12497,5217,98.8
2026-06-09 19:43:38,12500,5218,184
2026-06-09 19:43:41,12503,5219,51.9
2026-06-09 19:43:44,12506,5220,37.0
2026-06-09 19:43:47,12509,5221,28.7
2026-06-09 19:43:49,12511,5222,37.2
2026-06-09 19:43:52,12514,5223,40.0
2026-06-09 19:43:55,12517,5224,43.7
2026-06-09 19:43:58,12520,5225,113
2026-06-09 19:44:01,12523,5226,42.2
2026-06-09 19:44:04,12526,5227,56.9
2026-06-09 19:44:07,12529,5228,75.0
2026-06-09 19:44:10,12532,5229,63.4
2026-06-09 19:44:13,12535,5230,82.6
2026-06-09 19:44:15,12537,5231,25.8
2026-06-09 19:44:18,12540,5232,80.2
2026-06-09 19:44:21,12543,5233,40.2
2026-06-09 19:44:24,12546,5234,46.3
2026-06-09 19:44:26,12548,5235,46.1
2026-06-09 19:44:29,12551,5236,111
2026-06-09 19:44:32,12554,5237,95.0
2026-06-09 19:44:35,12557,5238,215
2026-06-09 19:44:38,12560,5239,98.3
2026-06-09 19:44:40,12562,5240,61.3
2026-06-09 19:44:43,12565,5241,328
2026-06-09 19:44:46,12568,5242,115
2026-06-09 19:44:48,12570,5243,80.4
2026-06-09 19:44:51,12573,5244,110
2026-06-09 19:44:54,12576,5245,115
2026-06-09 19:44:57,12579,5246,37.4
2026-06-09 19:44:59,12581,5247,43.2
2026-06-09 19:45:02,12584,5248,71.2
2026-06-09 19:45:05,12587,5249,50.4
2026-06-09 19:45:08,12590,5250,127
2026-06-09 19:45:11,12593,5251,64.3
2026-06-09 19:45:14,12596,5252,143
2026-06-09 19:45:17,12599,5253,22.7
2026-06-09 19:45:19,12601,5254,54.4
2026-06-09 19:45:22,12604,5255,20.7
2026-06-09 19:45:25,12607,5256,54.9
2026-06-09 19:45:28,12610,5257,124
2026-06-09 19:45:31,12613,5258,108
2026-06-09 19:45:33,12615,5259,229
2026-06-09 19:45:36,12618,5260,43.9
2026-06-09 19:45:39,12621,5261,170
2026-06-09 19:45:42,12624,5262,32.6
2026-06-09 19:45:45,12627,5263,109
2026-06-09 19:45:48,12630,5264,67.5
2026-06-09 19:45:51,12633,5265,180
2026-06-09 19:45:54,12636,5266,154
2026-06-09 19:45:57,12639,5267,90.3
2026-06-09 19:45:59,12641,5268,72.5
2026-06-09 19:46:02,12644,5269,65.0
2026-06-09 19:46:05,12647,5270,18.0
2026-06-09 19:46:08,12650,5271,90.1
2026-06-09 19:46:11,12653,5272,102
2026-06-09 19:46:13,12655,5273,202
2026-06-09 19:46:16,12658,5274,64.1
2026-06-09 19:46:19,12661,5275,36.5
2026-06-09 19:46:22,12664,5276,85.5
2026-06-09 19:46:25,12667,5277,116
2026-06-09 19:46:28,12670,5278,153
2026-06-09 19:46:31,12673,5279,73.6
2026-06-09 19:46:33,12675,5280,90.8
2026-06-09 19:46:36,12678,5281,25.2
2026-06-09 19:46:39,12681,5282,33.0
2026-06-09 19:46:42,12684,5283,109
2026-06-09 19:46:44,12686,5284,218
2026-06-09 19:46:47,12689,5285,177
2026-06-09 19:46:49,12691,5286,80.9
2026-06-09 19:46:52,12694,5287,65.0
2026-06-09 19:46:55,12697,5288,223
2026-06-09 19:46:57,12699,5289,42.5
2026-06-09 19:47:00,12702,5290,66.6
2026-06-09 19:47:02,12704,5291,39.8
2026-06-09 19:47:05,12707,5292,30.8
2026-06-09 19:47:08,12710,5293,33.3
2026-06-09 19:47:10,12712,5294,48.4
2026-06-09 19:47:13,12715,5295,130
2026-06-09 19:47:15,12717,5296,118
2026-06-09 19:47:18,12720,5297,28.3
2026-06-09 19:47:21,12723,5298,22.4
2026-06-09 19:47:23,12725,5299,132
2026-06-09 19:47:26,12728,5300,113
2026-06-09 19:47:29,12731,5301,53.2
2026-06-09 19:47:31,12733,5302,78.6
2026-06-09 19:47:34,12736,5303,186
2026-06-09 19:47:36,12738,5304,21.8
2026-06-09 19:47:39,12741,5305,120
2026-06-09 19:47:42,12744,5306,30.6
2026-06-09 19:47:45,12747,5307,121
2026-06-09 19:47:47,12749,5308,44.4
2026-06-09 19:47:50,12752,5309,39.1
2026-06-09 19:47:52,12754,5310,319
2026-06-09 19:47:55,12757,5311,127
2026-06-09 19:47:57,12759,5312,177
2026-06-09 19:48:00,12762,5313,180
2026-06-09 19:48:02,12764,5314,136
2026-06-09 19:48:04,12766,5315,96.5
2026-06-09 19:48:06,12768,5316,99.7
2026-06-09 19:48:08,12770,5317,10.4
2026-06-09 19:48:11,12773,5318,25.0
2026-06-09 19:48:13,12775,5319,178
2026-06-09 19:48:16,12778,5320,122
2026-06-09 19:48:18,12780,5321,66.6
2026-06-09 19:48:21,12783,5322,36.9
2026-06-09 19:48:23,12785,5323,148
2026-06-09 19:48:26,12788,5324,209
2026-06-09 19:48:29,12791,5325,58.0
2026-06-09 19:48:32,12794,5326,30.2
2026-06-09 19:48:34,12796,5327,11.9
2026-06-09 19:48:37,12799,5328,195
2026-06-09 19:48:40,12802,5329,34.8
2026-06-09 19:48:43,12805,5330,102
2026-06-09 19:48:45,12807,5331,155
2026-06-09 19:48:48,12810,5332,38.5
2026-06-09 19:48:50,12812,5333,79.6
2026-06-09 19:48:53,12815,5334,96.0
2026-06-09 19:48:56,12818,5335,26.4
2026-06-09 19:48:59,12821,5336,58.0
2026-06-09 19:49:01,12823,5337,40.6
2026-06-09 19:49:04,12826,5338,42.2
2026-06-09 19:49:07,12829,5339,160
2026-06-09 19:49:10,12832,5340,134
2026-06-09 19:49:13,12835,5341,42.2
2026-06-09 19:49:16,12838,5342,31.2
2026-06-09 19:49:19,12841,5343,203
2026-06-09 19:49:21,12843,5344,80.8
2026-06-09 19:49:24,12846,5345,43.6
2026-06-09 19:49:26,12848,5346,60.6
2026-06-09 19:49:29,12851,5347,330
2026-06-09 19:49:32,12854,5348,262
2026-06-09 19:49:35,12857,5349,93.8
2026-06-09 19:49:37,12859,5350,55.5
2026-06-09 19:49:40,12862,5351,121
2026-06-09 19:49:43,12865,5352,26.1
2026-06-09 19:49:46,12868,5353,41.2
2026-06-09 19:49:48,12870,5354,22.0
2026-06-09 19:49:51,12873,5355,217
2026-06-09 19:49:54,12876,5356,124
2026-06-09 19:49:57,12879,5357,61.7
2026-06-09 19:49:59,12881,5358,142
2026-06-09 19:50:02,12884,5359,30.3
2026-06-09 19:50:05,12887,5360,284
2026-06-09 19:50:07,12889,5361,43.2
2026-06-09 19:50:10,12892,5362,107
2026-06-09 19:50:12,12894,5363,256
2026-06-09 19:50:15,12897,5364,151
2026-06-09 19:50:18,12900,5365,85.6
2026-06-09 19:50:20,12902,5366,90.0
2026-06-09 19:50:23,12905,5367,25.3
2026-06-09 19:50:26,12908,5368,109
2026-06-09 19:50:29,12911,5369,112
2026-06-09 19:50:32,12914,5370,257
2026-06-09 19:50:35,12917,5371,73.8
2026-06-09 19:50:37,12919,5372,280
2026-06-09 19:50:40,12922,5373,37.6
2026-06-09 19:50:43,12925,5374,166
2026-06-09 19:50:45,12927,5375,165
2026-06-09 19:50:48,12930,5376,33.6
2026-06-09 19:50:51,12933,5377,128
2026-06-09 19:50:54,12936,5378,118
2026-06-09 19:50:57,12939,5379,61.2
2026-06-09 19:51:00,12942,5380,73.9
2026-06-09 19:51:03,12945,5381,58.9
2026-06-09 19:51:06,12948,5382,159
2026-06-09 19:51:09,12951,5383,248
2026-06-09 19:51:12,12954,5384,26.1
2026-06-09 19:51:15,12957,5385,78.5
2026-06-09 19:51:17,12959,5386,99.5
2026-06-09 19:51:20,12962,5387,56.3
2026-06-09 19:51:23,12965,5388,29.7
2026-06-09 19:51:26,12968,5389,153
2026-06-09 19:51:29,12971,5390,66.6
2026-06-09 19:51:31,12973,5391,55.7
2026-06-09 19:51:34,12976,5392,174
2026-06-09 19:51:37,12979,5393,88.2
2026-06-09 19:51:40,12982,5394,220
2026-06-09 19:51:43,12985,5395,26.4
2026-06-09 19:51:46,12988,5396,32.5
2026-06-09 19:51:48,12990,5397,121
2026-06-09 19:51:51,12993,5398,28.7
2026-06-09 19:51:54,12996,5399,129
2026-06-09 19:51:57,12999,5400,55.6
2026-06-09 19:52:00,13002,5401,47.9
2026-06-09 19:52:02,13004,5402,228
2026-06-09 19:52:05,13007,5403,175
2026-06-09 19:52:08,13010,5404,44.9
2026-06-09 19:52:11,13013,5405,81.1
2026-06-09 19:52:13,13015,5406,97.3
2026-06-09 19:52:16,13018,5407,181
2026-06-09 19:52:19,13021,5408,84.8
2026-06-09 19:52:22,13024,5409,36.2
2026-06-09 19:52:25,13027,5410,94.2
2026-06-09 19:52:28,13030,5411,303
2026-06-09 19:52:31,13033,5412,109
2026-06-09 19:52:33,13035,5413,39.8
2026-06-09 19:52:36,13038,5414,35.7
2026-06-09 19:52:39,13041,5415,27.8
2026-06-09 19:52:42,13044,5416,283
2026-06-09 19:52:45,13047,5417,55.8
2026-06-09 19:52:47,13049,5418,152
2026-06-09 19:52:50,13052,5419,222
2026-06-09 19:52:53,13055,5420,86.5
2026-06-09 19:52:56,13058,5421,25.2
2026-06-09 19:52:58,13060,5422,156
2026-06-09 19:53:01,13063,5423,24.3
2026-06-09 19:53:04,13066,5424,86.5
2026-06-09 19:53:06,13068,5425,45.0
2026-06-09 19:53:09,13071,5426,142
2026-06-09 19:53:12,13074,5427,229
2026-06-09 19:53:15,13077,5428,98.1
2026-06-09 19:53:17,13079,5429,116
2026-06-09 19:53:20,13082,5430,103
2026-06-09 19:53:23,13085,5431,95.9
2026-06-09 19:53:25,13087,5432,135
2026-06-09 19:53:28,13090,5433,47.2
2026-06-09 19:53:31,13093,5434,325
2026-06-09 19:53:34,13096,5435,23.6
2026-06-09 19:53:36,13098,5436,48.5
2026-06-09 19:53:39,13101,5437,39.0
2026-06-09 19:53:42,13104,5438,54.4
2026-06-09 19:53:45,13107,5439,179
2026-06-09 19:53:48,13110,5440,25.1
2026-06-09 19:53:51,13113,5441,46.6
2026-06-09 19:53:53,13115,5442,58.4
2026-06-09 19:53:56,13118,5443,115
2026-06-09 19:53:59,13121,5444,155
2026-06-09 19:54:02,13124,5445,187
2026-06-09 19:54:05,13127,5446,55.3
2026-06-09 19:54:08,13130,5447,103
2026-06-09 19:54:11,13133,5448,38.5
2026-06-09 19:54:14,13136,5449,154
2026-06-09 19:54:17,13139,5450,126
2026-06-09 19:54:19,13141,5451,38.6
2026-06-09 19:54:22,13144,5452,81.8
2026-06-09 19:54:25,13147,5453,40.8
2026-06-09 19:54:28,13150,5454,129
2026-06-09 19:54:31,13153,5455,133
2026-06-09 19:54:34,13156,5456,33.4
2026-06-09 19:54:37,13159,5457,33.7
2026-06-09 19:54:40,13162,5458,172
2026-06-09 19:54:42,13164,5459,204
2026-06-09 19:54:45,13167,5460,37.4
2026-06-09 19:54:48,13170,5461,74.0
2026-06-09 19:54:51,13173,5462,76.5
2026-06-09 19:54:54,13176,5463,62.5
2026-06-09 19:54:56,13178,5464,313
2026-06-09 19:54:59,13181,5465,136
2026-06-09 19:55:02,13184,5466,57.3
2026-06-09 19:55:04,13186,5467,175
2026-06-09 19:55:07,13189,5468,159
2026-06-09 19:55:10,13192,5469,40.9
2026-06-09 19:55:12,13194,5470,264
2026-06-09 19:55:15,13197,5471,30.6
2026-06-09 19:55:18,13200,5472,14.9
2026-06-09 19:55:21,13203,5473,46.0
2026-06-09 19:55:24,13206,5474,77.7
2026-06-09 19:55:27,13209,5475,123
2026-06-09 19:55:30,13212,5476,18.1
2026-06-09 19:55:33,13215,5477,156
2026-06-09 19:55:36,13218,5478,24.8
2026-06-09 19:55:39,13221,5479,256
2026-06-09 19:55:42,13224,5480,31.3
2026-06-09 19:55:45,13227,5481,14.9
2026-06-09 19:55:48,13230,5482,33.9
2026-06-09 19:55:51,13233,5483,99.1
2026-06-09 19:55:54,13236,5484,252
2026-06-09 19:55:56,13238,5485,121
2026-06-09 19:55:59,13241,5486,35.6
2026-06-09 19:56:02,13244,5487,38.9
2026-06-09 19:56:05,13247,5488,46.5
2026-06-09 19:56:08,13250,5489,49.3
2026-06-09 19:56:11,13253,5490,42.0
2026-06-09 19:56:13,13255,5491,27.5
2026-06-09 19:56:16,13258,5492,83.1
2026-06-09 19:56:19,13261,5493,50.1
2026-06-09 19:56:22,13264,5494,45.7
2026-06-09 19:56:24,13266,5495,82.6
2026-06-09 19:56:27,13269,5496,151
2026-06-09 19:56:30,13272,5497,88.0
2026-06-09 19:56:33,13275,5498,257
2026-06-09 19:56:35,13277,5499,65.9
2026-06-09 19:56:38,13280,5500,152
2026-06-09 19:56:41,13283,5501,112
2026-06-09 19:56:44,13286,5502,42.2
2026-06-09 19:56:47,13289,5503,107
2026-06-09 19:56:50,13292,5504,149
2026-06-09 19:56:53,13295,5505,150
2026-06-09 19:56:55,13297,5506,119
2026-06-09 19:56:58,13300,5507,134
2026-06-09 19:57:01,13303,5508,29.5
2026-06-09 19:57:04,13306,5509,68.4
2026-06-09 19:57:07,13309,5510,26.5
2026-06-09 19:57:10,13312,5511,43.6
2026-06-09 19:57:13,13315,5512,216
2026-06-09 19:57:16,13318,5513,116
2026-06-09 19:57:18,13320,5514,13.0
2026-06-09 19:57:21,13323,5515,156
2026-06-09 19:57:23,13325,5516,66.0
2026-06-09 19:57:26,13328,5517,172
2026-06-09 19:57:29,13331,5518,65.8
2026-06-09 19:57:32,13334,5519,108
2026-06-09 19:57:34,13336,5520,111
2026-06-09 19:57:37,13339,5521,112
2026-06-09 19:57:39,13341,5522,70.2
2026-06-09 19:57:42,13344,5523,41.2
2026-06-09 19:57:45,13347,5524,115
2026-06-09 19:57:47,13349,5525,96.1
2026-06-09 19:57:50,13352,5526,137
2026-06-09 19:57:53,13355,5527,157
2026-06-09 19:57:55,13357,5528,181
2026-06-09 19:57:58,13360,5529,44.2
2026-06-09 19:58:01,13363,5530,43.9
2026-06-09 19:58:04,13366,5531,181
2026-06-09 19:58:07,13369,5532,175
2026-06-09 19:58:09,13371,5533,231
2026-06-09 19:58:12,13374,5534,21.4
2026-06-09 19:58:15,13377,5535,264
2026-06-09 19:58:18,13380,5536,153
2026-06-09 19:58:21,13383,5537,51.9
2026-06-09 19:58:23,13385,5538,219
2026-06-09 19:58:26,13388,5539,25.5
2026-06-09 19:58:29,13391,5540,119
2026-06-09 19:58:32,13394,5541,131
2026-06-09 19:58:35,13397,5542,178
2026-06-09 19:58:38,13400,5543,33.5
2026-06-09 19:58:41,13403,5544,30.2
2026-06-09 19:58:44,13406,5545,41.5
2026-06-09 19:58:47,13409,5546,34.4
2026-06-09 19:58:50,13412,5547,99.4
2026-06-09 19:58:52,13414,5548,171
2026-06-09 19:58:55,13417,5549,161
2026-06-09 19:58:58,13420,5550,45.7
2026-06-09 19:59:00,13422,5551,101
2026-06-09 19:59:02,13424,5552,273
2026-06-09 19:59:04,13426,5553,70.0
2026-06-09 19:59:07,13429,5554,97.6
2026-06-09 19:59:09,13431,5555,31.4
2026-06-09 19:59:11,13433,5556,186
2026-06-09 19:59:14,13436,5557,62.9
2026-06-09 19:59:16,13438,5558,28.7
2026-06-09 19:59:19,13441,5559,92.3
2026-06-09 19:59:22,13444,5560,50.6
2026-06-09 19:59:25,13447,5561,58.2
2026-06-09 19:59:28,13450,5562,80.6
2026-06-09 19:59:30,13452,5563,30.2
2026-06-09 19:59:33,13455,5564,154
2026-06-09 19:59:36,13458,5565,43.5
2026-06-09 19:59:39,13461,5566,272
2026-06-09 19:59:42,13464,5567,178
2026-06-09 19:59:44,13466,5568,126
2026-06-09 19:59:47,13469,5569,29.1
2026-06-09 19:59:49,13471,5570,147
2026-06-09 19:59:52,13474,5571,176
2026-06-09 19:59:55,13477,5572,101
2026-06-09 19:59:58,13480,5573,164
2026-06-09 20:00:01,13483,5574,41.7
2026-06-09 20:00:03,13485,5575,43.1
2026-06-09 20:00:06,13488,5576,35.6
2026-06-09 20:00:09,13491,5577,67.9
2026-06-09 20:00:11,13493,5578,130
2026-06-09 20:00:14,13496,5579,228
2026-06-09 20:00:17,13499,5580,52.4
2026-06-09 20:00:20,13502,5581,143
2026-06-09 20:00:23,13505,5582,194
2026-06-09 20:00:25,13507,5583,52.8
2026-06-09 20:00:28,13510,5584,80.9
2026-06-09 20:00:31,13513,5585,126
2026-06-09 20:00:33,13515,5586,29.9
2026-06-09 20:00:36,13518,5587,61.8
2026-06-09 20:00:39,13521,5588,25.4
2026-06-09 20:00:41,13523,5589,117
2026-06-09 20:00:44,13526,5590,146
2026-06-09 20:00:47,13529,5591,200
2026-06-09 20:00:50,13532,5592,28.7
2026-06-09 20:00:52,13534,5593,111
2026-06-09 20:00:55,13537,5594,120
2026-06-09 20:00:57,13539,5595,37.9
2026-06-09 20:01:00,13542,5596,297
2026-06-09 20:01:03,13545,5597,146
2026-06-09 20:01:06,13548,5598,98.3
2026-06-09 20:01:09,13551,5599,50.3
2026-06-09 20:01:11,13553,5600,190
2026-06-09 20:01:14,13556,5601,127
2026-06-09 20:01:17,13559,5602,178
2026-06-09 20:01:20,13562,5603,180
2026-06-09 20:01:23,13565,5604,135
2026-06-09 20:01:25,13567,5605,41.7
2026-06-09 20:01:28,13570,5606,25.3
2026-06-09 20:01:31,13573,5607,71.5
2026-06-09 20:01:34,13576,5608,20.2
2026-06-09 20:01:36,13578,5609,22.9
2026-06-09 20:01:39,13581,5610,41.9
2026-06-09 20:01:42,13584,5611,168
2026-06-09 20:01:45,13587,5612,21.8
2026-06-09 20:01:48,13590,5613,134
2026-06-09 20:01:51,13593,5614,108
2026-06-09 20:01:54,13596,5615,61.9
2026-06-09 20:01:57,13599,5616,112
2026-06-09 20:02:00,13602,5617,70.5
2026-06-09 20:02:02,13604,5618,184
2026-06-09 20:02:05,13607,5619,38.0
2026-06-09 20:02:08,13610,5620,35.1
2026-06-09 20:02:11,13613,5621,16.9
2026-06-09 20:02:15,13617,5622,116
2026-06-09 20:02:18,13620,5623,59.8
2026-06-09 20:02:21,13623,5624,40.0
2026-06-09 20:02:24,13626,5625,146
2026-06-09 20:02:26,13628,5626,263
2026-06-09 20:02:29,13631,5627,123
2026-06-09 20:02:32,13634,5628,103
2026-06-09 20:02:34,13636,5629,148
2026-06-09 20:02:37,13639,5630,153
2026-06-09 20:02:40,13642,5631,168
2026-06-09 20:02:43,13645,5632,167
2026-06-09 20:02:45,13647,5633,140
2026-06-09 20:02:48,13650,5634,45.7
2026-06-09 20:02:51,13653,5635,240
2026-06-09 20:02:54,13656,5636,151
2026-06-09 20:02:57,13659,5637,90.4
2026-06-09 20:03:00,13662,5638,96.0
2026-06-09 20:03:03,13665,5639,47.2
2026-06-09 20:03:05,13667,5640,151
2026-06-09 20:03:08,13670,5641,86.5
2026-06-09 20:03:11,13673,5642,117
2026-06-09 20:03:13,13675,5643,58.3
2026-06-09 20:03:16,13678,5644,50.0
2026-06-09 20:03:19,13681,5645,66.0
2026-06-09 20:03:22,13684,5646,228
2026-06-09 20:03:25,13687,5647,163
2026-06-09 20:03:28,13690,5648,236
2026-06-09 20:03:31,13693,5649,133
2026-06-09 20:03:33,13695,5650,111
2026-06-09 20:03:36,13698,5651,88.6
2026-06-09 20:03:39,13701,5652,231
2026-06-09 20:03:42,13704,5653,33.7
2026-06-09 20:03:44,13706,5654,54.8
2026-06-09 20:03:48,13710,5655,76.2
2026-06-09 20:03:51,13713,5656,56.3
2026-06-09 20:03:54,13716,5657,95.1
2026-06-09 20:03:57,13719,5658,60.5
2026-06-09 20:03:59,13721,5659,171
2026-06-09 20:04:03,13725,5660,50.5
2026-06-09 20:04:05,13727,5661,48.9
2026-06-09 20:04:08,13730,5662,61.3
2026-06-09 20:04:11,13733,5663,52.2
2026-06-09 20:04:13,13735,5664,38.4
2026-06-09 20:04:16,13738,5665,248
2026-06-09 20:04:19,13741,5666,32.9
2026-06-09 20:04:22,13744,5667,132
2026-06-09 20:04:25,13747,5668,58.0
2026-06-09 20:04:28,13750,5669,68.4
2026-06-09 20:04:31,13753,5670,22.1
2026-06-09 20:04:34,13756,5671,358
2026-06-09 20:04:37,13759,5672,94.2
2026-06-09 20:04:40,13762,5673,146
2026-06-09 20:04:43,13765,5674,231
2026-06-09 20:04:46,13768,5675,91.4
2026-06-09 20:04:49,13771,5676,133
2026-06-09 20:04:52,13774,5677,40.4
2026-06-09 20:04:55,13777,5678,17.8
2026-06-09 20:04:58,13780,5679,149
2026-06-09 20:05:01,13783,5680,81.8
2026-06-09 20:05:04,13786,5681,159
2026-06-09 20:05:06,13788,5682,48.3
2026-06-09 20:05:09,13791,5683,39.2
2026-06-09 20:05:12,13794,5684,175
2026-06-09 20:05:15,13797,5685,12.8
2026-06-09 20:05:18,13800,5686,39.7
2026-06-09 20:05:21,13803,5687,116
2026-06-09 20:05:24,13806,5688,20.8
2026-06-09 20:05:26,13808,5689,55.3
2026-06-09 20:05:29,13811,5690,35.6
2026-06-09 20:05:32,13814,5691,33.7
2026-06-09 20:05:35,13817,5692,57.3
2026-06-09 20:05:38,13820,5693,130
2026-06-09 20:05:40,13822,5694,42.2
2026-06-09 20:05:43,13825,5695,202
2026-06-09 20:05:46,13828,5696,262
2026-06-09 20:05:49,13831,5697,31.8
2026-06-09 20:05:52,13834,5698,76.2
2026-06-09 20:05:55,13837,5699,113
2026-06-09 20:05:58,13840,5700,99.0
2026-06-09 20:06:01,13843,5701,110
2026-06-09 20:06:04,13846,5702,194
2026-06-09 20:06:06,13848,5703,110
2026-06-09 20:06:09,13851,5704,134
2026-06-09 20:06:12,13854,5705,51.1
2026-06-09 20:06:15,13857,5706,110
2026-06-09 20:06:17,13859,5707,119
2026-06-09 20:06:20,13862,5708,21.0
2026-06-09 20:06:23,13865,5709,196
2026-06-09 20:06:26,13868,5710,55.6
2026-06-09 20:06:28,13870,5711,21.6
2026-06-09 20:06:31,13873,5712,119
2026-06-09 20:06:34,13876,5713,205
2026-06-09 20:06:37,13879,5714,41.2
2026-06-09 20:06:40,13882,5715,56.4
2026-06-09 20:06:43,13885,5716,77.5
2026-06-09 20:06:45,13887,5717,33.1
2026-06-09 20:06:48,13890,5718,38.6
2026-06-09 20:06:51,13893,5719,117
2026-06-09 20:06:54,13896,5720,83.2
2026-06-09 20:06:56,13898,5721,106
2026-06-09 20:06:59,13901,5722,32.4
2026-06-09 20:07:02,13904,5723,153
2026-06-09 20:07:05,13907,5724,75.0
2026-06-09 20:07:08,13910,5725,17.6
2026-06-09 20:07:10,13912,5726,76.2
2026-06-09 20:07:13,13915,5727,48.8
2026-06-09 20:07:15,13917,5728,174
2026-06-09 20:07:18,13920,5729,60.2
2026-06-09 20:07:21,13923,5730,149
2026-06-09 20:07:24,13926,5731,114
2026-06-09 20:07:27,13929,5732,124
2026-06-09 20:07:30,13932,5733,32.1
2026-06-09 20:07:32,13934,5734,90.2
2026-06-09 20:07:35,13937,5735,128
2026-06-09 20:07:38,13940,5736,23.4
2026-06-09 20:07:41,13943,5737,154
2026-06-09 20:07:43,13945,5738,165
2026-06-09 20:07:46,13948,5739,116
2026-06-09 20:07:49,13951,5740,31.2
2026-06-09 20:07:52,13954,5741,90.0
2026-06-09 20:07:54,13956,5742,66.9
2026-06-09 20:07:57,13959,5743,105
2026-06-09 20:08:00,13962,5744,222
2026-06-09 20:08:03,13965,5745,67.7
2026-06-09 20:08:06,13968,5746,104
2026-06-09 20:08:09,13971,5747,59.5
2026-06-09 20:08:12,13974,5748,296
2026-06-09 20:08:15,13977,5749,37.4
2026-06-09 20:08:17,13979,5750,20.1
2026-06-09 20:08:20,13982,5751,41.4
2026-06-09 20:08:23,13985,5752,36.6
2026-06-09 20:08:26,13988,5753,111
2026-06-09 20:08:29,13991,5754,18.6
2026-06-09 20:08:32,13994,5755,54.2
2026-06-09 20:08:35,13997,5756,97.9
2026-06-09 20:08:38,14000,5757,144
2026-06-09 20:08:41,14003,5758,15.8
2026-06-09 20:08:44,14006,5759,111
2026-06-09 20:08:47,14009,5760,80.4
2026-06-09 20:08:50,14012,5761,119
2026-06-09 20:08:53,14015,5762,89.7
2026-06-09 20:08:56,14018,5763,168
2026-06-09 20:08:59,14021,5764,136
2026-06-09 20:09:02,14024,5765,46.8
2026-06-09 20:09:05,14027,5766,237
2026-06-09 20:09:08,14030,5767,71.7
2026-06-09 20:09:11,14033,5768,76.6
2026-06-09 20:09:14,14036,5769,63.8
2026-06-09 20:09:17,14039,5770,39.5
2026-06-09 20:09:20,14042,5771,110
2026-06-09 20:09:23,14045,5772,282
2026-06-09 20:09:25,14047,5773,41.3
2026-06-09 20:09:28,14050,5774,50.4
2026-06-09 20:09:31,14053,5775,81.3
2026-06-09 20:09:33,14055,5776,76.8
2026-06-09 20:09:36,14058,5777,149
2026-06-09 20:09:39,14061,5778,66.5
2026-06-09 20:09:42,14064,5779,61.2
2026-06-09 20:09:44,14066,5780,47.7
2026-06-09 20:09:47,14069,5781,62.9
2026-06-09 20:09:51,14073,5782,39.6
2026-06-09 20:09:54,14076,5783,80.2
2026-06-09 20:09:57,14079,5784,71.7
2026-06-09 20:09:59,14081,5785,226
2026-06-09 20:10:02,14084,5786,202
2026-06-09 20:10:05,14087,5787,41.4
2026-06-09 20:10:08,14090,5788,39.2
2026-06-09 20:10:11,14093,5789,35.0
2026-06-09 20:10:14,14096,5790,47.0
2026-06-09 20:10:17,14099,5791,152
2026-06-09 20:10:19,14101,5792,103
2026-06-09 20:10:22,14104,5793,108
2026-06-09 20:10:25,14107,5794,33.9
2026-06-09 20:10:27,14109,5795,74.5
2026-06-09 20:10:30,14112,5796,273
2026-06-09 20:10:32,14114,5797,177
2026-06-09 20:10:35,14117,5798,218
2026-06-09 20:10:37,14119,5799,287
2026-06-09 20:10:39,14121,5800,243
2026-06-09 20:10:41,14123,5801,70.9
2026-06-09 20:10:43,14125,5802,87.2
2026-06-09 20:10:46,14128,5803,176
2026-06-09 20:10:49,14131,5804,85.5
2026-06-09 20:10:52,14134,5805,124
2026-06-09 20:10:55,14137,5806,149
2026-06-09 20:10:58,14140,5807,90.6
2026-06-09 20:11:01,14143,5808,28.3
2026-06-09 20:11:03,14145,5809,121
2026-06-09 20:11:06,14148,5810,183
2026-06-09 20:11:09,14151,5811,266
2026-06-09 20:11:11,14153,5812,41.9
2026-06-09 20:11:14,14156,5813,154
2026-06-09 20:11:17,14159,5814,19.0
2026-06-09 20:11:20,14162,5815,19.8
2026-06-09 20:11:23,14165,5816,74.2
2026-06-09 20:11:26,14168,5817,160
2026-06-09 20:11:28,14170,5818,82.2
2026-06-09 20:11:31,14173,5819,226
2026-06-09 20:11:34,14176,5820,108
2026-06-09 20:11:36,14178,5821,58.1
2026-06-09 20:11:39,14181,5822,26.5
2026-06-09 20:11:42,14184,5823,45.4
2026-06-09 20:11:45,14187,5824,84.5
2026-06-09 20:11:48,14190,5825,43.8
2026-06-09 20:11:51,14193,5826,68.9
2026-06-09 20:11:54,14196,5827,33.6
2026-06-09 20:11:57,14199,5828,262
2026-06-09 20:12:00,14202,5829,61.2
2026-06-09 20:12:03,14205,5830,35.3
2026-06-09 20:12:06,14208,5831,251
2026-06-09 20:12:09,14211,5832,22.9
2026-06-09 20:12:12,14214,5833,170
2026-06-09 20:12:15,14217,5834,67.3
2026-06-09 20:12:18,14220,5835,55.4
2026-06-09 20:12:21,14223,5836,28.4
2026-06-09 20:12:23,14225,5837,33.3
2026-06-09 20:12:26,14228,5838,58.8
2026-06-09 20:12:29,14231,5839,74.1
2026-06-09 20:12:32,14234,5840,31.1
2026-06-09 20:12:35,14237,5841,138
2026-06-09 20:12:38,14240,5842,72.6
2026-06-09 20:12:41,14243,5843,75.6
2026-06-09 20:12:44,14246,5844,107
2026-06-09 20:12:47,14249,5845,39.6
2026-06-09 20:12:50,14252,5846,95.9
2026-06-09 20:12:53,14255,5847,58.7
2026-06-09 20:12:56,14258,5848,175
2026-06-09 20:12:59,14261,5849,28.4
2026-06-09 20:13:01,14263,5850,72.7
2026-06-09 20:13:04,14266,5851,51.3
2026-06-09 20:13:07,14269,5852,45.1
2026-06-09 20:13:10,14272,5853,122
2026-06-09 20:13:12,14274,5854,264
2026-06-09 20:13:15,14277,5855,27.1
2026-06-09 20:13:18,14280,5856,29.5
2026-06-09 20:13:21,14283,5857,44.0
2026-06-09 20:13:25,14287,5858,122
2026-06-09 20:13:28,14290,5859,295
2026-06-09 20:13:31,14293,5860,80.9
2026-06-09 20:13:34,14296,5861,138
2026-06-09 20:13:36,14298,5862,61.0
2026-06-09 20:13:39,14301,5863,186
2026-06-09 20:13:42,14304,5864,130
2026-06-09 20:13:45,14307,5865,34.4
2026-06-09 20:13:48,14310,5866,117
2026-06-09 20:13:51,14313,5867,129
2026-06-09 20:13:54,14316,5868,138
2026-06-09 20:13:56,14318,5869,147
2026-06-09 20:13:59,14321,5870,194
2026-06-09 20:14:02,14324,5871,173
2026-06-09 20:14:05,14327,5872,69.1
2026-06-09 20:14:08,14330,5873,64.3
2026-06-09 20:14:11,14333,5874,58.5
2026-06-09 20:14:14,14336,5875,33.5
2026-06-09 20:14:17,14339,5876,36.1
2026-06-09 20:14:20,14342,5877,68.0
2026-06-09 20:14:23,14345,5878,64.5
2026-06-09 20:14:26,14348,5879,92.8
2026-06-09 20:14:29,14351,5880,93.2
2026-06-09 20:14:32,14354,5881,167
2026-06-09 20:14:35,14357,5882,41.0
2026-06-09 20:14:38,14360,5883,37.2
2026-06-09 20:14:41,14363,5884,129
2026-06-09 20:14:45,14367,5885,17.5
2026-06-09 20:14:48,14370,5886,154
2026-06-09 20:14:51,14373,5887,36.7
2026-06-09 20:14:54,14376,5888,161
2026-06-09 20:14:57,14379,5889,67.2
2026-06-09 20:14:59,14381,5890,142
2026-06-09 20:15:02,14384,5891,58.4
2026-06-09 20:15:05,14387,5892,48.9
2026-06-09 20:15:08,14390,5893,74.2
2026-06-09 20:15:11,14393,5894,159
2026-06-09 20:15:14,14396,5895,140
2026-06-09 20:15:17,14399,5896,76.9
2026-06-09 20:15:19,14401,5897,22.9
2026-06-09 20:15:22,14404,5898,53.9
2026-06-09 20:15:25,14407,5899,81.9
2026-06-09 20:15:28,14410,5900,33.8
2026-06-09 20:15:31,14413,5901,89.3
2026-06-09 20:15:33,14415,5902,64.2
2026-06-09 20:15:36,14418,5903,115
2026-06-09 20:15:39,14421,5904,36.5
2026-06-09 20:15:42,14424,5905,64.4
2026-06-09 20:15:44,14426,5906,197
2026-06-09 20:15:47,14429,5907,14.5
2026-06-09 20:15:50,14432,5908,28.3
2026-06-09 20:15:53,14435,5909,90.1
2026-06-09 20:15:56,14438,5910,19.3
2026-06-09 20:15:59,14441,5911,37.4
2026-06-09 20:16:01,14443,5912,156
2026-06-09 20:16:04,14446,5913,52.4
2026-06-09 20:16:07,14449,5914,104
2026-06-09 20:16:10,14452,5915,25.1
2026-06-09 20:16:12,14454,5916,215
2026-06-09 20:16:15,14457,5917,79.7
2026-06-09 20:16:18,14460,5918,193
2026-06-09 20:16:21,14463,5919,262
2026-06-09 20:16:23,14465,5920,122
2026-06-09 20:16:26,14468,5921,73.5
2026-06-09 20:16:29,14471,5922,230
2026-06-09 20:16:32,14474,5923,51.9
2026-06-09 20:16:35,14477,5924,202
2026-06-09 20:16:37,14479,5925,81.4
2026-06-09 20:16:40,14482,5926,31.0
2026-06-09 20:16:43,14485,5927,25.4
2026-06-09 20:16:45,14487,5928,25.2
2026-06-09 20:16:48,14490,5929,134
2026-06-09 20:16:51,14493,5930,51.6
2026-06-09 20:16:54,14496,5931,92.8
2026-06-09 20:16:57,14499,5932,96.2
2026-06-09 20:17:00,14502,5933,130
2026-06-09 20:17:02,14504,5934,108
2026-06-09 20:17:05,14507,5935,36.5
2026-06-09 20:17:08,14510,5936,25.0
2026-06-09 20:17:11,14513,5937,196
2026-06-09 20:17:13,14515,5938,37.9
2026-06-09 20:17:16,14518,5939,154
2026-06-09 20:17:19,14521,5940,202
2026-06-09 20:17:21,14523,5941,107
2026-06-09 20:17:24,14526,5942,85.0
2026-06-09 20:17:27,14529,5943,122
2026-06-09 20:17:29,14531,5944,128
2026-06-09 20:17:32,14534,5945,232
2026-06-09 20:17:35,14537,5946,99.0
2026-06-09 20:17:37,14539,5947,292
2026-06-09 20:17:40,14542,5948,279
2026-06-09 20:17:43,14545,5949,200
2026-06-09 20:17:45,14547,5950,49.9
2026-06-09 20:17:48,14550,5951,146
2026-06-09 20:17:51,14553,5952,202
2026-06-09 20:17:53,14555,5953,209
2026-06-09 20:17:56,14558,5954,42.7
2026-06-09 20:17:59,14561,5955,278
2026-06-09 20:18:01,14563,5956,81.4
2026-06-09 20:18:04,14566,5957,104
2026-06-09 20:18:07,14569,5958,61.7
2026-06-09 20:18:09,14571,5959,88.6
2026-06-09 20:18:12,14574,5960,136
2026-06-09 20:18:15,14577,5961,73.5
2026-06-09 20:18:17,14579,5962,44.0
2026-06-09 20:18:20,14582,5963,35.8
2026-06-09 20:18:23,14585,5964,60.5
2026-06-09 20:18:25,14587,5965,148
2026-06-09 20:18:28,14590,5966,63.0
2026-06-09 20:18:31,14593,5967,67.4
2026-06-09 20:18:34,14596,5968,19.0
2026-06-09 20:18:36,14598,5969,19.4
2026-06-09 20:18:39,14601,5970,115
2026-06-09 20:18:42,14604,5971,335
2026-06-09 20:18:45,14607,5972,179
2026-06-09 20:18:47,14609,5973,190
2026-06-09 20:18:50,14612,5974,88.1
2026-06-09 20:18:53,14615,5975,46.9
2026-06-09 20:18:56,14618,5976,94.4
2026-06-09 20:18:59,14621,5977,43.7
2026-06-09 20:19:02,14624,5978,131
2026-06-09 20:19:05,14627,5979,65.6
2026-06-09 20:19:08,14630,5980,38.4
2026-06-09 20:19:11,14633,5981,163
2026-06-09 20:19:14,14636,5982,189
2026-06-09 20:19:16,14638,5983,121
2026-06-09 20:19:19,14641,5984,44.4
2026-06-09 20:19:22,14644,5985,24.4
2026-06-09 20:19:24,14646,5986,279
2026-06-09 20:19:27,14649,5987,115
2026-06-09 20:19:30,14652,5988,173
2026-06-09 20:19:33,14655,5989,186
2026-06-09 20:19:35,14657,5990,45.5
2026-06-09 20:19:38,14660,5991,28.5
2026-06-09 20:19:41,14663,5992,142
2026-06-09 20:19:44,14666,5993,48.4
2026-06-09 20:19:47,14669,5994,23.5
2026-06-09 20:19:50,14672,5995,252
2026-06-09 20:19:53,14675,5996,347
2026-06-09 20:19:56,14678,5997,40.9
2026-06-09 20:19:59,14681,5998,54.9
2026-06-09 20:20:02,14684,5999,158
2026-06-09 20:20:05,14687,6000,50.9
2026-06-09 20:20:07,14689,6001,309
2026-06-09 20:20:10,14692,6002,92.7
2026-06-09 20:20:13,14695,6003,133
2026-06-09 20:20:16,14698,6004,41.7
2026-06-09 20:20:19,14701,6005,231
2026-06-09 20:20:22,14704,6006,108
2026-06-09 20:20:25,14707,6007,170
2026-06-09 20:20:27,14709,6008,28.9
2026-06-09 20:20:30,14712,6009,67.1
2026-06-09 20:20:33,14715,6010,62.3
2026-06-09 20:20:36,14718,6011,97.7
2026-06-09 20:20:38,14720,6012,117
2026-06-09 20:20:41,14723,6013,89.6
2026-06-09 20:20:44,14726,6014,46.5
2026-06-09 20:20:46,14728,6015,16.6
2026-06-09 20:20:49,14731,6016,145
2026-06-09 20:20:52,14734,6017,70.0
2026-06-09 20:20:55,14737,6018,129
2026-06-09 20:20:58,14740,6019,211
2026-06-09 20:21:01,14743,6020,21.2
2026-06-09 20:21:03,14745,6021,106
2026-06-09 20:21:06,14748,6022,46.7
2026-06-09 20:21:09,14751,6023,20.4
2026-06-09 20:21:12,14754,6024,72.9
2026-06-09 20:21:14,14756,6025,24.1
2026-06-09 20:21:17,14759,6026,53.7
2026-06-09 20:21:20,14762,6027,20.9
2026-06-09 20:21:22,14764,6028,36.7
2026-06-09 20:21:25,14767,6029,105
2026-06-09 20:21:28,14770,6030,124
2026-06-09 20:21:30,14772,6031,14.9
2026-06-09 20:21:32,14774,6032,41.2
2026-06-09 20:21:35,14777,6033,291
2026-06-09 20:21:37,14779,6034,127
2026-06-09 20:21:40,14782,6035,65.0
2026-06-09 20:21:42,14784,6036,111
2026-06-09 20:21:44,14786,6037,13.6
2026-06-09 20:21:46,14788,6038,249
2026-06-09 20:21:48,14790,6039,19.3
2026-06-09 20:21:50,14792,6040,87.9
2026-06-09 20:21:53,14795,6041,140
2026-06-09 20:21:56,14798,6042,88.4
2026-06-09 20:21:58,14800,6043,94.5
2026-06-09 20:22:01,14803,6044,69.7
2026-06-09 20:22:04,14806,6045,233
2026-06-09 20:22:06,14808,6046,33.8
2026-06-09 20:22:09,14811,6047,90.4
2026-06-09 20:22:11,14814,6048,43.3
2026-06-09 20:22:14,14816,6049,55.6
2026-06-09 20:22:17,14819,6050,53.3
2026-06-09 20:22:20,14822,6051,170
2026-06-09 20:22:23,14825,6052,274
2026-06-09 20:22:26,14828,6053,154
2026-06-09 20:22:28,14830,6054,41.9
2026-06-09 20:22:31,14833,6055,84.3
2026-06-09 20:22:34,14836,6056,32.6
2026-06-09 20:22:37,14839,6057,37.7
2026-06-09 20:22:40,14842,6058,49.9
2026-06-09 20:22:43,14845,6059,41.2
2026-06-09 20:22:46,14848,6060,47.8
2026-06-09 20:22:48,14850,6061,36.9
2026-06-09 20:22:51,14853,6062,43.0
2026-06-09 20:22:54,14856,6063,29.0
2026-06-09 20:22:57,14859,6064,148
2026-06-09 20:23:00,14862,6065,45.4
2026-06-09 20:23:03,14865,6066,170
2026-06-09 20:23:05,14867,6067,57.5
2026-06-09 20:23:08,14870,6068,94.8
2026-06-09 20:23:11,14873,6069,173
2026-06-09 20:23:13,14875,6070,8.60
2026-06-09 20:23:16,14878,6071,44.3
2026-06-09 20:23:19,14881,6072,146
2026-06-09 20:23:22,14884,6073,84.1
2026-06-09 20:23:25,14887,6074,59.2
2026-06-09 20:23:28,14890,6075,343
2026-06-09 20:23:30,14892,6076,23.0
2026-06-09 20:23:33,14895,6077,245
2026-06-09 20:23:36,14898,6078,179
2026-06-09 20:23:39,14901,6079,65.2
2026-06-09 20:23:42,14904,6080,303
2026-06-09 20:23:45,14907,6081,44.8
2026-06-09 20:23:47,14909,6082,242
2026-06-09 20:23:50,14912,6083,48.1
2026-06-09 20:23:54,14916,6084,86.0
2026-06-09 20:23:57,14919,6085,57.9
2026-06-09 20:24:00,14922,6086,118
2026-06-09 20:24:02,14924,6087,88.6
2026-06-09 20:24:05,14927,6088,234
2026-06-09 20:24:08,14930,6089,116
2026-06-09 20:24:12,14934,6090,175
2026-06-09 20:24:14,14936,6091,36.5
2026-06-09 20:24:17,14939,6092,135
2026-06-09 20:24:20,14942,6093,33.7
2026-06-09 20:24:23,14945,6094,145
2026-06-09 20:24:26,14948,6095,295
2026-06-09 20:24:29,14951,6096,131
2026-06-09 20:24:32,14954,6097,109
2026-06-09 20:24:35,14957,6098,138
2026-06-09 20:24:38,14960,6099,63.4
2026-06-09 20:24:41,14963,6100,56.6
2026-06-09 20:24:44,14966,6101,31.8
2026-06-09 20:24:47,14969,6102,16.2
2026-06-09 20:24:50,14972,6103,241
2026-06-09 20:24:53,14975,6104,191
2026-06-09 20:24:56,14978,6105,81.4
2026-06-09 20:24:59,14981,6106,122
2026-06-09 20:25:02,14984,6107,26.8
2026-06-09 20:25:05,14987,6108,242
2026-06-09 20:25:08,14990,6109,221
2026-06-09 20:25:11,14993,6110,119
2026-06-09 20:25:14,14996,6111,58.6
2026-06-09 20:25:17,14999,6112,68.7
2026-06-09 20:25:21,15003,6113,44.0
2026-06-09 20:25:24,15006,6114,228
2026-06-09 20:25:27,15009,6115,205
2026-06-09 20:25:30,15012,6116,173
2026-06-09 20:25:33,15015,6117,145
2026-06-09 20:25:36,15018,6118,41.2
2026-06-09 20:25:39,15021,6119,67.1
2026-06-09 20:25:42,15024,6120,75.3
2026-06-09 20:25:45,15027,6121,284
2026-06-09 20:25:48,15030,6122,137
2026-06-09 20:25:51,15033,6123,77.1
2026-06-09 20:25:54,15036,6124,51.8
2026-06-09 20:25:57,15039,6125,334
2026-06-09 20:26:00,15042,6126,24.5
2026-06-09 20:26:03,15045,6127,44.0
2026-06-09 20:26:06,15048,6128,46.3
2026-06-09 20:26:09,15051,6129,80.4
2026-06-09 20:26:12,15054,6130,31.9
2026-06-09 20:26:15,15057,6131,253
2026-06-09 20:26:18,15060,6132,25.7
2026-06-09 20:26:21,15063,6133,83.5
2026-06-09 20:26:25,15067,6134,37.6
2026-06-09 20:26:27,15069,6135,60.9
2026-06-09 20:26:30,15072,6136,34.7
2026-06-09 20:26:33,15075,6137,45.7
2026-06-09 20:26:36,15078,6138,38.3
2026-06-09 20:26:40,15082,6139,98.7
2026-06-09 20:26:43,15085,6140,49.9
2026-06-09 20:26:46,15088,6141,32.6
2026-06-09 20:26:49,15091,6142,27.3
2026-06-09 20:26:51,15093,6143,12.7
2026-06-09 20:26:54,15096,6144,23.9
2026-06-09 20:26:57,15099,6145,82.1
2026-06-09 20:27:00,15102,6146,59.7
2026-06-09 20:27:03,15105,6147,158
2026-06-09 20:27:06,15108,6148,25.2
2026-06-09 20:27:09,15111,6149,36.2
2026-06-09 20:27:12,15114,6150,32.7
2026-06-09 20:27:15,15117,6151,207
2026-06-09 20:27:18,15120,6152,283
2026-06-09 20:27:21,15123,6153,108
2026-06-09 20:27:23,15125,6154,38.7
2026-06-09 20:27:26,15128,6155,128
2026-06-09 20:27:29,15131,6156,181
2026-06-09 20:27:32,15134,6157,50.5
2026-06-09 20:27:35,15137,6158,107
2026-06-09 20:27:38,15140,6159,291
2026-06-09 20:27:41,15143,6160,170
2026-06-09 20:27:44,15146,6161,166
2026-06-09 20:27:46,15148,6162,58.4
2026-06-09 20:27:49,15151,6163,310
2026-06-09 20:27:52,15154,6164,87.8
2026-06-09 20:27:55,15157,6165,241
2026-06-09 20:27:58,15160,6166,252
2026-06-09 20:28:00,15162,6167,85.2
2026-06-09 20:28:03,15165,6168,221
2026-06-09 20:28:06,15168,6169,71.8
2026-06-09 20:28:09,15171,6170,103
2026-06-09 20:28:12,15174,6171,96.2
2026-06-09 20:28:14,15176,6172,308
2026-06-09 20:28:17,15179,6173,34.6
2026-06-09 20:28:20,15182,6174,87.1
2026-06-09 20:28:23,15185,6175,14.8
2026-06-09 20:28:26,15188,6176,33.6
2026-06-09 20:28:28,15190,6177,168
2026-06-09 20:28:31,15193,6178,46.9
2026-06-09 20:28:34,15196,6179,42.9
2026-06-09 20:28:36,15198,6180,41.2
2026-06-09 20:28:39,15201,6181,23.6
2026-06-09 20:28:42,15204,6182,66.1
2026-06-09 20:28:45,15207,6183,40.8
2026-06-09 20:28:47,15209,6184,306
2026-06-09 20:28:50,15212,6185,146
2026-06-09 20:28:53,15215,6186,33.9
2026-06-09 20:28:56,15218,6187,32.1
2026-06-09 20:28:59,15221,6188,99.9
2026-06-09 20:29:02,15224,6189,18.3
2026-06-09 20:29:05,15227,6190,193
2026-06-09 20:29:08,15230,6191,42.8
2026-06-09 20:29:11,15233,6192,299
2026-06-09 20:29:14,15236,6193,131
2026-06-09 20:29:17,15239,6194,181
2026-06-09 20:29:20,15242,6195,83.5
2026-06-09 20:29:23,15245,6196,67.9
2026-06-09 20:29:26,15248,6197,26.5
2026-06-09 20:29:29,15251,6198,272
2026-06-09 20:29:32,15254,6199,61.8
2026-06-09 20:29:35,15257,6200,197
2026-06-09 20:29:37,15259,6201,90.8
2026-06-09 20:29:40,15262,6202,12.5
2026-06-09 20:29:43,15265,6203,19.7
2026-06-09 20:29:46,15268,6204,87.9
2026-06-09 20:29:49,15271,6205,105
2026-06-09 20:29:52,15274,6206,141
2026-06-09 20:29:54,15276,6207,55.3
2026-06-09 20:29:57,15279,6208,80.0
2026-06-09 20:30:00,15282,6209,170
2026-06-09 20:30:02,15284,6210,35.7
2026-06-09 20:30:05,15287,6211,74.4
2026-06-09 20:30:08,15290,6212,42.2
2026-06-09 20:30:10,15292,6213,248
2026-06-09 20:30:13,15295,6214,71.8
2026-06-09 20:30:16,15298,6215,120
2026-06-09 20:30:18,15300,6216,51.4
2026-06-09 20:30:21,15303,6217,26.1
2026-06-09 20:30:24,15306,6218,43.7
2026-06-09 20:30:26,15308,6219,243
2026-06-09 20:30:29,15311,6220,200
2026-06-09 20:30:32,15314,6221,39.9
2026-06-09 20:30:35,15317,6222,37.2
2026-06-09 20:30:38,15320,6223,135
2026-06-09 20:30:40,15322,6224,127
2026-06-09 20:30:43,15325,6225,44.1
2026-06-09 20:30:46,15328,6226,106
2026-06-09 20:30:48,15330,6227,52.9
2026-06-09 20:30:51,15333,6228,36.6
2026-06-09 20:30:54,15336,6229,172
2026-06-09 20:30:57,15339,6230,172
2026-06-09 20:31:00,15342,6231,61.2
2026-06-09 20:31:02,15344,6232,46.6
2026-06-09 20:31:05,15347,6233,16.5
2026-06-09 20:31:08,15350,6234,29.9
2026-06-09 20:31:10,15352,6235,41.2
2026-06-09 20:31:13,15355,6236,48.6
2026-06-09 20:31:16,15358,6237,66.6
2026-06-09 20:31:19,15361,6238,119
2026-06-09 20:31:22,15364,6239,83.3
2026-06-09 20:31:24,15366,6240,40.0
2026-06-09 20:31:27,15369,6241,59.7
2026-06-09 20:31:30,15372,6242,49.8
2026-06-09 20:31:33,15375,6243,99.6
2026-06-09 20:31:35,15377,6244,216
2026-06-09 20:31:37,15379,6245,353
2026-06-09 20:31:40,15382,6246,166
2026-06-09 20:31:42,15384,6247,215
2026-06-09 20:31:44,15386,6248,294
2026-06-09 20:31:46,15388,6249,33.4
2026-06-09 20:31:48,15390,6250,62.4
2026-06-09 20:31:51,15393,6251,141
2026-06-09 20:31:54,15396,6252,85.0
2026-06-09 20:31:57,15399,6253,189
2026-06-09 20:31:59,15401,6254,32.3
2026-06-09 20:32:02,15404,6255,153
2026-06-09 20:32:05,15407,6256,43.5
2026-06-09 20:32:07,15409,6257,28.5
2026-06-09 20:32:10,15412,6258,24.0
2026-06-09 20:32:13,15415,6259,23.0
2026-06-09 20:32:15,15417,6260,155
2026-06-09 20:32:18,15420,6261,31.8
2026-06-09 20:32:21,15423,6262,95.4
2026-06-09 20:32:24,15426,6263,20.9
2026-06-09 20:32:26,15428,6264,33.5
2026-06-09 20:32:29,15431,6265,38.2
2026-06-09 20:32:31,15433,6266,314
2026-06-09 20:32:34,15436,6267,47.3
2026-06-09 20:32:37,15439,6268,125
2026-06-09 20:32:39,15441,6269,37.8
2026-06-09 20:32:42,15444,6270,58.0
2026-06-09 20:32:45,15447,6271,11.5
2026-06-09 20:32:48,15450,6272,87.6
2026-06-09 20:32:50,15452,6273,96.7
2026-06-09 20:32:53,15455,6274,235
2026-06-09 20:32:56,15458,6275,57.4
2026-06-09 20:32:58,15460,6276,70.6
2026-06-09 20:33:01,15463,6277,63.8
2026-06-09 20:33:04,15466,6278,17.0
2026-06-09 20:33:07,15469,6279,81.2
2026-06-09 20:33:09,15471,6280,41.5
2026-06-09 20:33:12,15474,6281,56.7
2026-06-09 20:33:15,15477,6282,200
2026-06-09 20:33:18,15480,6283,179
2026-06-09 20:33:21,15483,6284,203
2026-06-09 20:33:24,15486,6285,182
2026-06-09 20:33:26,15488,6286,66.4
2026-06-09 20:33:29,15491,6287,56.9
2026-06-09 20:33:32,15494,6288,169
2026-06-09 20:33:34,15496,6289,37.0
2026-06-09 20:33:37,15499,6290,244
2026-06-09 20:33:40,15502,6291,145
2026-06-09 20:33:43,15505,6292,153
2026-06-09 20:33:45,15507,6293,42.9
2026-06-09 20:33:48,15510,6294,36.9
2026-06-09 20:33:51,15513,6295,69.2
2026-06-09 20:33:54,15516,6296,94.1
2026-06-09 20:33:57,15519,6297,47.2
2026-06-09 20:33:59,15521,6298,29.5
2026-06-09 20:34:02,15524,6299,174
2026-06-09 20:34:05,15527,6300,187
2026-06-09 20:34:08,15530,6301,122
2026-06-09 20:34:11,15533,6302,14.4
2026-06-09 20:34:14,15536,6303,40.8
2026-06-09 20:34:17,15539,6304,54.2
2026-06-09 20:34:19,15541,6305,96.2
2026-06-09 20:34:22,15544,6306,175
2026-06-09 20:34:24,15546,6307,41.7
2026-06-09 20:34:27,15549,6308,83.5
2026-06-09 20:34:30,15552,6309,20.6
2026-06-09 20:34:32,15554,6310,64.1
2026-06-09 20:34:35,15557,6311,50.1
2026-06-09 20:34:38,15560,6312,259
2026-06-09 20:34:41,15563,6313,167
2026-06-09 20:34:44,15566,6314,255
2026-06-09 20:34:47,15569,6315,90.7
2026-06-09 20:34:50,15572,6316,144
2026-06-09 20:34:52,15574,6317,39.3
2026-06-09 20:34:55,15577,6318,60.2
2026-06-09 20:34:58,15580,6319,50.2
2026-06-09 20:35:00,15582,6320,77.1
2026-06-09 20:35:03,15585,6321,51.5
2026-06-09 20:35:06,15588,6322,84.7
2026-06-09 20:35:09,15591,6323,61.2
2026-06-09 20:35:12,15594,6324,59.3
2026-06-09 20:35:14,15596,6325,210
2026-06-09 20:35:17,15599,6326,318
2026-06-09 20:35:20,15602,6327,43.9
2026-06-09 20:35:23,15605,6328,20.3
2026-06-09 20:35:26,15608,6329,317
2026-06-09 20:35:29,15611,6330,44.5
2026-06-09 20:35:31,15613,6331,179
2026-06-09 20:35:34,15616,6332,29.6
2026-06-09 20:35:37,15619,6333,34.9
2026-06-09 20:35:40,15622,6334,33.9
2026-06-09 20:35:43,15625,6335,137
2026-06-09 20:35:45,15627,6336,46.1
2026-06-09 20:35:48,15630,6337,101
2026-06-09 20:35:51,15633,6338,82.8
2026-06-09 20:35:53,15635,6339,194
2026-06-09 20:35:56,15638,6340,47.8
2026-06-09 20:35:59,15641,6341,63.4
2026-06-09 20:36:02,15644,6342,25.2
2026-06-09 20:36:05,15647,6343,99.1
2026-06-09 20:36:08,15650,6344,138
2026-06-09 20:36:11,15653,6345,96.7
2026-06-09 20:36:14,15656,6346,80.7
2026-06-09 20:36:16,15658,6347,72.7
2026-06-09 20:36:19,15661,6348,25.9
2026-06-09 20:36:22,15664,6349,42.7
2026-06-09 20:36:25,15667,6350,55.0
2026-06-09 20:36:28,15670,6351,307
2026-06-09 20:36:30,15672,6352,31.0
2026-06-09 20:36:33,15675,6353,62.5
2026-06-09 20:36:36,15678,6354,303
2026-06-09 20:36:39,15681,6355,75.0
2026-06-09 20:36:41,15683,6356,42.1
2026-06-09 20:36:44,15686,6357,113
2026-06-09 20:36:47,15689,6358,92.7
2026-06-09 20:36:50,15692,6359,82.1
2026-06-09 20:36:52,15694,6360,177
2026-06-09 20:36:55,15697,6361,253
2026-06-09 20:36:58,15700,6362,200
2026-06-09 20:37:01,15703,6363,90.2
2026-06-09 20:37:04,15706,6364,78.4
2026-06-09 20:37:06,15708,6365,193
2026-06-09 20:37:09,15711,6366,140
2026-06-09 20:37:12,15714,6367,26.1
2026-06-09 20:37:15,15717,6368,78.8
2026-06-09 20:37:18,15720,6369,30.7
2026-06-09 20:37:21,15723,6370,99.7
2026-06-09 20:37:24,15726,6371,32.1
2026-06-09 20:37:27,15729,6372,94.6
2026-06-09 20:37:30,15732,6373,121
2026-06-09 20:37:33,15735,6374,257
2026-06-09 20:37:36,15738,6375,119
2026-06-09 20:37:39,15741,6376,164
2026-06-09 20:37:42,15744,6377,123
2026-06-09 20:37:45,15747,6378,266
2026-06-09 20:37:48,15750,6379,43.8
2026-06-09 20:37:51,15753,6380,159
2026-06-09 20:37:54,15756,6381,64.5
2026-06-09 20:37:57,15759,6382,95.5
2026-06-09 20:37:59,15761,6383,267
2026-06-09 20:38:02,15764,6384,97.0
2026-06-09 20:38:05,15767,6385,106
2026-06-09 20:38:08,15770,6386,192
2026-06-09 20:38:11,15773,6387,153
2026-06-09 20:38:14,15776,6388,37.4
2026-06-09 20:38:16,15778,6389,82.9
2026-06-09 20:38:19,15781,6390,87.1
2026-06-09 20:38:22,15784,6391,66.2
2026-06-09 20:38:26,15788,6392,67.7
2026-06-09 20:38:29,15791,6393,25.6
2026-06-09 20:38:31,15793,6394,22.8
2026-06-09 20:38:34,15796,6395,127
2026-06-09 20:38:36,15798,6396,81.8
2026-06-09 20:38:39,15801,6397,226
2026-06-09 20:38:42,15804,6398,86.0
2026-06-09 20:38:45,15807,6399,55.0
2026-06-09 20:38:48,15810,6400,109
2026-06-09 20:38:51,15813,6401,151
2026-06-09 20:38:54,15816,6402,27.2
2026-06-09 20:38:57,15819,6403,141
2026-06-09 20:39:00,15822,6404,226
2026-06-09 20:39:03,15825,6405,45.2
2026-06-09 20:39:05,15827,6406,134
2026-06-09 20:39:08,15830,6407,233
2026-06-09 20:39:11,15833,6408,36.4
2026-06-09 20:39:13,15835,6409,110
2026-06-09 20:39:16,15838,6410,35.5
2026-06-09 20:39:18,15840,6411,43.3
2026-06-09 20:39:21,15843,6412,34.7
2026-06-09 20:39:24,15846,6413,34.2
2026-06-09 20:39:27,15849,6414,24.4
2026-06-09 20:39:30,15852,6415,76.7
2026-06-09 20:39:34,15856,6416,284
2026-06-09 20:39:37,15859,6417,35.0
2026-06-09 20:39:39,15861,6418,110
2026-06-09 20:39:42,15864,6419,63.3
2026-06-09 20:39:45,15867,6420,72.0
2026-06-09 20:39:48,15870,6421,16.9
2026-06-09 20:39:51,15873,6422,115
2026-06-09 20:39:53,15875,6423,80.2
2026-06-09 20:39:56,15878,6424,38.6
2026-06-09 20:40:00,15882,6425,193
2026-06-09 20:40:02,15884,6426,35.6
2026-06-09 20:40:05,15887,6427,80.8
2026-06-09 20:40:08,15890,6428,46.6
2026-06-09 20:40:10,15892,6429,260
2026-06-09 20:40:13,15895,6430,40.8
2026-06-09 20:40:16,15898,6431,272
2026-06-09 20:40:18,15900,6432,114
2026-06-09 20:40:21,15903,6433,38.1
2026-06-09 20:40:24,15906,6434,143
2026-06-09 20:40:27,15909,6435,92.7
2026-06-09 20:40:30,15912,6436,30.3
2026-06-09 20:40:32,15914,6437,53.6
2026-06-09 20:40:35,15917,6438,123
2026-06-09 20:40:38,15920,6439,31.1
2026-06-09 20:40:40,15922,6440,138
2026-06-09 20:40:43,15925,6441,37.6
2026-06-09 20:40:46,15928,6442,123
2026-06-09 20:40:49,15931,6443,252
2026-06-09 20:40:52,15934,6444,109
2026-06-09 20:40:54,15936,6445,228
2026-06-09 20:40:57,15939,6446,110
2026-06-09 20:41:00,15942,6447,128
2026-06-09 20:41:03,15945,6448,130
2026-06-09 20:41:06,15948,6449,152
2026-06-09 20:41:09,15951,6450,160
2026-06-09 20:41:12,15954,6451,288
2026-06-09 20:41:14,15956,6452,64.9
2026-06-09 20:41:17,15959,6453,93.0
2026-06-09 20:41:21,15963,6454,71.0
2026-06-09 20:41:24,15966,6455,34.1
2026-06-09 20:41:26,15968,6456,189
2026-06-09 20:41:29,15971,6457,245
2026-06-09 20:41:32,15974,6458,207
2026-06-09 20:41:35,15977,6459,48.9
2026-06-09 20:41:38,15980,6460,67.1
2026-06-09 20:41:41,15983,6461,44.0
2026-06-09 20:41:43,15985,6462,86.7
2026-06-09 20:41:46,15988,6463,92.4
2026-06-09 20:41:49,15991,6464,95.5
2026-06-09 20:41:51,15993,6465,51.4
2026-06-09 20:41:54,15996,6466,30.5
2026-06-09 20:41:57,15999,6467,163
2026-06-09 20:42:00,16002,6468,50.3
2026-06-09 20:42:03,16005,6469,214
2026-06-09 20:42:05,16007,6470,52.1
2026-06-09 20:42:08,16010,6471,51.6
2026-06-09 20:42:11,16013,6472,27.0
2026-06-09 20:42:14,16016,6473,63.2
2026-06-09 20:42:17,16019,6474,22.6
2026-06-09 20:42:19,16021,6475,417
2026-06-09 20:42:21,16023,6476,41.1
2026-06-09 20:42:24,16026,6477,29.7
2026-06-09 20:42:26,16028,6478,15.4
2026-06-09 20:42:28,16030,6479,43.4
2026-06-09 20:42:30,16032,6480,53.8
2026-06-09 20:42:32,16034,6481,18.8
2026-06-09 20:42:34,16036,6482,460
2026-06-09 20:42:37,16039,6483,157
2026-06-09 20:42:39,16041,6484,187
2026-06-09 20:42:42,16044,6485,17.3
2026-06-09 20:42:44,16046,6486,140
2026-06-09 20:42:46,16048,6487,54.3
2026-06-09 20:42:48,16050,6488,76.4
2026-06-09 20:42:51,16053,6489,101
2026-06-09 20:42:53,16055,6490,25.9
2026-06-09 20:42:55,16057,6491,133
2026-06-09 20:42:58,16060,6492,146
2026-06-09 20:43:01,16063,6493,90.9
2026-06-09 20:43:04,16066,6494,140
2026-06-09 20:43:06,16068,6495,128
2026-06-09 20:43:09,16071,6496,167
2026-06-09 20:43:12,16074,6497,69.5
2026-06-09 20:43:15,16077,6498,32.0
2026-06-09 20:43:18,16080,6499,61.3
2026-06-09 20:43:21,16083,6500,171
2026-06-09 20:43:24,16086,6501,50.9
2026-06-09 20:43:27,16089,6502,47.8
2026-06-09 20:43:30,16092,6503,204
2026-06-09 20:43:33,16095,6504,51.6
2026-06-09 20:43:36,16098,6505,42.7
2026-06-09 20:43:38,16100,6506,169
2026-06-09 20:43:41,16103,6507,37.6
2026-06-09 20:43:44,16106,6508,60.5
2026-06-09 20:43:47,16109,6509,83.2
2026-06-09 20:43:50,16112,6510,99.2
2026-06-09 20:43:52,16114,6511,30.4
2026-06-09 20:43:55,16117,6512,158
2026-06-09 20:43:58,16120,6513,84.1
2026-06-09 20:44:00,16122,6514,33.5
2026-06-09 20:44:03,16125,6515,44.4
2026-06-09 20:44:06,16128,6516,18.0
2026-06-09 20:44:09,16131,6517,20.1
2026-06-09 20:44:12,16134,6518,154
2026-06-09 20:44:14,16136,6519,72.9
2026-06-09 20:44:18,16140,6520,107
2026-06-09 20:44:21,16143,6521,260
2026-06-09 20:44:24,16146,6522,172
2026-06-09 20:44:27,16149,6523,62.7
2026-06-09 20:44:30,16152,6524,101
2026-06-09 20:44:33,16155,6525,33.1
2026-06-09 20:44:35,16157,6526,54.3
2026-06-09 20:44:38,16160,6527,9.55
2026-06-09 20:44:41,16163,6528,108
2026-06-09 20:44:44,16166,6529,98.7
2026-06-09 20:44:47,16169,6530,236
2026-06-09 20:44:50,16171,6531,166
2026-06-09 20:44:53,16175,6532,323
2026-06-09 20:44:56,16178,6533,75.2
2026-06-09 20:44:58,16180,6534,24.4
2026-06-09 20:45:01,16183,6535,25.6
2026-06-09 20:45:04,16186,6536,83.9
2026-06-09 20:45:07,16189,6537,81.2
2026-06-09 20:45:10,16192,6538,64.7
2026-06-09 20:45:13,16195,6539,47.7
2026-06-09 20:45:15,16197,6540,79.1
2026-06-09 20:45:18,16200,6541,134
2026-06-09 20:45:21,16203,6542,55.6
2026-06-09 20:45:24,16206,6543,114
2026-06-09 20:45:27,16209,6544,97.8
2026-06-09 20:45:30,16212,6545,76.2
2026-06-09 20:45:32,16214,6546,30.2
2026-06-09 20:45:35,16217,6547,101
2026-06-09 20:45:38,16220,6548,33.4
2026-06-09 20:45:41,16223,6549,53.6
2026-06-09 20:45:44,16226,6550,8.32
2026-06-09 20:45:47,16229,6551,46.4
2026-06-09 20:45:49,16231,6552,311
2026-06-09 20:45:52,16234,6553,56.3
2026-06-09 20:45:55,16237,6554,54.0
2026-06-09 20:45:57,16239,6555,42.6
2026-06-09 20:46:00,16242,6556,96.6
2026-06-09 20:46:03,16245,6557,45.9
2026-06-09 20:46:05,16247,6558,104
2026-06-09 20:46:08,16250,6559,35.1
2026-06-09 20:46:11,16253,6560,53.4
2026-06-09 20:46:13,16255,6561,58.5
2026-06-09 20:46:16,16258,6562,66.4
2026-06-09 20:46:19,16261,6563,91.3
2026-06-09 20:46:21,16263,6564,78.7
2026-06-09 20:46:24,16266,6565,121
2026-06-09 20:46:27,16269,6566,165
2026-06-09 20:46:30,16272,6567,179
2026-06-09 20:46:32,16274,6568,208
2026-06-09 20:46:35,16277,6569,30.2
2026-06-09 20:46:37,16279,6570,24.5
2026-06-09 20:46:40,16282,6571,105
2026-06-09 20:46:43,16285,6572,215
2026-06-09 20:46:46,16288,6573,155
2026-06-09 20:46:48,16290,6574,93.7
2026-06-09 20:46:51,16293,6575,46.6
2026-06-09 20:46:54,16296,6576,49.9
2026-06-09 20:46:57,16299,6577,132
2026-06-09 20:46:59,16301,6578,169
2026-06-09 20:47:02,16304,6579,49.8
2026-06-09 20:47:05,16307,6580,50.1
2026-06-09 20:47:08,16310,6581,54.8
2026-06-09 20:47:11,16313,6582,141
2026-06-09 20:47:13,16315,6583,44.8
2026-06-09 20:47:16,16318,6584,49.9
2026-06-09 20:47:19,16321,6585,154
2026-06-09 20:47:22,16324,6586,83.6
2026-06-09 20:47:25,16327,6587,44.9
2026-06-09 20:47:28,16330,6588,51.0
2026-06-09 20:47:31,16333,6589,49.3
2026-06-09 20:47:34,16336,6590,177
2026-06-09 20:47:37,16339,6591,38.4
2026-06-09 20:47:40,16342,6592,120
2026-06-09 20:47:42,16344,6593,50.0
2026-06-09 20:47:45,16347,6594,75.7
2026-06-09 20:47:48,16350,6595,97.2
2026-06-09 20:47:50,16352,6596,33.6
2026-06-09 20:47:53,16355,6597,95.4
2026-06-09 20:47:56,16358,6598,117
2026-06-09 20:47:59,16361,6599,266
2026-06-09 20:48:02,16364,6600,112
2026-06-09 20:48:05,16367,6601,53.5
2026-06-09 20:48:08,16370,6602,33.2
2026-06-09 20:48:11,16373,6603,92.5
2026-06-09 20:48:14,16376,6604,111
2026-06-09 20:48:17,16379,6605,50.1
2026-06-09 20:48:20,16382,6606,37.9
2026-06-09 20:48:23,16385,6607,232
2026-06-09 20:48:25,16387,6608,70.4
2026-06-09 20:48:28,16390,6609,141
2026-06-09 20:48:31,16393,6610,175
2026-06-09 20:48:34,16396,6611,39.3
2026-06-09 20:48:37,16399,6612,31.9
2026-06-09 20:48:40,16402,6613,45.9
2026-06-09 20:48:43,16405,6614,102
2026-06-09 20:48:46,16408,6615,22.6
2026-06-09 20:48:49,16411,6616,74.2
2026-06-09 20:48:52,16414,6617,182
2026-06-09 20:48:54,16416,6618,27.7
2026-06-09 20:48:57,16419,6619,41.8
2026-06-09 20:49:00,16422,6620,34.0
2026-06-09 20:49:03,16425,6621,51.3
2026-06-09 20:49:05,16427,6622,43.7
2026-06-09 20:49:08,16430,6623,174
2026-06-09 20:49:11,16433,6624,106
2026-06-09 20:49:13,16435,6625,40.7
2026-06-09 20:49:16,16438,6626,127
2026-06-09 20:49:18,16440,6627,117
2026-06-09 20:49:21,16443,6628,36.4
2026-06-09 20:49:24,16446,6629,29.5
2026-06-09 20:49:27,16449,6630,78.5
2026-06-09 20:49:29,16451,6631,132
2026-06-09 20:49:32,16454,6632,85.1
2026-06-09 20:49:35,16457,6633,247
2026-06-09 20:49:37,16459,6634,279
2026-06-09 20:49:40,16462,6635,125
2026-06-09 20:49:42,16464,6636,36.2
2026-06-09 20:49:45,16467,6637,127
2026-06-09 20:49:48,16470,6638,239
2026-06-09 20:49:50,16472,6639,117
2026-06-09 20:49:53,16475,6640,119
2026-06-09 20:49:56,16478,6641,40.5
2026-06-09 20:49:58,16480,6642,54.8
2026-06-09 20:50:01,16483,6643,202
2026-06-09 20:50:04,16486,6644,66.7
2026-06-09 20:50:06,16488,6645,135
2026-06-09 20:50:09,16491,6646,164
2026-06-09 20:50:11,16493,6647,117
2026-06-09 20:50:13,16495,6648,348
2026-06-09 20:50:15,16497,6649,249
2026-06-09 20:50:18,16500,6650,31.5
2026-06-09 20:50:20,16502,6651,69.4
2026-06-09 20:50:23,16505,6652,148
2026-06-09 20:50:26,16508,6653,100
2026-06-09 20:50:28,16510,6654,42.3
2026-06-09 20:50:31,16513,6655,21.0
2026-06-09 20:50:34,16516,6656,48.0
2026-06-09 20:50:37,16519,6657,137
2026-06-09 20:50:40,16522,6658,29.9
2026-06-09 20:50:42,16524,6659,107
2026-06-09 20:50:45,16527,6660,116
2026-06-09 20:50:48,16530,6661,26.5
2026-06-09 20:50:51,16533,6662,16.2
2026-06-09 20:50:54,16536,6663,110
2026-06-09 20:50:56,16538,6664,28.5
2026-06-09 20:50:59,16541,6665,170
2026-06-09 20:51:02,16544,6666,184
2026-06-09 20:51:04,16546,6667,166
2026-06-09 20:51:07,16549,6668,219
2026-06-09 20:51:10,16552,6669,53.9
2026-06-09 20:51:12,16554,6670,91.2
2026-06-09 20:51:15,16557,6671,283
2026-06-09 20:51:17,16559,6672,74.8
2026-06-09 20:51:20,16562,6673,158
2026-06-09 20:51:23,16565,6674,161
2026-06-09 20:51:26,16568,6675,29.3
2026-06-09 20:51:29,16571,6676,42.8
2026-06-09 20:51:31,16573,6677,69.5
2026-06-09 20:51:34,16576,6678,45.1
2026-06-09 20:51:37,16579,6679,145
2026-06-09 20:51:39,16581,6680,183
2026-06-09 20:51:42,16584,6681,31.0
2026-06-09 20:51:45,16587,6682,150
2026-06-09 20:51:48,16590,6683,38.0
2026-06-09 20:51:51,16593,6684,45.8
2026-06-09 20:51:54,16596,6685,30.5
2026-06-09 20:51:56,16598,6686,222
2026-06-09 20:51:59,16601,6687,90.7
2026-06-09 20:52:01,16603,6688,123
2026-06-09 20:52:04,16606,6689,99.9
2026-06-09 20:52:07,16609,6690,182
2026-06-09 20:52:10,16612,6691,100
2026-06-09 20:52:13,16615,6692,222
2026-06-09 20:52:16,16618,6693,262
2026-06-09 20:52:18,16620,6694,142
2026-06-09 20:52:21,16623,6695,99.7
2026-06-09 20:52:24,16626,6696,57.7
2026-06-09 20:52:27,16629,6697,258
2026-06-09 20:52:29,16631,6698,44.5
2026-06-09 20:52:32,16634,6699,118
2026-06-09 20:52:35,16637,6700,58.0
2026-06-09 20:52:38,16640,6701,50.0
2026-06-09 20:52:40,16642,6702,146
2026-06-09 20:52:43,16645,6703,82.3
2026-06-09 20:52:46,16648,6704,79.2
2026-06-09 20:52:49,16651,6705,192
2026-06-09 20:52:52,16654,6706,17.2
2026-06-09 20:52:55,16657,6707,44.1
2026-06-09 20:52:58,16660,6708,275
2026-06-09 20:53:00,16662,6709,36.5
2026-06-09 20:53:03,16665,6710,49.2
2026-06-09 20:53:06,16668,6711,68.4
2026-06-09 20:53:09,16670,6712,293
2026-06-09 20:53:11,16673,6713,206
2026-06-09 20:53:14,16676,6714,117
2026-06-09 20:53:17,16679,6715,101
2026-06-09 20:53:20,16682,6716,47.8
2026-06-09 20:53:23,16685,6717,161
2026-06-09 20:53:25,16687,6718,51.6
2026-06-09 20:53:28,16690,6719,95.6
2026-06-09 20:53:31,16693,6720,54.4
2026-06-09 20:53:34,16696,6721,161
2026-06-09 20:53:37,16699,6722,111
2026-06-09 20:53:40,16702,6723,19.7
2026-06-09 20:53:42,16704,6724,290
2026-06-09 20:53:45,16707,6725,217
2026-06-09 20:53:48,16710,6726,47.4
2026-06-09 20:53:50,16712,6727,69.7
2026-06-09 20:53:53,16715,6728,34.3
2026-06-09 20:53:56,16718,6729,27.2
2026-06-09 20:53:59,16721,6730,112
2026-06-09 20:54:02,16724,6731,209
2026-06-09 20:54:05,16727,6732,283
2026-06-09 20:54:07,16729,6733,106
2026-06-09 20:54:10,16732,6734,40.7
2026-06-09 20:54:13,16735,6735,35.7
2026-06-09 20:54:16,16738,6736,52.7
2026-06-09 20:54:19,16741,6737,197
2026-06-09 20:54:22,16744,6738,116
2026-06-09 20:54:25,16747,6739,91.3
2026-06-09 20:54:27,16749,6740,136
2026-06-09 20:54:30,16752,6741,39.4
2026-06-09 20:54:33,16755,6742,65.3
2026-06-09 20:54:36,16758,6743,126
2026-06-09 20:54:39,16761,6744,29.0
2026-06-09 20:54:42,16764,6745,39.3
2026-06-09 20:54:44,16766,6746,37.7
2026-06-09 20:54:47,16769,6747,41.2
2026-06-09 20:54:50,16772,6748,44.6
2026-06-09 20:54:53,16775,6749,40.5
2026-06-09 20:54:56,16778,6750,214
2026-06-09 20:54:59,16781,6751,36.4
2026-06-09 20:55:02,16784,6752,180
2026-06-09 20:55:05,16787,6753,15.3
2026-06-09 20:55:08,16790,6754,49.7
2026-06-09 20:55:11,16793,6755,22.8
2026-06-09 20:55:13,16795,6756,243
2026-06-09 20:55:16,16798,6757,158
2026-06-09 20:55:18,16800,6758,196
2026-06-09 20:55:21,16803,6759,21.7
2026-06-09 20:55:24,16806,6760,67.0
2026-06-09 20:55:27,16809,6761,42.8
2026-06-09 20:55:30,16812,6762,62.7
2026-06-09 20:55:33,16815,6763,185
2026-06-09 20:55:36,16818,6764,128
2026-06-09 20:55:39,16821,6765,24.7
2026-06-09 20:55:42,16824,6766,127
2026-06-09 20:55:45,16827,6767,74.3
2026-06-09 20:55:48,16830,6768,130
2026-06-09 20:55:50,16832,6769,37.3
2026-06-09 20:55:53,16835,6770,34.0
2026-06-09 20:55:56,16838,6771,65.8
2026-06-09 20:55:59,16841,6772,81.7
2026-06-09 20:56:02,16844,6773,172
2026-06-09 20:56:05,16847,6774,116
2026-06-09 20:56:07,16849,6775,82.8
2026-06-09 20:56:10,16852,6776,169
2026-06-09 20:56:13,16855,6777,182
2026-06-09 20:56:16,16858,6778,40.4
2026-06-09 20:56:19,16861,6779,131
2026-06-09 20:56:22,16864,6780,39.1
2026-06-09 20:56:25,16867,6781,31.4
2026-06-09 20:56:28,16870,6782,183
2026-06-09 20:56:31,16873,6783,28.8
2026-06-09 20:56:34,16876,6784,16.8
2026-06-09 20:56:37,16879,6785,79.4
2026-06-09 20:56:39,16881,6786,86.8
2026-06-09 20:56:42,16884,6787,105
2026-06-09 20:56:45,16887,6788,106
2026-06-09 20:56:48,16890,6789,131
2026-06-09 20:56:51,16893,6790,77.7
2026-06-09 20:56:54,16896,6791,171
2026-06-09 20:56:57,16899,6792,31.2
2026-06-09 20:57:00,16902,6793,136
2026-06-09 20:57:03,16905,6794,75.2
2026-06-09 20:57:05,16907,6795,82.9
2026-06-09 20:57:09,16911,6796,46.1
2026-06-09 20:57:11,16913,6797,36.5
2026-06-09 20:57:14,16916,6798,82.1
2026-06-09 20:57:18,16920,6799,9.64
2026-06-09 20:57:21,16923,6800,74.4
2026-06-09 20:57:24,16926,6801,61.4
2026-06-09 20:57:26,16928,6802,264
2026-06-09 20:57:29,16931,6803,132
2026-06-09 20:57:31,16933,6804,20.3
2026-06-09 20:57:34,16936,6805,66.2
2026-06-09 20:57:36,16938,6806,28.8
2026-06-09 20:57:38,16940,6807,63.3
2026-06-09 20:57:40,16942,6808,181
2026-06-09 20:57:42,16944,6809,35.4
2026-06-09 20:57:44,16946,6810,24.2
2026-06-09 20:57:47,16949,6811,30.8
2026-06-09 20:57:50,16952,6812,164
2026-06-09 20:57:53,16955,6813,146
2026-06-09 20:57:55,16957,6814,158
2026-06-09 20:57:58,16960,6815,70.7
2026-06-09 20:58:01,16963,6816,162
2026-06-09 20:58:04,16966,6817,81.6
2026-06-09 20:58:07,16969,6818,167
2026-06-09 20:58:10,16972,6819,180
2026-06-09 20:58:13,16975,6820,95.3
2026-06-09 20:58:15,16977,6821,247
2026-06-09 20:58:18,16980,6822,218
2026-06-09 20:58:21,16983,6823,39.1
2026-06-09 20:58:24,16986,6824,64.7
2026-06-09 20:58:27,16989,6825,28.0
2026-06-09 20:58:30,16992,6826,167
2026-06-09 20:58:33,16995,6827,176
2026-06-09 20:58:36,16998,6828,73.6
2026-06-09 20:58:39,17001,6829,110
2026-06-09 20:58:42,17004,6830,39.3
2026-06-09 20:58:45,17007,6831,145
2026-06-09 20:58:48,17010,6832,79.4
2026-06-09 20:58:52,17014,6833,135
2026-06-09 20:58:55,17017,6834,35.9
2026-06-09 20:58:58,17020,6835,95.2
2026-06-09 20:59:01,17023,6836,43.8
2026-06-09 20:59:04,17026,6837,187
2026-06-09 20:59:07,17029,6838,87.8
2026-06-09 20:59:10,17032,6839,147
2026-06-09 20:59:13,17035,6840,49.6
2026-06-09 20:59:16,17038,6841,21.8
2026-06-09 20:59:19,17041,6842,45.5
2026-06-09 20:59:21,17043,6843,143
2026-06-09 20:59:24,17046,6844,165
2026-06-09 20:59:27,17049,6845,38.7
2026-06-09 20:59:29,17051,6846,80.9
2026-06-09 20:59:32,17054,6847,119
2026-06-09 20:59:34,17056,6848,27.5
2026-06-09 20:59:37,17059,6849,20.2
2026-06-09 20:59:40,17062,6850,201
2026-06-09 20:59:43,17065,6851,52.7
2026-06-09 20:59:46,17068,6852,21.9
2026-06-09 20:59:49,17071,6853,228
2026-06-09 20:59:51,17073,6854,189
2026-06-09 20:59:54,17076,6855,35.2
2026-06-09 20:59:57,17079,6856,86.1
2026-06-09 21:00:00,17082,6857,137
2026-06-09 21:00:02,17084,6858,223
2026-06-09 21:00:05,17087,6859,52.8
2026-06-09 21:00:08,17090,6860,178
2026-06-09 21:00:11,17093,6861,114
2026-06-09 21:00:14,17096,6862,30.7
2026-06-09 21:00:16,17098,6863,206
2026-06-09 21:00:20,17102,6864,213
2026-06-09 21:00:22,17104,6865,75.6
2026-06-09 21:00:25,17107,6866,9.02
2026-06-09 21:00:28,17110,6867,69.9
2026-06-09 21:00:31,17113,6868,42.5
2026-06-09 21:00:34,17116,6869,82.9
2026-06-09 21:00:36,17118,6870,72.9
2026-06-09 21:00:39,17121,6871,158
2026-06-09 21:00:42,17124,6872,19.9
2026-06-09 21:00:45,17127,6873,80.9
2026-06-09 21:00:48,17130,6874,51.9
2026-06-09 21:00:51,17133,6875,87.2
2026-06-09 21:00:54,17136,6876,35.2
2026-06-09 21:00:56,17138,6877,113
2026-06-09 21:00:59,17141,6878,142
2026-06-09 21:01:01,17143,6879,282
2026-06-09 21:01:04,17146,6880,50.8
2026-06-09 21:01:08,17150,6881,125
2026-06-09 21:01:11,17153,6882,33.9
2026-06-09 21:01:14,17156,6883,127
2026-06-09 21:01:16,17158,6884,79.6
2026-06-09 21:01:19,17161,6885,112
2026-06-09 21:01:22,17164,6886,183
2026-06-09 21:01:25,17167,6887,59.2
2026-06-09 21:01:28,17170,6888,31.4
2026-06-09 21:01:31,17173,6889,53.2
2026-06-09 21:01:34,17176,6890,127
2026-06-09 21:01:37,17179,6891,35.8
2026-06-09 21:01:39,17181,6892,36.6
2026-06-09 21:01:42,17184,6893,39.9
2026-06-09 21:01:45,17187,6894,41.0
2026-06-09 21:01:47,17189,6895,199
2026-06-09 21:01:50,17192,6896,93.1
2026-06-09 21:01:53,17195,6897,233
2026-06-09 21:01:55,17197,6898,149
2026-06-09 21:01:58,17200,6899,83.0
2026-06-09 21:02:01,17203,6900,42.5
2026-06-09 21:02:04,17206,6901,34.0
2026-06-09 21:02:06,17208,6902,12.6
2026-06-09 21:02:09,17211,6903,97.7
2026-06-09 21:02:12,17214,6904,168
2026-06-09 21:02:14,17216,6905,44.6
2026-06-09 21:02:17,17219,6906,239
2026-06-09 21:02:20,17222,6907,27.5
2026-06-09 21:02:22,17224,6908,37.9
2026-06-09 21:02:25,17227,6909,36.3
2026-06-09 21:02:28,17230,6910,27.6
2026-06-09 21:02:31,17233,6911,13.4
2026-06-09 21:02:34,17236,6912,118
2026-06-09 21:02:36,17238,6913,47.4
2026-06-09 21:02:39,17241,6914,38.4
2026-06-09 21:02:42,17244,6915,119
2026-06-09 21:02:45,17247,6916,97.7
2026-06-09 21:02:47,17249,6917,150
2026-06-09 21:02:50,17252,6918,35.7
2026-06-09 21:02:53,17255,6919,89.5
2026-06-09 21:02:56,17258,6920,58.5
2026-06-09 21:02:59,17261,6921,132
2026-06-09 21:03:01,17263,6922,29.1
2026-06-09 21:03:04,17266,6923,38.4
2026-06-09 21:03:07,17269,6924,45.6
2026-06-09 21:03:09,17271,6925,109
2026-06-09 21:03:12,17274,6926,214
2026-06-09 21:03:14,17276,6927,151
2026-06-09 21:03:17,17279,6928,153
2026-06-09 21:03:19,17281,6929,95.1
2026-06-09 21:03:22,17284,6930,43.0
2026-06-09 21:03:25,17287,6931,121
2026-06-09 21:03:28,17290,6932,151
2026-06-09 21:03:31,17293,6933,68.3
2026-06-09 21:03:34,17296,6934,143
2026-06-09 21:03:36,17298,6935,108
2026-06-09 21:03:40,17302,6936,101
2026-06-09 21:03:43,17305,6937,23.8
2026-06-09 21:03:46,17308,6938,112
2026-06-09 21:03:49,17311,6939,74.8
2026-06-09 21:03:52,17314,6940,138
2026-06-09 21:03:55,17317,6941,43.1
2026-06-09 21:03:58,17320,6942,236
2026-06-09 21:04:01,17323,6943,82.5
2026-06-09 21:04:04,17326,6944,67.6
2026-06-09 21:04:07,17329,6945,153
2026-06-09 21:04:10,17332,6946,35.6
2026-06-09 21:04:12,17334,6947,48.7
2026-06-09 21:04:15,17337,6948,122
2026-06-09 21:04:18,17340,6949,159
2026-06-09 21:04:21,17343,6950,58.8
2026-06-09 21:04:23,17345,6951,221
2026-06-09 21:04:26,17348,6952,38.5
2026-06-09 21:04:29,17351,6953,93.8
2026-06-09 21:04:32,17354,6954,116
2026-06-09 21:04:35,17357,6955,120
2026-06-09 21:04:37,17359,6956,142
2026-06-09 21:04:40,17362,6957,176
2026-06-09 21:04:43,17365,6958,79.3
2026-06-09 21:04:45,17367,6959,204
2026-06-09 21:04:48,17370,6960,280
2026-06-09 21:04:51,17373,6961,54.8
2026-06-09 21:04:54,17376,6962,34.1
2026-06-09 21:04:57,17379,6963,37.0
2026-06-09 21:05:00,17382,6964,84.4
2026-06-09 21:05:03,17385,6965,202
2026-06-09 21:05:06,17388,6966,22.3
2026-06-09 21:05:09,17391,6967,38.8
2026-06-09 21:05:12,17394,6968,75.3
2026-06-09 21:05:15,17397,6969,96.5
2026-06-09 21:05:18,17400,6970,68.1
2026-06-09 21:05:20,17402,6971,58.7
2026-06-09 21:05:23,17405,6972,54.8
2026-06-09 21:05:26,17408,6973,109
2026-06-09 21:05:29,17411,6974,46.8
2026-06-09 21:05:31,17413,6975,36.9
2026-06-09 21:05:34,17416,6976,61.2
2026-06-09 21:05:37,17419,6977,167
2026-06-09 21:05:40,17421,6978,77.9
2026-06-09 21:05:42,17424,6979,132
2026-06-09 21:05:45,17427,6980,93.4
2026-06-09 21:05:48,17430,6981,101
2026-06-09 21:05:51,17433,6982,95.8
2026-06-09 21:05:54,17436,6983,82.6
2026-06-09 21:05:57,17439,6984,75.1
2026-06-09 21:05:59,17441,6985,12.7
2026-06-09 21:06:02,17444,6986,104
2026-06-09 21:06:04,17446,6987,22.3
2026-06-09 21:06:07,17449,6988,213
2026-06-09 21:06:10,17452,6989,59.7
2026-06-09 21:06:13,17455,6990,37.6
2026-06-09 21:06:15,17457,6991,38.7
2026-06-09 21:06:18,17460,6992,101
2026-06-09 21:06:21,17463,6993,92.2
2026-06-09 21:06:24,17466,6994,81.3
2026-06-09 21:06:26,17468,6995,35.1
2026-06-09 21:06:29,17471,6996,25.0
2026-06-09 21:06:32,17474,6997,219
2026-06-09 21:06:35,17477,6998,45.4
2026-06-09 21:06:38,17480,6999,177
2026-06-09 21:06:41,17483,7000,63.3
2026-06-09 21:06:44,17486,7001,NA
2026-06-09 21:06:47,17489,7002,63.9
2026-06-09 21:06:50,17492,7003,200
2026-06-09 21:06:53,17495,7004,73.6
2026-06-09 21:06:56,17498,7005,73.9
2026-06-09 21:06:59,17501,7006,98.9
2026-06-09 21:07:02,17504,7007,49.6
2026-06-09 21:07:05,17507,7008,141
2026-06-09 21:07:08,17510,7009,132
2026-06-09 21:07:11,17513,7010,219
2026-06-09 21:07:14,17516,7011,32.7
2026-06-09 21:07:16,17518,7012,37.6
2026-06-09 21:07:19,17521,7013,113
2026-06-09 21:07:22,17524,7014,64.7
2026-06-09 21:07:25,17527,7015,136
2026-06-09 21:07:28,17530,7016,67.3
2026-06-09 21:07:31,17533,7017,273
2026-06-09 21:07:34,17536,7018,87.6
2026-06-09 21:07:37,17539,7019,43.7
2026-06-09 21:07:40,17542,7020,150
2026-06-09 21:07:42,17544,7021,115
2026-06-09 21:07:45,17547,7022,31.4
2026-06-09 21:07:48,17550,7023,183
2026-06-09 21:07:51,17553,7024,51.9
2026-06-09 21:07:54,17556,7025,57.8
2026-06-09 21:07:57,17559,7026,94.3
2026-06-09 21:07:59,17561,7027,135
2026-06-09 21:08:02,17564,7028,32.1
2026-06-09 21:08:05,17567,7029,49.2
2026-06-09 21:08:08,17570,7030,204
2026-06-09 21:08:11,17573,7031,167
2026-06-09 21:08:14,17576,7032,47.2
2026-06-09 21:08:17,17579,7033,63.6
2026-06-09 21:08:19,17581,7034,44.5
2026-06-09 21:08:21,17583,7035,60.3
2026-06-09 21:08:24,17586,7036,68.4
2026-06-09 21:08:26,17588,7037,134
2026-06-09 21:08:28,17590,7038,44.2
2026-06-09 21:08:30,17592,7039,183
2026-06-09 21:08:33,17595,7040,197
2026-06-09 21:08:36,17598,7041,65.8
2026-06-09 21:08:39,17601,7042,69.1
2026-06-09 21:08:42,17604,7043,155
2026-06-09 21:08:45,17607,7044,49.4
2026-06-09 21:08:48,17610,7045,102
2026-06-09 21:08:51,17613,7046,178
2026-06-09 21:08:54,17616,7047,44.2
2026-06-09 21:08:57,17619,7048,196
2026-06-09 21:09:00,17622,7049,120
2026-06-09 21:09:03,17625,7050,206
2026-06-09 21:09:06,17628,7051,124
2026-06-09 21:09:08,17630,7052,68.7
2026-06-09 21:09:11,17633,7053,218
2026-06-09 21:09:15,17637,7054,13.2
2026-06-09 21:09:17,17639,7055,164
2026-06-09 21:09:20,17642,7056,55.5
2026-06-09 21:09:23,17645,7057,62.2
2026-06-09 21:09:26,17648,7058,69.9
2026-06-09 21:09:29,17651,7059,30.8
2026-06-09 21:09:31,17653,7060,57.4
2026-06-09 21:09:34,17656,7061,174
2026-06-09 21:09:37,17659,7062,73.8
2026-06-09 21:09:40,17662,7063,36.2
2026-06-09 21:09:42,17664,7064,52.8
2026-06-09 21:09:45,17667,7065,15.5
2026-06-09 21:09:48,17670,7066,40.2
2026-06-09 21:09:51,17673,7067,73.9
2026-06-09 21:09:53,17675,7068,41.2
2026-06-09 21:09:56,17678,7069,73.7
2026-06-09 21:09:59,17681,7070,74.9
2026-06-09 21:10:01,17683,7071,43.5
2026-06-09 21:10:04,17686,7072,169
2026-06-09 21:10:07,17689,7073,64.0
2026-06-09 21:10:09,17691,7074,56.6
2026-06-09 21:10:12,17694,7075,28.2
2026-06-09 21:10:15,17697,7076,42.8
2026-06-09 21:10:17,17699,7077,115
2026-06-09 21:10:20,17702,7078,79.9
2026-06-09 21:10:23,17705,7079,33.5
2026-06-09 21:10:26,17708,7080,116
2026-06-09 21:10:29,17711,7081,231
2026-06-09 21:10:31,17713,7082,257
2026-06-09 21:10:34,17716,7083,57.3
2026-06-09 21:10:37,17719,7084,110
2026-06-09 21:10:39,17721,7085,101
2026-06-09 21:10:42,17724,7086,16.6
2026-06-09 21:10:45,17727,7087,92.1
2026-06-09 21:10:47,17729,7088,196
2026-06-09 21:10:50,17732,7089,135
2026-06-09 21:10:52,17734,7090,138
2026-06-09 21:10:55,17737,7091,75.7
2026-06-09 21:10:58,17740,7092,202
2026-06-09 21:11:01,17743,7093,120
2026-06-09 21:11:04,17746,7094,60.1
2026-06-09 21:11:06,17748,7095,160
2026-06-09 21:11:09,17751,7096,47.3
2026-06-09 21:11:12,17754,7097,237
2026-06-09 21:11:15,17757,7098,21.3
2026-06-09 21:11:18,17760,7099,164
2026-06-09 21:11:20,17762,7100,192
2026-06-09 21:11:23,17765,7101,31.6
2026-06-09 21:11:26,17768,7102,123
2026-06-09 21:11:29,17771,7103,43.7
2026-06-09 21:11:32,17774,7104,38.3
2026-06-09 21:11:35,17777,7105,105
2026-06-09 21:11:37,17779,7106,81.3
2026-06-09 21:11:41,17783,7107,60.8
2026-06-09 21:11:43,17785,7108,148
2026-06-09 21:11:46,17788,7109,132
2026-06-09 21:11:49,17791,7110,148
2026-06-09 21:11:52,17794,7111,29.3
2026-06-09 21:11:55,17797,7112,20.5
2026-06-09 21:11:58,17800,7113,20.0
2026-06-09 21:12:01,17803,7114,41.3
2026-06-09 21:12:03,17805,7115,111
2026-06-09 21:12:06,17808,7116,66.4
2026-06-09 21:12:09,17811,7117,52.0
2026-06-09 21:12:12,17814,7118,112
2026-06-09 21:12:14,17816,7119,49.0
2026-06-09 21:12:17,17819,7120,35.0
2026-06-09 21:12:20,17822,7121,36.7
2026-06-09 21:12:23,17825,7122,309
2026-06-09 21:12:25,17827,7123,70.8
2026-06-09 21:12:28,17830,7124,176
2026-06-09 21:12:31,17833,7125,78.8
2026-06-09 21:12:34,17836,7126,87.3
2026-06-09 21:12:37,17839,7127,63.8
2026-06-09 21:12:39,17841,7128,111
2026-06-09 21:12:42,17844,7129,63.4
2026-06-09 21:12:45,17847,7130,181
2026-06-09 21:12:48,17850,7131,156
2026-06-09 21:12:50,17852,7132,19.0
2026-06-09 21:12:53,17855,7133,19.6
2026-06-09 21:12:56,17858,7134,322
2026-06-09 21:12:59,17861,7135,256
2026-06-09 21:13:02,17864,7136,98.0
2026-06-09 21:13:04,17866,7137,206
2026-06-09 21:13:07,17869,7138,149
2026-06-09 21:13:10,17872,7139,52.6
2026-06-09 21:13:13,17875,7140,120
2026-06-09 21:13:16,17878,7141,142
2026-06-09 21:13:18,17880,7142,199
2026-06-09 21:13:21,17883,7143,147
2026-06-09 21:13:24,17886,7144,162
2026-06-09 21:13:27,17889,7145,186
2026-06-09 21:13:30,17892,7146,73.3
2026-06-09 21:13:33,17895,7147,34.5
2026-06-09 21:13:36,17898,7148,27.8
2026-06-09 21:13:38,17900,7149,34.4
2026-06-09 21:13:41,17903,7150,133
2026-06-09 21:13:44,17906,7151,80.9
2026-06-09 21:13:47,17909,7152,134
2026-06-09 21:13:49,17911,7153,163
2026-06-09 21:13:52,17914,7154,22.1
2026-06-09 21:13:55,17917,7155,118
2026-06-09 21:13:58,17920,7156,94.3
2026-06-09 21:14:01,17923,7157,49.9
2026-06-09 21:14:03,17925,7158,157
2026-06-09 21:14:06,17928,7159,52.7
2026-06-09 21:14:09,17931,7160,229
2026-06-09 21:14:12,17934,7161,19.6
2026-06-09 21:14:15,17937,7162,124
2026-06-09 21:14:17,17939,7163,52.3
2026-06-09 21:14:20,17942,7164,115
2026-06-09 21:14:23,17945,7165,146
2026-06-09 21:14:26,17948,7166,51.4
2026-06-09 21:14:29,17951,7167,16.4
2026-06-09 21:14:32,17954,7168,115
2026-06-09 21:14:35,17957,7169,71.5
2026-06-09 21:14:37,17959,7170,134
2026-06-09 21:14:40,17962,7171,30.5
2026-06-09 21:14:43,17965,7172,232
2026-06-09 21:14:46,17968,7173,18.4
2026-06-09 21:14:49,17971,7174,81.1
2026-06-09 21:14:52,17974,7175,141
2026-06-09 21:14:55,17977,7176,172
2026-06-09 21:14:57,17979,7177,196
2026-06-09 21:15:00,17982,7178,84.2
2026-06-09 21:15:03,17985,7179,121
2026-06-09 21:15:06,17988,7180,89.4
2026-06-09 21:15:09,17991,7181,264
2026-06-09 21:15:12,17994,7182,45.6
2026-06-09 21:15:14,17996,7183,86.9
2026-06-09 21:15:17,17999,7184,36.3
2026-06-09 21:15:20,18002,7185,43.0
2026-06-09 21:15:23,18005,7186,108
2026-06-09 21:15:26,18008,7187,57.1
2026-06-09 21:15:29,18011,7188,69.1
2026-06-09 21:15:32,18014,7189,157
2026-06-09 21:15:35,18017,7190,313
2026-06-09 21:15:38,18020,7191,62.2
2026-06-09 21:15:41,18023,7192,127
2026-06-09 21:15:44,18026,7193,285
2026-06-09 21:15:46,18028,7194,19.7
2026-06-09 21:15:50,18032,7195,123
2026-06-09 21:15:52,18034,7196,131
2026-06-09 21:15:55,18037,7197,180
2026-06-09 21:15:58,18040,7198,131
2026-06-09 21:16:01,18043,7199,93.9
2026-06-09 21:16:04,18046,7200,31.3
2026-06-09 21:16:07,18049,7201,136
2026-06-09 21:16:10,18052,7202,89.4
2026-06-09 21:16:13,18055,7203,104
2026-06-09 21:16:16,18058,7204,69.7
2026-06-09 21:16:19,18061,7205,90.9
2026-06-09 21:16:22,18064,7206,156
2026-06-09 21:16:25,18067,7207,163
2026-06-09 21:16:28,18070,7208,139
2026-06-09 21:16:30,18072,7209,39.4
2026-06-09 21:16:33,18075,7210,103
2026-06-09 21:16:36,18078,7211,75.0
2026-06-09 21:16:39,18081,7212,64.4
2026-06-09 21:16:42,18084,7213,43.0
2026-06-09 21:16:45,18087,7214,123
2026-06-09 21:16:47,18089,7215,150
2026-06-09 21:16:50,18092,7216,102
2026-06-09 21:16:53,18095,7217,71.4
2026-06-09 21:16:56,18098,7218,127
2026-06-09 21:16:59,18101,7219,152
2026-06-09 21:17:02,18104,7220,31.3
2026-06-09 21:17:05,18107,7221,38.8
2026-06-09 21:17:08,18110,7222,46.7
2026-06-09 21:17:11,18113,7223,81.6
2026-06-09 21:17:14,18116,7224,25.1
2026-06-09 21:17:17,18119,7225,193
2026-06-09 21:17:20,18122,7226,25.5
2026-06-09 21:17:23,18125,7227,268
2026-06-09 21:17:26,18128,7228,93.5
2026-06-09 21:17:29,18131,7229,113
2026-06-09 21:17:32,18134,7230,225
2026-06-09 21:17:34,18136,7231,28.7
2026-06-09 21:17:37,18139,7232,37.4
2026-06-09 21:17:40,18142,7233,16.9
2026-06-09 21:17:43,18145,7234,43.3
2026-06-09 21:17:46,18148,7235,180
2026-06-09 21:17:49,18151,7236,75.3
2026-06-09 21:17:52,18154,7237,123
2026-06-09 21:17:55,18157,7238,152
2026-06-09 21:17:58,18160,7239,270
2026-06-09 21:18:01,18163,7240,113
2026-06-09 21:18:04,18166,7241,65.3
2026-06-09 21:18:07,18169,7242,30.8
2026-06-09 21:18:10,18172,7243,375
2026-06-09 21:18:12,18174,7244,59.6
2026-06-09 21:18:15,18177,7245,74.1
2026-06-09 21:18:18,18180,7246,20.3
2026-06-09 21:18:21,18183,7247,164
2026-06-09 21:18:24,18186,7248,34.4
2026-06-09 21:18:27,18189,7249,83.5
2026-06-09 21:18:30,18192,7250,165
2026-06-09 21:18:33,18195,7251,20.4
2026-06-09 21:18:35,18197,7252,365
2026-06-09 21:18:37,18199,7253,48.7
2026-06-09 21:18:39,18201,7254,234
2026-06-09 21:18:42,18204,7255,54.7
2026-06-09 21:18:44,18206,7256,27.4
2026-06-09 21:18:46,18208,7257,31.4
2026-06-09 21:18:48,18210,7258,30.6
2026-06-09 21:18:50,18212,7259,33.1
2026-06-09 21:18:53,18215,7260,34.9
2026-06-09 21:18:55,18217,7261,18.1
2026-06-09 21:18:57,18219,7262,49.4
2026-06-09 21:18:59,18221,7263,42.0
2026-06-09 21:19:01,18223,7264,17.2
2026-06-09 21:19:03,18225,7265,35.5
2026-06-09 21:19:05,18227,7266,43.5
2026-06-09 21:19:07,18229,7267,35.0
2026-06-09 21:19:09,18231,7268,47.5
2026-06-09 21:19:11,18233,7269,38.7
2026-06-09 21:19:13,18235,7270,60.5
2026-06-09 21:19:15,18237,7271,17.7
2026-06-09 21:19:17,18239,7272,24.7
2026-06-09 21:19:19,18241,7273,25.4
2026-06-09 21:19:21,18243,7274,139
2026-06-09 21:19:23,18245,7275,60.7
2026-06-09 21:19:25,18247,7276,97.1
2026-06-09 21:19:27,18249,7277,138
2026-06-09 21:19:29,18251,7278,118
2026-06-09 21:19:31,18253,7279,32.6
2026-06-09 21:19:33,18255,7280,42.9
2026-06-09 21:19:35,18257,7281,71.9
2026-06-09 21:19:37,18259,7282,32.3
2026-06-09 21:19:39,18261,7283,16.5
2026-06-09 21:19:42,18264,7284,35.3
2026-06-09 21:19:44,18266,7285,51.8
2026-06-09 21:19:46,18268,7286,65.2
2026-06-09 21:19:48,18270,7287,50.3
2026-06-09 21:19:50,18272,7288,40.7
2026-06-09 21:19:52,18274,7289,25.9
2026-06-09 21:19:54,18276,7290,25.4
2026-06-09 21:19:56,18278,7291,36.2
2026-06-09 21:19:58,18280,7292,53.3
2026-06-09 21:20:00,18282,7293,11.7
2026-06-09 21:20:02,18284,7294,147
2026-06-09 21:20:05,18287,7295,77.3
2026-06-09 21:20:07,18289,7296,37.6
2026-06-09 21:20:10,18292,7297,40.6
2026-06-09 21:20:12,18294,7298,23.2
2026-06-09 21:20:14,18296,7299,46.9
2026-06-09 21:20:16,18298,7300,25.2
2026-06-09 21:20:18,18300,7301,13.2
2026-06-09 21:20:20,18302,7302,21.7
2026-06-09 21:20:22,18304,7303,22.7
2026-06-09 21:20:25,18307,7304,14.7
2026-06-09 21:20:27,18309,7305,26.9
2026-06-09 21:20:29,18311,7306,49.0
2026-06-09 21:20:31,18313,7307,41.4
2026-06-09 21:20:33,18315,7308,41.9
2026-06-09 21:20:35,18317,7309,37.9
2026-06-09 21:20:37,18319,7310,15.4
2026-06-09 21:20:39,18321,7311,21.7
2026-06-09 21:20:42,18324,7312,22.3
2026-06-09 21:20:44,18326,7313,34.9
2026-06-09 21:20:46,18328,7314,18.4
2026-06-09 21:20:48,18330,7315,39.6
2026-06-09 21:20:50,18332,7316,38.7
2026-06-09 21:20:52,18334,7317,31.4
2026-06-09 21:20:54,18336,7318,47.5
2026-06-09 21:20:57,18339,7319,27.4
2026-06-09 21:20:59,18341,7320,23.8
2026-06-09 21:21:01,18343,7321,70.4
2026-06-09 21:21:03,18345,7322,25.8
2026-06-09 21:21:05,18347,7323,46.1
2026-06-09 21:21:08,18350,7324,17.8
2026-06-09 21:21:10,18352,7325,47.9
2026-06-09 21:21:12,18354,7326,23.0
2026-06-09 21:21:14,18356,7327,26.0
2026-06-09 21:21:16,18358,7328,14.3
2026-06-09 21:21:18,18360,7329,43.2
2026-06-09 21:21:20,18362,7330,16.9
2026-06-09 21:21:22,18364,7331,41.9
2026-06-09 21:21:24,18366,7332,28.9
2026-06-09 21:21:27,18369,7333,22.0
2026-06-09 21:21:29,18371,7334,32.8
2026-06-09 21:21:31,18373,7335,16.9
2026-06-09 21:21:33,18375,7336,31.1
2026-06-09 21:21:35,18377,7337,31.1
2026-06-09 21:21:37,18379,7338,19.5
2026-06-09 21:21:39,18381,7339,24.6
2026-06-09 21:21:41,18383,7340,17.9
2026-06-09 21:21:44,18386,7341,34.8
2026-06-09 21:21:46,18388,7342,95.3
2026-06-09 21:21:48,18390,7343,27.0
2026-06-09 21:21:51,18393,7344,84.1
2026-06-09 21:21:53,18395,7345,37.1
2026-06-09 21:21:55,18397,7346,34.9
2026-06-09 21:21:57,18399,7347,31.4
2026-06-09 21:22:00,18401,7348,51.6
2026-06-09 21:22:02,18404,7349,25.9
2026-06-09 21:22:04,18406,7350,20.0
2026-06-09 21:22:06,18408,7351,38.9
2026-06-09 21:22:08,18410,7352,45.3
2026-06-09 21:22:10,18412,7353,24.1
2026-06-09 21:22:12,18414,7354,22.1
2026-06-09 21:22:14,18416,7355,41.0
2026-06-09 21:22:16,18418,7356,38.8
2026-06-09 21:22:18,18420,7357,27.0
2026-06-09 21:22:20,18422,7358,40.8
2026-06-09 21:22:23,18425,7359,37.4
2026-06-09 21:22:25,18427,7360,30.8
2026-06-09 21:22:27,18429,7361,27.9
2026-06-09 21:22:29,18431,7362,52.5
2026-06-09 21:22:31,18433,7363,16.9
2026-06-09 21:22:33,18435,7364,161
2026-06-09 21:22:35,18437,7365,48.5
2026-06-09 21:22:38,18440,7366,17.2
2026-06-09 21:22:40,18442,7367,26.8
2026-06-09 21:22:42,18444,7368,58.1
2026-06-09 21:22:44,18446,7369,57.4
2026-06-09 21:22:47,18449,7370,57.6
2026-06-09 21:22:49,18451,7371,17.5
2026-06-09 21:22:51,18453,7372,13.5
2026-06-09 21:22:53,18455,7373,36.1
2026-06-09 21:22:55,18457,7374,19.9
2026-06-09 21:22:57,18459,7375,17.0
2026-06-09 21:22:59,18461,7376,37.9
2026-06-09 21:23:02,18464,7377,46.6
2026-06-09 21:23:04,18466,7378,25.0
2026-06-09 21:23:06,18468,7379,38.5
2026-06-09 21:23:08,18470,7380,26.0
2026-06-09 21:23:10,18472,7381,38.1
2026-06-09 21:23:12,18474,7382,30.8
2026-06-09 21:23:14,18476,7383,36.3
2026-06-09 21:23:16,18478,7384,20.2
2026-06-09 21:23:18,18480,7385,13.9
2026-06-09 21:23:20,18482,7386,24.0
2026-06-09 21:23:23,18485,7387,17.7
2026-06-09 21:23:25,18487,7388,26.4
2026-06-09 21:23:27,18489,7389,23.6
2026-06-09 21:23:29,18491,7390,37.3
2026-06-09 21:23:31,18493,7391,34.6
2026-06-09 21:23:33,18495,7392,137
2026-06-09 21:23:36,18498,7393,85.9
2026-06-09 21:23:38,18500,7394,67.2
2026-06-09 21:23:40,18502,7395,205
2026-06-09 21:23:42,18504,7396,22.4
2026-06-09 21:23:44,18506,7397,31.0
2026-06-09 21:23:47,18509,7398,16.4
2026-06-09 21:23:49,18511,7399,29.8
2026-06-09 21:23:51,18513,7400,22.4
2026-06-09 21:23:53,18515,7401,26.9
2026-06-09 21:23:55,18517,7402,25.5
2026-06-09 21:23:57,18519,7403,37.0
2026-06-09 21:23:59,18521,7404,21.4
2026-06-09 21:24:01,18523,7405,36.5
2026-06-09 21:24:03,18525,7406,204
2026-06-09 21:24:05,18527,7407,47.6
2026-06-09 21:24:08,18530,7408,35.7
2026-06-09 21:24:10,18532,7409,10.2
2026-06-09 21:24:12,18534,7410,48.0
2026-06-09 21:24:14,18536,7411,35.0
2026-06-09 21:24:16,18538,7412,31.6
2026-06-09 21:24:18,18540,7413,53.8
2026-06-09 21:24:20,18542,7414,106
2026-06-09 21:24:23,18545,7415,93.4
2026-06-09 21:24:25,18547,7416,27.5
2026-06-09 21:24:27,18549,7417,34.0
2026-06-09 21:24:29,18551,7418,21.7
2026-06-09 21:24:32,18554,7419,36.4
2026-06-09 21:24:34,18556,7420,26.9
2026-06-09 21:24:36,18558,7421,260
2026-06-09 21:24:38,18560,7422,40.8
2026-06-09 21:24:40,18562,7423,23.1
2026-06-09 21:24:42,18564,7424,21.4
2026-06-09 21:24:44,18566,7425,43.8
2026-06-09 21:24:46,18568,7426,103
2026-06-09 21:24:48,18570,7427,23.1
2026-06-09 21:24:50,18572,7428,55.5
2026-06-09 21:24:52,18574,7429,41.5
2026-06-09 21:24:54,18576,7430,18.7
2026-06-09 21:24:57,18579,7431,41.3
2026-06-09 21:24:59,18581,7432,40.0
2026-06-09 21:25:01,18583,7433,42.8
2026-06-09 21:25:03,18585,7434,35.7
2026-06-09 21:25:05,18587,7435,26.1
2026-06-09 21:25:07,18589,7436,33.1
2026-06-09 21:25:10,18592,7437,26.9
2026-06-09 21:25:12,18594,7438,44.1
2026-06-09 21:25:14,18596,7439,36.7
2026-06-09 21:25:16,18598,7440,37.2
2026-06-09 21:25:18,18600,7441,158
2026-06-09 21:25:20,18602,7442,58.5
2026-06-09 21:25:23,18605,7443,30.8
2026-06-09 21:25:25,18607,7444,20.5
2026-06-09 21:25:27,18609,7445,215
2026-06-09 21:25:29,18611,7446,17.3
2026-06-09 21:25:32,18614,7447,38.6
2026-06-09 21:25:34,18616,7448,24.4
2026-06-09 21:25:36,18618,7449,45.8
2026-06-09 21:25:38,18620,7450,28.9
2026-06-09 21:25:40,18622,7451,38.9
2026-06-09 21:25:42,18624,7452,21.6
2026-06-09 21:25:44,18626,7453,25.6
2026-06-09 21:25:46,18628,7454,15.8
2026-06-09 21:25:48,18630,7455,17.2
2026-06-09 21:25:50,18632,7456,56.1
2026-06-09 21:25:52,18634,7457,29.2
2026-06-09 21:25:54,18636,7458,27.5
2026-06-09 21:25:57,18639,7459,35.0
2026-06-09 21:25:59,18641,7460,40.3
2026-06-09 21:26:01,18643,7461,30.0
2026-06-09 21:26:03,18645,7462,59.8
2026-06-09 21:26:04,18646,7463,126
2026-06-09 21:26:07,18649,7464,57.9
2026-06-09 21:26:09,18651,7465,39.3
2026-06-09 21:26:11,18653,7466,30.4
2026-06-09 21:26:13,18655,7467,102
2026-06-09 21:26:15,18657,7468,37.2
2026-06-09 21:26:17,18659,7469,31.9
2026-06-09 21:26:19,18661,7470,53.1
2026-06-09 21:26:21,18663,7471,62.7
2026-06-09 21:26:23,18665,7472,43.8
2026-06-09 21:26:25,18667,7473,214
2026-06-09 21:26:27,18669,7474,34.8
2026-06-09 21:26:29,18671,7475,38.3
2026-06-09 21:26:31,18673,7476,36.9
2026-06-09 21:26:33,18675,7477,46.2
2026-06-09 21:26:34,18676,7478,27.1
2026-06-09 21:26:36,18678,7479,36.7
2026-06-09 21:26:38,18680,7480,35.4
2026-06-09 21:26:40,18682,7481,41.3
2026-06-09 21:26:42,18684,7482,53.6
2026-06-09 21:26:44,18686,7483,170
2026-06-09 21:26:46,18688,7484,230
2026-06-09 21:26:48,18690,7485,30.7
2026-06-09 21:26:50,18692,7486,38.4
2026-06-09 21:26:53,18695,7487,44.7
2026-06-09 21:26:55,18697,7488,30.5
2026-06-09 21:26:56,18698,7489,26.1
2026-06-09 21:26:58,18700,7490,36.2
2026-06-09 21:27:00,18702,7491,29.0
2026-06-09 21:27:02,18704,7492,39.5
2026-06-09 21:27:04,18706,7493,38.5
2026-06-09 21:27:06,18708,7494,47.2
2026-06-09 21:27:08,18710,7495,62.8
2026-06-09 21:27:10,18712,7496,44.4
2026-06-09 21:27:12,18714,7497,38.4
2026-06-09 21:27:14,18716,7498,48.6
2026-06-09 21:27:16,18718,7499,29.1
2026-06-09 21:27:18,18720,7500,39.9
2026-06-09 21:27:20,18722,7501,128
2026-06-09 21:27:22,18724,7502,39.5
2026-06-09 21:27:24,18726,7503,36.8
2026-06-09 21:27:26,18728,7504,34.7
2026-06-09 21:27:28,18730,7505,38.2
2026-06-09 21:27:30,18732,7506,22.8
2026-06-09 21:27:32,18734,7507,16.4
2026-06-09 21:27:35,18737,7508,29.2
2026-06-09 21:27:37,18739,7509,24.6
2026-06-09 21:27:39,18741,7510,57.5
2026-06-09 21:27:41,18743,7511,29.1
2026-06-09 21:27:43,18745,7512,59.2
2026-06-09 21:27:44,18746,7513,45.9
2026-06-09 21:27:46,18748,7514,37.0
2026-06-09 21:27:48,18750,7515,37.0
2026-06-09 21:27:50,18752,7516,41.3
2026-06-09 21:27:52,18754,7517,21.1
2026-06-09 21:27:54,18756,7518,48.6
2026-06-09 21:27:56,18758,7519,69.3
2026-06-09 21:27:58,18760,7520,36.7
2026-06-09 21:28:00,18762,7521,44.8
2026-06-09 21:28:02,18764,7522,183
2026-06-09 21:28:04,18766,7523,39.7
2026-06-09 21:28:06,18768,7524,48.9
2026-06-09 21:28:08,18770,7525,51.4
2026-06-09 21:28:10,18772,7526,48.9
2026-06-09 21:28:12,18774,7527,45.0
2026-06-09 21:28:14,18776,7528,51.5
2026-06-09 21:28:16,18778,7529,51.4
2026-06-09 21:28:18,18780,7530,42.4
2026-06-09 21:28:20,18782,7531,41.0
2026-06-09 21:28:22,18784,7532,42.6
2026-06-09 21:28:24,18786,7533,27.1
2026-06-09 21:28:26,18788,7534,33.7
2026-06-09 21:28:28,18790,7535,27.6
2026-06-09 21:28:30,18792,7536,43.5
2026-06-09 21:28:32,18794,7537,171
2026-06-09 21:28:34,18796,7538,600
2026-06-09 21:28:36,18798,7539,173
2026-06-09 21:28:39,18801,7540,49.9
2026-06-09 21:28:41,18803,7541,33.5
2026-06-09 21:28:43,18805,7542,22.2
2026-06-09 21:28:45,18807,7543,121
2026-06-09 21:28:47,18809,7544,74.1
2026-06-09 21:28:50,18812,7545,91.0
2026-06-09 21:28:53,18815,7546,153
2026-06-09 21:28:56,18818,7547,16.9
2026-06-09 21:28:59,18821,7548,176
2026-06-09 21:29:02,18824,7549,24.5
2026-06-09 21:29:05,18827,7550,83.8
2026-06-09 21:29:08,18830,7551,113
2026-06-09 21:29:11,18833,7552,30.1
2026-06-09 21:29:14,18836,7553,26.6
2026-06-09 21:29:17,18839,7554,76.3
2026-06-09 21:29:20,18842,7555,19.9
2026-06-09 21:29:22,18844,7556,92.2
2026-06-09 21:29:26,18848,7557,45.8
2026-06-09 21:29:29,18851,7558,34.0
2026-06-09 21:29:32,18854,7559,35.0
2026-06-09 21:29:35,18857,7560,25.2
2026-06-09 21:29:38,18860,7561,39.0
2026-06-09 21:29:41,18863,7562,111
2026-06-09 21:29:44,18866,7563,156
2026-06-09 21:29:47,18869,7564,175
2026-06-09 21:29:50,18872,7565,36.2
2026-06-09 21:29:53,18875,7566,288
2026-06-09 21:29:56,18878,7567,98.8
2026-06-09 21:29:59,18881,7568,37.6
2026-06-09 21:30:02,18884,7569,190
2026-06-09 21:30:05,18887,7570,26.1
2026-06-09 21:30:08,18890,7571,21.3
2026-06-09 21:30:11,18893,7572,222
2026-06-09 21:30:14,18896,7573,192
2026-06-09 21:30:16,18898,7574,82.3
2026-06-09 21:30:19,18901,7575,112
2026-06-09 21:30:22,18904,7576,40.9
2026-06-09 21:30:25,18907,7577,89.8
2026-06-09 21:30:28,18910,7578,65.3
2026-06-09 21:30:31,18913,7579,98.3
2026-06-09 21:30:34,18916,7580,16.8
2026-06-09 21:30:36,18918,7581,46.5
2026-06-09 21:30:39,18921,7582,21.2
2026-06-09 21:30:42,18924,7583,119
2026-06-09 21:30:45,18927,7584,170
2026-06-09 21:30:48,18930,7585,100
2026-06-09 21:30:51,18933,7586,143
2026-06-09 21:30:54,18936,7587,113
2026-06-09 21:30:57,18939,7588,80.0
2026-06-09 21:31:00,18942,7589,67.9
2026-06-09 21:31:03,18945,7590,25.0
2026-06-09 21:31:06,18948,7591,20.7
2026-06-09 21:31:08,18950,7592,15.6
2026-06-09 21:31:11,18953,7593,36.8
2026-06-09 21:31:14,18956,7594,150
2026-06-09 21:31:17,18959,7595,19.2
2026-06-09 21:31:20,18962,7596,92.1
2026-06-09 21:31:23,18965,7597,171
2026-06-09 21:31:26,18968,7598,248
2026-06-09 21:31:29,18971,7599,299
2026-06-09 21:31:32,18974,7600,74.1
2026-06-09 21:31:34,18976,7601,90.0
2026-06-09 21:31:37,18979,7602,30.7
2026-06-09 21:31:40,18982,7603,69.2
2026-06-09 21:31:43,18985,7604,76.6
2026-06-09 21:31:46,18988,7605,68.9
2026-06-09 21:31:49,18991,7606,141
2026-06-09 21:31:52,18994,7607,69.7
2026-06-09 21:31:55,18997,7608,87.5
2026-06-09 21:31:58,19000,7609,51.2
2026-06-09 21:32:00,19002,7610,45.3
2026-06-09 21:32:03,19005,7611,248
2026-06-09 21:32:07,19009,7612,104
2026-06-09 21:32:10,19012,7613,212
2026-06-09 21:32:13,19015,7614,77.2
2026-06-09 21:32:16,19018,7615,207
2026-06-09 21:32:19,19021,7616,143
2026-06-09 21:32:22,19024,7617,46.0
2026-06-09 21:32:24,19026,7618,241
2026-06-09 21:32:28,19030,7619,108
2026-06-09 21:32:30,19032,7620,44.6
2026-06-09 21:32:33,19035,7621,20.0
2026-06-09 21:32:36,19038,7622,101
2026-06-09 21:32:39,19041,7623,227
2026-06-09 21:32:42,19044,7624,17.0
2026-06-09 21:32:45,19047,7625,41.5
2026-06-09 21:32:48,19050,7626,170
2026-06-09 21:32:51,19053,7627,250
2026-06-09 21:32:54,19056,7628,93.3
2026-06-09 21:32:57,19059,7629,152
2026-06-09 21:32:59,19061,7630,12.3
2026-06-09 21:33:02,19064,7631,73.7
2026-06-09 21:33:05,19067,7632,293
2026-06-09 21:33:08,19070,7633,22.9
2026-06-09 21:33:11,19073,7634,36.1
2026-06-09 21:33:14,19076,7635,294
2026-06-09 21:33:17,19079,7636,77.3
2026-06-09 21:33:20,19082,7637,59.8
2026-06-09 21:33:23,19085,7638,116
2026-06-09 21:33:26,19088,7639,16.7
2026-06-09 21:33:29,19091,7640,107
2026-06-09 21:33:32,19094,7641,57.1
2026-06-09 21:33:34,19096,7642,98.9
2026-06-09 21:33:37,19099,7643,199
2026-06-09 21:33:40,19102,7644,69.9
2026-06-09 21:33:43,19105,7645,36.0
2026-06-09 21:33:46,19108,7646,35.7
2026-06-09 21:33:49,19111,7647,160
2026-06-09 21:33:52,19114,7648,57.4
2026-06-09 21:33:55,19117,7649,30.2
2026-06-09 21:33:57,19119,7650,99.3
2026-06-09 21:34:00,19122,7651,220
2026-06-09 21:34:03,19125,7652,280
2026-06-09 21:34:06,19128,7653,46.7
2026-06-09 21:34:09,19131,7654,25.4
2026-06-09 21:34:12,19134,7655,67.4
2026-06-09 21:34:15,19137,7656,153
2026-06-09 21:34:18,19140,7657,59.9
2026-06-09 21:34:21,19143,7658,271
2026-06-09 21:34:24,19146,7659,94.5
2026-06-09 21:34:27,19149,7660,63.1
2026-06-09 21:34:30,19152,7661,76.3
2026-06-09 21:34:33,19155,7662,158
2026-06-09 21:34:35,19157,7663,26.4
2026-06-09 21:34:38,19160,7664,111
2026-06-09 21:34:41,19163,7665,65.4
2026-06-09 21:34:45,19167,7666,83.1
2026-06-09 21:34:47,19169,7667,105
2026-06-09 21:34:51,19173,7668,76.9
2026-06-09 21:34:53,19175,7669,104
2026-06-09 21:34:56,19179,7670,157
2026-06-09 21:34:59,19181,7671,36.3
2026-06-09 21:35:02,19184,7672,33.5
2026-06-09 21:35:05,19187,7673,246
2026-06-09 21:35:08,19190,7674,43.9
2026-06-09 21:35:11,19193,7675,156
2026-06-09 21:35:14,19196,7676,44.3
2026-06-09 21:35:17,19199,7677,186
2026-06-09 21:35:20,19202,7678,51.0
2026-06-09 21:35:23,19205,7679,78.0
2026-06-09 21:35:26,19208,7680,40.3
2026-06-09 21:35:29,19211,7681,152
2026-06-09 21:35:32,19214,7682,160
2026-06-09 21:35:35,19217,7683,86.6
2026-06-09 21:35:38,19220,7684,166
2026-06-09 21:35:40,19222,7685,23.2
2026-06-09 21:35:43,19225,7686,173
2026-06-09 21:35:46,19228,7687,83.8
2026-06-09 21:35:49,19231,7688,126
2026-06-09 21:35:52,19234,7689,68.1
2026-06-09 21:35:55,19237,7690,44.8
2026-06-09 21:35:58,19240,7691,95.2
2026-06-09 21:36:01,19243,7692,43.6
2026-06-09 21:36:04,19246,7693,28.8
2026-06-09 21:36:07,19249,7694,133
2026-06-09 21:36:10,19252,7695,69.4
2026-06-09 21:36:13,19255,7696,54.9
2026-06-09 21:36:16,19258,7697,10.5
2026-06-09 21:36:18,19260,7698,96.7
2026-06-09 21:36:21,19263,7699,175
2026-06-09 21:36:24,19266,7700,13.5
2026-06-09 21:36:27,19269,7701,112
2026-06-09 21:36:30,19272,7702,92.7
2026-06-09 21:36:33,19275,7703,47.7
2026-06-09 21:36:36,19278,7704,83.0
2026-06-09 21:36:39,19281,7705,226
2026-06-09 21:36:42,19284,7706,61.8
2026-06-09 21:36:44,19286,7707,63.9
2026-06-09 21:36:47,19289,7708,16.8
2026-06-09 21:36:50,19292,7709,146
2026-06-09 21:36:52,19294,7710,85.7
2026-06-09 21:36:55,19297,7711,26.4
2026-06-09 21:36:58,19300,7712,16.9
2026-06-09 21:37:00,19302,7713,33.9
2026-06-09 21:37:03,19305,7714,142
2026-06-09 21:37:06,19308,7715,91.1
2026-06-09 21:37:09,19311,7716,148
2026-06-09 21:37:12,19314,7717,178
2026-06-09 21:37:15,19317,7718,355
2026-06-09 21:37:17,19319,7719,96.9
2026-06-09 21:37:19,19321,7720,111
2026-06-09 21:37:21,19323,7721,216
2026-06-09 21:37:23,19325,7722,123
2026-06-09 21:37:25,19327,7723,72.3
2026-06-09 21:37:28,19330,7724,47.7
2026-06-09 21:37:30,19332,7725,23.6
2026-06-09 21:37:32,19334,7726,16.2
2026-06-09 21:37:34,19336,7727,13.6
2026-06-09 21:37:36,19338,7728,34.1
2026-06-09 21:37:38,19340,7729,29.9
2026-06-09 21:37:40,19342,7730,14.1
2026-06-09 21:37:42,19344,7731,42.4
2026-06-09 21:37:44,19346,7732,28.9
2026-06-09 21:37:46,19348,7733,28.6
2026-06-09 21:37:48,19350,7734,58.8
2026-06-09 21:37:50,19352,7735,37.1
2026-06-09 21:37:52,19354,7736,25.9
2026-06-09 21:37:54,19356,7737,400
2026-06-09 21:37:57,19359,7738,70.7
2026-06-09 21:37:59,19361,7739,31.7
2026-06-09 21:38:01,19363,7740,40.7
2026-06-09 21:38:03,19365,7741,34.0
2026-06-09 21:38:05,19367,7742,25.1
2026-06-09 21:38:07,19369,7743,30.4
2026-06-09 21:38:09,19371,7744,17.7
2026-06-09 21:38:11,19373,7745,26.2
2026-06-09 21:38:13,19375,7746,25.7
2026-06-09 21:38:15,19377,7747,176
2026-06-09 21:38:17,19379,7748,21.7
2026-06-09 21:38:19,19381,7749,22.7
2026-06-09 21:38:21,19383,7750,42.8
2026-06-09 21:38:24,19386,7751,23.8
2026-06-09 21:38:26,19388,7752,17.2
2026-06-09 21:38:28,19390,7753,26.0
2026-06-09 21:38:30,19392,7754,43.9
2026-06-09 21:38:32,19394,7755,36.3
2026-06-09 21:38:34,19396,7756,94.9
2026-06-09 21:38:36,19398,7757,36.0
2026-06-09 21:38:38,19400,7758,21.0
2026-06-09 21:38:40,19402,7759,66.7
2026-06-09 21:38:42,19404,7760,44.0
2026-06-09 21:38:44,19406,7761,22.4
2026-06-09 21:38:46,19408,7762,64.2
2026-06-09 21:38:48,19410,7763,41.2
2026-06-09 21:38:50,19412,7764,27.3
2026-06-09 21:38:52,19414,7765,32.5
2026-06-09 21:38:54,19416,7766,45.2
2026-06-09 21:38:56,19418,7767,41.9
2026-06-09 21:38:58,19420,7768,30.4
2026-06-09 21:39:00,19422,7769,35.7
2026-06-09 21:39:02,19424,7770,30.7
2026-06-09 21:39:04,19426,7771,31.5
2026-06-09 21:39:06,19428,7772,36.9
2026-06-09 21:39:08,19430,7773,47.6
2026-06-09 21:39:10,19432,7774,34.0
2026-06-09 21:39:12,19434,7775,38.3
2026-06-09 21:39:14,19436,7776,118
2026-06-09 21:39:16,19438,7777,30.6
2026-06-09 21:39:18,19440,7778,22.3
2026-06-09 21:39:20,19442,7779,218
2026-06-09 21:39:23,19445,7780,35.0
2026-06-09 21:39:25,19447,7781,104
2026-06-09 21:39:27,19449,7782,24.7
2026-06-09 21:39:29,19451,7783,34.4
2026-06-09 21:39:31,19453,7784,35.1
2026-06-09 21:39:33,19455,7785,42.9
2026-06-09 21:39:35,19457,7786,34.1
2026-06-09 21:39:37,19459,7787,35.1
2026-06-09 21:39:39,19461,7788,35.4
2026-06-09 21:39:41,19463,7789,28.9
2026-06-09 21:39:43,19465,7790,48.6
2026-06-09 21:39:45,19467,7791,19.1
2026-06-09 21:39:48,19470,7792,187
2026-06-09 21:39:50,19472,7793,31.0
2026-06-09 21:39:52,19474,7794,44.3
2026-06-09 21:39:54,19476,7795,58.0
2026-06-09 21:39:56,19478,7796,44.2
2026-06-09 21:39:58,19480,7797,44.9
2026-06-09 21:40:00,19482,7798,17.4
2026-06-09 21:40:03,19485,7799,11.4
2026-06-09 21:40:05,19487,7800,30.0
2026-06-09 21:40:07,19489,7801,29.3
2026-06-09 21:40:09,19491,7802,74.7
2026-06-09 21:40:11,19493,7803,17.7
2026-06-09 21:40:14,19496,7804,28.0
2026-06-09 21:40:16,19498,7805,115
2026-06-09 21:40:18,19500,7806,38.8
2026-06-09 21:40:20,19502,7807,30.1
2026-06-09 21:40:22,19504,7808,42.1
2026-06-09 21:40:24,19506,7809,21.6
2026-06-09 21:40:26,19508,7810,37.3
2026-06-09 21:40:28,19510,7811,28.7
2026-06-09 21:40:30,19512,7812,14.9
2026-06-09 21:40:32,19514,7813,22.7
2026-06-09 21:40:34,19516,7814,39.9
2026-06-09 21:40:36,19518,7815,32.8
2026-06-09 21:40:38,19520,7816,38.7
2026-06-09 21:40:40,19522,7817,51.0
2026-06-09 21:40:42,19524,7818,16.7
2026-06-09 21:40:44,19526,7819,21.0
2026-06-09 21:40:46,19528,7820,16.3
2026-06-09 21:40:48,19530,7821,35.0
2026-06-09 21:40:50,19532,7822,312
2026-06-09 21:40:53,19535,7823,44.7
2026-06-09 21:40:55,19537,7824,29.9
2026-06-09 21:40:57,19539,7825,34.5
2026-06-09 21:40:59,19541,7826,39.5
2026-06-09 21:41:01,19543,7827,36.8
2026-06-09 21:41:03,19545,7828,46.7
2026-06-09 21:41:05,19547,7829,44.5
2026-06-09 21:41:07,19549,7830,38.7
2026-06-09 21:41:09,19551,7831,27.5
2026-06-09 21:41:11,19553,7832,32.8
2026-06-09 21:41:13,19555,7833,38.6
2026-06-09 21:41:15,19557,7834,29.9
2026-06-09 21:41:17,19559,7835,35.5
2026-06-09 21:41:19,19561,7836,33.1
2026-06-09 21:41:21,19563,7837,35.5
2026-06-09 21:41:23,19565,7838,36.9
2026-06-09 21:41:25,19567,7839,28.4
2026-06-09 21:41:27,19569,7840,35.8
2026-06-09 21:41:29,19571,7841,34.9
2026-06-09 21:41:31,19573,7842,26.8
2026-06-09 21:41:33,19575,7843,38.2
2026-06-09 21:41:35,19577,7844,17.9
2026-06-09 21:41:37,19579,7845,32.5
2026-06-09 21:41:39,19581,7846,36.8
2026-06-09 21:41:41,19583,7847,20.0
2026-06-09 21:41:43,19585,7848,23.9
2026-06-09 21:41:45,19587,7849,37.0
2026-06-09 21:41:47,19589,7850,30.8
2026-06-09 21:41:49,19591,7851,49.0
2026-06-09 21:41:51,19593,7852,34.3
2026-06-09 21:41:53,19595,7853,40.5
2026-06-09 21:41:55,19597,7854,16.1
2026-06-09 21:41:57,19599,7855,18.3
2026-06-09 21:41:59,19601,7856,30.4
2026-06-09 21:42:01,19603,7857,41.0
2026-06-09 21:42:03,19605,7858,46.4
2026-06-09 21:42:05,19607,7859,15.0
2026-06-09 21:42:07,19609,7860,21.6
2026-06-09 21:42:09,19611,7861,19.4
2026-06-09 21:42:11,19613,7862,67.0
2026-06-09 21:42:13,19615,7863,32.4
2026-06-09 21:42:15,19617,7864,33.3
2026-06-09 21:42:17,19619,7865,30.6
2026-06-09 21:42:19,19621,7866,33.9
2026-06-09 21:42:21,19623,7867,42.0
2026-06-09 21:42:23,19625,7868,46.6
2026-06-09 21:42:25,19627,7869,21.2
2026-06-09 21:42:27,19629,7870,36.4
2026-06-09 21:42:29,19631,7871,30.6
2026-06-09 21:42:31,19633,7872,54.7
2026-06-09 21:42:33,19635,7873,27.8
2026-06-09 21:42:35,19637,7874,18.0
2026-06-09 21:42:38,19640,7875,19.5
2026-06-09 21:42:40,19642,7876,35.7
2026-06-09 21:42:42,19644,7877,25.8
2026-06-09 21:42:44,19646,7878,47.3
2026-06-09 21:42:46,19648,7879,43.5
2026-06-09 21:42:48,19650,7880,19.9
2026-06-09 21:42:50,19652,7881,35.1
2026-06-09 21:42:52,19654,7882,39.5
2026-06-09 21:42:54,19656,7883,29.1
2026-06-09 21:42:56,19658,7884,34.6
2026-06-09 21:42:58,19660,7885,54.3
2026-06-09 21:43:00,19662,7886,26.4
2026-06-09 21:43:02,19664,7887,59.6
2026-06-09 21:43:04,19666,7888,38.3
2026-06-09 21:43:06,19668,7889,39.9
2026-06-09 21:43:08,19670,7890,31.6
2026-06-09 21:43:10,19672,7891,61.0
2026-06-09 21:43:12,19674,7892,33.9
2026-06-09 21:43:13,19675,7893,42.2
2026-06-09 21:43:16,19678,7894,22.6
2026-06-09 21:43:17,19679,7895,28.4
2026-06-09 21:43:19,19681,7896,38.0
2026-06-09 21:43:21,19683,7897,27.5
2026-06-09 21:43:23,19685,7898,53.1
2026-06-09 21:43:25,19687,7899,41.1
2026-06-09 21:43:27,19689,7900,32.2
2026-06-09 21:43:29,19691,7901,37.2
2026-06-09 21:43:31,19693,7902,48.6
2026-06-09 21:43:33,19695,7903,29.7
2026-06-09 21:43:35,19697,7904,30.0
2026-06-09 21:43:37,19699,7905,28.6
2026-06-09 21:43:39,19701,7906,86.9
2026-06-09 21:43:41,19703,7907,23.3
2026-06-09 21:43:43,19705,7908,32.1
2026-06-09 21:43:45,19707,7909,54.4
2026-06-09 21:43:47,19709,7910,38.0
2026-06-09 21:43:49,19711,7911,23.7
2026-06-09 21:43:51,19713,7912,25.9
2026-06-09 21:43:53,19715,7913,51.1
2026-06-09 21:43:55,19717,7914,35.8
2026-06-09 21:43:57,19719,7915,45.8
2026-06-09 21:43:59,19721,7916,35.9
2026-06-09 21:44:01,19723,7917,25.1
2026-06-09 21:44:03,19725,7918,25.7
2026-06-09 21:44:05,19727,7919,44.3
2026-06-09 21:44:07,19729,7920,43.9
2026-06-09 21:44:09,19731,7921,51.3
2026-06-09 21:44:11,19733,7922,48.3
2026-06-09 21:44:13,19735,7923,38.5
2026-06-09 21:44:15,19737,7924,27.7
2026-06-09 21:44:17,19738,7925,28.6
2026-06-09 21:44:18,19740,7926,34.9
2026-06-09 21:44:20,19742,7927,35.8
2026-06-09 21:44:23,19745,7928,57.3
2026-06-09 21:44:25,19747,7929,17.5
2026-06-09 21:44:27,19749,7930,54.2
2026-06-09 21:44:29,19751,7931,31.7
2026-06-09 21:44:31,19753,7932,46.0
2026-06-09 21:44:33,19755,7933,69.7
2026-06-09 21:44:35,19757,7934,48.9
2026-06-09 21:44:37,19759,7935,25.7
2026-06-09 21:44:39,19761,7936,24.0
2026-06-09 21:44:41,19763,7937,20.6
2026-06-09 21:44:43,19765,7938,35.5
2026-06-09 21:44:45,19767,7939,39.3
2026-06-09 21:44:47,19769,7940,36.2
2026-06-09 21:44:49,19771,7941,48.9
2026-06-09 21:44:51,19773,7942,31.6
2026-06-09 21:44:53,19775,7943,59.3
2026-06-09 21:44:55,19777,7944,27.7
2026-06-09 21:44:57,19779,7945,32.8
2026-06-09 21:44:59,19781,7946,36.6
2026-06-09 21:45:01,19783,7947,24.5
2026-06-09 21:45:03,19785,7948,65.3
2026-06-09 21:45:05,19787,7949,34.0
2026-06-09 21:45:07,19789,7950,50.5
2026-06-09 21:45:09,19791,7951,45.0
2026-06-09 21:45:11,19793,7952,39.4
2026-06-09 21:45:13,19795,7953,35.1
2026-06-09 21:45:15,19797,7954,33.3
2026-06-09 21:45:17,19799,7955,47.9
2026-06-09 21:45:19,19801,7956,28.7
2026-06-09 21:45:21,19803,7957,46.3
2026-06-09 21:45:23,19805,7958,33.1
2026-06-09 21:45:25,19807,7959,30.9
2026-06-09 21:45:27,19809,7960,27.3
2026-06-09 21:45:29,19811,7961,35.9
2026-06-09 21:45:31,19813,7962,29.0
2026-06-09 21:45:33,19815,7963,38.4
2026-06-09 21:45:35,19817,7964,25.1
2026-06-09 21:45:37,19819,7965,38.9
2026-06-09 21:45:39,19821,7966,47.4
2026-06-09 21:45:42,19824,7967,39.5
2026-06-09 21:45:44,19826,7968,64.2
2026-06-09 21:45:46,19828,7969,19.7
2026-06-09 21:45:48,19830,7970,41.3
2026-06-09 21:45:50,19832,7971,59.3
2026-06-09 21:45:52,19834,7972,15.3
2026-06-09 21:45:54,19836,7973,28.1
2026-06-09 21:45:56,19838,7974,32.8
2026-06-09 21:45:58,19840,7975,31.0
2026-06-09 21:46:00,19842,7976,34.7
2026-06-09 21:46:02,19844,7977,42.6
2026-06-09 21:46:04,19846,7978,46.0
2026-06-09 21:46:06,19848,7979,84.2
2026-06-09 21:46:08,19850,7980,29.0
2026-06-09 21:46:10,19852,7981,17.5
2026-06-09 21:46:12,19854,7982,28.5
2026-06-09 21:46:14,19856,7983,45.7
2026-06-09 21:46:16,19858,7984,49.5
2026-06-09 21:46:18,19860,7985,32.3
2026-06-09 21:46:20,19862,7986,41.9
2026-06-09 21:46:22,19864,7987,29.8
2026-06-09 21:46:24,19866,7988,23.4
2026-06-09 21:46:26,19868,7989,33.9
2026-06-09 21:46:28,19870,7990,40.5
2026-06-09 21:46:30,19872,7991,42.2
2026-06-09 21:46:32,19874,7992,34.6
2026-06-09 21:46:34,19876,7993,44.6
2026-06-09 21:46:37,19879,7994,50.0
2026-06-09 21:46:39,19881,7995,44.0
2026-06-09 21:46:40,19882,7996,38.0
2026-06-09 21:46:42,19884,7997,37.3
2026-06-09 21:46:44,19886,7998,23.8
2026-06-09 21:46:46,19888,7999,50.4
2026-06-09 21:46:49,19891,8000,36.9
2026-06-09 21:46:51,19893,8001,16.4
2026-06-09 21:46:53,19895,8002,41.2
2026-06-09 21:46:55,19897,8003,65.3
2026-06-09 21:46:57,19899,8004,70.2
2026-06-09 21:46:59,19901,8005,31.7
2026-06-09 21:47:01,19903,8006,26.2
2026-06-09 21:47:03,19905,8007,30.9
2026-06-09 21:47:05,19907,8008,49.6
2026-06-09 21:47:07,19909,8009,31.6
2026-06-09 21:47:09,19911,8010,36.2
2026-06-09 21:47:11,19913,8011,20.1
2026-06-09 21:47:13,19915,8012,30.1
2026-06-09 21:47:15,19917,8013,53.8
2026-06-09 21:47:17,19919,8014,31.9
2026-06-09 21:47:19,19921,8015,49.9
2026-06-09 21:47:21,19923,8016,34.3
2026-06-09 21:47:23,19925,8017,23.4
2026-06-09 21:47:25,19927,8018,34.9
2026-06-09 21:47:27,19929,8019,38.7
2026-06-09 21:47:29,19931,8020,52.7
2026-06-09 21:47:31,19933,8021,34.3
2026-06-09 21:47:33,19935,8022,34.2
2026-06-09 21:47:35,19937,8023,43.1
2026-06-09 21:47:37,19939,8024,48.8
2026-06-09 21:47:39,19941,8025,42.8
2026-06-09 21:47:41,19943,8026,48.3
2026-06-09 21:47:43,19945,8027,39.2
2026-06-09 21:47:45,19947,8028,190
2026-06-09 21:47:47,19949,8029,91.7
2026-06-09 21:47:49,19951,8030,31.8
2026-06-09 21:47:51,19953,8031,33.5
2026-06-09 21:47:53,19955,8032,35.3
2026-06-09 21:47:55,19957,8033,48.9
2026-06-09 21:47:57,19959,8034,26.0
2026-06-09 21:47:59,19961,8035,45.3
2026-06-09 21:48:01,19963,8036,31.2
2026-06-09 21:48:03,19965,8037,32.7
2026-06-09 21:48:05,19967,8038,40.9
2026-06-09 21:48:07,19969,8039,32.4
2026-06-09 21:48:09,19971,8040,40.4
2026-06-09 21:48:11,19973,8041,50.4
2026-06-09 21:48:13,19975,8042,65.7
2026-06-09 21:48:15,19977,8043,17.6
2026-06-09 21:48:17,19979,8044,45.6
2026-06-09 21:48:19,19981,8045,50.9
2026-06-09 21:48:21,19983,8046,22.8
2026-06-09 21:48:23,19985,8047,25.2
2026-06-09 21:48:25,19987,8048,29.0
2026-06-09 21:48:27,19989,8049,49.9
2026-06-09 21:48:29,19991,8050,31.4
2026-06-09 21:48:31,19993,8051,18.6
2026-06-09 21:48:33,19995,8052,14.6
2026-06-09 21:48:35,19997,8053,27.6
2026-06-09 21:48:37,19999,8054,70.8
2026-06-09 21:48:39,20001,8055,38.1
2026-06-09 21:48:41,20003,8056,50.5
2026-06-09 21:48:43,20005,8057,45.6
2026-06-09 21:48:45,20007,8058,49.1
2026-06-09 21:48:47,20009,8059,93.4
2026-06-09 21:48:49,20011,8060,35.0
2026-06-09 21:48:51,20013,8061,32.0
2026-06-09 21:48:54,20016,8062,39.7
2026-06-09 21:48:55,20017,8063,25.8
2026-06-09 21:48:57,20019,8064,37.4
2026-06-09 21:48:59,20021,8065,39.3
2026-06-09 21:49:01,20023,8066,37.2
2026-06-09 21:49:03,20025,8067,36.8
2026-06-09 21:49:05,20027,8068,40.2
2026-06-09 21:49:07,20029,8069,29.4
2026-06-09 21:49:09,20031,8070,35.7
2026-06-09 21:49:11,20033,8071,31.3
2026-06-09 21:49:13,20035,8072,38.1
2026-06-09 21:49:15,20037,8073,33.8
2026-06-09 21:49:17,20039,8074,34.3
2026-06-09 21:49:19,20041,8075,28.3
2026-06-09 21:49:21,20043,8076,28.0
2026-06-09 21:49:23,20045,8077,32.8
2026-06-09 21:49:25,20047,8078,34.7
2026-06-09 21:49:27,20049,8079,31.4
2026-06-09 21:49:29,20051,8080,30.9
2026-06-09 21:49:31,20053,8081,36.9
2026-06-09 21:49:33,20055,8082,39.0
2026-06-09 21:49:35,20057,8083,27.4
2026-06-09 21:49:37,20059,8084,29.5
2026-06-09 21:49:39,20061,8085,33.9
2026-06-09 21:49:41,20063,8086,30.5
2026-06-09 21:49:43,20065,8087,25.7
2026-06-09 21:49:45,20067,8088,39.8
2026-06-09 21:49:47,20069,8089,27.5
2026-06-09 21:49:49,20071,8090,31.4
2026-06-09 21:49:51,20073,8091,33.9
2026-06-09 21:49:53,20075,8092,37.9
2026-06-09 21:49:55,20077,8093,48.4
2026-06-09 21:49:57,20079,8094,36.3
2026-06-09 21:49:59,20081,8095,65.3
2026-06-09 21:50:01,20083,8096,46.1
2026-06-09 21:50:03,20085,8097,31.2
2026-06-09 21:50:05,20087,8098,46.9
2026-06-09 21:50:07,20089,8099,36.7
2026-06-09 21:50:09,20091,8100,34.1
2026-06-09 21:50:11,20093,8101,39.3
2026-06-09 21:50:13,20095,8102,29.2
2026-06-09 21:50:15,20097,8103,42.0
2026-06-09 21:50:17,20099,8104,36.5
2026-06-09 21:50:19,20101,8105,36.0
2026-06-09 21:50:21,20103,8106,37.3
2026-06-09 21:50:23,20105,8107,30.3
2026-06-09 21:50:25,20107,8108,40.4
2026-06-09 21:50:27,20109,8109,46.9
2026-06-09 21:50:29,20111,8110,22.2
2026-06-09 21:50:31,20113,8111,36.9
2026-06-09 21:50:33,20115,8112,22.7
2026-06-09 21:50:35,20117,8113,47.5
2026-06-09 21:50:37,20119,8114,38.3
2026-06-09 21:50:39,20121,8115,34.8
2026-06-09 21:50:41,20123,8116,27.4
2026-06-09 21:50:43,20125,8117,48.9
2026-06-09 21:50:45,20127,8118,32.1
2026-06-09 21:50:47,20129,8119,47.6
2026-06-09 21:50:49,20131,8120,43.1
2026-06-09 21:50:51,20133,8121,33.3
2026-06-09 21:50:53,20135,8122,34.7
2026-06-09 21:50:55,20137,8123,23.1
2026-06-09 21:50:57,20139,8124,52.7
2026-06-09 21:50:59,20141,8125,31.8
2026-06-09 21:51:01,20143,8126,15.0
2026-06-09 21:51:03,20145,8127,40.1
2026-06-09 21:51:05,20147,8128,46.0
2026-06-09 21:51:07,20149,8129,40.4
2026-06-09 21:51:09,20151,8130,41.2
2026-06-09 21:51:11,20153,8131,43.1
2026-06-09 21:51:13,20155,8132,44.2
2026-06-09 21:51:15,20157,8133,37.6
2026-06-09 21:51:17,20159,8134,42.9
2026-06-09 21:51:19,20161,8135,30.6
2026-06-09 21:51:21,20163,8136,44.0
2026-06-09 21:51:23,20165,8137,49.5
2026-06-09 21:51:25,20167,8138,46.9
2026-06-09 21:51:27,20169,8139,57.6
2026-06-09 21:51:29,20171,8140,38.6
2026-06-09 21:51:31,20173,8141,51.5
2026-06-09 21:51:33,20175,8142,47.4
2026-06-09 21:51:35,20176,8143,40.5
2026-06-09 21:51:36,20178,8144,26.7
2026-06-09 21:51:39,20181,8145,47.6
2026-06-09 21:51:41,20183,8146,45.3
2026-06-09 21:51:43,20185,8147,46.8
2026-06-09 21:51:45,20187,8148,37.7
2026-06-09 21:51:47,20189,8149,29.2
2026-06-09 21:51:49,20191,8150,27.8
2026-06-09 21:51:51,20193,8151,29.6
2026-06-09 21:51:53,20195,8152,23.3
2026-06-09 21:51:55,20197,8153,93.4
2026-06-09 21:51:57,20199,8154,41.1
2026-06-09 21:51:59,20201,8155,27.1
2026-06-09 21:52:01,20203,8156,36.1
2026-06-09 21:52:03,20205,8157,31.1
2026-06-09 21:52:05,20207,8158,58.0
2026-06-09 21:52:07,20209,8159,53.7
2026-06-09 21:52:09,20211,8160,33.2
2026-06-09 21:52:11,20213,8161,36.0
2026-06-09 21:52:13,20215,8162,74.8
2026-06-09 21:52:15,20217,8163,35.6
2026-06-09 21:52:17,20219,8164,28.8
2026-06-09 21:52:19,20221,8165,31.9
2026-06-09 21:52:21,20223,8166,28.7
2026-06-09 21:52:23,20225,8167,37.2
2026-06-09 21:52:25,20227,8168,36.1
2026-06-09 21:52:27,20229,8169,34.4
2026-06-09 21:52:29,20231,8170,33.7
2026-06-09 21:52:31,20233,8171,32.8
2026-06-09 21:52:33,20235,8172,23.8
2026-06-09 21:52:35,20237,8173,37.3
2026-06-09 21:52:37,20239,8174,32.3
2026-06-09 21:52:39,20241,8175,37.2
2026-06-09 21:52:41,20243,8176,31.8
2026-06-09 21:52:43,20245,8177,39.0
2026-06-09 21:52:45,20247,8178,37.0
2026-06-09 21:52:46,20248,8179,27.4
2026-06-09 21:52:48,20250,8180,31.3
2026-06-09 21:52:50,20252,8181,38.7
2026-06-09 21:52:52,20254,8182,52.1
2026-06-09 21:52:54,20256,8183,53.7
2026-06-09 21:52:56,20258,8184,48.2
2026-06-09 21:52:58,20260,8185,39.6
2026-06-09 21:53:00,20262,8186,31.7
2026-06-09 21:53:02,20264,8187,41.3
2026-06-09 21:53:05,20267,8188,47.2
2026-06-09 21:53:06,20268,8189,29.6
2026-06-09 21:53:08,20270,8190,26.2
2026-06-09 21:53:10,20272,8191,37.6
2026-06-09 21:53:13,20275,8192,38.0
2026-06-09 21:53:14,20276,8193,41.5
2026-06-09 21:53:16,20278,8194,31.1
2026-06-09 21:53:18,20280,8195,45.6
2026-06-09 21:53:20,20282,8196,40.4
2026-06-09 21:53:22,20284,8197,28.0
2026-06-09 21:53:24,20286,8198,22.6
2026-06-09 21:53:26,20288,8199,42.1
2026-06-09 21:53:28,20290,8200,48.3
2026-06-09 21:53:30,20292,8201,55.2
2026-06-09 21:53:32,20294,8202,33.4
2026-06-09 21:53:34,20296,8203,49.8
2026-06-09 21:53:36,20298,8204,31.8
2026-06-09 21:53:38,20300,8205,38.2
2026-06-09 21:53:40,20302,8206,21.7
2026-06-09 21:53:42,20304,8207,27.8
2026-06-09 21:53:44,20306,8208,18.0
2026-06-09 21:53:47,20309,8209,46.5
2026-06-09 21:53:49,20311,8210,63.9
2026-06-09 21:53:51,20313,8211,27.3
2026-06-09 21:53:53,20315,8212,43.1
2026-06-09 21:53:55,20317,8213,46.6
2026-06-09 21:53:57,20319,8214,30.2
2026-06-09 21:53:59,20321,8215,40.1
2026-06-09 21:54:00,20322,8216,144
2026-06-09 21:54:02,20324,8217,35.3
2026-06-09 21:54:04,20326,8218,41.0
2026-06-09 21:54:06,20328,8219,34.4
2026-06-09 21:54:08,20330,8220,36.7
2026-06-09 21:54:10,20332,8221,41.4
2026-06-09 21:54:12,20334,8222,43.5
2026-06-09 21:54:14,20336,8223,38.9
2026-06-09 21:54:16,20338,8224,28.3
2026-06-09 21:54:18,20340,8225,51.9
2026-06-09 21:54:20,20342,8226,33.8
2026-06-09 21:54:22,20344,8227,38.5
2026-06-09 21:54:24,20346,8228,35.9
2026-06-09 21:54:26,20348,8229,40.4
2026-06-09 21:54:28,20350,8230,33.8
2026-06-09 21:54:30,20352,8231,23.4
2026-06-09 21:54:32,20354,8232,33.6
2026-06-09 21:54:34,20356,8233,31.7
2026-06-09 21:54:36,20358,8234,47.6
2026-06-09 21:54:38,20360,8235,22.4
2026-06-09 21:54:40,20362,8236,42.2
2026-06-09 21:54:42,20364,8237,18.0
2026-06-09 21:54:44,20366,8238,43.5
2026-06-09 21:54:46,20368,8239,28.7
2026-06-09 21:54:48,20370,8240,39.5
2026-06-09 21:54:50,20372,8241,67.7
2026-06-09 21:54:52,20374,8242,28.2
2026-06-09 21:54:54,20376,8243,38.2
2026-06-09 21:54:56,20378,8244,20.6
2026-06-09 21:54:58,20380,8245,59.9
2026-06-09 21:55:00,20382,8246,55.1
2026-06-09 21:55:02,20384,8247,29.9
2026-06-09 21:55:04,20386,8248,39.5
2026-06-09 21:55:06,20388,8249,19.3
2026-06-09 21:55:08,20390,8250,35.5
2026-06-09 21:55:10,20392,8251,60.2
2026-06-09 21:55:12,20394,8252,47.0
2026-06-09 21:55:14,20396,8253,23.6
2026-06-09 21:55:16,20398,8254,40.3
2026-06-09 21:55:18,20400,8255,32.1
2026-06-09 21:55:20,20402,8256,19.1
2026-06-09 21:55:22,20404,8257,45.2
2026-06-09 21:55:24,20406,8258,61.4
2026-06-09 21:55:26,20408,8259,20.3
2026-06-09 21:55:28,20410,8260,104
2026-06-09 21:55:31,20413,8261,26.0
2026-06-09 21:55:33,20415,8262,30.6
2026-06-09 21:55:35,20417,8263,33.0
2026-06-09 21:55:37,20419,8264,52.2
2026-06-09 21:55:39,20421,8265,36.8
2026-06-09 21:55:41,20423,8266,37.6
2026-06-09 21:55:43,20425,8267,29.6
2026-06-09 21:55:45,20427,8268,34.4
2026-06-09 21:55:47,20429,8269,19.8
2026-06-09 21:55:49,20431,8270,38.9
2026-06-09 21:55:51,20433,8271,56.7
2026-06-09 21:55:53,20435,8272,29.4
2026-06-09 21:55:55,20437,8273,52.1
2026-06-09 21:55:57,20439,8274,40.7
2026-06-09 21:55:59,20441,8275,36.8
2026-06-09 21:56:01,20443,8276,24.6
2026-06-09 21:56:03,20445,8277,20.6
2026-06-09 21:56:05,20447,8278,39.8
2026-06-09 21:56:07,20449,8279,34.4
2026-06-09 21:56:09,20451,8280,41.7
2026-06-09 21:56:11,20453,8281,46.6
2026-06-09 21:56:13,20455,8282,31.0
2026-06-09 21:56:15,20457,8283,64.3
2026-06-09 21:56:17,20459,8284,67.7
2026-06-09 21:56:19,20461,8285,28.3
2026-06-09 21:56:21,20463,8286,33.0
2026-06-09 21:56:23,20465,8287,30.5
2026-06-09 21:56:25,20467,8288,38.3
2026-06-09 21:56:27,20469,8289,63.0
2026-06-09 21:56:29,20471,8290,42.7
2026-06-09 21:56:30,20472,8291,48.7
2026-06-09 21:56:32,20474,8292,58.4
2026-06-09 21:56:34,20476,8293,34.6
2026-06-09 21:56:36,20478,8294,33.1
2026-06-09 21:56:38,20480,8295,39.4
2026-06-09 21:56:40,20482,8296,18.0
2026-06-09 21:56:42,20484,8297,47.5
2026-06-09 21:56:44,20486,8298,26.3
2026-06-09 21:56:46,20488,8299,38.5
2026-06-09 21:56:48,20490,8300,38.0
2026-06-09 21:56:50,20492,8301,23.4
2026-06-09 21:56:52,20494,8302,46.2
2026-06-09 21:56:54,20496,8303,24.0
2026-06-09 21:56:56,20498,8304,34.9
2026-06-09 21:56:58,20500,8305,29.2
2026-06-09 21:57:00,20502,8306,20.4
2026-06-09 21:57:02,20504,8307,31.7
2026-06-09 21:57:04,20506,8308,39.4
2026-06-09 21:57:06,20508,8309,21.6
2026-06-09 21:57:08,20510,8310,40.6
2026-06-09 21:57:10,20512,8311,31.7
2026-06-09 21:57:12,20514,8312,23.6
2026-06-09 21:57:15,20517,8313,34.3
2026-06-09 21:57:17,20519,8314,47.9
2026-06-09 21:57:19,20521,8315,36.9
2026-06-09 21:57:21,20523,8316,47.6
2026-06-09 21:57:23,20525,8317,50.5
2026-06-09 21:57:24,20526,8318,31.1
2026-06-09 21:57:26,20528,8319,28.6
2026-06-09 21:57:28,20530,8320,43.9
2026-06-09 21:57:30,20532,8321,31.2
2026-06-09 21:57:32,20534,8322,37.1
2026-06-09 21:57:34,20536,8323,31.4
2026-06-09 21:57:36,20538,8324,42.1
2026-06-09 21:57:38,20540,8325,37.5
2026-06-09 21:57:40,20542,8326,35.2
2026-06-09 21:57:42,20544,8327,34.8
2026-06-09 21:57:44,20546,8328,43.2
2026-06-09 21:57:46,20548,8329,40.1
2026-06-09 21:57:48,20550,8330,30.6
2026-06-09 21:57:50,20552,8331,34.1
2026-06-09 21:57:52,20554,8332,39.2
2026-06-09 21:57:54,20556,8333,52.4
2026-06-09 21:57:56,20558,8334,25.6
2026-06-09 21:57:58,20560,8335,55.0
2026-06-09 21:58:00,20562,8336,26.2
2026-06-09 21:58:02,20564,8337,31.3
2026-06-09 21:58:04,20566,8338,44.1
2026-06-09 21:58:06,20568,8339,42.8
2026-06-09 21:58:08,20570,8340,24.7
2026-06-09 21:58:10,20572,8341,51.9
2026-06-09 21:58:12,20574,8342,31.8
2026-06-09 21:58:14,20576,8343,29.4
2026-06-09 21:58:16,20578,8344,32.3
2026-06-09 21:58:18,20580,8345,36.5
2026-06-09 21:58:20,20582,8346,44.9
2026-06-09 21:58:22,20584,8347,22.5
2026-06-09 21:58:24,20586,8348,59.1
2026-06-09 21:58:26,20588,8349,48.2
2026-06-09 21:58:28,20590,8350,37.5
2026-06-09 21:58:30,20592,8351,34.8
2026-06-09 21:58:32,20594,8352,28.8
2026-06-09 21:58:34,20596,8353,33.9
2026-06-09 21:58:36,20598,8354,37.3
2026-06-09 21:58:38,20600,8355,51.1
2026-06-09 21:58:40,20602,8356,36.7
2026-06-09 21:58:42,20604,8357,50.8
2026-06-09 21:58:44,20606,8358,27.1
2026-06-09 21:58:46,20608,8359,24.7
2026-06-09 21:58:48,20610,8360,33.0
2026-06-09 21:58:50,20612,8361,550
2026-06-09 21:58:52,20614,8362,38.4
2026-06-09 21:58:54,20616,8363,36.7
2026-06-09 21:58:56,20618,8364,38.1
2026-06-09 21:58:58,20620,8365,39.2
2026-06-09 21:59:00,20622,8366,54.8
2026-06-09 21:59:02,20624,8367,37.8
2026-06-09 21:59:04,20626,8368,38.9
2026-06-09 21:59:06,20628,8369,37.5
2026-06-09 21:59:08,20630,8370,27.8
2026-06-09 21:59:10,20632,8371,19.4
2026-06-09 21:59:12,20634,8372,36.7
2026-06-09 21:59:14,20636,8373,45.3
2026-06-09 21:59:16,20638,8374,26.3
2026-06-09 21:59:18,20640,8375,26.2
2026-06-09 21:59:20,20642,8376,42.6
2026-06-09 21:59:22,20644,8377,42.6
2026-06-09 21:59:24,20646,8378,42.4
2026-06-09 21:59:26,20648,8379,29.6
2026-06-09 21:59:28,20650,8380,27.0
2026-06-09 21:59:30,20652,8381,31.5
2026-06-09 21:59:32,20654,8382,31.0
2026-06-09 21:59:34,20656,8383,43.1
2026-06-09 21:59:36,20658,8384,30.8
2026-06-09 21:59:38,20660,8385,32.8
2026-06-09 21:59:40,20662,8386,47.0
2026-06-09 21:59:42,20664,8387,29.8
2026-06-09 21:59:44,20666,8388,30.8
2026-06-09 21:59:46,20668,8389,31.5
2026-06-09 21:59:47,20669,8390,29.6
2026-06-09 21:59:49,20671,8391,30.6
2026-06-09 21:59:51,20673,8392,31.8
2026-06-09 21:59:53,20675,8393,28.1
2026-06-09 21:59:55,20677,8394,37.8
2026-06-09 21:59:57,20679,8395,48.7
2026-06-09 21:59:59,20681,8396,36.0
2026-06-09 22:00:01,20683,8397,31.1
2026-06-09 22:00:03,20685,8398,32.8
2026-06-09 22:00:05,20687,8399,37.6
2026-06-09 22:00:07,20689,8400,29.3
2026-06-09 22:00:09,20691,8401,25.0
2026-06-09 22:00:11,20693,8402,35.8
2026-06-09 22:00:13,20695,8403,57.3
2026-06-09 22:00:15,20697,8404,34.9
2026-06-09 22:00:17,20699,8405,33.1
2026-06-09 22:00:19,20701,8406,46.9
2026-06-09 22:00:21,20703,8407,29.1
2026-06-09 22:00:23,20705,8408,31.2
2026-06-09 22:00:24,20706,8409,46.1
2026-06-09 22:00:26,20708,8410,26.7
2026-06-09 22:00:28,20710,8411,40.9
2026-06-09 22:00:30,20712,8412,29.9
2026-06-09 22:00:32,20714,8413,62.6
2026-06-09 22:00:34,20716,8414,40.0
2026-06-09 22:00:37,20719,8415,31.8
2026-06-09 22:00:39,20721,8416,48.6
2026-06-09 22:00:41,20723,8417,35.0
2026-06-09 22:00:43,20725,8418,36.2
2026-06-09 22:00:45,20727,8419,19.9
2026-06-09 22:00:47,20729,8420,19.2
2026-06-09 22:00:49,20731,8421,32.9
2026-06-09 22:00:51,20733,8422,32.2
2026-06-09 22:00:53,20735,8423,30.2
2026-06-09 22:00:55,20737,8424,38.8
2026-06-09 22:00:57,20739,8425,27.5
2026-06-09 22:00:59,20741,8426,32.8
2026-06-09 22:01:01,20743,8427,40.1
2026-06-09 22:01:03,20745,8428,53.3
2026-06-09 22:01:05,20747,8429,16.4
2026-06-09 22:01:07,20749,8430,29.8
2026-06-09 22:01:09,20751,8431,36.4
2026-06-09 22:01:11,20753,8432,31.0
2026-06-09 22:01:13,20755,8433,38.4
2026-06-09 22:01:15,20757,8434,33.0
2026-06-09 22:01:17,20759,8435,32.1
2026-06-09 22:01:19,20761,8436,44.3
2026-06-09 22:01:21,20763,8437,39.5
2026-06-09 22:01:23,20765,8438,37.5
2026-06-09 22:01:25,20767,8439,114
2026-06-09 22:01:27,20769,8440,32.1
2026-06-09 22:01:29,20771,8441,24.2
2026-06-09 22:01:31,20773,8442,30.8
2026-06-09 22:01:33,20775,8443,41.3
2026-06-09 22:01:35,20777,8444,39.4
2026-06-09 22:01:37,20779,8445,52.0
2026-06-09 22:01:39,20781,8446,31.2
2026-06-09 22:01:41,20783,8447,40.5
2026-06-09 22:01:43,20785,8448,23.3
2026-06-09 22:01:45,20787,8449,43.1
2026-06-09 22:01:46,20788,8450,35.2
2026-06-09 22:01:48,20790,8451,30.3
2026-06-09 22:01:50,20792,8452,36.0
2026-06-09 22:01:52,20794,8453,37.3
2026-06-09 22:01:54,20796,8454,28.8
2026-06-09 22:01:56,20798,8455,29.9
2026-06-09 22:01:58,20800,8456,39.5
2026-06-09 22:02:00,20802,8457,31.6
2026-06-09 22:02:02,20804,8458,22.9
2026-06-09 22:02:04,20806,8459,29.3
2026-06-09 22:02:06,20808,8460,28.1
2026-06-09 22:02:08,20810,8461,23.4
2026-06-09 22:02:10,20812,8462,26.9
2026-06-09 22:02:12,20814,8463,45.2
2026-06-09 22:02:14,20816,8464,21.3
2026-06-09 22:02:16,20818,8465,40.2
2026-06-09 22:02:18,20820,8466,39.9
2026-06-09 22:02:20,20822,8467,37.6
2026-06-09 22:02:22,20824,8468,42.1
2026-06-09 22:02:24,20826,8469,52.1
2026-06-09 22:02:26,20828,8470,31.3
2026-06-09 22:02:28,20830,8471,28.9
2026-06-09 22:02:30,20832,8472,44.4
2026-06-09 22:02:32,20834,8473,40.5
2026-06-09 22:02:34,20836,8474,36.2
2026-06-09 22:02:36,20838,8475,32.4
2026-06-09 22:02:38,20840,8476,35.6
2026-06-09 22:02:40,20842,8477,24.0
2026-06-09 22:02:42,20844,8478,37.8
2026-06-09 22:02:44,20846,8479,40.8
2026-06-09 22:02:46,20848,8480,25.2
2026-06-09 22:02:48,20850,8481,27.8
2026-06-09 22:02:50,20852,8482,31.0
2026-06-09 22:02:52,20854,8483,45.2
2026-06-09 22:02:54,20856,8484,28.9
2026-06-09 22:02:56,20858,8485,22.4
2026-06-09 22:02:58,20860,8486,50.4
2026-06-09 22:03:00,20862,8487,51.7
2026-06-09 22:03:02,20864,8488,41.4
2026-06-09 22:03:04,20866,8489,30.8
2026-06-09 22:03:06,20868,8490,33.5
2026-06-09 22:03:08,20870,8491,39.0
2026-06-09 22:03:10,20872,8492,36.0
2026-06-09 22:03:12,20874,8493,37.4
2026-06-09 22:03:14,20876,8494,37.9
2026-06-09 22:03:16,20878,8495,24.2
2026-06-09 22:03:18,20880,8496,34.3
2026-06-09 22:03:20,20882,8497,34.7
2026-06-09 22:03:22,20884,8498,46.1
2026-06-09 22:03:24,20886,8499,25.9
2026-06-09 22:03:26,20888,8500,60.1
2026-06-09 22:03:28,20890,8501,34.7
2026-06-09 22:03:30,20892,8502,28.1
2026-06-09 22:03:31,20893,8503,23.1
2026-06-09 22:03:33,20895,8504,32.5
2026-06-09 22:03:35,20897,8505,34.8
2026-06-09 22:03:37,20899,8506,37.6
2026-06-09 22:03:39,20901,8507,39.1
2026-06-09 22:03:41,20903,8508,22.6
2026-06-09 22:03:43,20905,8509,35.4
2026-06-09 22:03:45,20907,8510,26.3
2026-06-09 22:03:47,20909,8511,40.3
2026-06-09 22:03:49,20911,8512,40.4
2026-06-09 22:03:51,20913,8513,30.2
2026-06-09 22:03:53,20915,8514,41.1
2026-06-09 22:03:55,20917,8515,23.9
2026-06-09 22:03:57,20919,8516,38.1
2026-06-09 22:03:59,20921,8517,42.8
2026-06-09 22:04:01,20923,8518,41.9
2026-06-09 22:04:03,20925,8519,32.0
2026-06-09 22:04:05,20927,8520,57.7
2026-06-09 22:04:07,20929,8521,27.0
2026-06-09 22:04:09,20931,8522,40.7
2026-06-09 22:04:11,20933,8523,24.5
2026-06-09 22:04:13,20935,8524,23.0
2026-06-09 22:04:15,20937,8525,30.8
2026-06-09 22:04:17,20939,8526,42.0
2026-06-09 22:04:19,20941,8527,43.7
2026-06-09 22:04:21,20943,8528,40.1
2026-06-09 22:04:23,20945,8529,42.7
2026-06-09 22:04:25,20947,8530,31.2
2026-06-09 22:04:27,20949,8531,43.2
2026-06-09 22:04:29,20951,8532,44.6
2026-06-09 22:04:31,20953,8533,42.4
2026-06-09 22:04:33,20955,8534,52.2
2026-06-09 22:04:35,20957,8535,39.7
2026-06-09 22:04:37,20959,8536,37.6
2026-06-09 22:04:39,20961,8537,53.0
2026-06-09 22:04:41,20963,8538,33.0
2026-06-09 22:04:43,20965,8539,24.3
2026-06-09 22:04:45,20967,8540,24.3
2026-06-09 22:04:47,20969,8541,26.6
2026-06-09 22:04:49,20971,8542,47.8
2026-06-09 22:04:51,20973,8543,32.9
2026-06-09 22:04:53,20975,8544,33.7
2026-06-09 22:04:55,20977,8545,40.4
2026-06-09 22:04:57,20979,8546,27.2
2026-06-09 22:04:59,20981,8547,41.6
2026-06-09 22:05:01,20983,8548,48.7
2026-06-09 22:05:03,20985,8549,23.7
2026-06-09 22:05:05,20987,8550,30.8
2026-06-09 22:05:07,20989,8551,34.2
2026-06-09 22:05:09,20991,8552,30.6
2026-06-09 22:05:11,20993,8553,36.3
2026-06-09 22:05:13,20995,8554,46.1
2026-06-09 22:05:15,20997,8555,34.6
2026-06-09 22:05:17,20999,8556,33.3
2026-06-09 22:05:19,21001,8557,39.8
2026-06-09 22:05:21,21003,8558,30.3
2026-06-09 22:05:23,21005,8559,31.7
2026-06-09 22:05:25,21007,8560,45.5
2026-06-09 22:05:27,21009,8561,29.7
2026-06-09 22:05:29,21011,8562,48.1
2026-06-09 22:05:31,21013,8563,31.1
2026-06-09 22:05:33,21015,8564,24.7
2026-06-09 22:05:35,21017,8565,42.5
2026-06-09 22:05:37,21019,8566,32.4
2026-06-09 22:05:38,21020,8567,41.3
2026-06-09 22:05:40,21022,8568,44.0
2026-06-09 22:05:42,21024,8569,42.4
2026-06-09 22:05:44,21026,8570,33.2
2026-06-09 22:05:46,21028,8571,44.7
2026-06-09 22:05:48,21030,8572,32.8
2026-06-09 22:05:50,21032,8573,53.1
2026-06-09 22:05:52,21034,8574,49.6
2026-06-09 22:05:54,21036,8575,39.5
2026-06-09 22:05:56,21038,8576,31.4
2026-06-09 22:05:58,21040,8577,36.9
2026-06-09 22:06:00,21042,8578,47.8
2026-06-09 22:06:02,21044,8579,47.0
2026-06-09 22:06:04,21046,8580,35.6
2026-06-09 22:06:06,21048,8581,40.5
2026-06-09 22:06:08,21050,8582,29.8
2026-06-09 22:06:10,21052,8583,30.0
2026-06-09 22:06:12,21054,8584,50.8
2026-06-09 22:06:14,21056,8585,42.8
2026-06-09 22:06:16,21058,8586,56.0
2026-06-09 22:06:18,21060,8587,29.9
2026-06-09 22:06:20,21062,8588,36.4
2026-06-09 22:06:22,21064,8589,29.0
2026-06-09 22:06:24,21066,8590,38.6
2026-06-09 22:06:26,21068,8591,36.3
2026-06-09 22:06:28,21070,8592,32.4
2026-06-09 22:06:30,21072,8593,32.6
2026-06-09 22:06:32,21074,8594,34.2
2026-06-09 22:06:34,21076,8595,94.9
2026-06-09 22:06:36,21078,8596,31.0
2026-06-09 22:06:38,21080,8597,35.5
2026-06-09 22:06:40,21082,8598,40.3
2026-06-09 22:06:42,21084,8599,37.3
2026-06-09 22:06:44,21086,8600,32.9
2026-06-09 22:06:46,21088,8601,40.6
2026-06-09 22:06:48,21090,8602,45.3
2026-06-09 22:06:50,21092,8603,54.0
2026-06-09 22:06:52,21094,8604,35.7
2026-06-09 22:06:54,21096,8605,46.1
2026-06-09 22:06:56,21098,8606,31.4
2026-06-09 22:06:58,21100,8607,40.6
2026-06-09 22:07:00,21102,8608,27.9
2026-06-09 22:07:02,21104,8609,39.5
2026-06-09 22:07:04,21106,8610,29.9
2026-06-09 22:07:06,21108,8611,43.7
2026-06-09 22:07:08,21110,8612,19.4
2026-06-09 22:07:09,21111,8613,44.9
2026-06-09 22:07:11,21113,8614,37.4
2026-06-09 22:07:13,21115,8615,58.3
2026-06-09 22:07:15,21117,8616,70.8
2026-06-09 22:07:17,21119,8617,32.4
2026-06-09 22:07:19,21121,8618,55.3
2026-06-09 22:07:21,21123,8619,29.7
2026-06-09 22:07:23,21125,8620,43.1
2026-06-09 22:07:25,21127,8621,34.4
2026-06-09 22:07:27,21129,8622,47.8
2026-06-09 22:07:29,21131,8623,50.4
2026-06-09 22:07:31,21133,8624,41.5
2026-06-09 22:07:33,21135,8625,33.9
2026-06-09 22:07:35,21137,8626,28.5
2026-06-09 22:07:37,21139,8627,15.9
2026-06-09 22:07:39,21141,8628,27.5
2026-06-09 22:07:41,21143,8629,33.6
2026-06-09 22:07:43,21145,8630,29.1
2026-06-09 22:07:45,21147,8631,30.6
2026-06-09 22:07:47,21149,8632,47.0
2026-06-09 22:07:49,21151,8633,30.4
2026-06-09 22:07:51,21153,8634,20.4
2026-06-09 22:07:53,21155,8635,28.7
2026-06-09 22:07:55,21157,8636,44.8
2026-06-09 22:07:57,21159,8637,46.1
2026-06-09 22:07:59,21161,8638,38.7
2026-06-09 22:08:01,21163,8639,27.3
2026-06-09 22:08:03,21165,8640,32.0
2026-06-09 22:08:05,21167,8641,41.2
2026-06-09 22:08:07,21169,8642,34.7
2026-06-09 22:08:09,21171,8643,50.8
2026-06-09 22:08:11,21173,8644,55.1
2026-06-09 22:08:13,21175,8645,51.7
2026-06-09 22:08:15,21177,8646,38.8
2026-06-09 22:08:17,21179,8647,59.4
2026-06-09 22:08:19,21181,8648,85.5
2026-06-09 22:08:21,21183,8649,46.2
2026-06-09 22:08:23,21185,8650,42.5
2026-06-09 22:08:25,21187,8651,58.5
2026-06-09 22:08:27,21189,8652,32.6
2026-06-09 22:08:29,21191,8653,34.6
2026-06-09 22:08:31,21193,8654,43.4
2026-06-09 22:08:33,21195,8655,45.3
2026-06-09 22:08:35,21197,8656,36.7
2026-06-09 22:08:37,21199,8657,64.9
2026-06-09 22:08:39,21201,8658,21.6
2026-06-09 22:08:41,21203,8659,39.9
2026-06-09 22:08:43,21205,8660,33.7
2026-06-09 22:08:45,21207,8661,28.6
2026-06-09 22:08:47,21209,8662,37.5
2026-06-09 22:08:49,21211,8663,37.1
2026-06-09 22:08:51,21213,8664,32.2
2026-06-09 22:08:53,21215,8665,27.1
2026-06-09 22:08:55,21217,8666,44.8
2026-06-09 22:08:57,21219,8667,40.3
2026-06-09 22:08:59,21221,8668,155
2026-06-09 22:09:01,21223,8669,39.8
2026-06-09 22:09:03,21225,8670,30.4
2026-06-09 22:09:05,21227,8671,45.4
2026-06-09 22:09:07,21229,8672,33.8
2026-06-09 22:09:09,21231,8673,26.6
2026-06-09 22:09:11,21233,8674,26.3
2026-06-09 22:09:13,21235,8675,40.0
2026-06-09 22:09:15,21237,8676,32.1
2026-06-09 22:09:17,21239,8677,39.2
2026-06-09 22:09:19,21241,8678,29.0
2026-06-09 22:09:21,21243,8679,21.3
2026-06-09 22:09:23,21245,8680,39.8
2026-06-09 22:09:25,21247,8681,29.1
2026-06-09 22:09:27,21249,8682,40.4
2026-06-09 22:09:29,21251,8683,46.0
2026-06-09 22:09:31,21253,8684,36.1
2026-06-09 22:09:33,21255,8685,41.7
2026-06-09 22:09:35,21257,8686,138
2026-06-09 22:09:37,21259,8687,39.4
2026-06-09 22:09:38,21260,8688,29.1
2026-06-09 22:09:40,21262,8689,35.9
2026-06-09 22:09:42,21264,8690,38.7
2026-06-09 22:09:44,21266,8691,39.5
2026-06-09 22:09:46,21268,8692,13.8
2026-06-09 22:09:49,21271,8693,29.7
2026-06-09 22:09:51,21273,8694,13.8
2026-06-09 22:09:53,21275,8695,34.5
2026-06-09 22:09:55,21277,8696,40.1
2026-06-09 22:09:57,21279,8697,54.1
2026-06-09 22:09:59,21281,8698,27.9
2026-06-09 22:10:01,21283,8699,51.2
2026-06-09 22:10:03,21285,8700,21.1
2026-06-09 22:10:05,21287,8701,43.7
2026-06-09 22:10:07,21289,8702,28.6
2026-06-09 22:10:09,21291,8703,21.5
2026-06-09 22:10:11,21293,8704,34.8
2026-06-09 22:10:13,21295,8705,53.5
2026-06-09 22:10:15,21297,8706,26.8
2026-06-09 22:10:17,21299,8707,34.7
2026-06-09 22:10:19,21301,8708,30.5
2026-06-09 22:10:21,21303,8709,27.7
2026-06-09 22:10:23,21305,8710,34.5
2026-06-09 22:10:25,21307,8711,24.6
2026-06-09 22:10:27,21309,8712,39.5
2026-06-09 22:10:29,21311,8713,39.1
2026-06-09 22:10:31,21313,8714,37.5
2026-06-09 22:10:33,21315,8715,42.9
2026-06-09 22:10:35,21317,8716,33.8
2026-06-09 22:10:37,21319,8717,41.1
2026-06-09 22:10:39,21321,8718,50.6
2026-06-09 22:10:42,21324,8719,29.2
2026-06-09 22:10:44,21326,8720,34.8
2026-06-09 22:10:46,21328,8721,59.2
2026-06-09 22:10:48,21330,8722,25.8
2026-06-09 22:10:50,21332,8723,41.6
2026-06-09 22:10:52,21334,8724,33.1
2026-06-09 22:10:54,21336,8725,33.4
2026-06-09 22:10:56,21338,8726,33.5
2026-06-09 22:10:58,21340,8727,30.0
2026-06-09 22:11:00,21342,8728,62.0
2026-06-09 22:11:02,21344,8729,42.4
2026-06-09 22:11:04,21346,8730,34.0
2026-06-09 22:11:06,21348,8731,46.9
2026-06-09 22:11:08,21350,8732,230
2026-06-09 22:11:10,21352,8733,25.5
2026-06-09 22:11:12,21354,8734,33.1
2026-06-09 22:11:14,21356,8735,40.1
2026-06-09 22:11:16,21358,8736,39.1
2026-06-09 22:11:18,21360,8737,38.1
2026-06-09 22:11:21,21363,8738,52.3
2026-06-09 22:11:23,21365,8739,86.5
2026-06-09 22:11:25,21367,8740,41.3
2026-06-09 22:11:27,21369,8741,28.0
2026-06-09 22:11:29,21371,8742,41.5
2026-06-09 22:11:31,21373,8743,112
2026-06-09 22:11:33,21375,8744,33.9
2026-06-09 22:11:35,21377,8745,31.1
2026-06-09 22:11:37,21379,8746,35.4
2026-06-09 22:11:39,21381,8747,25.0
2026-06-09 22:11:41,21383,8748,29.2
2026-06-09 22:11:43,21385,8749,32.7
2026-06-09 22:11:45,21387,8750,43.2
2026-06-09 22:11:47,21389,8751,32.7
2026-06-09 22:11:49,21391,8752,34.8
2026-06-09 22:11:51,21393,8753,36.2
2026-06-09 22:11:53,21395,8754,36.4
2026-06-09 22:11:55,21397,8755,39.5
2026-06-09 22:11:57,21399,8756,201
2026-06-09 22:11:59,21401,8757,32.5
2026-06-09 22:12:01,21403,8758,40.8
2026-06-09 22:12:03,21405,8759,44.9
2026-06-09 22:12:05,21407,8760,94.3
2026-06-09 22:12:07,21409,8761,206
2026-06-09 22:12:09,21411,8762,48.8
2026-06-09 22:12:11,21413,8763,25.5
2026-06-09 22:12:13,21415,8764,75.7
2026-06-09 22:12:15,21417,8765,36.6
2026-06-09 22:12:17,21419,8766,34.6
2026-06-09 22:12:19,21421,8767,39.6
2026-06-09 22:12:21,21423,8768,33.1
2026-06-09 22:12:23,21425,8769,60.4
2026-06-09 22:12:25,21427,8770,38.6
2026-06-09 22:12:27,21429,8771,30.9
2026-06-09 22:12:29,21431,8772,36.4
2026-06-09 22:12:31,21433,8773,33.0
2026-06-09 22:12:33,21435,8774,32.3
2026-06-09 22:12:35,21437,8775,23.8
2026-06-09 22:12:37,21439,8776,45.3
2026-06-09 22:12:39,21441,8777,47.6
2026-06-09 22:12:41,21443,8778,30.4
2026-06-09 22:12:43,21445,8779,38.8
2026-06-09 22:12:45,21447,8780,25.4
2026-06-09 22:12:47,21449,8781,30.3
2026-06-09 22:12:49,21451,8782,30.3
2026-06-09 22:12:51,21453,8783,57.4
2026-06-09 22:12:53,21455,8784,35.2
2026-06-09 22:12:55,21457,8785,34.4
2026-06-09 22:12:57,21459,8786,73.7
2026-06-09 22:12:59,21461,8787,28.3
2026-06-09 22:13:01,21463,8788,36.0
2026-06-09 22:13:03,21465,8789,38.5
2026-06-09 22:13:06,21468,8790,38.9
2026-06-09 22:13:08,21470,8791,38.6
2026-06-09 22:13:10,21471,8792,132
2026-06-09 22:13:11,21473,8793,18.9
2026-06-09 22:13:14,21475,8794,44.4
2026-06-09 22:13:15,21477,8795,52.4
2026-06-09 22:13:17,21479,8796,33.1
2026-06-09 22:13:19,21481,8797,22.2
2026-06-09 22:13:21,21483,8798,30.6
2026-06-09 22:13:24,21486,8799,38.2
2026-06-09 22:13:26,21488,8800,43.4
2026-06-09 22:13:28,21490,8801,44.1
2026-06-09 22:13:30,21492,8802,31.0
2026-06-09 22:13:32,21494,8803,35.2
2026-06-09 22:13:34,21496,8804,29.3
2026-06-09 22:13:36,21498,8805,45.7
2026-06-09 22:13:38,21500,8806,48.2
2026-06-09 22:13:40,21502,8807,26.2
2026-06-09 22:13:42,21504,8808,37.3
2026-06-09 22:13:44,21506,8809,22.7
2026-06-09 22:13:46,21508,8810,31.0
2026-06-09 22:13:48,21510,8811,25.2
2026-06-09 22:13:50,21512,8812,61.1
2026-06-09 22:13:51,21513,8813,33.6
2026-06-09 22:13:53,21515,8814,23.6
2026-06-09 22:13:55,21517,8815,28.2
2026-06-09 22:13:57,21519,8816,32.6
2026-06-09 22:14:00,21522,8817,31.7
2026-06-09 22:14:02,21523,8818,27.4
2026-06-09 22:14:04,21526,8819,41.2
2026-06-09 22:14:06,21528,8820,66.5
2026-06-09 22:14:08,21530,8821,42.6
2026-06-09 22:14:09,21531,8822,30.2
2026-06-09 22:14:11,21533,8823,43.7
2026-06-09 22:14:13,21535,8824,32.9
2026-06-09 22:14:15,21537,8825,38.6
2026-06-09 22:14:17,21539,8826,36.5
2026-06-09 22:14:19,21541,8827,24.3
2026-06-09 22:14:21,21543,8828,36.9
2026-06-09 22:14:23,21545,8829,38.3
2026-06-09 22:14:25,21547,8830,33.4
2026-06-09 22:14:27,21549,8831,22.4
2026-06-09 22:14:29,21551,8832,37.4
2026-06-09 22:14:31,21553,8833,40.1
2026-06-09 22:14:33,21555,8834,44.1
2026-06-09 22:14:35,21557,8835,34.5
2026-06-09 22:14:37,21559,8836,346
2026-06-09 22:14:39,21561,8837,65.7
2026-06-09 22:14:41,21563,8838,44.0
2026-06-09 22:14:43,21565,8839,40.6
2026-06-09 22:14:45,21567,8840,22.7
2026-06-09 22:14:47,21569,8841,27.9
2026-06-09 22:14:49,21571,8842,37.2
2026-06-09 22:14:51,21573,8843,21.2
2026-06-09 22:14:53,21575,8844,40.3
2026-06-09 22:14:55,21577,8845,35.4
2026-06-09 22:14:57,21579,8846,29.4
2026-06-09 22:14:59,21581,8847,36.3
2026-06-09 22:15:01,21583,8848,180
2026-06-09 22:15:03,21585,8849,32.4
2026-06-09 22:15:05,21587,8850,36.8
2026-06-09 22:15:07,21589,8851,19.6
2026-06-09 22:15:09,21591,8852,53.0
2026-06-09 22:15:11,21593,8853,31.3
2026-06-09 22:15:13,21595,8854,47.2
2026-06-09 22:15:15,21597,8855,30.4
2026-06-09 22:15:17,21599,8856,37.6
2026-06-09 22:15:19,21601,8857,34.3
2026-06-09 22:15:21,21603,8858,37.2
2026-06-09 22:15:23,21605,8859,21.5
2026-06-09 22:15:25,21607,8860,26.3
2026-06-09 22:15:27,21609,8861,300
2026-06-09 22:15:29,21611,8862,31.4
2026-06-09 22:15:31,21613,8863,38.8
2026-06-09 22:15:33,21615,8864,40.5
2026-06-09 22:15:35,21617,8865,29.6
2026-06-09 22:15:37,21619,8866,44.5
2026-06-09 22:15:39,21621,8867,51.6
2026-06-09 22:15:41,21623,8868,34.8
2026-06-09 22:15:43,21625,8869,37.1
2026-06-09 22:15:45,21627,8870,37.4
2026-06-09 22:15:47,21629,8871,33.2
2026-06-09 22:15:49,21631,8872,23.3
2026-06-09 22:15:51,21633,8873,33.7
2026-06-09 22:15:53,21635,8874,29.6
2026-06-09 22:15:55,21637,8875,37.2
2026-06-09 22:15:57,21639,8876,31.9
2026-06-09 22:15:59,21641,8877,54.0
2026-06-09 22:16:01,21643,8878,37.6
2026-06-09 22:16:03,21645,8879,56.9
2026-06-09 22:16:05,21647,8880,170
2026-06-09 22:16:07,21649,8881,38.2
2026-06-09 22:16:09,21651,8882,48.9
2026-06-09 22:16:11,21653,8883,31.8
2026-06-09 22:16:13,21655,8884,37.7
2026-06-09 22:16:15,21657,8885,52.4
2026-06-09 22:16:16,21658,8886,43.8
2026-06-09 22:16:19,21661,8887,46.0
2026-06-09 22:16:21,21663,8888,36.9
2026-06-09 22:16:22,21664,8889,26.4
2026-06-09 22:16:24,21666,8890,36.3
2026-06-09 22:16:26,21668,8891,29.6
2026-06-09 22:16:28,21670,8892,43.1
2026-06-09 22:16:30,21672,8893,110
2026-06-09 22:16:32,21674,8894,36.6
2026-06-09 22:16:34,21676,8895,32.4
2026-06-09 22:16:36,21678,8896,34.7
2026-06-09 22:16:38,21680,8897,45.5
2026-06-09 22:16:40,21682,8898,36.8
2026-06-09 22:16:42,21684,8899,48.5
2026-06-09 22:16:44,21686,8900,25.2
2026-06-09 22:16:46,21688,8901,45.1
2026-06-09 22:16:48,21690,8902,39.5
2026-06-09 22:16:50,21692,8903,30.7
2026-06-09 22:16:52,21694,8904,33.2
2026-06-09 22:16:54,21696,8905,87.9
2026-06-09 22:16:56,21698,8906,57.5
2026-06-09 22:16:58,21700,8907,26.2
2026-06-09 22:17:00,21702,8908,32.2
2026-06-09 22:17:02,21704,8909,45.2
2026-06-09 22:17:04,21706,8910,38.2
2026-06-09 22:17:06,21708,8911,37.8
2026-06-09 22:17:08,21710,8912,19.7
2026-06-09 22:17:10,21712,8913,298
2026-06-09 22:17:12,21714,8914,29.1
2026-06-09 22:17:14,21716,8915,41.6
2026-06-09 22:17:16,21718,8916,33.6
2026-06-09 22:17:18,21720,8917,19.7
2026-06-09 22:17:20,21722,8918,26.6
2026-06-09 22:17:22,21724,8919,32.9
2026-06-09 22:17:24,21726,8920,56.9
2026-06-09 22:17:26,21728,8921,44.1
2026-06-09 22:17:28,21730,8922,35.1
2026-06-09 22:17:30,21732,8923,22.1
2026-06-09 22:17:32,21734,8924,29.2
2026-06-09 22:17:34,21736,8925,32.5
2026-06-09 22:17:36,21738,8926,35.9
2026-06-09 22:17:38,21740,8927,33.3
2026-06-09 22:17:40,21742,8928,49.5
2026-06-09 22:17:42,21744,8929,46.2
2026-06-09 22:17:44,21746,8930,32.4
2026-06-09 22:17:46,21748,8931,36.9
2026-06-09 22:17:48,21750,8932,41.3
2026-06-09 22:17:50,21752,8933,40.7
2026-06-09 22:17:52,21754,8934,49.0
2026-06-09 22:17:54,21756,8935,50.9
2026-06-09 22:17:56,21758,8936,33.0
2026-06-09 22:17:58,21760,8937,32.9
2026-06-09 22:18:00,21762,8938,48.5
2026-06-09 22:18:02,21764,8939,47.9
2026-06-09 22:18:04,21766,8940,33.3
2026-06-09 22:18:06,21768,8941,35.4
2026-06-09 22:18:09,21771,8942,29.9
2026-06-09 22:18:11,21773,8943,34.9
2026-06-09 22:18:13,21775,8944,52.5
2026-06-09 22:18:15,21777,8945,39.3
2026-06-09 22:18:17,21779,8946,31.0
2026-06-09 22:18:19,21781,8947,30.0
2026-06-09 22:18:21,21783,8948,37.8
2026-06-09 22:18:23,21785,8949,35.2
2026-06-09 22:18:25,21787,8950,41.8
2026-06-09 22:18:27,21789,8951,19.3
2026-06-09 22:18:29,21791,8952,33.2
2026-06-09 22:18:31,21793,8953,37.4
2026-06-09 22:18:33,21795,8954,44.3
2026-06-09 22:18:35,21797,8955,34.4
2026-06-09 22:18:37,21799,8956,34.4
2026-06-09 22:18:39,21801,8957,30.1
2026-06-09 22:18:41,21803,8958,36.9
2026-06-09 22:18:43,21805,8959,43.7
2026-06-09 22:18:45,21807,8960,33.8
2026-06-09 22:18:47,21809,8961,38.4
2026-06-09 22:18:49,21811,8962,231
2026-06-09 22:18:51,21813,8963,44.6
2026-06-09 22:18:53,21815,8964,32.9
2026-06-09 22:18:55,21817,8965,95.2
2026-06-09 22:18:57,21819,8966,16.5
2026-06-09 22:18:59,21821,8967,31.5
2026-06-09 22:19:01,21823,8968,29.9
2026-06-09 22:19:03,21825,8969,34.5
2026-06-09 22:19:05,21827,8970,22.1
2026-06-09 22:19:07,21829,8971,40.8
2026-06-09 22:19:09,21831,8972,57.5
2026-06-09 22:19:11,21833,8973,31.6
2026-06-09 22:19:13,21835,8974,21.0
2026-06-09 22:19:15,21837,8975,22.7
2026-06-09 22:19:17,21839,8976,46.0
2026-06-09 22:19:19,21841,8977,30.7
2026-06-09 22:19:21,21843,8978,50.0
2026-06-09 22:19:23,21845,8979,36.6
2026-06-09 22:19:25,21847,8980,41.0
2026-06-09 22:19:27,21849,8981,45.2
2026-06-09 22:19:29,21851,8982,34.7
2026-06-09 22:19:31,21853,8983,37.9
2026-06-09 22:19:33,21855,8984,252
2026-06-09 22:19:35,21857,8985,42.3
2026-06-09 22:19:37,21859,8986,32.6
2026-06-09 22:19:39,21861,8987,39.2
2026-06-09 22:19:40,21862,8988,35.8
2026-06-09 22:19:42,21864,8989,42.6
2026-06-09 22:19:44,21866,8990,43.8
2026-06-09 22:19:47,21869,8991,28.2
2026-06-09 22:19:49,21871,8992,33.0
2026-06-09 22:19:51,21873,8993,25.7
2026-06-09 22:19:53,21874,8994,22.0
2026-06-09 22:19:55,21877,8995,44.7
2026-06-09 22:19:57,21879,8996,45.0
2026-06-09 22:19:59,21881,8997,33.1
2026-06-09 22:20:01,21883,8998,36.3
2026-06-09 22:20:03,21885,8999,43.0
2026-06-09 22:20:05,21887,9000,30.6
2026-06-09 22:20:06,21888,9001,173
2026-06-09 22:20:08,21890,9002,30.3
2026-06-09 22:20:11,21893,9003,46.4
2026-06-09 22:20:13,21895,9004,228
2026-06-09 22:20:15,21897,9005,42.4
2026-06-09 22:20:16,21898,9006,24.8
2026-06-09 22:20:19,21901,9007,44.8
2026-06-09 22:20:21,21903,9008,62.5
2026-06-09 22:20:23,21905,9009,28.7
2026-06-09 22:20:25,21907,9010,46.3
2026-06-09 22:20:27,21909,9011,43.0
2026-06-09 22:20:29,21911,9012,31.7
2026-06-09 22:20:31,21913,9013,22.3
2026-06-09 22:20:33,21915,9014,35.9
2026-06-09 22:20:35,21917,9015,283
2026-06-09 22:20:37,21919,9016,34.0
2026-06-09 22:20:39,21921,9017,26.1
2026-06-09 22:20:41,21923,9018,40.4
2026-06-09 22:20:43,21925,9019,36.2
2026-06-09 22:20:45,21927,9020,48.1
2026-06-09 22:20:47,21929,9021,41.9
2026-06-09 22:20:49,21931,9022,48.7
2026-06-09 22:20:51,21933,9023,28.3
2026-06-09 22:20:53,21935,9024,39.4
2026-06-09 22:20:55,21937,9025,55.7
2026-06-09 22:20:57,21938,9026,22.1
2026-06-09 22:20:59,21941,9027,45.4
2026-06-09 22:21:01,21943,9028,30.5
2026-06-09 22:21:03,21945,9029,26.6
2026-06-09 22:21:05,21947,9030,37.5
2026-06-09 22:21:07,21949,9031,30.1
2026-06-09 22:21:09,21951,9032,50.5
2026-06-09 22:21:11,21953,9033,38.1
2026-06-09 22:21:13,21955,9034,30.0
2026-06-09 22:21:15,21957,9035,41.5
2026-06-09 22:21:17,21959,9036,25.2
2026-06-09 22:21:19,21961,9037,28.5
2026-06-09 22:21:21,21963,9038,27.5
2026-06-09 22:21:23,21965,9039,38.0
2026-06-09 22:21:25,21967,9040,34.5
2026-06-09 22:21:27,21969,9041,31.7
2026-06-09 22:21:29,21971,9042,30.7
2026-06-09 22:21:31,21973,9043,23.7
2026-06-09 22:21:33,21975,9044,39.6
2026-06-09 22:21:35,21977,9045,31.1
2026-06-09 22:21:36,21978,9046,45.0
2026-06-09 22:21:38,21980,9047,30.0
2026-06-09 22:21:40,21982,9048,183
2026-06-09 22:21:42,21984,9049,34.0
2026-06-09 22:21:44,21986,9050,32.8
2026-06-09 22:21:46,21988,9051,41.6
2026-06-09 22:21:48,21990,9052,35.2
2026-06-09 22:21:50,21992,9053,48.5
2026-06-09 22:21:52,21994,9054,49.1
2026-06-09 22:21:54,21996,9055,36.9
2026-06-09 22:21:56,21998,9056,31.5
2026-06-09 22:21:58,22000,9057,41.6
2026-06-09 22:22:00,22002,9058,43.9
2026-06-09 22:22:02,22004,9059,64.2
2026-06-09 22:22:04,22006,9060,38.0
2026-06-09 22:22:06,22008,9061,201
2026-06-09 22:22:08,22010,9062,16.2
2026-06-09 22:22:11,22013,9063,27.5
2026-06-09 22:22:12,22014,9064,37.1
2026-06-09 22:22:15,22017,9065,37.2
2026-06-09 22:22:17,22019,9066,27.1
2026-06-09 22:22:19,22021,9067,43.6
2026-06-09 22:22:21,22023,9068,30.2
2026-06-09 22:22:23,22025,9069,34.8
2026-06-09 22:22:25,22027,9070,26.1
2026-06-09 22:22:27,22029,9071,29.9
2026-06-09 22:22:29,22031,9072,35.5
2026-06-09 22:22:31,22033,9073,31.0
2026-06-09 22:22:33,22035,9074,25.4
2026-06-09 22:22:35,22037,9075,29.7
2026-06-09 22:22:37,22039,9076,37.7
2026-06-09 22:22:39,22041,9077,21.5
2026-06-09 22:22:41,22043,9078,42.3
2026-06-09 22:22:43,22045,9079,40.4
2026-06-09 22:22:45,22047,9080,40.1
2026-06-09 22:22:47,22049,9081,35.2
2026-06-09 22:22:49,22051,9082,37.0
2026-06-09 22:22:51,22053,9083,35.5
2026-06-09 22:22:53,22055,9084,40.1
2026-06-09 22:22:55,22057,9085,39.1
2026-06-09 22:22:57,22059,9086,32.1
2026-06-09 22:22:59,22061,9087,51.9
2026-06-09 22:23:01,22063,9088,15.9
2026-06-09 22:23:03,22065,9089,26.7
2026-06-09 22:23:05,22067,9090,35.0
2026-06-09 22:23:07,22069,9091,32.9
2026-06-09 22:23:09,22071,9092,46.0
2026-06-09 22:23:11,22073,9093,40.4
2026-06-09 22:23:13,22075,9094,43.9
2026-06-09 22:23:15,22077,9095,45.1
2026-06-09 22:23:17,22079,9096,38.0
2026-06-09 22:23:19,22081,9097,23.1
2026-06-09 22:23:21,22083,9098,37.4
2026-06-09 22:23:23,22085,9099,28.9
2026-06-09 22:23:25,22087,9100,33.2
2026-06-09 22:23:27,22089,9101,20.9
2026-06-09 22:23:29,22091,9102,51.4
2026-06-09 22:23:31,22093,9103,26.6
2026-06-09 22:23:33,22095,9104,30.2
2026-06-09 22:23:35,22097,9105,31.6
2026-06-09 22:23:37,22099,9106,37.3
2026-06-09 22:23:39,22101,9107,24.3
2026-06-09 22:23:41,22103,9108,38.2
2026-06-09 22:23:43,22105,9109,35.8
2026-06-09 22:23:45,22107,9110,36.5
2026-06-09 22:23:47,22109,9111,21.2
2026-06-09 22:23:49,22111,9112,55.7
2026-06-09 22:23:51,22113,9113,30.4
2026-06-09 22:23:53,22115,9114,43.8
2026-06-09 22:23:55,22117,9115,30.1
2026-06-09 22:23:57,22119,9116,33.8
2026-06-09 22:23:59,22121,9117,26.0
2026-06-09 22:24:01,22123,9118,33.1
2026-06-09 22:24:03,22125,9119,34.1
2026-06-09 22:24:05,22127,9120,63.2
2026-06-09 22:24:07,22129,9121,43.5
2026-06-09 22:24:09,22131,9122,31.1
2026-06-09 22:24:11,22133,9123,42.5
2026-06-09 22:24:13,22135,9124,55.4
2026-06-09 22:24:16,22138,9125,37.0
2026-06-09 22:24:17,22139,9126,40.4
2026-06-09 22:24:20,22142,9127,55.8
2026-06-09 22:24:22,22144,9128,37.4
2026-06-09 22:24:24,22146,9129,42.1
2026-06-09 22:24:26,22148,9130,34.1
2026-06-09 22:24:28,22150,9131,34.5
2026-06-09 22:24:30,22152,9132,29.8
2026-06-09 22:24:32,22154,9133,36.1
2026-06-09 22:24:33,22155,9134,36.4
2026-06-09 22:24:36,22158,9135,117
2026-06-09 22:24:38,22160,9136,41.2
2026-06-09 22:24:40,22162,9137,34.0
2026-06-09 22:24:42,22164,9138,40.5
2026-06-09 22:24:44,22166,9139,41.5
2026-06-09 22:24:46,22168,9140,46.4
2026-06-09 22:24:48,22170,9141,41.1
2026-06-09 22:24:50,22172,9142,16.5
2026-06-09 22:24:52,22174,9143,41.4
2026-06-09 22:24:54,22176,9144,21.6
2026-06-09 22:24:56,22177,9145,48.0
2026-06-09 22:24:57,22179,9146,41.2
2026-06-09 22:24:59,22181,9147,56.0
2026-06-09 22:25:01,22183,9148,40.1
2026-06-09 22:25:03,22185,9149,37.4
2026-06-09 22:25:05,22187,9150,29.3
2026-06-09 22:25:07,22189,9151,37.9
2026-06-09 22:25:09,22191,9152,70.7
2026-06-09 22:25:11,22193,9153,29.8
2026-06-09 22:25:13,22195,9154,73.7
2026-06-09 22:25:15,22197,9155,45.3
2026-06-09 22:25:17,22199,9156,47.0
2026-06-09 22:25:19,22201,9157,35.4
2026-06-09 22:25:21,22203,9158,32.2
2026-06-09 22:25:23,22205,9159,44.7
2026-06-09 22:25:25,22207,9160,36.3
2026-06-09 22:25:27,22209,9161,44.6
2026-06-09 22:25:29,22211,9162,48.1
2026-06-09 22:25:31,22213,9163,40.7
2026-06-09 22:25:33,22215,9164,30.8
2026-06-09 22:25:35,22217,9165,29.4
2026-06-09 22:25:37,22219,9166,23.5
2026-06-09 22:25:39,22221,9167,34.9
2026-06-09 22:25:41,22223,9168,26.4
2026-06-09 22:25:43,22225,9169,43.0
2026-06-09 22:25:45,22227,9170,29.4
2026-06-09 22:25:46,22228,9171,25.3
2026-06-09 22:25:48,22230,9172,45.3
2026-06-09 22:25:50,22232,9173,32.1
2026-06-09 22:25:52,22234,9174,28.8
2026-06-09 22:25:54,22236,9175,16.4
2026-06-09 22:25:56,22238,9176,39.7
2026-06-09 22:25:58,22240,9177,26.9
2026-06-09 22:26:00,22242,9178,29.3
2026-06-09 22:26:02,22244,9179,37.5
2026-06-09 22:26:04,22246,9180,30.7
2026-06-09 22:26:06,22248,9181,32.0
2026-06-09 22:26:08,22250,9182,26.0
2026-06-09 22:26:10,22252,9183,33.7
2026-06-09 22:26:12,22254,9184,34.5
2026-06-09 22:26:14,22256,9185,46.8
2026-06-09 22:26:16,22258,9186,41.1
2026-06-09 22:26:18,22260,9187,51.3
2026-06-09 22:26:20,22262,9188,40.3
2026-06-09 22:26:22,22264,9189,36.9
2026-06-09 22:26:24,22266,9190,42.6
2026-06-09 22:26:26,22268,9191,30.6
2026-06-09 22:26:28,22270,9192,36.8
2026-06-09 22:26:30,22272,9193,33.9
2026-06-09 22:26:32,22274,9194,38.6
2026-06-09 22:26:34,22276,9195,41.1
2026-06-09 22:26:36,22278,9196,33.8
2026-06-09 22:26:38,22280,9197,30.9
2026-06-09 22:26:40,22282,9198,25.1
2026-06-09 22:26:42,22284,9199,26.5
2026-06-09 22:26:44,22286,9200,28.4
2026-06-09 22:26:46,22288,9201,57.1
2026-06-09 22:26:48,22290,9202,36.7
2026-06-09 22:26:50,22292,9203,35.1
2026-06-09 22:26:52,22294,9204,235
2026-06-09 22:26:54,22296,9205,50.4
2026-06-09 22:26:56,22298,9206,26.1
2026-06-09 22:26:58,22300,9207,30.3
2026-06-09 22:27:00,22302,9208,54.7
2026-06-09 22:27:02,22304,9209,15.9
2026-06-09 22:27:04,22306,9210,29.1
2026-06-09 22:27:06,22308,9211,49.2
2026-06-09 22:27:08,22310,9212,169
2026-06-09 22:27:10,22312,9213,40.1
2026-06-09 22:27:13,22315,9214,79.0
2026-06-09 22:27:15,22317,9215,36.8
2026-06-09 22:27:17,22319,9216,29.7
2026-06-09 22:27:19,22321,9217,133
2026-06-09 22:27:21,22323,9218,30.6
2026-06-09 22:27:23,22325,9219,52.7
2026-06-09 22:27:26,22328,9220,44.1
2026-06-09 22:27:28,22330,9221,49.0
2026-06-09 22:27:30,22332,9222,27.9
2026-06-09 22:27:32,22334,9223,21.6
2026-06-09 22:27:34,22336,9224,37.9
2026-06-09 22:27:36,22338,9225,49.5
2026-06-09 22:27:38,22340,9226,63.1
2026-06-09 22:27:41,22343,9227,37.4
2026-06-09 22:27:43,22345,9228,94.6
2026-06-09 22:27:45,22347,9229,40.4
2026-06-09 22:27:47,22349,9230,26.7
2026-06-09 22:27:49,22351,9231,37.4
2026-06-09 22:27:51,22353,9232,34.4
2026-06-09 22:27:53,22355,9233,26.6
2026-06-09 22:27:55,22357,9234,37.6
2026-06-09 22:27:57,22359,9235,51.3
2026-06-09 22:27:59,22361,9236,27.2
2026-06-09 22:28:02,22364,9237,33.8
2026-06-09 22:28:04,22366,9238,51.5
2026-06-09 22:28:06,22368,9239,28.1
2026-06-09 22:28:08,22370,9240,41.0
2026-06-09 22:28:10,22372,9241,44.2
2026-06-09 22:28:12,22374,9242,147
2026-06-09 22:28:14,22376,9243,29.8
2026-06-09 22:28:16,22378,9244,23.5
2026-06-09 22:28:18,22380,9245,20.0
2026-06-09 22:28:20,22382,9246,17.1
2026-06-09 22:28:23,22385,9247,56.9
2026-06-09 22:28:25,22387,9248,29.7
2026-06-09 22:28:27,22389,9249,72.9
2026-06-09 22:28:29,22391,9250,155
2026-06-09 22:28:31,22393,9251,43.0
2026-06-09 22:28:33,22395,9252,38.5
2026-06-09 22:28:35,22397,9253,47.8
2026-06-09 22:28:37,22399,9254,46.3
2026-06-09 22:28:39,22401,9255,19.2
2026-06-09 22:28:42,22404,9256,65.3
2026-06-09 22:28:44,22406,9257,35.0
2026-06-09 22:28:46,22408,9258,74.7
2026-06-09 22:28:48,22410,9259,125
2026-06-09 22:28:50,22412,9260,38.2
2026-06-09 22:28:52,22414,9261,153
2026-06-09 22:28:54,22416,9262,27.8
2026-06-09 22:28:56,22418,9263,131
2026-06-09 22:28:58,22420,9264,41.1
2026-06-09 22:29:00,22422,9265,47.8
2026-06-09 22:29:02,22424,9266,36.2
2026-06-09 22:29:04,22426,9267,54.0
2026-06-09 22:29:06,22428,9268,45.1
2026-06-09 22:29:08,22430,9269,108
2026-06-09 22:29:11,22433,9270,22.0
2026-06-09 22:29:13,22435,9271,139
2026-06-09 22:29:15,22437,9272,34.7
2026-06-09 22:29:17,22439,9273,27.0
2026-06-09 22:29:19,22441,9274,164
2026-06-09 22:29:21,22443,9275,117
2026-06-09 22:29:23,22445,9276,28.2
2026-06-09 22:29:26,22448,9277,57.2
2026-06-09 22:29:28,22450,9278,151
2026-06-09 22:29:30,22452,9279,45.2
2026-06-09 22:29:32,22454,9280,43.1
2026-06-09 22:29:34,22456,9281,25.5
2026-06-09 22:29:36,22458,9282,33.0
2026-06-09 22:29:38,22460,9283,49.7
2026-06-09 22:29:40,22462,9284,22.0
2026-06-09 22:29:42,22464,9285,39.1
2026-06-09 22:29:44,22466,9286,120
2026-06-09 22:29:47,22469,9287,29.6
2026-06-09 22:29:49,22471,9288,12.2
2026-06-09 22:29:51,22473,9289,24.8
2026-06-09 22:29:53,22475,9290,28.7
2026-06-09 22:29:55,22477,9291,55.1
2026-06-09 22:29:57,22479,9292,59.5
2026-06-09 22:29:59,22481,9293,137
2026-06-09 22:30:01,22483,9294,146
2026-06-09 22:30:04,22486,9295,87.0
2026-06-09 22:30:06,22488,9296,58.2
2026-06-09 22:30:08,22490,9297,59.9
2026-06-09 22:30:10,22492,9298,46.6
2026-06-09 22:30:12,22494,9299,49.5
2026-06-09 22:30:14,22496,9300,171
2026-06-09 22:30:16,22498,9301,34.8
2026-06-09 22:30:18,22500,9302,149
2026-06-09 22:30:21,22503,9303,59.7
2026-06-09 22:30:23,22505,9304,26.6
2026-06-09 22:30:25,22507,9305,38.2
2026-06-09 22:30:27,22509,9306,38.0
2026-06-09 22:30:29,22511,9307,34.6
2026-06-09 22:30:31,22513,9308,57.6
2026-06-09 22:30:33,22515,9309,31.8
2026-06-09 22:30:36,22518,9310,71.4
2026-06-09 22:30:38,22520,9311,66.7
2026-06-09 22:30:40,22522,9312,35.7
2026-06-09 22:30:42,22524,9313,133
2026-06-09 22:30:44,22526,9314,42.8
2026-06-09 22:30:46,22528,9315,117
2026-06-09 22:30:48,22530,9316,37.4
2026-06-09 22:30:50,22532,9317,35.9
2026-06-09 22:30:52,22534,9318,40.7
2026-06-09 22:30:55,22537,9319,47.9
2026-06-09 22:30:57,22539,9320,141
2026-06-09 22:30:59,22541,9321,119
2026-06-09 22:31:01,22543,9322,45.2
2026-06-09 22:31:03,22545,9323,35.2
2026-06-09 22:31:05,22547,9324,32.2
2026-06-09 22:31:07,22549,9325,42.0
2026-06-09 22:31:09,22551,9326,43.7
2026-06-09 22:31:11,22553,9327,34.9
2026-06-09 22:31:13,22555,9328,92.4
2026-06-09 22:31:15,22557,9329,39.3
2026-06-09 22:31:17,22559,9330,87.5
2026-06-09 22:31:19,22561,9331,37.2
2026-06-09 22:31:21,22563,9332,31.2
2026-06-09 22:31:24,22566,9333,109
2026-06-09 22:31:26,22568,9334,31.6
2026-06-09 22:31:28,22570,9335,45.8
2026-06-09 22:31:30,22572,9336,40.9
2026-06-09 22:31:32,22574,9337,22.9
2026-06-09 22:31:34,22576,9338,51.8
2026-06-09 22:31:36,22578,9339,36.4
2026-06-09 22:31:38,22580,9340,27.9
2026-06-09 22:31:41,22583,9341,32.5
2026-06-09 22:31:43,22585,9342,54.1
2026-06-09 22:31:45,22587,9343,84.1
2026-06-09 22:31:47,22589,9344,35.3
2026-06-09 22:31:49,22591,9345,39.1
2026-06-09 22:31:51,22593,9346,125
2026-06-09 22:31:53,22595,9347,40.9
2026-06-09 22:31:55,22597,9348,43.5
2026-06-09 22:31:58,22600,9349,180
2026-06-09 22:32:00,22602,9350,32.5
2026-06-09 22:32:02,22604,9351,43.1
2026-06-09 22:32:04,22606,9352,33.8
2026-06-09 22:32:06,22608,9353,31.1
2026-06-09 22:32:09,22611,9354,33.6
2026-06-09 22:32:11,22613,9355,34.9
2026-06-09 22:32:13,22615,9356,62.7
2026-06-09 22:32:15,22617,9357,26.2
2026-06-09 22:32:17,22619,9358,24.2
2026-06-09 22:32:19,22621,9359,44.5
2026-06-09 22:32:21,22623,9360,23.7
2026-06-09 22:32:24,22626,9361,85.0
2026-06-09 22:32:26,22628,9362,36.1
2026-06-09 22:32:28,22630,9363,31.6
2026-06-09 22:32:30,22632,9364,29.2
2026-06-09 22:32:32,22634,9365,44.2
2026-06-09 22:32:34,22636,9366,161
2026-06-09 22:32:36,22638,9367,128
2026-06-09 22:32:39,22641,9368,45.0
2026-06-09 22:32:41,22643,9369,47.2
2026-06-09 22:32:43,22645,9370,50.6
2026-06-09 22:32:45,22647,9371,37.5
2026-06-09 22:32:47,22649,9372,36.7
2026-06-09 22:32:49,22651,9373,25.5
2026-06-09 22:32:51,22653,9374,27.9
2026-06-09 22:32:53,22655,9375,40.4
2026-06-09 22:32:55,22657,9376,30.6
2026-06-09 22:32:57,22659,9377,24.4
2026-06-09 22:32:59,22661,9378,27.9
2026-06-09 22:33:01,22663,9379,16.7
2026-06-09 22:33:04,22666,9380,31.1
2026-06-09 22:33:06,22668,9381,24.6
2026-06-09 22:33:08,22670,9382,19.8
2026-06-09 22:33:10,22672,9383,66.9
2026-06-09 22:33:12,22674,9384,25.3
2026-06-09 22:33:14,22676,9385,145
2026-06-09 22:33:17,22679,9386,125
2026-06-09 22:33:19,22681,9387,26.0
2026-06-09 22:33:21,22683,9388,69.5
2026-06-09 22:33:23,22685,9389,52.6
2026-06-09 22:33:26,22688,9390,24.8
2026-06-09 22:33:28,22690,9391,39.6
2026-06-09 22:33:30,22692,9392,42.4
2026-06-09 22:33:32,22694,9393,28.1
2026-06-09 22:33:34,22696,9394,41.2
2026-06-09 22:33:36,22698,9395,119
2026-06-09 22:33:39,22701,9396,37.0
2026-06-09 22:33:41,22703,9397,77.0
2026-06-09 22:33:43,22705,9398,37.5
2026-06-09 22:33:45,22707,9399,35.8
2026-06-09 22:33:47,22709,9400,63.5
2026-06-09 22:33:49,22711,9401,27.0
2026-06-09 22:33:51,22713,9402,29.5
2026-06-09 22:33:53,22715,9403,58.0
2026-06-09 22:33:55,22717,9404,44.1
2026-06-09 22:33:57,22719,9405,108
2026-06-09 22:34:00,22722,9406,37.1
2026-06-09 22:34:02,22724,9407,37.2
2026-06-09 22:34:04,22726,9408,23.3
2026-06-09 22:34:06,22728,9409,41.2
2026-06-09 22:34:08,22730,9410,29.5
2026-06-09 22:34:10,22732,9411,29.1
2026-06-09 22:34:12,22734,9412,50.3
2026-06-09 22:34:15,22737,9413,99.0
2026-06-09 22:34:17,22739,9414,53.1
2026-06-09 22:34:19,22741,9415,42.2
2026-06-09 22:34:21,22743,9416,36.3
2026-06-09 22:34:23,22745,9417,17.4
2026-06-09 22:34:25,22747,9418,42.8
2026-06-09 22:34:27,22749,9419,28.2
2026-06-09 22:34:30,22752,9420,35.4
2026-06-09 22:34:32,22754,9421,107
2026-06-09 22:34:34,22756,9422,25.9
2026-06-09 22:34:36,22758,9423,78.7
2026-06-09 22:34:38,22760,9424,44.4
2026-06-09 22:34:40,22762,9425,151
2026-06-09 22:34:42,22764,9426,46.8
2026-06-09 22:34:44,22766,9427,47.4
2026-06-09 22:34:47,22769,9428,90.2
2026-06-09 22:34:49,22771,9429,29.9
2026-06-09 22:34:51,22773,9430,47.0
2026-06-09 22:34:53,22775,9431,36.2
2026-06-09 22:34:55,22777,9432,36.2
2026-06-09 22:34:57,22779,9433,170
2026-06-09 22:34:59,22781,9434,33.1
2026-06-09 22:35:01,22783,9435,60.8
2026-06-09 22:35:03,22785,9436,71.4
2026-06-09 22:35:06,22788,9437,33.8
2026-06-09 22:35:08,22790,9438,55.1
2026-06-09 22:35:10,22792,9439,49.4
2026-06-09 22:35:12,22794,9440,44.8
2026-06-09 22:35:14,22796,9441,35.6
2026-06-09 22:35:16,22798,9442,39.2
2026-06-09 22:35:18,22800,9443,45.1
2026-06-09 22:35:20,22802,9444,83.9
2026-06-09 22:35:22,22804,9445,21.2
2026-06-09 22:35:24,22806,9446,28.5
2026-06-09 22:35:27,22809,9447,67.1
2026-06-09 22:35:29,22811,9448,20.6
2026-06-09 22:35:31,22813,9449,53.5
2026-06-09 22:35:33,22815,9450,28.7
2026-06-09 22:35:35,22817,9451,47.8
2026-06-09 22:35:37,22819,9452,32.2
2026-06-09 22:35:39,22821,9453,29.6
2026-06-09 22:35:41,22823,9454,24.9
2026-06-09 22:35:43,22825,9455,45.7
2026-06-09 22:35:45,22827,9456,172
2026-06-09 22:35:47,22829,9457,144
2026-06-09 22:35:50,22832,9458,28.2
2026-06-09 22:35:52,22834,9459,38.0
2026-06-09 22:35:54,22836,9460,152
2026-06-09 22:35:56,22838,9461,23.4
2026-06-09 22:35:58,22840,9462,39.3
2026-06-09 22:36:00,22842,9463,27.6
2026-06-09 22:36:02,22844,9464,50.7
2026-06-09 22:36:04,22846,9465,21.5
2026-06-09 22:36:06,22848,9466,47.2
2026-06-09 22:36:08,22850,9467,37.5
2026-06-09 22:36:11,22853,9468,42.3
2026-06-09 22:36:13,22855,9469,60.0
2026-06-09 22:36:15,22857,9470,58.0
2026-06-09 22:36:17,22859,9471,31.2
2026-06-09 22:36:19,22861,9472,149
2026-06-09 22:36:21,22863,9473,44.0
2026-06-09 22:36:23,22865,9474,46.7
2026-06-09 22:36:25,22867,9475,57.7
2026-06-09 22:36:27,22869,9476,29.7
2026-06-09 22:36:29,22871,9477,32.7
2026-06-09 22:36:31,22873,9478,48.0
2026-06-09 22:36:34,22876,9479,26.0
2026-06-09 22:36:36,22878,9480,47.2
2026-06-09 22:36:38,22880,9481,184
2026-06-09 22:36:40,22882,9482,172
2026-06-09 22:36:42,22884,9483,48.0
2026-06-09 22:36:44,22886,9484,39.6
2026-06-09 22:36:46,22888,9485,30.7
2026-06-09 22:36:48,22890,9486,41.5
2026-06-09 22:36:50,22892,9487,76.5
2026-06-09 22:36:52,22894,9488,27.7
2026-06-09 22:36:54,22896,9489,80.4
2026-06-09 22:36:56,22898,9490,20.4
2026-06-09 22:36:59,22901,9491,64.5
2026-06-09 22:37:01,22903,9492,162
2026-06-09 22:37:03,22905,9493,153
2026-06-09 22:37:05,22907,9494,30.9
2026-06-09 22:37:07,22909,9495,56.8
2026-06-09 22:37:09,22911,9496,47.9
2026-06-09 22:37:11,22913,9497,38.4
2026-06-09 22:37:13,22915,9498,42.4
2026-06-09 22:37:15,22917,9499,22.2
2026-06-09 22:37:18,22920,9500,40.1
2026-06-09 22:37:20,22922,9501,36.2
2026-06-09 22:37:22,22924,9502,25.2
2026-06-09 22:37:24,22926,9503,45.5
2026-06-09 22:37:26,22928,9504,45.3
2026-06-09 22:37:28,22930,9505,28.2
2026-06-09 22:37:30,22932,9506,20.6
2026-06-09 22:37:32,22934,9507,37.5
2026-06-09 22:37:34,22936,9508,24.0
2026-06-09 22:37:36,22938,9509,37.3
2026-06-09 22:37:38,22940,9510,22.9
2026-06-09 22:37:40,22942,9511,89.0
2026-06-09 22:37:42,22944,9512,72.9
2026-06-09 22:37:44,22946,9513,160
2026-06-09 22:37:46,22948,9514,173
2026-06-09 22:37:49,22951,9515,103
2026-06-09 22:37:51,22953,9516,77.0
2026-06-09 22:37:53,22955,9517,35.8
2026-06-09 22:37:55,22957,9518,34.3
2026-06-09 22:37:57,22959,9519,71.9
2026-06-09 22:37:59,22961,9520,30.1
2026-06-09 22:38:01,22963,9521,30.4
2026-06-09 22:38:03,22965,9522,113
2026-06-09 22:38:05,22967,9523,54.0
2026-06-09 22:38:08,22970,9524,29.7
2026-06-09 22:38:10,22972,9525,30.1
2026-06-09 22:38:12,22974,9526,26.3
2026-06-09 22:38:14,22976,9527,49.4
2026-06-09 22:38:16,22978,9528,106
2026-06-09 22:38:18,22980,9529,38.1
2026-06-09 22:38:20,22982,9530,29.6
2026-06-09 22:38:22,22984,9531,29.7
2026-06-09 22:38:24,22986,9532,45.9
2026-06-09 22:38:27,22989,9533,57.5
2026-06-09 22:38:29,22991,9534,44.7
2026-06-09 22:38:31,22993,9535,43.8
2026-06-09 22:38:33,22995,9536,53.4
2026-06-09 22:38:35,22997,9537,55.0
2026-06-09 22:38:37,22999,9538,42.8
2026-06-09 22:38:39,23001,9539,50.4
2026-06-09 22:38:41,23003,9540,41.4
2026-06-09 22:38:43,23005,9541,79.5
2026-06-09 22:38:45,23007,9542,55.4
2026-06-09 22:38:48,23010,9543,45.3
2026-06-09 22:38:50,23012,9544,41.2
2026-06-09 22:38:52,23014,9545,58.5
2026-06-09 22:38:54,23016,9546,19.6
2026-06-09 22:38:56,23018,9547,57.4
2026-06-09 22:38:58,23020,9548,41.4
2026-06-09 22:39:00,23022,9549,23.3
2026-06-09 22:39:02,23024,9550,31.8
2026-06-09 22:39:04,23026,9551,31.2
2026-06-09 22:39:06,23028,9552,28.8
2026-06-09 22:39:08,23030,9553,29.1
2026-06-09 22:39:10,23032,9554,41.4
2026-06-09 22:39:13,23035,9555,28.0
2026-06-09 22:39:15,23037,9556,20.8
2026-06-09 22:39:17,23039,9557,30.3
2026-06-09 22:39:19,23041,9558,55.3
2026-06-09 22:39:21,23043,9559,26.4
2026-06-09 22:39:23,23045,9560,47.0
2026-06-09 22:39:25,23047,9561,72.5
2026-06-09 22:39:28,23050,9562,79.8
2026-06-09 22:39:30,23052,9563,31.2
2026-06-09 22:39:32,23054,9564,101
2026-06-09 22:39:34,23056,9565,29.3
2026-06-09 22:39:36,23058,9566,33.6
2026-06-09 22:39:38,23060,9567,66.5
2026-06-09 22:39:40,23062,9568,165
2026-06-09 22:39:42,23064,9569,34.5
2026-06-09 22:39:44,23066,9570,148
2026-06-09 22:39:46,23068,9571,176
2026-06-09 22:39:48,23070,9572,85.0
2026-06-09 22:39:51,23073,9573,34.7
2026-06-09 22:39:53,23075,9574,54.8
2026-06-09 22:39:55,23077,9575,44.1
2026-06-09 22:39:57,23079,9576,225
2026-06-09 22:39:59,23081,9577,51.1
2026-06-09 22:40:01,23083,9578,56.1
2026-06-09 22:40:04,23086,9579,18.9
2026-06-09 22:40:06,23088,9580,20.5
2026-06-09 22:40:08,23090,9581,156
2026-06-09 22:40:10,23092,9582,44.1
2026-06-09 22:40:12,23094,9583,34.0
2026-06-09 22:40:14,23096,9584,53.2
2026-06-09 22:40:16,23098,9585,64.0
2026-06-09 22:40:19,23101,9586,82.5
2026-06-09 22:40:21,23103,9587,177
2026-06-09 22:40:23,23105,9588,104
2026-06-09 22:40:25,23107,9589,44.4
2026-06-09 22:40:27,23109,9590,35.8
2026-06-09 22:40:29,23111,9591,31.3
2026-06-09 22:40:31,23113,9592,30.6
2026-06-09 22:40:34,23116,9593,184
2026-06-09 22:40:36,23118,9594,35.4
2026-06-09 22:40:38,23120,9595,58.3
2026-06-09 22:40:40,23122,9596,31.6
2026-06-09 22:40:42,23124,9597,140
2026-06-09 22:40:44,23126,9598,36.9
2026-06-09 22:40:46,23128,9599,57.1
2026-06-09 22:40:48,23130,9600,38.9
2026-06-09 22:40:51,23133,9601,30.2
2026-06-09 22:40:53,23135,9602,35.9
2026-06-09 22:40:55,23137,9603,213
2026-06-09 22:40:57,23139,9604,38.2
2026-06-09 22:40:59,23141,9605,94.8
2026-06-09 22:41:01,23143,9606,95.4
2026-06-09 22:41:03,23145,9607,65.3
2026-06-09 22:41:05,23147,9608,129
2026-06-09 22:41:07,23149,9609,54.1
2026-06-09 22:41:09,23151,9610,56.7
2026-06-09 22:41:11,23153,9611,53.4
2026-06-09 22:41:14,23156,9612,162
2026-06-09 22:41:16,23158,9613,27.5
2026-06-09 22:41:18,23160,9614,42.3
2026-06-09 22:41:20,23162,9615,148
2026-06-09 22:41:22,23164,9616,106
2026-06-09 22:41:24,23166,9617,68.1
2026-06-09 22:41:26,23168,9618,40.8
2026-06-09 22:41:28,23170,9619,144
2026-06-09 22:41:30,23172,9620,144
2026-06-09 22:41:32,23174,9621,33.0
2026-06-09 22:41:34,23176,9622,58.3
2026-06-09 22:41:36,23178,9623,39.3
2026-06-09 22:41:38,23180,9624,61.2
2026-06-09 22:41:41,23183,9625,37.0
2026-06-09 22:41:43,23185,9626,30.8
2026-06-09 22:41:45,23187,9627,37.8
2026-06-09 22:41:47,23189,9628,65.0
2026-06-09 22:41:49,23191,9629,161
2026-06-09 22:41:51,23193,9630,162
2026-06-09 22:41:53,23195,9631,37.8
2026-06-09 22:41:55,23197,9632,31.2
2026-06-09 22:41:57,23199,9633,140
2026-06-09 22:41:59,23201,9634,36.1
2026-06-09 22:42:02,23204,9635,32.2
2026-06-09 22:42:04,23206,9636,33.7
2026-06-09 22:42:06,23208,9637,150
2026-06-09 22:42:08,23210,9638,37.3
2026-06-09 22:42:10,23212,9639,35.2
2026-06-09 22:42:12,23214,9640,35.1
2026-06-09 22:42:14,23216,9641,53.4
2026-06-09 22:42:16,23218,9642,41.6
2026-06-09 22:42:18,23220,9643,46.7
2026-06-09 22:42:20,23222,9644,38.9
2026-06-09 22:42:22,23224,9645,40.6
2026-06-09 22:42:25,23227,9646,20.3
2026-06-09 22:42:27,23229,9647,178
2026-06-09 22:42:29,23231,9648,35.0
2026-06-09 22:42:31,23233,9649,31.4
2026-06-09 22:42:33,23235,9650,33.5
2026-06-09 22:42:35,23237,9651,24.8
2026-06-09 22:42:37,23239,9652,26.0
2026-06-09 22:42:39,23241,9653,164
2026-06-09 22:42:41,23243,9654,46.1
2026-06-09 22:42:43,23245,9655,33.6
2026-06-09 22:42:46,23248,9656,35.8
2026-06-09 22:42:48,23250,9657,58.4
2026-06-09 22:42:50,23252,9658,27.3
2026-06-09 22:42:52,23254,9659,173
2026-06-09 22:42:54,23256,9660,145
2026-06-09 22:42:56,23258,9661,34.1
2026-06-09 22:42:58,23260,9662,38.8
2026-06-09 22:43:00,23262,9663,42.1
2026-06-09 22:43:02,23264,9664,29.0
2026-06-09 22:43:04,23266,9665,58.7
2026-06-09 22:43:07,23269,9666,39.2
2026-06-09 22:43:09,23271,9667,55.8
2026-06-09 22:43:11,23273,9668,74.9
2026-06-09 22:43:13,23275,9669,65.0
2026-06-09 22:43:15,23277,9670,153
2026-06-09 22:43:17,23279,9671,70.7
2026-06-09 22:43:19,23281,9672,37.7
2026-06-09 22:43:21,23283,9673,43.4
2026-06-09 22:43:23,23285,9674,40.7
2026-06-09 22:43:26,23288,9675,60.4
2026-06-09 22:43:28,23290,9676,127
2026-06-09 22:43:30,23292,9677,66.4
2026-06-09 22:43:32,23294,9678,99.7
2026-06-09 22:43:34,23296,9679,50.7
2026-06-09 22:43:36,23298,9680,135
2026-06-09 22:43:38,23300,9681,71.8
2026-06-09 22:43:40,23302,9682,25.4
2026-06-09 22:43:43,23305,9683,47.1
2026-06-09 22:43:45,23307,9684,42.1
2026-06-09 22:43:47,23309,9685,39.4
2026-06-09 22:43:49,23311,9686,39.5
2026-06-09 22:43:51,23313,9687,43.1
2026-06-09 22:43:53,23315,9688,54.8
2026-06-09 22:43:55,23317,9689,32.8
2026-06-09 22:43:57,23319,9690,43.3
2026-06-09 22:44:00,23322,9691,40.5
2026-06-09 22:44:02,23324,9692,62.8
2026-06-09 22:44:04,23326,9693,35.9
2026-06-09 22:44:06,23328,9694,63.7
2026-06-09 22:44:08,23330,9695,32.5
2026-06-09 22:44:10,23332,9696,90.5
2026-06-09 22:44:12,23334,9697,36.8
2026-06-09 22:44:15,23337,9698,39.5
2026-06-09 22:44:17,23339,9699,30.4
2026-06-09 22:44:19,23341,9700,19.6
2026-06-09 22:44:21,23343,9701,48.8
2026-06-09 22:44:23,23345,9702,45.6
2026-06-09 22:44:25,23347,9703,27.8
2026-06-09 22:44:28,23350,9704,42.7
2026-06-09 22:44:30,23352,9705,89.0
2026-06-09 22:44:32,23354,9706,29.5
2026-06-09 22:44:34,23356,9707,148
2026-06-09 22:44:36,23358,9708,74.9
2026-06-09 22:44:38,23360,9709,25.4
2026-06-09 22:44:40,23362,9710,40.2
2026-06-09 22:44:42,23364,9711,54.3
2026-06-09 22:44:45,23367,9712,42.6
2026-06-09 22:44:47,23369,9713,26.2
2026-06-09 22:44:49,23371,9714,50.2
2026-06-09 22:44:51,23373,9715,37.2
2026-06-09 22:44:53,23375,9716,60.2
2026-06-09 22:44:55,23377,9717,53.6
2026-06-09 22:44:57,23379,9718,49.7
2026-06-09 22:44:59,23381,9719,34.9
2026-06-09 22:45:02,23384,9720,37.8
2026-06-09 22:45:04,23386,9721,38.9
2026-06-09 22:45:06,23388,9722,138
2026-06-09 22:45:08,23390,9723,45.2
2026-06-09 22:45:10,23392,9724,36.4
2026-06-09 22:45:12,23394,9725,38.1
2026-06-09 22:45:14,23396,9726,30.2
2026-06-09 22:45:16,23398,9727,41.9
2026-06-09 22:45:18,23400,9728,88.4
2026-06-09 22:45:21,23403,9729,31.1
2026-06-09 22:45:23,23405,9730,24.5
2026-06-09 22:45:25,23407,9731,144
2026-06-09 22:45:27,23409,9732,33.1
2026-06-09 22:45:29,23411,9733,67.7
2026-06-09 22:45:31,23413,9734,24.7
2026-06-09 22:45:33,23415,9735,69.1
2026-06-09 22:45:35,23417,9736,36.6
2026-06-09 22:45:37,23419,9737,28.2
2026-06-09 22:45:39,23421,9738,42.9
2026-06-09 22:45:42,23424,9739,37.3
2026-06-09 22:45:44,23426,9740,27.1
2026-06-09 22:45:46,23428,9741,19.1
2026-06-09 22:45:48,23430,9742,44.1
2026-06-09 22:45:50,23432,9743,33.9
2026-06-09 22:45:52,23434,9744,47.5
2026-06-09 22:45:54,23436,9745,74.5
2026-06-09 22:45:56,23438,9746,29.8
2026-06-09 22:45:58,23440,9747,50.1
2026-06-09 22:46:01,23443,9748,28.2
2026-06-09 22:46:03,23445,9749,22.1
2026-06-09 22:46:05,23447,9750,30.6
2026-06-09 22:46:07,23449,9751,43.1
2026-06-09 22:46:09,23451,9752,65.7
2026-06-09 22:46:11,23453,9753,33.1
2026-06-09 22:46:13,23455,9754,20.5
2026-06-09 22:46:15,23457,9755,71.5
2026-06-09 22:46:17,23459,9756,178
2026-06-09 22:46:19,23461,9757,33.8
2026-06-09 22:46:21,23463,9758,42.2
2026-06-09 22:46:23,23465,9759,40.0
2026-06-09 22:46:25,23467,9760,25.5
2026-06-09 22:46:27,23469,9761,48.8
2026-06-09 22:46:29,23471,9762,40.1
2026-06-09 22:46:31,23473,9763,25.8
2026-06-09 22:46:33,23475,9764,61.2
2026-06-09 22:46:35,23477,9765,46.4
2026-06-09 22:46:37,23479,9766,24.7
2026-06-09 22:46:39,23481,9767,23.6
2026-06-09 22:46:41,23483,9768,29.6
2026-06-09 22:46:43,23485,9769,54.2
2026-06-09 22:46:45,23487,9770,51.3
2026-06-09 22:46:47,23489,9771,29.2
2026-06-09 22:46:49,23491,9772,44.9
2026-06-09 22:46:51,23493,9773,27.2
2026-06-09 22:46:53,23495,9774,47.1
2026-06-09 22:46:55,23497,9775,53.5
2026-06-09 22:46:57,23499,9776,77.0
2026-06-09 22:46:59,23501,9777,45.5
2026-06-09 22:47:01,23503,9778,35.6
2026-06-09 22:47:03,23505,9779,25.6
2026-06-09 22:47:05,23507,9780,55.8
2026-06-09 22:47:08,23510,9781,54.9
2026-06-09 22:47:10,23512,9782,54.4
2026-06-09 22:47:12,23514,9783,23.2
2026-06-09 22:47:14,23516,9784,209
2026-06-09 22:47:16,23518,9785,27.8
2026-06-09 22:47:18,23520,9786,42.0
2026-06-09 22:47:20,23522,9787,184
2026-06-09 22:47:22,23524,9788,36.2
2026-06-09 22:47:25,23527,9789,45.7
2026-06-09 22:47:27,23529,9790,149
2026-06-09 22:47:29,23531,9791,59.0
2026-06-09 22:47:31,23533,9792,32.0
2026-06-09 22:47:33,23535,9793,159
2026-06-09 22:47:35,23537,9794,21.6
2026-06-09 22:47:37,23539,9795,65.8
2026-06-09 22:47:39,23541,9796,23.3
2026-06-09 22:47:41,23543,9797,34.8
2026-06-09 22:47:44,23546,9798,44.4
2026-06-09 22:47:46,23548,9799,38.3
2026-06-09 22:47:48,23550,9800,45.8
2026-06-09 22:47:50,23552,9801,58.3
2026-06-09 22:47:52,23554,9802,137
2026-06-09 22:47:54,23556,9803,27.5
2026-06-09 22:47:56,23558,9804,29.0
2026-06-09 22:47:58,23560,9805,74.0
2026-06-09 22:48:00,23562,9806,28.7
2026-06-09 22:48:03,23565,9807,49.3
2026-06-09 22:48:05,23567,9808,44.3
2026-06-09 22:48:07,23569,9809,36.8
2026-06-09 22:48:09,23571,9810,57.6
2026-06-09 22:48:11,23573,9811,50.4
2026-06-09 22:48:13,23575,9812,27.9
2026-06-09 22:48:15,23577,9813,33.5
2026-06-09 22:48:17,23579,9814,31.9
2026-06-09 22:48:19,23581,9815,39.9
2026-06-09 22:48:21,23583,9816,30.5
2026-06-09 22:48:23,23585,9817,46.9
2026-06-09 22:48:25,23587,9818,27.7
2026-06-09 22:48:28,23590,9819,68.9
2026-06-09 22:48:30,23592,9820,79.3
2026-06-09 22:48:32,23594,9821,26.0
2026-06-09 22:48:34,23596,9822,33.2
2026-06-09 22:48:36,23598,9823,39.8
2026-06-09 22:48:38,23600,9824,54.3
2026-06-09 22:48:40,23602,9825,25.1
2026-06-09 22:48:42,23604,9826,44.1
2026-06-09 22:48:44,23606,9827,24.6
2026-06-09 22:48:46,23608,9828,43.9
2026-06-09 22:48:49,23611,9829,27.6
2026-06-09 22:48:51,23613,9830,84.7
2026-06-09 22:48:53,23615,9831,34.1
2026-06-09 22:48:55,23617,9832,47.1
2026-06-09 22:48:57,23619,9833,167
2026-06-09 22:48:59,23621,9834,149
2026-06-09 22:49:01,23623,9835,43.9
2026-06-09 22:49:03,23625,9836,20.0
2026-06-09 22:49:05,23627,9837,45.2
2026-06-09 22:49:08,23630,9838,27.9
2026-06-09 22:49:10,23632,9839,30.4
2026-06-09 22:49:12,23634,9840,82.0
2026-06-09 22:49:14,23636,9841,31.7
2026-06-09 22:49:16,23638,9842,54.1
2026-06-09 22:49:18,23640,9843,49.2
2026-06-09 22:49:20,23642,9844,29.1
2026-06-09 22:49:22,23644,9845,33.5
2026-06-09 22:49:24,23646,9846,46.0
2026-06-09 22:49:26,23648,9847,58.5
2026-06-09 22:49:28,23650,9848,67.8
2026-06-09 22:49:30,23652,9849,183
2026-06-09 22:49:32,23654,9850,40.6
2026-06-09 22:49:35,23657,9851,33.8
2026-06-09 22:49:37,23659,9852,30.6
2026-06-09 22:49:39,23661,9853,42.4
2026-06-09 22:49:41,23663,9854,32.4
2026-06-09 22:49:43,23665,9855,24.1
2026-06-09 22:49:45,23667,9856,27.5
2026-06-09 22:49:47,23669,9857,36.1
2026-06-09 22:49:49,23671,9858,55.0
2026-06-09 22:49:51,23673,9859,31.1
2026-06-09 22:49:53,23675,9860,29.3
2026-06-09 22:49:55,23677,9861,35.0
2026-06-09 22:49:58,23680,9862,154
2026-06-09 22:50:00,23682,9863,45.7
2026-06-09 22:50:02,23684,9864,30.3
2026-06-09 22:50:04,23686,9865,22.1
2026-06-09 22:50:06,23688,9866,34.0
2026-06-09 22:50:08,23690,9867,21.4
2026-06-09 22:50:10,23692,9868,153
2026-06-09 22:50:12,23694,9869,60.5
2026-06-09 22:50:14,23696,9870,42.9
2026-06-09 22:50:16,23698,9871,22.2
2026-06-09 22:50:18,23700,9872,40.9
2026-06-09 22:50:21,23703,9873,28.2
2026-06-09 22:50:23,23705,9874,44.1
2026-06-09 22:50:25,23707,9875,38.6
2026-06-09 22:50:27,23709,9876,59.3
2026-06-09 22:50:29,23711,9877,63.6
2026-06-09 22:50:31,23713,9878,32.3
2026-06-09 22:50:33,23715,9879,80.0
2026-06-09 22:50:35,23717,9880,29.2
2026-06-09 22:50:37,23719,9881,31.6
2026-06-09 22:50:39,23721,9882,54.1
2026-06-09 22:50:41,23723,9883,45.3
2026-06-09 22:50:43,23725,9884,19.8
2026-06-09 22:50:45,23727,9885,32.0
2026-06-09 22:50:48,23730,9886,22.9
2026-06-09 22:50:50,23732,9887,64.4
2026-06-09 22:50:52,23734,9888,45.5
2026-06-09 22:50:54,23736,9889,131
2026-06-09 22:50:56,23738,9890,131
2026-06-09 22:50:58,23740,9891,37.0
2026-06-09 22:51:00,23742,9892,50.7
2026-06-09 22:51:02,23744,9893,32.3
2026-06-09 22:51:04,23746,9894,38.0
2026-06-09 22:51:06,23748,9895,162
2026-06-09 22:51:08,23750,9896,27.9
2026-06-09 22:51:10,23752,9897,31.4
2026-06-09 22:51:12,23754,9898,42.0
2026-06-09 22:51:15,23757,9899,37.9
2026-06-09 22:51:17,23759,9900,36.2
2026-06-09 22:51:19,23761,9901,45.7
2026-06-09 22:51:21,23763,9902,31.5
2026-06-09 22:51:23,23765,9903,38.5
2026-06-09 22:51:25,23767,9904,157
2026-06-09 22:51:27,23769,9905,61.1
2026-06-09 22:51:29,23771,9906,30.9
2026-06-09 22:51:31,23773,9907,48.4
2026-06-09 22:51:33,23775,9908,33.3
2026-06-09 22:51:35,23777,9909,37.5
2026-06-09 22:51:37,23779,9910,36.4
2026-06-09 22:51:39,23781,9911,36.8
2026-06-09 22:51:41,23783,9912,30.1
2026-06-09 22:51:43,23785,9913,24.3
2026-06-09 22:51:45,23787,9914,31.1
2026-06-09 22:51:47,23789,9915,37.1
2026-06-09 22:51:49,23791,9916,29.5
2026-06-09 22:51:51,23793,9917,123
2026-06-09 22:51:53,23795,9918,51.1
2026-06-09 22:51:55,23797,9919,28.6
2026-06-09 22:51:58,23800,9920,48.3
2026-06-09 22:52:00,23802,9921,45.5
2026-06-09 22:52:02,23804,9922,171
2026-06-09 22:52:04,23806,9923,72.2
2026-06-09 22:52:06,23808,9924,43.0
2026-06-09 22:52:08,23810,9925,55.5
2026-06-09 22:52:10,23812,9926,37.8
2026-06-09 22:52:12,23814,9927,46.0
2026-06-09 22:52:14,23816,9928,44.3
2026-06-09 22:52:17,23819,9929,39.7
2026-06-09 22:52:19,23821,9930,39.1
2026-06-09 22:52:21,23823,9931,61.5
2026-06-09 22:52:23,23825,9932,63.4
2026-06-09 22:52:25,23827,9933,31.2
2026-06-09 22:52:27,23829,9934,157
2026-06-09 22:52:29,23831,9935,64.1
2026-06-09 22:52:31,23833,9936,50.6
2026-06-09 22:52:33,23835,9937,50.6
2026-06-09 22:52:35,23837,9938,305
2026-06-09 22:52:37,23839,9939,43.5
2026-06-09 22:52:39,23841,9940,25.3
2026-06-09 22:52:42,23844,9941,24.2
2026-06-09 22:52:44,23846,9942,47.9
2026-06-09 22:52:46,23848,9943,48.8
2026-06-09 22:52:48,23850,9944,53.6
2026-06-09 22:52:50,23852,9945,29.9
2026-06-09 22:52:52,23854,9946,41.2
2026-06-09 22:52:54,23856,9947,52.9
2026-06-09 22:52:56,23858,9948,65.4
2026-06-09 22:52:58,23860,9949,20.9
2026-06-09 22:53:00,23862,9950,107
2026-06-09 22:53:03,23865,9951,157
2026-06-09 22:53:05,23867,9952,26.6
2026-06-09 22:53:07,23869,9953,32.4
2026-06-09 22:53:09,23871,9954,55.8
2026-06-09 22:53:11,23873,9955,32.1
2026-06-09 22:53:14,23876,9956,37.5
2026-06-09 22:53:16,23878,9957,71.2
2026-06-09 22:53:18,23880,9958,178
2026-06-09 22:53:20,23882,9959,33.3
2026-06-09 22:53:22,23884,9960,38.5
2026-06-09 22:53:24,23886,9961,21.5
2026-06-09 22:53:26,23888,9962,43.0
2026-06-09 22:53:28,23890,9963,29.0
2026-06-09 22:53:30,23892,9964,47.9
2026-06-09 22:53:32,23894,9965,35.2
2026-06-09 22:53:35,23897,9966,13.0
2026-06-09 22:53:37,23899,9967,140
2026-06-09 22:53:39,23901,9968,56.5
2026-06-09 22:53:41,23903,9969,70.2
2026-06-09 22:53:43,23905,9970,49.8
2026-06-09 22:53:45,23907,9971,36.1
2026-06-09 22:53:47,23909,9972,21.2
2026-06-09 22:53:49,23911,9973,60.2
2026-06-09 22:53:51,23913,9974,32.3
2026-06-09 22:53:54,23916,9975,17.8
2026-06-09 22:53:56,23918,9976,28.9
2026-06-09 22:53:58,23920,9977,165
2026-06-09 22:54:00,23922,9978,36.0
2026-06-09 22:54:02,23924,9979,47.4
2026-06-09 22:54:04,23926,9980,24.8
2026-06-09 22:54:06,23928,9981,27.0
2026-06-09 22:54:08,23930,9982,30.7
2026-06-09 22:54:11,23933,9983,50.4
2026-06-09 22:54:13,23935,9984,25.0
2026-06-09 22:54:15,23937,9985,28.7
2026-06-09 22:54:17,23939,9986,34.0
2026-06-09 22:54:19,23941,9987,28.1
2026-06-09 22:54:21,23943,9988,42.8
2026-06-09 22:54:23,23945,9989,46.5
2026-06-09 22:54:25,23947,9990,43.7
2026-06-09 22:54:27,23949,9991,34.0
2026-06-09 22:54:29,23951,9992,24.9
2026-06-09 22:54:31,23953,9993,31.8
2026-06-09 22:54:34,23956,9994,71.3
2026-06-09 22:54:36,23958,9995,53.7
2026-06-09 22:54:38,23960,9996,36.1
2026-06-09 22:54:40,23962,9997,62.3
2026-06-09 22:54:42,23964,9998,177
2026-06-09 22:54:44,23966,9999,49.3
2026-06-09 22:54:46,23968,10000,28.2
2026-06-09 22:54:48,23970,10001,158
2026-06-09 22:54:50,23972,10002,55.4
2026-06-09 22:54:52,23974,10003,39.2
2026-06-09 22:54:55,23977,10004,103
2026-06-09 22:54:57,23979,10005,98.5
2026-06-09 22:54:59,23981,10006,32.6
2026-06-09 22:55:01,23983,10007,122
2026-06-09 22:55:03,23985,10008,148
2026-06-09 22:55:06,23987,10009,161
2026-06-09 22:55:08,23990,10010,25.4
2026-06-09 22:55:10,23992,10011,109
2026-06-09 22:55:12,23994,10012,26.6
2026-06-09 22:55:14,23996,10013,58.4
2026-06-09 22:55:16,23998,10014,37.5
2026-06-09 22:55:19,24001,10015,127
2026-06-09 22:55:21,24003,10016,55.1
2026-06-09 22:55:23,24005,10017,29.6
2026-06-09 22:55:25,24007,10018,55.0
2026-06-09 22:55:27,24009,10019,120
2026-06-09 22:55:29,24011,10020,29.2
2026-06-09 22:55:32,24014,10021,121
2026-06-09 22:55:34,24016,10022,34.2
2026-06-09 22:55:36,24018,10023,58.3
2026-06-09 22:55:38,24020,10024,29.4
2026-06-09 22:55:40,24022,10025,65.6
2026-06-09 22:55:42,24024,10026,41.9
2026-06-09 22:55:44,24026,10027,27.5
2026-06-09 22:55:46,24028,10028,138
2026-06-09 22:55:49,24031,10029,33.0
2026-06-09 22:55:51,24033,10030,47.8
2026-06-09 22:55:53,24035,10031,42.9
2026-06-09 22:55:55,24037,10032,60.0
2026-06-09 22:55:57,24039,10033,19.3
2026-06-09 22:55:59,24041,10034,42.6
2026-06-09 22:56:01,24043,10035,41.6
2026-06-09 22:56:03,24045,10036,120
2026-06-09 22:56:05,24047,10037,70.1
2026-06-09 22:56:07,24049,10038,124
2026-06-09 22:56:10,24052,10039,29.8
2026-06-09 22:56:12,24054,10040,48.8
2026-06-09 22:56:14,24056,10041,66.9
2026-06-09 22:56:16,24058,10042,43.3
2026-06-09 22:56:18,24060,10043,37.3
2026-06-09 22:56:20,24062,10044,159
2026-06-09 22:56:22,24064,10045,18.9
2026-06-09 22:56:25,24067,10046,31.3
2026-06-09 22:56:27,24069,10047,55.3
2026-06-09 22:56:29,24071,10048,52.3
2026-06-09 22:56:31,24073,10049,37.0
2026-06-09 22:56:33,24075,10050,82.8
2026-06-09 22:56:35,24077,10051,97.3
2026-06-09 22:56:37,24079,10052,64.7
2026-06-09 22:56:40,24082,10053,154
2026-06-09 22:56:42,24084,10054,57.4
2026-06-09 22:56:44,24086,10055,39.6
2026-06-09 22:56:46,24088,10056,30.6
2026-06-09 22:56:48,24090,10057,29.9
2026-06-09 22:56:50,24092,10058,48.3
2026-06-09 22:56:52,24094,10059,60.2
2026-06-09 22:56:55,24097,10060,133
2026-06-09 22:56:57,24099,10061,74.6
2026-06-09 22:56:59,24101,10062,40.2
2026-06-09 22:57:01,24103,10063,100
2026-06-09 22:57:03,24105,10064,64.5
2026-06-09 22:57:05,24107,10065,126
2026-06-09 22:57:07,24109,10066,28.2
2026-06-09 22:57:09,24111,10067,58.2
2026-06-09 22:57:12,24114,10068,79.4
2026-06-09 22:57:14,24116,10069,57.5
2026-06-09 22:57:16,24118,10070,169
2026-06-09 22:57:18,24120,10071,38.4
2026-06-09 22:57:20,24122,10072,54.3
2026-06-09 22:57:22,24124,10073,61.2
2026-06-09 22:57:25,24127,10074,27.2
2026-06-09 22:57:27,24129,10075,40.0
2026-06-09 22:57:29,24131,10076,46.0
2026-06-09 22:57:31,24133,10077,44.4
2026-06-09 22:57:33,24135,10078,47.0
2026-06-09 22:57:35,24137,10079,31.9
2026-06-09 22:57:38,24140,10080,153
2026-06-09 22:57:40,24142,10081,31.3
2026-06-09 22:57:42,24144,10082,136
2026-06-09 22:57:44,24146,10083,71.0
2026-06-09 22:57:46,24148,10084,36.5
2026-06-09 22:57:48,24150,10085,50.4
2026-06-09 22:57:50,24152,10086,107
2026-06-09 22:57:53,24155,10087,114
2026-06-09 22:57:55,24157,10088,143
2026-06-09 22:57:57,24159,10089,32.5
2026-06-09 22:57:59,24161,10090,48.8
2026-06-09 22:58:01,24163,10091,116
2026-06-09 22:58:03,24165,10092,65.3
2026-06-09 22:58:06,24168,10093,31.5
2026-06-09 22:58:08,24170,10094,30.9
2026-06-09 22:58:10,24172,10095,72.5
2026-06-09 22:58:12,24174,10096,27.0
2026-06-09 22:58:14,24176,10097,78.3
2026-06-09 22:58:16,24178,10098,114
2026-06-09 22:58:18,24180,10099,149
2026-06-09 22:58:21,24183,10100,46.6
2026-06-09 22:58:23,24185,10101,138
2026-06-09 22:58:25,24187,10102,32.0
2026-06-09 22:58:27,24189,10103,32.5
2026-06-09 22:58:29,24191,10104,35.0
2026-06-09 22:58:31,24193,10105,36.5
2026-06-09 22:58:34,24195,10106,99.9
2026-06-09 22:58:36,24198,10107,34.7
2026-06-09 22:58:38,24200,10108,26.4
2026-06-09 22:58:40,24202,10109,108
2026-06-09 22:58:42,24204,10110,26.7
2026-06-09 22:58:44,24206,10111,68.6
2026-06-09 22:58:46,24208,10112,66.8
2026-06-09 22:58:48,24210,10113,140
2026-06-09 22:58:51,24213,10114,43.9
2026-06-09 22:58:53,24215,10115,30.4
2026-06-09 22:58:55,24217,10116,95.1
2026-06-09 22:58:57,24219,10117,32.7
2026-06-09 22:58:59,24221,10118,96.5
2026-06-09 22:59:01,24223,10119,132
2026-06-09 22:59:04,24226,10120,44.4
2026-06-09 22:59:06,24228,10121,118
2026-06-09 22:59:08,24230,10122,33.6
2026-06-09 22:59:10,24232,10123,25.9
2026-06-09 22:59:12,24234,10124,60.2
2026-06-09 22:59:14,24236,10125,64.8
2026-06-09 22:59:16,24238,10126,120
2026-06-09 22:59:18,24240,10127,90.2
2026-06-09 22:59:21,24243,10128,141
2026-06-09 22:59:23,24245,10129,31.4
2026-06-09 22:59:25,24247,10130,31.8
2026-06-09 22:59:27,24249,10131,73.7
2026-06-09 22:59:29,24251,10132,35.3
2026-06-09 22:59:31,24253,10133,32.3
2026-06-09 22:59:33,24255,10134,123
2026-06-09 22:59:36,24258,10135,110
2026-06-09 22:59:38,24260,10136,93.7
2026-06-09 22:59:40,24262,10137,31.6
2026-06-09 22:59:42,24264,10138,42.4
2026-06-09 22:59:44,24266,10139,80.4
2026-06-09 22:59:46,24268,10140,45.4
2026-06-09 22:59:48,24270,10141,55.3
2026-06-09 22:59:50,24272,10142,64.7
2026-06-09 22:59:52,24274,10143,36.2
2026-06-09 22:59:55,24277,10144,24.2
2026-06-09 22:59:57,24279,10145,138
2026-06-09 22:59:59,24281,10146,48.5
2026-06-09 23:00:01,24283,10147,343
2026-06-09 23:00:03,24285,10148,30.7
2026-06-09 23:00:05,24287,10149,27.3
2026-06-09 23:00:07,24289,10150,38.6
2026-06-09 23:00:09,24291,10151,33.8
2026-06-09 23:00:11,24293,10152,24.2
2026-06-09 23:00:13,24295,10153,63.4
2026-06-09 23:00:15,24297,10154,48.0
2026-06-09 23:00:17,24299,10155,28.1
2026-06-09 23:00:19,24301,10156,60.0
2026-06-09 23:00:22,24304,10157,59.2
2026-06-09 23:00:24,24306,10158,57.0
2026-06-09 23:00:26,24308,10159,117
2026-06-09 23:00:28,24310,10160,36.6
2026-06-09 23:00:30,24312,10161,58.8
2026-06-09 23:00:32,24314,10162,27.7
2026-06-09 23:00:34,24316,10163,36.7
2026-06-09 23:00:37,24319,10164,27.1
2026-06-09 23:00:39,24321,10165,61.6
2026-06-09 23:00:41,24323,10166,37.8
2026-06-09 23:00:43,24325,10167,45.9
2026-06-09 23:00:45,24327,10168,33.6
2026-06-09 23:00:47,24329,10169,37.7
2026-06-09 23:00:49,24331,10170,22.6
2026-06-09 23:00:51,24333,10171,66.9
2026-06-09 23:00:53,24335,10172,70.7
2026-06-09 23:00:56,24338,10173,161
2026-06-09 23:00:58,24340,10174,33.9
2026-06-09 23:01:00,24342,10175,101
2026-06-09 23:01:02,24344,10176,53.9
2026-06-09 23:01:04,24346,10177,78.5
2026-06-09 23:01:06,24348,10178,70.3
2026-06-09 23:01:08,24350,10179,57.0
2026-06-09 23:01:10,24352,10180,50.1
2026-06-09 23:01:13,24355,10181,42.8
2026-06-09 23:01:15,24357,10182,84.9
2026-06-09 23:01:17,24359,10183,61.7
2026-06-09 23:01:19,24361,10184,151
2026-06-09 23:01:21,24363,10185,164
2026-06-09 23:01:23,24365,10186,54.9
2026-06-09 23:01:26,24367,10187,83.4
2026-06-09 23:01:28,24370,10188,150
2026-06-09 23:01:30,24372,10189,58.5
2026-06-09 23:01:32,24374,10190,58.1
2026-06-09 23:01:34,24376,10191,54.7
2026-06-09 23:01:36,24378,10192,30.2
2026-06-09 23:01:38,24380,10193,27.7
2026-06-09 23:01:40,24382,10194,30.0
2026-06-09 23:01:42,24384,10195,44.5
2026-06-09 23:01:44,24386,10196,149
2026-06-09 23:01:47,24389,10197,154
2026-06-09 23:01:49,24391,10198,34.0
2026-06-09 23:01:51,24393,10199,52.3
2026-06-09 23:01:53,24395,10200,185
2026-06-09 23:01:55,24397,10201,157
2026-06-09 23:01:57,24399,10202,61.2
2026-06-09 23:01:59,24401,10203,51.8
2026-06-09 23:02:01,24403,10204,32.4
2026-06-09 23:02:03,24405,10205,46.2
2026-06-09 23:02:05,24407,10206,60.7
2026-06-09 23:02:07,24409,10207,41.9
2026-06-09 23:02:09,24411,10208,31.6
2026-06-09 23:02:12,24414,10209,113
2026-06-09 23:02:14,24416,10210,36.5
2026-06-09 23:02:16,24418,10211,99.5
2026-06-09 23:02:18,24420,10212,33.9
2026-06-09 23:02:20,24422,10213,72.5
2026-06-09 23:02:22,24424,10214,143
2026-06-09 23:02:24,24426,10215,51.3
2026-06-09 23:02:26,24428,10216,37.9
2026-06-09 23:02:28,24430,10217,35.3
2026-06-09 23:02:31,24433,10218,152
2026-06-09 23:02:33,24435,10219,30.6
2026-06-09 23:02:35,24437,10220,58.8
2026-06-09 23:02:37,24439,10221,32.7
2026-06-09 23:02:39,24441,10222,37.2
2026-06-09 23:02:41,24443,10223,166
2026-06-09 23:02:43,24445,10224,148
2026-06-09 23:02:45,24447,10225,76.6
2026-06-09 23:02:47,24449,10226,42.5
2026-06-09 23:02:50,24452,10227,53.9
2026-06-09 23:02:52,24454,10228,154
2026-06-09 23:02:54,24456,10229,30.6
2026-06-09 23:02:56,24458,10230,170
2026-06-09 23:02:58,24460,10231,19.9
2026-06-09 23:03:00,24462,10232,33.2
2026-06-09 23:03:02,24464,10233,29.8
2026-06-09 23:03:04,24466,10234,45.2
2026-06-09 23:03:07,24469,10235,63.1
2026-06-09 23:03:09,24471,10236,123
2026-06-09 23:03:11,24473,10237,52.1
2026-06-09 23:03:13,24475,10238,67.5
2026-06-09 23:03:15,24477,10239,159
2026-06-09 23:03:17,24479,10240,55.1
2026-06-09 23:03:19,24481,10241,44.4
2026-06-09 23:03:22,24484,10242,39.3
2026-06-09 23:03:24,24486,10243,51.6
2026-06-09 23:03:26,24488,10244,46.1
2026-06-09 23:03:28,24490,10245,148
2026-06-09 23:03:30,24492,10246,66.4
2026-06-09 23:03:32,24494,10247,63.3
2026-06-09 23:03:34,24496,10248,115
2026-06-09 23:03:36,24498,10249,195
2026-06-09 23:03:38,24500,10250,17.0
2026-06-09 23:03:40,24502,10251,44.3
2026-06-09 23:03:42,24504,10252,18.9
2026-06-09 23:03:45,24507,10253,23.8
2026-06-09 23:03:47,24509,10254,44.5
2026-06-09 23:03:49,24511,10255,68.3
2026-06-09 23:03:51,24513,10256,57.6
2026-06-09 23:03:53,24515,10257,41.4
2026-06-09 23:03:55,24517,10258,29.4
2026-06-09 23:03:57,24519,10259,74.8
2026-06-09 23:03:59,24521,10260,42.1
2026-06-09 23:04:01,24523,10261,62.4
2026-06-09 23:04:04,24526,10262,36.7
2026-06-09 23:04:06,24528,10263,36.1
2026-06-09 23:04:08,24530,10264,19.9
2026-06-09 23:04:10,24532,10265,57.6
2026-06-09 23:04:12,24534,10266,37.5
2026-06-09 23:04:14,24536,10267,66.9
2026-06-09 23:04:16,24538,10268,69.1
2026-06-09 23:04:18,24540,10269,62.8
2026-06-09 23:04:21,24543,10270,122
2026-06-09 23:04:23,24545,10271,34.0
2026-06-09 23:04:25,24547,10272,82.3
2026-06-09 23:04:27,24549,10273,61.0
2026-06-09 23:04:29,24551,10274,33.6
2026-06-09 23:04:32,24554,10275,36.6
2026-06-09 23:04:34,24556,10276,138
2026-06-09 23:04:36,24558,10277,32.6
2026-06-09 23:04:38,24560,10278,110
2026-06-09 23:04:40,24562,10279,41.0
2026-06-09 23:04:42,24564,10280,33.8
2026-06-09 23:04:44,24566,10281,26.8
2026-06-09 23:04:47,24569,10282,180
2026-06-09 23:04:49,24571,10283,72.9
2026-06-09 23:04:51,24573,10284,49.8
2026-06-09 23:04:53,24575,10285,139
2026-06-09 23:04:55,24577,10286,29.0
2026-06-09 23:04:57,24579,10287,25.0
2026-06-09 23:04:59,24581,10288,25.9
2026-06-09 23:05:01,24583,10289,103
2026-06-09 23:05:04,24586,10290,70.8
2026-06-09 23:05:06,24588,10291,26.8
2026-06-09 23:05:08,24590,10292,30.4
2026-06-09 23:05:10,24592,10293,65.2
2026-06-09 23:05:12,24594,10294,154
2026-06-09 23:05:14,24596,10295,49.2
2026-06-09 23:05:17,24599,10296,32.2
2026-06-09 23:05:19,24601,10297,148
2026-06-09 23:05:21,24603,10298,65.8
2026-06-09 23:05:23,24605,10299,34.5
2026-06-09 23:05:25,24607,10300,28.3
2026-06-09 23:05:27,24609,10301,95.1
2026-06-09 23:05:30,24612,10302,33.7
2026-06-09 23:05:32,24614,10303,31.1
2026-06-09 23:05:34,24616,10304,32.1
2026-06-09 23:05:36,24618,10305,29.3
2026-06-09 23:05:38,24620,10306,35.1
2026-06-09 23:05:40,24622,10307,29.0
2026-06-09 23:05:42,24623,10308,41.8
2026-06-09 23:05:43,24625,10309,43.0
2026-06-09 23:05:46,24628,10310,34.0
2026-06-09 23:05:48,24630,10311,52.1
2026-06-09 23:05:50,24632,10312,39.8
2026-06-09 23:05:52,24634,10313,29.1
2026-06-09 23:05:54,24636,10314,43.2
2026-06-09 23:05:56,24638,10315,32.7
2026-06-09 23:05:59,24641,10316,29.4
2026-06-09 23:06:01,24643,10317,20.5
2026-06-09 23:06:03,24645,10318,39.4
2026-06-09 23:06:05,24647,10319,36.3
2026-06-09 23:06:07,24649,10320,31.3
2026-06-09 23:06:09,24651,10321,19.8
2026-06-09 23:06:12,24654,10322,46.5
2026-06-09 23:06:14,24656,10323,37.0
2026-06-09 23:06:16,24658,10324,151
2026-06-09 23:06:18,24660,10325,26.0
2026-06-09 23:06:21,24663,10326,173
2026-06-09 23:06:23,24665,10327,33.2
2026-06-09 23:06:25,24667,10328,45.0
2026-06-09 23:06:27,24669,10329,29.4
2026-06-09 23:06:29,24671,10330,77.7
2026-06-09 23:06:31,24673,10331,25.1
2026-06-09 23:06:33,24675,10332,27.4
2026-06-09 23:06:35,24677,10333,38.2
2026-06-09 23:06:37,24679,10334,32.0
2026-06-09 23:06:39,24681,10335,118
2026-06-09 23:06:42,24684,10336,44.6
2026-06-09 23:06:44,24686,10337,48.2
2026-06-09 23:06:46,24688,10338,31.8
2026-06-09 23:06:48,24690,10339,40.0
2026-06-09 23:06:50,24692,10340,18.5
2026-06-09 23:06:52,24694,10341,35.7
2026-06-09 23:06:54,24696,10342,51.4
2026-06-09 23:06:56,24698,10343,164
2026-06-09 23:06:58,24700,10344,165
2026-06-09 23:07:01,24703,10345,41.2
2026-06-09 23:07:03,24705,10346,38.0
2026-06-09 23:07:05,24707,10347,61.2
2026-06-09 23:07:07,24709,10348,32.8
2026-06-09 23:07:09,24711,10349,39.1
2026-06-09 23:07:11,24713,10350,32.0
2026-06-09 23:07:13,24715,10351,62.6
2026-06-09 23:07:15,24717,10352,57.9
2026-06-09 23:07:17,24719,10353,61.9
2026-06-09 23:07:20,24722,10354,75.3
2026-06-09 23:07:22,24724,10355,185
2026-06-09 23:07:24,24726,10356,35.0
2026-06-09 23:07:26,24728,10357,26.2
2026-06-09 23:07:28,24730,10358,140
2026-06-09 23:07:30,24732,10359,137
2026-06-09 23:07:32,24734,10360,36.2
2026-06-09 23:07:34,24736,10361,49.5
2026-06-09 23:07:36,24738,10362,101
2026-06-09 23:07:39,24741,10363,45.7
2026-06-09 23:07:41,24743,10364,176
2026-06-09 23:07:43,24745,10365,32.4
2026-06-09 23:07:45,24747,10366,28.0
2026-06-09 23:07:47,24749,10367,29.0
2026-06-09 23:07:49,24751,10368,22.5
2026-06-09 23:07:51,24753,10369,29.9
2026-06-09 23:07:53,24755,10370,39.1
2026-06-09 23:07:55,24757,10371,37.2
2026-06-09 23:07:57,24759,10372,62.6
2026-06-09 23:07:59,24761,10373,143
2026-06-09 23:08:01,24763,10374,44.1
2026-06-09 23:08:03,24765,10375,31.2
2026-06-09 23:08:05,24767,10376,22.0
2026-06-09 23:08:07,24769,10377,44.3
2026-06-09 23:08:09,24771,10378,46.3
2026-06-09 23:08:11,24773,10379,102
2026-06-09 23:08:14,24776,10380,175
2026-06-09 23:08:16,24778,10381,31.9
2026-06-09 23:08:18,24780,10382,37.8
2026-06-09 23:08:20,24782,10383,124
2026-06-09 23:08:22,24784,10384,36.3
2026-06-09 23:08:24,24786,10385,78.0
2026-06-09 23:08:26,24788,10386,36.0
2026-06-09 23:08:28,24790,10387,72.7
2026-06-09 23:08:30,24792,10388,131
2026-06-09 23:08:32,24794,10389,32.3
2026-06-09 23:08:35,24797,10390,30.1
2026-06-09 23:08:37,24799,10391,36.2
2026-06-09 23:08:39,24801,10392,76.1
2026-06-09 23:08:41,24803,10393,34.2
2026-06-09 23:08:43,24805,10394,26.9
2026-06-09 23:08:45,24807,10395,36.5
2026-06-09 23:08:47,24809,10396,106
2026-06-09 23:08:49,24811,10397,48.6
2026-06-09 23:08:51,24813,10398,34.2
2026-06-09 23:08:54,24816,10399,75.3
2026-06-09 23:08:56,24818,10400,35.9
2026-06-09 23:08:58,24820,10401,52.2
2026-06-09 23:09:00,24822,10402,27.3
2026-06-09 23:09:02,24824,10403,78.7
2026-06-09 23:09:04,24826,10404,43.2
2026-06-09 23:09:06,24828,10405,80.9
2026-06-09 23:09:08,24830,10406,33.7
2026-06-09 23:09:10,24832,10407,73.6
2026-06-09 23:09:12,24834,10408,130
2026-06-09 23:09:15,24837,10409,76.5
2026-06-09 23:09:17,24839,10410,83.8
2026-06-09 23:09:19,24841,10411,71.1
2026-06-09 23:09:21,24843,10412,37.1
2026-06-09 23:09:23,24845,10413,49.7
2026-06-09 23:09:25,24847,10414,37.6
2026-06-09 23:09:27,24849,10415,52.8
2026-06-09 23:09:29,24851,10416,26.2
2026-06-09 23:09:32,24854,10417,37.6
2026-06-09 23:09:34,24856,10418,41.2
2026-06-09 23:09:36,24858,10419,34.0
2026-06-09 23:09:38,24860,10420,34.6
2026-06-09 23:09:40,24862,10421,29.1
2026-06-09 23:09:42,24864,10422,178
2026-06-09 23:09:44,24866,10423,32.6
2026-06-09 23:09:46,24868,10424,50.8
2026-06-09 23:09:48,24870,10425,70.8
2026-06-09 23:09:50,24872,10426,32.6
2026-06-09 23:09:52,24874,10427,132
2026-06-09 23:09:54,24876,10428,21.7
2026-06-09 23:09:57,24879,10429,64.4
2026-06-09 23:09:59,24881,10430,29.4
2026-06-09 23:10:01,24883,10431,39.7
2026-06-09 23:10:03,24885,10432,58.6
2026-06-09 23:10:05,24887,10433,41.9
2026-06-09 23:10:07,24889,10434,66.1
2026-06-09 23:10:09,24891,10435,45.1
2026-06-09 23:10:11,24893,10436,82.5
2026-06-09 23:10:13,24895,10437,39.3
2026-06-09 23:10:15,24897,10438,57.0
2026-06-09 23:10:17,24899,10439,37.2
2026-06-09 23:10:19,24901,10440,72.7
2026-06-09 23:10:21,24903,10441,48.1
2026-06-09 23:10:24,24906,10442,42.0
2026-06-09 23:10:26,24908,10443,21.5
2026-06-09 23:10:28,24910,10444,44.2
2026-06-09 23:10:30,24912,10445,20.6
2026-06-09 23:10:32,24914,10446,153
2026-06-09 23:10:34,24916,10447,52.5
2026-06-09 23:10:36,24918,10448,165
2026-06-09 23:10:38,24920,10449,35.8
2026-06-09 23:10:40,24922,10450,25.4
2026-06-09 23:10:42,24924,10451,42.6
2026-06-09 23:10:44,24926,10452,40.4
2026-06-09 23:10:46,24928,10453,158
2026-06-09 23:10:49,24931,10454,38.9
2026-06-09 23:10:51,24933,10455,122
2026-06-09 23:10:53,24935,10456,26.3
2026-06-09 23:10:55,24937,10457,30.8
2026-06-09 23:10:57,24939,10458,36.2
2026-06-09 23:10:59,24941,10459,58.0
2026-06-09 23:11:01,24943,10460,166
2026-06-09 23:11:03,24945,10461,47.7
2026-06-09 23:11:05,24947,10462,18.7
2026-06-09 23:11:07,24949,10463,60.5
2026-06-09 23:11:10,24952,10464,162
2026-06-09 23:11:12,24954,10465,181
2026-06-09 23:11:14,24956,10466,55.0
2026-06-09 23:11:16,24958,10467,31.9
2026-06-09 23:11:18,24960,10468,48.6
2026-06-09 23:11:20,24962,10469,36.9
2026-06-09 23:11:22,24964,10470,56.6
2026-06-09 23:11:24,24966,10471,56.0
2026-06-09 23:11:27,24969,10472,31.2
2026-06-09 23:11:29,24971,10473,42.8
2026-06-09 23:11:31,24973,10474,196
2026-06-09 23:11:33,24975,10475,45.1
2026-06-09 23:11:35,24977,10476,145
2026-06-09 23:11:37,24979,10477,32.3
2026-06-09 23:11:40,24982,10478,35.7
2026-06-09 23:11:42,24984,10479,34.1
2026-06-09 23:11:44,24986,10480,43.8
2026-06-09 23:11:46,24988,10481,29.3
2026-06-09 23:11:48,24990,10482,63.7
2026-06-09 23:11:50,24992,10483,54.5
2026-06-09 23:11:52,24994,10484,34.2
2026-06-09 23:11:54,24996,10485,27.0
2026-06-09 23:11:56,24998,10486,32.5
2026-06-09 23:11:58,25000,10487,30.5
2026-06-09 23:12:00,25002,10488,46.8
2026-06-09 23:12:02,25004,10489,29.8
2026-06-09 23:12:04,25006,10490,34.9
2026-06-09 23:12:06,25008,10491,33.7
2026-06-09 23:12:08,25010,10492,32.7
2026-06-09 23:12:10,25012,10493,23.0
2026-06-09 23:12:12,25014,10494,126
2026-06-09 23:12:15,25017,10495,25.9
2026-06-09 23:12:17,25019,10496,25.7
2026-06-09 23:12:19,25021,10497,36.5
2026-06-09 23:12:21,25023,10498,32.6
2026-06-09 23:12:23,25025,10499,47.4
2026-06-09 23:12:25,25027,10500,43.7
2026-06-09 23:12:28,25030,10501,29.4
2026-06-09 23:12:30,25032,10502,70.0
2026-06-09 23:12:32,25034,10503,38.3
2026-06-09 23:12:34,25036,10504,38.0
2026-06-09 23:12:36,25038,10505,65.1
2026-06-09 23:12:38,25040,10506,30.9
2026-06-09 23:12:40,25042,10507,27.4
2026-06-09 23:12:42,25044,10508,23.3
2026-06-09 23:12:44,25046,10509,52.6
2026-06-09 23:12:47,25049,10510,65.8
2026-06-09 23:12:49,25051,10511,37.8
2026-06-09 23:12:51,25053,10512,41.6
2026-06-09 23:12:53,25055,10513,27.6
2026-06-09 23:12:55,25057,10514,54.8
2026-06-09 23:12:57,25059,10515,28.2
2026-06-09 23:12:59,25061,10516,141
2026-06-09 23:13:01,25063,10517,38.2
2026-06-09 23:13:03,25065,10518,45.6
2026-06-09 23:13:06,25068,10519,46.4
2026-06-09 23:13:08,25070,10520,81.4
2026-06-09 23:13:10,25072,10521,27.4
2026-06-09 23:13:12,25074,10522,39.0
2026-06-09 23:13:14,25076,10523,43.4
2026-06-09 23:13:16,25078,10524,45.9
2026-06-09 23:13:18,25080,10525,31.5
2026-06-09 23:13:20,25082,10526,177
2026-06-09 23:13:22,25084,10527,35.4
2026-06-09 23:13:25,25087,10528,61.5
2026-06-09 23:13:27,25089,10529,57.7
2026-06-09 23:13:29,25091,10530,141
2026-06-09 23:13:31,25093,10531,83.8
2026-06-09 23:13:33,25095,10532,32.4
2026-06-09 23:13:35,25097,10533,81.9
2026-06-09 23:13:38,25100,10534,33.0
2026-06-09 23:13:40,25102,10535,39.1
2026-06-09 23:13:42,25104,10536,137
2026-06-09 23:13:44,25106,10537,31.2
2026-06-09 23:13:46,25108,10538,37.1
2026-06-09 23:13:48,25110,10539,67.8
2026-06-09 23:13:51,25113,10540,36.6
2026-06-09 23:13:53,25115,10541,33.7
2026-06-09 23:13:55,25117,10542,99.7
2026-06-09 23:13:57,25119,10543,34.7
2026-06-09 23:13:59,25121,10544,32.8
2026-06-09 23:14:01,25123,10545,164
2026-06-09 23:14:03,25125,10546,56.8
2026-06-09 23:14:05,25127,10547,35.5
2026-06-09 23:14:07,25129,10548,22.4
2026-06-09 23:14:09,25131,10549,41.3
2026-06-09 23:14:11,25133,10550,38.8
2026-06-09 23:14:13,25135,10551,48.4
2026-06-09 23:14:15,25137,10552,26.2
2026-06-09 23:14:18,25140,10553,82.5
2026-06-09 23:14:20,25142,10554,31.3
2026-06-09 23:14:22,25144,10555,167
2026-06-09 23:14:24,25146,10556,41.3
2026-06-09 23:14:26,25148,10557,39.5
2026-06-09 23:14:28,25150,10558,49.7
2026-06-09 23:14:31,25153,10559,31.4
2026-06-09 23:14:33,25155,10560,39.9
2026-06-09 23:14:35,25157,10561,50.7
2026-06-09 23:14:37,25159,10562,27.0
2026-06-09 23:14:39,25161,10563,35.8
2026-06-09 23:14:41,25163,10564,157
2026-06-09 23:14:43,25165,10565,42.3
2026-06-09 23:14:45,25167,10566,55.9
2026-06-09 23:14:48,25170,10567,95.7
2026-06-09 23:14:50,25172,10568,10.4
2026-06-09 23:14:52,25174,10569,47.9
2026-06-09 23:14:54,25176,10570,61.6
2026-06-09 23:14:56,25178,10571,82.1
2026-06-09 23:14:58,25180,10572,62.0
2026-06-09 23:15:00,25182,10573,17.6
2026-06-09 23:15:03,25185,10574,58.5
2026-06-09 23:15:05,25187,10575,29.8
2026-06-09 23:15:07,25189,10576,80.2
2026-06-09 23:15:09,25191,10577,31.1
2026-06-09 23:15:11,25193,10578,55.2
2026-06-09 23:15:13,25195,10579,51.9
2026-06-09 23:15:16,25198,10580,50.1
2026-06-09 23:15:18,25200,10581,16.1
2026-06-09 23:15:20,25202,10582,36.2
2026-06-09 23:15:22,25204,10583,165
2026-06-09 23:15:24,25206,10584,30.5
2026-06-09 23:15:26,25208,10585,36.3
2026-06-09 23:15:28,25210,10586,54.6
2026-06-09 23:15:31,25213,10587,59.3
2026-06-09 23:15:33,25215,10588,85.9
2026-06-09 23:15:35,25217,10589,150
2026-06-09 23:15:37,25219,10590,80.9
2026-06-09 23:15:39,25221,10591,161
2026-06-09 23:15:41,25223,10592,53.2
2026-06-09 23:15:43,25225,10593,169
2026-06-09 23:15:46,25228,10594,43.3
2026-06-09 23:15:48,25230,10595,134
2026-06-09 23:15:50,25232,10596,154
2026-06-09 23:15:52,25234,10597,23.2
2026-06-09 23:15:54,25236,10598,43.8
2026-06-09 23:15:56,25238,10599,73.5
2026-06-09 23:15:58,25240,10600,32.0
2026-06-09 23:16:01,25243,10601,49.5
2026-06-09 23:16:03,25245,10602,57.7
2026-06-09 23:16:05,25247,10603,82.1
2026-06-09 23:16:07,25249,10604,25.4
2026-06-09 23:16:09,25251,10605,45.0
2026-06-09 23:16:12,25254,10606,43.4
2026-06-09 23:16:14,25256,10607,23.4
2026-06-09 23:16:16,25258,10608,27.2
2026-06-09 23:16:18,25260,10609,42.8
2026-06-09 23:16:20,25262,10610,119
2026-06-09 23:16:22,25264,10611,38.3
2026-06-09 23:16:24,25266,10612,30.7
2026-06-09 23:16:27,25269,10613,44.3
2026-06-09 23:16:29,25271,10614,27.0
2026-06-09 23:16:31,25273,10615,44.5
2026-06-09 23:16:33,25275,10616,78.0
2026-06-09 23:16:35,25277,10617,157
2026-06-09 23:16:38,25280,10618,39.4
2026-06-09 23:16:40,25282,10619,201
2026-06-09 23:16:42,25284,10620,39.9
2026-06-09 23:16:44,25286,10621,66.3
2026-06-09 23:16:46,25288,10622,159
2026-06-09 23:16:49,25291,10623,111
2026-06-09 23:16:51,25293,10624,25.3
2026-06-09 23:16:53,25295,10625,119
2026-06-09 23:16:55,25297,10626,72.8
2026-06-09 23:16:57,25299,10627,26.8
2026-06-09 23:16:59,25301,10628,35.2
2026-06-09 23:17:02,25304,10629,25.0
2026-06-09 23:17:04,25306,10630,47.2
2026-06-09 23:17:06,25308,10631,159
2026-06-09 23:17:08,25310,10632,126
2026-06-09 23:17:10,25312,10633,46.4
2026-06-09 23:17:13,25315,10634,25.9
2026-06-09 23:17:15,25317,10635,148
2026-06-09 23:17:17,25319,10636,43.8
2026-06-09 23:17:19,25321,10637,47.1
2026-06-09 23:17:21,25323,10638,113
2026-06-09 23:17:24,25326,10639,191
2026-06-09 23:17:26,25328,10640,32.7
2026-06-09 23:17:28,25330,10641,65.3
2026-06-09 23:17:30,25332,10642,27.1
2026-06-09 23:17:32,25334,10643,25.9
2026-06-09 23:17:34,25336,10644,46.8
2026-06-09 23:17:36,25338,10645,39.4
2026-06-09 23:17:38,25340,10646,27.3
2026-06-09 23:17:40,25342,10647,27.0
2026-06-09 23:17:42,25344,10648,38.6
2026-06-09 23:17:44,25346,10649,18.3
2026-06-09 23:17:46,25348,10650,38.1
2026-06-09 23:17:49,25351,10651,40.0
2026-06-09 23:17:51,25353,10652,134
2026-06-09 23:17:53,25355,10653,30.7
2026-06-09 23:17:55,25357,10654,25.0
2026-06-09 23:17:57,25359,10655,198
2026-06-09 23:17:59,25361,10656,83.1
2026-06-09 23:18:02,25364,10657,42.3
2026-06-09 23:18:04,25366,10658,59.8
2026-06-09 23:18:06,25368,10659,128
2026-06-09 23:18:08,25370,10660,93.6
2026-06-09 23:18:10,25372,10661,43.3
2026-06-09 23:18:12,25374,10662,169
2026-06-09 23:18:15,25377,10663,37.0
2026-06-09 23:18:17,25379,10664,30.1
2026-06-09 23:18:19,25381,10665,22.4
2026-06-09 23:18:21,25383,10666,44.8
2026-06-09 23:18:23,25385,10667,35.0
2026-06-09 23:18:25,25387,10668,35.2
2026-06-09 23:18:28,25390,10669,49.1
2026-06-09 23:18:30,25392,10670,36.7
2026-06-09 23:18:32,25394,10671,140
2026-06-09 23:18:34,25396,10672,26.8
2026-06-09 23:18:36,25398,10673,26.8
2026-06-09 23:18:38,25400,10674,57.8
2026-06-09 23:18:41,25403,10675,172
2026-06-09 23:18:43,25405,10676,178
2026-06-09 23:18:45,25407,10677,36.8
2026-06-09 23:18:47,25409,10678,73.6
2026-06-09 23:18:49,25411,10679,59.5
2026-06-09 23:18:51,25413,10680,39.7
2026-06-09 23:18:54,25416,10681,31.6
2026-06-09 23:18:56,25418,10682,40.7
2026-06-09 23:18:58,25420,10683,41.4
2026-06-09 23:19:00,25422,10684,25.9
2026-06-09 23:19:02,25424,10685,53.6
2026-06-09 23:19:04,25426,10686,59.6
2026-06-09 23:19:06,25428,10687,50.7
2026-06-09 23:19:08,25430,10688,70.3
2026-06-09 23:19:11,25433,10689,41.9
2026-06-09 23:19:13,25435,10690,26.2
2026-06-09 23:19:15,25437,10691,25.2
2026-06-09 23:19:17,25439,10692,47.2
2026-06-09 23:19:19,25441,10693,28.8
2026-06-09 23:19:21,25443,10694,37.9
2026-06-09 23:19:23,25445,10695,91.8
2026-06-09 23:19:26,25448,10696,63.2
2026-06-09 23:19:28,25450,10697,32.3
2026-06-09 23:19:30,25452,10698,35.8
2026-06-09 23:19:32,25454,10699,142
2026-06-09 23:19:34,25456,10700,52.3
2026-06-09 23:19:36,25458,10701,44.1
2026-06-09 23:19:39,25461,10702,38.5
2026-06-09 23:19:41,25463,10703,146
2026-06-09 23:19:43,25465,10704,57.9
2026-06-09 23:19:45,25467,10705,61.1
2026-06-09 23:19:47,25469,10706,34.0
2026-06-09 23:19:49,25471,10707,33.1
2026-06-09 23:19:52,25474,10708,32.1
2026-06-09 23:19:54,25476,10709,162
2026-06-09 23:19:56,25478,10710,32.6
2026-06-09 23:19:58,25480,10711,36.2
2026-06-09 23:20:01,25483,10712,35.7
2026-06-09 23:20:03,25485,10713,33.8
2026-06-09 23:20:05,25487,10714,29.6
2026-06-09 23:20:07,25489,10715,75.5
2026-06-09 23:20:09,25491,10716,45.8
2026-06-09 23:20:12,25494,10717,26.7
2026-06-09 23:20:14,25496,10718,66.7
2026-06-09 23:20:16,25498,10719,61.4
2026-06-09 23:20:18,25500,10720,49.2
2026-06-09 23:20:20,25502,10721,60.4
2026-06-09 23:20:23,25505,10722,136
2026-06-09 23:20:25,25507,10723,39.8
2026-06-09 23:20:27,25509,10724,28.2
2026-06-09 23:20:29,25511,10725,26.8
2026-06-09 23:20:31,25513,10726,48.0
2026-06-09 23:20:33,25515,10727,31.8
2026-06-09 23:20:35,25517,10728,74.3
2026-06-09 23:20:38,25520,10729,47.8
2026-06-09 23:20:40,25522,10730,31.0
2026-06-09 23:20:42,25524,10731,30.6
2026-06-09 23:20:43,25525,10732,36.6
2026-06-09 23:20:45,25527,10733,30.3
2026-06-09 23:20:47,25529,10734,34.2
2026-06-09 23:20:49,25531,10735,52.9
2026-06-09 23:20:51,25533,10736,59.7
2026-06-09 23:20:54,25536,10737,40.3
2026-06-09 23:20:56,25538,10738,49.5
2026-06-09 23:20:58,25540,10739,53.9
2026-06-09 23:21:00,25542,10740,31.8
2026-06-09 23:21:02,25544,10741,166
2026-06-09 23:21:04,25546,10742,171
2026-06-09 23:21:06,25548,10743,41.0
2026-06-09 23:21:08,25550,10744,19.8
2026-06-09 23:21:10,25552,10745,147
2026-06-09 23:21:12,25554,10746,26.2
2026-06-09 23:21:15,25557,10747,97.6
2026-06-09 23:21:17,25559,10748,31.9
2026-06-09 23:21:19,25561,10749,41.6
2026-06-09 23:21:21,25563,10750,196
2026-06-09 23:21:23,25565,10751,67.6
2026-06-09 23:21:25,25567,10752,47.8
2026-06-09 23:21:27,25569,10753,27.6
2026-06-09 23:21:29,25571,10754,50.5
2026-06-09 23:21:31,25573,10755,41.1
2026-06-09 23:21:33,25575,10756,40.7
2026-06-09 23:21:35,25577,10757,159
2026-06-09 23:21:38,25580,10758,39.6
2026-06-09 23:21:40,25582,10759,46.8
2026-06-09 23:21:42,25584,10760,83.0
2026-06-09 23:21:44,25586,10761,21.4
2026-06-09 23:21:46,25588,10762,23.2
2026-06-09 23:21:48,25590,10763,63.7
2026-06-09 23:21:50,25592,10764,61.1
2026-06-09 23:21:53,25595,10765,45.4
2026-06-09 23:21:55,25597,10766,29.7
2026-06-09 23:21:57,25599,10767,38.9
2026-06-09 23:21:59,25601,10768,42.7
2026-06-09 23:22:01,25603,10769,50.2
2026-06-09 23:22:03,25605,10770,28.0
2026-06-09 23:22:05,25607,10771,34.8
2026-06-09 23:22:07,25609,10772,52.6
2026-06-09 23:22:09,25611,10773,27.5
2026-06-09 23:22:12,25614,10774,33.5
2026-06-09 23:22:14,25616,10775,49.9
2026-06-09 23:22:16,25618,10776,31.0
2026-06-09 23:22:18,25620,10777,34.4
2026-06-09 23:22:20,25622,10778,39.9
2026-06-09 23:22:22,25624,10779,80.9
2026-06-09 23:22:24,25626,10780,35.2
2026-06-09 23:22:26,25628,10781,48.7
2026-06-09 23:22:29,25631,10782,30.6
2026-06-09 23:22:31,25633,10783,158
2026-06-09 23:22:33,25635,10784,29.9
2026-06-09 23:22:35,25637,10785,37.8
2026-06-09 23:22:37,25639,10786,37.3
2026-06-09 23:22:39,25641,10787,41.5
2026-06-09 23:22:41,25643,10788,25.5
2026-06-09 23:22:43,25645,10789,31.6
2026-06-09 23:22:45,25647,10790,43.8
2026-06-09 23:22:47,25649,10791,40.7
2026-06-09 23:22:49,25651,10792,33.2
2026-06-09 23:22:51,25653,10793,59.0
2026-06-09 23:22:53,25655,10794,30.8
2026-06-09 23:22:55,25657,10795,31.0
2026-06-09 23:22:57,25659,10796,33.1
2026-06-09 23:22:59,25661,10797,66.3
2026-06-09 23:23:01,25663,10798,147
2026-06-09 23:23:03,25665,10799,41.9
2026-06-09 23:23:06,25668,10800,57.0
2026-06-09 23:23:08,25670,10801,71.0
2026-06-09 23:23:10,25672,10802,47.6
2026-06-09 23:23:12,25674,10803,31.2
2026-06-09 23:23:14,25676,10804,127
2026-06-09 23:23:16,25678,10805,67.7
2026-06-09 23:23:18,25680,10806,31.1
2026-06-09 23:23:20,25682,10807,166
2026-06-09 23:23:22,25684,10808,38.3
2026-06-09 23:23:24,25686,10809,24.9
2026-06-09 23:23:26,25688,10810,44.3
2026-06-09 23:23:29,25690,10811,77.9
2026-06-09 23:23:31,25693,10812,42.3
2026-06-09 23:23:33,25695,10813,73.6
2026-06-09 23:23:35,25697,10814,48.7
2026-06-09 23:23:37,25699,10815,153
2026-06-09 23:23:39,25701,10816,21.4
2026-06-09 23:23:41,25703,10817,53.7
2026-06-09 23:23:43,25705,10818,27.3
2026-06-09 23:23:45,25707,10819,28.3
2026-06-09 23:23:48,25710,10820,46.8
2026-06-09 23:23:50,25712,10821,9.78
2026-06-09 23:23:52,25714,10822,51.2
2026-06-09 23:23:54,25716,10823,40.4
2026-06-09 23:23:56,25718,10824,17.8
2026-06-09 23:23:58,25720,10825,124
2026-06-09 23:24:00,25722,10826,31.2
2026-06-09 23:24:02,25724,10827,35.8
2026-06-09 23:24:05,25727,10828,38.5
2026-06-09 23:24:07,25729,10829,26.9
2026-06-09 23:24:09,25731,10830,47.3
2026-06-09 23:24:11,25733,10831,192
2026-06-09 23:24:13,25735,10832,38.2
2026-06-09 23:24:15,25737,10833,47.1
2026-06-09 23:24:17,25739,10834,38.7
2026-06-09 23:24:19,25741,10835,36.4
2026-06-09 23:24:21,25743,10836,47.8
2026-06-09 23:24:23,25745,10837,54.0
2026-06-09 23:24:25,25747,10838,31.7
2026-06-09 23:24:27,25749,10839,274
2026-06-09 23:24:30,25752,10840,68.0
2026-06-09 23:24:32,25754,10841,107
2026-06-09 23:24:34,25756,10842,30.9
2026-06-09 23:24:36,25758,10843,198
2026-06-09 23:24:38,25760,10844,28.6
2026-06-09 23:24:40,25762,10845,52.8
2026-06-09 23:24:42,25764,10846,107
2026-06-09 23:24:44,25766,10847,32.7
2026-06-09 23:24:46,25768,10848,53.2
2026-06-09 23:24:48,25770,10849,33.2
2026-06-09 23:24:51,25773,10850,28.6
2026-06-09 23:24:53,25775,10851,170
2026-06-09 23:24:55,25777,10852,72.2
2026-06-09 23:24:57,25779,10853,48.9
2026-06-09 23:24:59,25781,10854,26.8
2026-06-09 23:25:01,25783,10855,149
2026-06-09 23:25:03,25785,10856,35.7
2026-06-09 23:25:05,25787,10857,24.6
2026-06-09 23:25:07,25789,10858,113
2026-06-09 23:25:09,25791,10859,30.5
2026-06-09 23:25:12,25794,10860,32.8
2026-06-09 23:25:14,25796,10861,26.5
2026-06-09 23:25:16,25798,10862,34.0
2026-06-09 23:25:18,25800,10863,43.0
2026-06-09 23:25:20,25802,10864,162
2026-06-09 23:25:22,25804,10865,31.6
2026-06-09 23:25:24,25806,10866,85.6
2026-06-09 23:25:27,25808,10867,88.5
2026-06-09 23:25:29,25811,10868,178
2026-06-09 23:25:31,25813,10869,79.7
2026-06-09 23:25:33,25815,10870,175
2026-06-09 23:25:35,25817,10871,122
2026-06-09 23:25:37,25819,10872,38.1
2026-06-09 23:25:39,25821,10873,155
2026-06-09 23:25:42,25824,10874,66.8
2026-06-09 23:25:44,25826,10875,19.5
2026-06-09 23:25:46,25828,10876,26.1
2026-06-09 23:25:48,25830,10877,66.4
2026-06-09 23:25:50,25832,10878,75.5
2026-06-09 23:25:52,25834,10879,42.4
2026-06-09 23:25:55,25837,10880,43.2
2026-06-09 23:25:57,25839,10881,70.4
2026-06-09 23:25:59,25841,10882,44.7
2026-06-09 23:26:01,25843,10883,22.9
2026-06-09 23:26:03,25845,10884,36.8
2026-06-09 23:26:06,25848,10885,34.7
2026-06-09 23:26:08,25850,10886,26.8
2026-06-09 23:26:10,25852,10887,22.8
2026-06-09 23:26:12,25854,10888,59.7
2026-06-09 23:26:14,25856,10889,64.4
2026-06-09 23:26:16,25858,10890,131
2026-06-09 23:26:18,25860,10891,42.8
2026-06-09 23:26:21,25863,10892,26.9
2026-06-09 23:26:23,25865,10893,145
2026-06-09 23:26:25,25867,10894,36.5
2026-06-09 23:26:27,25869,10895,17.6
2026-06-09 23:26:29,25871,10896,40.2
2026-06-09 23:26:32,25873,10897,33.1
2026-06-09 23:26:34,25876,10898,34.9
2026-06-09 23:26:36,25878,10899,27.8
2026-06-09 23:26:38,25880,10900,80.7
2026-06-09 23:26:40,25882,10901,42.7
2026-06-09 23:26:42,25884,10902,37.3
2026-06-09 23:26:44,25886,10903,87.1
2026-06-09 23:26:47,25889,10904,39.6
2026-06-09 23:26:49,25891,10905,160
2026-06-09 23:26:51,25893,10906,74.5
2026-06-09 23:26:53,25895,10907,47.9
2026-06-09 23:26:55,25897,10908,34.9
2026-06-09 23:26:57,25899,10909,66.5
2026-06-09 23:26:59,25901,10910,34.3
2026-06-09 23:27:02,25904,10911,62.4
2026-06-09 23:27:04,25906,10912,79.9
2026-06-09 23:27:06,25908,10913,52.4
2026-06-09 23:27:08,25910,10914,139
2026-06-09 23:27:10,25912,10915,56.8
2026-06-09 23:27:12,25914,10916,47.6
2026-06-09 23:27:14,25916,10917,192
2026-06-09 23:27:16,25918,10918,40.4
2026-06-09 23:27:19,25921,10919,65.8
2026-06-09 23:27:21,25923,10920,17.9
2026-06-09 23:27:23,25925,10921,52.9
2026-06-09 23:27:25,25927,10922,54.1
2026-06-09 23:27:27,25929,10923,146
2026-06-09 23:27:29,25931,10924,25.0
2026-06-09 23:27:31,25933,10925,41.1
2026-06-09 23:27:33,25935,10926,42.5
2026-06-09 23:27:36,25938,10927,56.1
2026-06-09 23:27:38,25940,10928,40.8
2026-06-09 23:27:40,25942,10929,25.7
2026-06-09 23:27:42,25944,10930,39.3
2026-06-09 23:27:44,25946,10931,49.8
2026-06-09 23:27:46,25948,10932,40.2
2026-06-09 23:27:48,25950,10933,120
2026-06-09 23:27:50,25952,10934,42.5
2026-06-09 23:27:53,25955,10935,57.8
2026-06-09 23:27:55,25957,10936,145
2026-06-09 23:27:57,25959,10937,34.4
2026-06-09 23:27:59,25961,10938,44.7
2026-06-09 23:28:01,25963,10939,54.5
2026-06-09 23:28:03,25965,10940,36.3
2026-06-09 23:28:05,25967,10941,127
2026-06-09 23:28:08,25970,10942,38.7
2026-06-09 23:28:10,25972,10943,31.9
2026-06-09 23:28:12,25974,10944,31.1
2026-06-09 23:28:13,25975,10945,40.0
2026-06-09 23:28:15,25977,10946,41.0
2026-06-09 23:28:17,25979,10947,27.0
2026-06-09 23:28:20,25982,10948,65.1
2026-06-09 23:28:22,25984,10949,227
2026-06-09 23:28:24,25986,10950,62.3
2026-06-09 23:28:26,25988,10951,44.4
2026-06-09 23:28:28,25990,10952,65.3
2026-06-09 23:28:30,25992,10953,29.9
2026-06-09 23:28:32,25994,10954,53.5
2026-06-09 23:28:34,25996,10955,39.0
2026-06-09 23:28:37,25999,10956,85.0
2026-06-09 23:28:39,26001,10957,27.4
2026-06-09 23:28:41,26003,10958,75.7
2026-06-09 23:28:43,26005,10959,42.8
2026-06-09 23:28:45,26007,10960,59.5
2026-06-09 23:28:47,26009,10961,35.8
2026-06-09 23:28:50,26012,10962,45.9
2026-06-09 23:28:52,26014,10963,41.9
2026-06-09 23:28:54,26016,10964,41.0
2026-06-09 23:28:56,26018,10965,61.4
2026-06-09 23:28:58,26020,10966,47.3
2026-06-09 23:29:00,26022,10967,60.8
2026-06-09 23:29:02,26024,10968,27.3
2026-06-09 23:29:05,26027,10969,35.6
2026-06-09 23:29:07,26029,10970,34.0
2026-06-09 23:29:09,26031,10971,30.2
2026-06-09 23:29:11,26033,10972,71.7
2026-06-09 23:29:13,26035,10973,54.2
2026-06-09 23:29:15,26037,10974,35.9
2026-06-09 23:29:18,26040,10975,62.0
2026-06-09 23:29:20,26042,10976,34.8
2026-06-09 23:29:22,26044,10977,36.6
2026-06-09 23:29:24,26046,10978,67.7
2026-06-09 23:29:26,26048,10979,66.6
2026-06-09 23:29:28,26050,10980,34.6
2026-06-09 23:29:30,26052,10981,39.3
2026-06-09 23:29:32,26054,10982,145
2026-06-09 23:29:34,26056,10983,19.0
2026-06-09 23:29:37,26059,10984,27.6
2026-06-09 23:29:39,26061,10985,28.8
2026-06-09 23:29:41,26063,10986,73.3
2026-06-09 23:29:43,26065,10987,25.3
2026-06-09 23:29:45,26067,10988,29.2
2026-06-09 23:29:47,26069,10989,71.6
2026-06-09 23:29:49,26071,10990,49.5
2026-06-09 23:29:51,26073,10991,32.3
2026-06-09 23:29:53,26075,10992,44.2
2026-06-09 23:29:55,26077,10993,39.6
2026-06-09 23:29:58,26080,10994,33.7
2026-06-09 23:30:00,26082,10995,24.3
2026-06-09 23:30:02,26084,10996,48.3
2026-06-09 23:30:04,26086,10997,27.0
2026-06-09 23:30:06,26088,10998,50.4
2026-06-09 23:30:08,26090,10999,62.2
2026-06-09 23:30:10,26092,11000,56.0
2026-06-09 23:30:12,26094,11001,52.7
2026-06-09 23:30:14,26096,11002,44.5
2026-06-09 23:30:16,26098,11003,30.0
2026-06-09 23:30:18,26100,11004,140
2026-06-09 23:30:21,26102,11005,34.2
2026-06-09 23:30:23,26105,11006,73.8
2026-06-09 23:30:25,26107,11007,30.3
2026-06-09 23:30:27,26109,11008,26.7
2026-06-09 23:30:29,26111,11009,105
2026-06-09 23:30:31,26113,11010,49.3
2026-06-09 23:30:33,26115,11011,114
2026-06-09 23:30:36,26118,11012,188
2026-06-09 23:30:38,26120,11013,115
2026-06-09 23:30:40,26122,11014,33.4
2026-06-09 23:30:42,26124,11015,143
2026-06-09 23:30:44,26126,11016,32.5
2026-06-09 23:30:46,26128,11017,31.7
2026-06-09 23:30:48,26130,11018,37.8
2026-06-09 23:30:51,26133,11019,80.8
2026-06-09 23:30:53,26135,11020,22.6
2026-06-09 23:30:55,26137,11021,43.3
2026-06-09 23:30:57,26139,11022,112
2026-06-09 23:30:59,26141,11023,139
2026-06-09 23:31:01,26143,11024,38.4
2026-06-09 23:31:03,26145,11025,27.9
2026-06-09 23:31:05,26147,11026,217
2026-06-09 23:31:07,26149,11027,113
2026-06-09 23:31:10,26152,11028,33.0
2026-06-09 23:31:12,26154,11029,60.3
2026-06-09 23:31:14,26156,11030,32.3
2026-06-09 23:31:16,26158,11031,44.2
2026-06-09 23:31:18,26160,11032,43.5
2026-06-09 23:31:20,26162,11033,40.7
2026-06-09 23:31:22,26164,11034,44.7
2026-06-09 23:31:24,26166,11035,76.8
2026-06-09 23:31:26,26168,11036,143
2026-06-09 23:31:28,26170,11037,19.8
2026-06-09 23:31:31,26173,11038,152
2026-06-09 23:31:33,26175,11039,29.8
2026-06-09 23:31:35,26177,11040,138
2026-06-09 23:31:37,26179,11041,46.3
2026-06-09 23:31:39,26181,11042,151
2026-06-09 23:31:41,26183,11043,50.3
2026-06-09 23:31:43,26185,11044,67.8
2026-06-09 23:31:45,26187,11045,31.6
2026-06-09 23:31:47,26189,11046,52.4
2026-06-09 23:31:49,26191,11047,35.1
2026-06-09 23:31:52,26194,11048,30.0
2026-06-09 23:31:54,26196,11049,33.1
2026-06-09 23:31:56,26198,11050,40.7
2026-06-09 23:31:58,26200,11051,37.2
2026-06-09 23:32:00,26202,11052,24.8
2026-06-09 23:32:02,26204,11053,113
2026-06-09 23:32:04,26206,11054,29.0
2026-06-09 23:32:06,26208,11055,51.9
2026-06-09 23:32:09,26211,11056,26.3
2026-06-09 23:32:11,26213,11057,39.9
2026-06-09 23:32:13,26215,11058,119
2026-06-09 23:32:15,26217,11059,35.9
2026-06-09 23:32:17,26219,11060,36.7
2026-06-09 23:32:20,26222,11061,125
2026-06-09 23:32:22,26224,11062,45.7
2026-06-09 23:32:24,26226,11063,36.6
2026-06-09 23:32:26,26228,11064,67.1
2026-06-09 23:32:28,26230,11065,72.1
2026-06-09 23:32:30,26232,11066,45.7
2026-06-09 23:32:32,26234,11067,28.1
2026-06-09 23:32:34,26236,11068,29.1
2026-06-09 23:32:37,26239,11069,157
2026-06-09 23:32:39,26241,11070,119
2026-06-09 23:32:41,26243,11071,30.2
2026-06-09 23:32:43,26245,11072,24.0
2026-06-09 23:32:45,26247,11073,126
2026-06-09 23:32:47,26249,11074,27.7
2026-06-09 23:32:49,26251,11075,46.2
2026-06-09 23:32:51,26253,11076,25.9
2026-06-09 23:32:54,26256,11077,88.1
2026-06-09 23:32:56,26258,11078,20.6
2026-06-09 23:32:58,26260,11079,31.1
2026-06-09 23:33:00,26262,11080,44.4
2026-06-09 23:33:02,26264,11081,30.8
2026-06-09 23:33:04,26266,11082,143
2026-06-09 23:33:06,26268,11083,31.7
2026-06-09 23:33:08,26270,11084,59.7
2026-06-09 23:33:11,26273,11085,129
2026-06-09 23:33:13,26275,11086,48.9
2026-06-09 23:33:15,26277,11087,132
2026-06-09 23:33:17,26279,11088,111
2026-06-09 23:33:19,26281,11089,31.4
2026-06-09 23:33:21,26283,11090,65.5
2026-06-09 23:33:23,26285,11091,62.9
2026-06-09 23:33:26,26288,11092,25.8
2026-06-09 23:33:28,26290,11093,46.2
2026-06-09 23:33:30,26292,11094,41.3
2026-06-09 23:33:32,26294,11095,21.3
2026-06-09 23:33:34,26296,11096,46.8
2026-06-09 23:33:36,26298,11097,29.8
2026-06-09 23:33:38,26300,11098,60.2
2026-06-09 23:33:40,26302,11099,28.1
2026-06-09 23:33:43,26305,11100,35.0
2026-06-09 23:33:45,26307,11101,56.2
2026-06-09 23:33:47,26309,11102,142
2026-06-09 23:33:49,26311,11103,30.0
2026-06-09 23:33:52,26314,11104,27.0
2026-06-09 23:33:54,26316,11105,111
2026-06-09 23:33:56,26318,11106,34.7
2026-06-09 23:33:58,26320,11107,135
2026-06-09 23:34:00,26322,11108,49.9
2026-06-09 23:34:02,26324,11109,46.3
2026-06-09 23:34:04,26326,11110,84.4
2026-06-09 23:34:07,26329,11111,85.1
2026-06-09 23:34:09,26331,11112,48.0
2026-06-09 23:34:11,26333,11113,39.7
2026-06-09 23:34:13,26335,11114,51.2
2026-06-09 23:34:15,26337,11115,50.2
2026-06-09 23:34:17,26339,11116,59.9
2026-06-09 23:34:19,26341,11117,66.9
2026-06-09 23:34:21,26343,11118,47.2
2026-06-09 23:34:23,26345,11119,99.3
2026-06-09 23:34:25,26347,11120,48.6
2026-06-09 23:34:27,26349,11121,42.5
2026-06-09 23:34:30,26352,11122,32.2
2026-06-09 23:34:32,26354,11123,43.6
2026-06-09 23:34:34,26356,11124,168
2026-06-09 23:34:36,26358,11125,57.0
2026-06-09 23:34:38,26360,11126,38.7
2026-06-09 23:34:40,26362,11127,27.1
2026-06-09 23:34:42,26364,11128,28.1
2026-06-09 23:34:44,26366,11129,66.2
2026-06-09 23:34:46,26368,11130,68.1
2026-06-09 23:34:48,26370,11131,37.9
2026-06-09 23:34:51,26373,11132,52.2
2026-06-09 23:34:53,26375,11133,59.8
2026-06-09 23:34:55,26377,11134,38.8
2026-06-09 23:34:57,26379,11135,45.7
2026-06-09 23:34:59,26381,11136,60.3
2026-06-09 23:35:01,26383,11137,48.6
2026-06-09 23:35:03,26385,11138,19.0
2026-06-09 23:35:06,26388,11139,64.3
2026-06-09 23:35:08,26390,11140,214
2026-06-09 23:35:10,26392,11141,77.8
2026-06-09 23:35:12,26394,11142,124
2026-06-09 23:35:14,26396,11143,46.7
2026-06-09 23:35:16,26398,11144,40.4
2026-06-09 23:35:18,26400,11145,49.2
2026-06-09 23:35:20,26402,11146,42.6
2026-06-09 23:35:22,26404,11147,40.6
2026-06-09 23:35:24,26406,11148,28.1
2026-06-09 23:35:26,26408,11149,27.1
2026-06-09 23:35:28,26410,11150,54.9
2026-06-09 23:35:30,26412,11151,200
2026-06-09 23:35:32,26414,11152,43.8
2026-06-09 23:35:34,26416,11153,28.0
2026-06-09 23:35:36,26418,11154,25.7
2026-06-09 23:35:38,26420,11155,54.8
2026-06-09 23:35:40,26422,11156,35.4
2026-06-09 23:35:42,26424,11157,154
2026-06-09 23:35:44,26426,11158,47.8
2026-06-09 23:35:46,26428,11159,66.1
2026-06-09 23:35:48,26430,11160,28.4
2026-06-09 23:35:50,26432,11161,161
2026-06-09 23:35:52,26434,11162,40.0
2026-06-09 23:35:54,26436,11163,27.5
2026-06-09 23:35:56,26438,11164,28.2
2026-06-09 23:35:58,26440,11165,50.3
2026-06-09 23:36:00,26442,11166,16.8
2026-06-09 23:36:02,26444,11167,47.1
2026-06-09 23:36:04,26446,11168,27.0
2026-06-09 23:36:07,26448,11169,29.4
2026-06-09 23:36:09,26451,11170,177
2026-06-09 23:36:11,26453,11171,55.2
2026-06-09 23:36:13,26455,11172,30.0
2026-06-09 23:36:15,26457,11173,43.6
2026-06-09 23:36:17,26459,11174,166
2026-06-09 23:36:19,26461,11175,77.9
2026-06-09 23:36:21,26463,11176,45.0
2026-06-09 23:36:23,26465,11177,38.6
2026-06-09 23:36:26,26468,11178,133
2026-06-09 23:36:28,26470,11179,24.0
2026-06-09 23:36:30,26472,11180,28.0
2026-06-09 23:36:32,26474,11181,38.7
2026-06-09 23:36:34,26476,11182,167
2026-06-09 23:36:36,26478,11183,44.6
2026-06-09 23:36:38,26480,11184,161
2026-06-09 23:36:40,26482,11185,25.4
2026-06-09 23:36:42,26484,11186,59.2
2026-06-09 23:36:44,26486,11187,106
2026-06-09 23:36:46,26488,11188,59.6
2026-06-09 23:36:48,26490,11189,49.3
2026-06-09 23:36:50,26492,11190,41.3
2026-06-09 23:36:52,26494,11191,43.6
2026-06-09 23:36:55,26497,11192,119
2026-06-09 23:36:57,26499,11193,57.4
2026-06-09 23:36:59,26501,11194,126
2026-06-09 23:37:01,26503,11195,49.3
2026-06-09 23:37:03,26505,11196,23.0
2026-06-09 23:37:05,26507,11197,62.5
2026-06-09 23:37:07,26509,11198,52.0
2026-06-09 23:37:10,26512,11199,96.2
2026-06-09 23:37:12,26514,11200,60.5
2026-06-09 23:37:14,26516,11201,22.4
2026-06-09 23:37:16,26518,11202,29.4
2026-06-09 23:37:18,26520,11203,44.4
2026-06-09 23:37:20,26522,11204,125
2026-06-09 23:37:22,26524,11205,203
2026-06-09 23:37:24,26526,11206,46.4
2026-06-09 23:37:26,26528,11207,26.7
2026-06-09 23:37:28,26530,11208,137
2026-06-09 23:37:31,26533,11209,54.5
2026-06-09 23:37:33,26535,11210,51.8
2026-06-09 23:37:35,26537,11211,56.9
2026-06-09 23:37:37,26539,11212,30.4
2026-06-09 23:37:39,26541,11213,22.9
2026-06-09 23:37:41,26543,11214,48.6
2026-06-09 23:37:43,26545,11215,42.7
2026-06-09 23:37:45,26547,11216,69.9
2026-06-09 23:37:47,26549,11217,31.6
2026-06-09 23:37:49,26551,11218,95.6
2026-06-09 23:37:51,26553,11219,64.6
2026-06-09 23:37:53,26555,11220,192
2026-06-09 23:37:55,26557,11221,57.8
2026-06-09 23:37:58,26560,11222,47.1
2026-06-09 23:38:00,26562,11223,39.2
2026-06-09 23:38:02,26564,11224,141
2026-06-09 23:38:04,26566,11225,52.2
2026-06-09 23:38:06,26568,11226,145
2026-06-09 23:38:08,26570,11227,31.3
2026-06-09 23:38:10,26572,11228,54.6
2026-06-09 23:38:12,26574,11229,57.4
2026-06-09 23:38:14,26576,11230,54.7
2026-06-09 23:38:16,26578,11231,28.0
2026-06-09 23:38:18,26580,11232,64.5
2026-06-09 23:38:21,26583,11233,29.7
2026-06-09 23:38:23,26585,11234,66.9
2026-06-09 23:38:25,26587,11235,42.0
2026-06-09 23:38:27,26589,11236,52.7
2026-06-09 23:38:29,26591,11237,32.6
2026-06-09 23:38:31,26593,11238,149
2026-06-09 23:38:33,26595,11239,31.4
2026-06-09 23:38:35,26597,11240,47.4
2026-06-09 23:38:37,26599,11241,43.5
2026-06-09 23:38:39,26601,11242,57.8
2026-06-09 23:38:41,26603,11243,37.4
2026-06-09 23:38:43,26605,11244,127
2026-06-09 23:38:46,26608,11245,56.1
2026-06-09 23:38:48,26610,11246,42.6
2026-06-09 23:38:50,26612,11247,39.4
2026-06-09 23:38:52,26614,11248,62.7
2026-06-09 23:38:54,26616,11249,165
2026-06-09 23:38:56,26618,11250,154
2026-06-09 23:38:58,26620,11251,19.3
2026-06-09 23:39:01,26623,11252,32.0
2026-06-09 23:39:03,26625,11253,156
2026-06-09 23:39:05,26627,11254,49.9
2026-06-09 23:39:07,26629,11255,35.0
2026-06-09 23:39:09,26631,11256,43.8
2026-06-09 23:39:11,26633,11257,53.2
2026-06-09 23:39:13,26635,11258,34.5
2026-06-09 23:39:15,26637,11259,54.5
2026-06-09 23:39:18,26640,11260,16.2
2026-06-09 23:39:20,26642,11261,30.2
2026-06-09 23:39:22,26644,11262,37.9
2026-06-09 23:39:24,26646,11263,14.8
2026-06-09 23:39:26,26648,11264,52.6
2026-06-09 23:39:28,26650,11265,26.1
2026-06-09 23:39:30,26652,11266,26.2
2026-06-09 23:39:32,26654,11267,28.5
2026-06-09 23:39:34,26656,11268,51.3
2026-06-09 23:39:36,26658,11269,48.5
2026-06-09 23:39:38,26660,11270,24.1
2026-06-09 23:39:40,26662,11271,21.1
2026-06-09 23:39:42,26664,11272,29.2
2026-06-09 23:39:44,26666,11273,42.6
2026-06-09 23:39:46,26668,11274,36.4
2026-06-09 23:39:48,26670,11275,43.4
2026-06-09 23:39:50,26672,11276,29.2
2026-06-09 23:39:52,26674,11277,41.9
2026-06-09 23:39:54,26676,11278,22.7
2026-06-09 23:39:56,26678,11279,33.4
2026-06-09 23:39:58,26680,11280,227
2026-06-09 23:40:00,26682,11281,50.7
2026-06-09 23:40:02,26684,11282,75.7
2026-06-09 23:40:04,26686,11283,26.5
2026-06-09 23:40:06,26688,11284,31.2
2026-06-09 23:40:08,26690,11285,46.8
2026-06-09 23:40:10,26692,11286,24.3
2026-06-09 23:40:12,26694,11287,9.61
2026-06-09 23:40:15,26697,11288,35.4
2026-06-09 23:40:17,26699,11289,35.3
2026-06-09 23:40:19,26701,11290,24.4
2026-06-09 23:40:21,26703,11291,26.8
2026-06-09 23:40:23,26705,11292,23.4
2026-06-09 23:40:25,26707,11293,38.2
2026-06-09 23:40:27,26709,11294,23.7
2026-06-09 23:40:29,26711,11295,37.7
2026-06-09 23:40:31,26713,11296,26.7
2026-06-09 23:40:33,26715,11297,24.9
2026-06-09 23:40:35,26717,11298,21.7
2026-06-09 23:40:37,26719,11299,36.4
2026-06-09 23:40:39,26721,11300,31.2
2026-06-09 23:40:41,26723,11301,229
2026-06-09 23:40:43,26725,11302,50.4
2026-06-09 23:40:45,26727,11303,27.2
2026-06-09 23:40:47,26729,11304,35.8
2026-06-09 23:40:49,26731,11305,34.1
2026-06-09 23:40:51,26733,11306,264
2026-06-09 23:40:53,26735,11307,36.1
2026-06-09 23:40:55,26737,11308,38.0
2026-06-09 23:40:57,26739,11309,48.4
2026-06-09 23:40:59,26741,11310,45.9
2026-06-09 23:41:01,26743,11311,198
2026-06-09 23:41:03,26745,11312,12.8
2026-06-09 23:41:05,26747,11313,41.3
2026-06-09 23:41:07,26749,11314,18.4
2026-06-09 23:41:09,26751,11315,17.4
2026-06-09 23:41:11,26753,11316,38.5
2026-06-09 23:41:13,26755,11317,41.0
2026-06-09 23:41:15,26757,11318,44.3
2026-06-09 23:41:17,26759,11319,59.3
2026-06-09 23:41:20,26762,11320,119
2026-06-09 23:41:22,26764,11321,48.4
2026-06-09 23:41:24,26766,11322,12.3
2026-06-09 23:41:26,26768,11323,42.2
2026-06-09 23:41:28,26770,11324,53.4
2026-06-09 23:41:30,26772,11325,169
2026-06-09 23:41:32,26774,11326,42.2
2026-06-09 23:41:34,26776,11327,44.4
2026-06-09 23:41:36,26778,11328,27.9
2026-06-09 23:41:38,26780,11329,21.2
2026-06-09 23:41:40,26782,11330,103
2026-06-09 23:41:42,26784,11331,46.3
2026-06-09 23:41:44,26786,11332,51.9
2026-06-09 23:41:46,26788,11333,41.2
2026-06-09 23:41:48,26790,11334,36.4
2026-06-09 23:41:50,26792,11335,88.2
2026-06-09 23:41:52,26794,11336,43.1
2026-06-09 23:41:54,26796,11337,33.1
2026-06-09 23:41:56,26798,11338,32.9
2026-06-09 23:41:58,26800,11339,39.6
2026-06-09 23:42:00,26802,11340,28.0
2026-06-09 23:42:02,26804,11341,34.6
2026-06-09 23:42:04,26806,11342,262
2026-06-09 23:42:06,26808,11343,94.0
2026-06-09 23:42:09,26811,11344,39.4
2026-06-09 23:42:10,26812,11345,37.3
2026-06-09 23:42:12,26814,11346,30.9
2026-06-09 23:42:14,26816,11347,40.8
2026-06-09 23:42:17,26819,11348,160
2026-06-09 23:42:19,26821,11349,34.2
2026-06-09 23:42:20,26822,11350,35.0
2026-06-09 23:42:22,26824,11351,37.0
2026-06-09 23:42:24,26826,11352,45.4
2026-06-09 23:42:26,26828,11353,41.0
2026-06-09 23:42:28,26830,11354,55.9
2026-06-09 23:42:30,26832,11355,37.0
2026-06-09 23:42:32,26834,11356,41.4
2026-06-09 23:42:34,26836,11357,33.2
2026-06-09 23:42:36,26838,11358,49.5
2026-06-09 23:42:38,26840,11359,36.8
2026-06-09 23:42:40,26842,11360,37.2
2026-06-09 23:42:42,26844,11361,38.4
2026-06-09 23:42:44,26846,11362,38.8
2026-06-09 23:42:46,26848,11363,37.5
2026-06-09 23:42:48,26850,11364,211
2026-06-09 23:42:50,26852,11365,26.4
2026-06-09 23:42:52,26854,11366,39.9
2026-06-09 23:42:54,26856,11367,39.9
2026-06-09 23:42:56,26858,11368,46.0
2026-06-09 23:42:58,26860,11369,128
2026-06-09 23:43:01,26863,11370,29.4
2026-06-09 23:43:03,26865,11371,33.9
2026-06-09 23:43:05,26867,11372,33.5
2026-06-09 23:43:07,26869,11373,49.8
2026-06-09 23:43:08,26870,11374,55.6
2026-06-09 23:43:10,26872,11375,52.2
2026-06-09 23:43:12,26874,11376,30.8
2026-06-09 23:43:14,26876,11377,33.1
2026-06-09 23:43:16,26878,11378,63.8
2026-06-09 23:43:18,26880,11379,48.6
2026-06-09 23:43:20,26882,11380,49.7
2026-06-09 23:43:22,26884,11381,26.5
2026-06-09 23:43:24,26886,11382,36.0
2026-06-09 23:43:26,26888,11383,133
2026-06-09 23:43:28,26890,11384,50.2
2026-06-09 23:43:31,26893,11385,41.5
2026-06-09 23:43:33,26895,11386,33.9
2026-06-09 23:43:35,26897,11387,37.3
2026-06-09 23:43:37,26899,11388,42.5
2026-06-09 23:43:39,26901,11389,60.1
2026-06-09 23:43:41,26903,11390,32.9
2026-06-09 23:43:43,26905,11391,36.4
2026-06-09 23:43:45,26907,11392,26.7
2026-06-09 23:43:47,26909,11393,34.4
2026-06-09 23:43:49,26911,11394,23.2
2026-06-09 23:43:51,26913,11395,26.7
2026-06-09 23:43:52,26914,11396,33.6
2026-06-09 23:43:55,26917,11397,34.4
2026-06-09 23:43:57,26919,11398,22.9
2026-06-09 23:43:58,26920,11399,45.1
2026-06-09 23:44:00,26922,11400,32.5
2026-06-09 23:44:02,26924,11401,30.6
2026-06-09 23:44:04,26926,11402,50.4
2026-06-09 23:44:06,26928,11403,40.0
2026-06-09 23:44:08,26930,11404,41.8
2026-06-09 23:44:10,26932,11405,33.3
2026-06-09 23:44:12,26934,11406,33.7
2026-06-09 23:44:14,26936,11407,43.6
2026-06-09 23:44:16,26938,11408,38.9
2026-06-09 23:44:18,26940,11409,244
2026-06-09 23:44:20,26942,11410,97.1
2026-06-09 23:44:23,26945,11411,24.6
2026-06-09 23:44:25,26947,11412,26.3
2026-06-09 23:44:27,26949,11413,34.2
2026-06-09 23:44:29,26951,11414,21.3
2026-06-09 23:44:31,26953,11415,24.7
2026-06-09 23:44:33,26955,11416,56.1
2026-06-09 23:44:35,26957,11417,29.7
2026-06-09 23:44:37,26959,11418,36.0
2026-06-09 23:44:39,26961,11419,42.7
2026-06-09 23:44:41,26963,11420,42.0
2026-06-09 23:44:42,26964,11421,38.0
2026-06-09 23:44:44,26966,11422,33.5
2026-06-09 23:44:46,26968,11423,40.4
2026-06-09 23:44:48,26970,11424,57.2
2026-06-09 23:44:50,26972,11425,48.1
2026-06-09 23:44:52,26974,11426,54.3
2026-06-09 23:44:54,26976,11427,32.5
2026-06-09 23:44:56,26978,11428,32.7
2026-06-09 23:44:58,26980,11429,37.2
2026-06-09 23:45:00,26982,11430,25.7
2026-06-09 23:45:02,26984,11431,34.4
2026-06-09 23:45:04,26986,11432,26.1
2026-06-09 23:45:06,26988,11433,31.3
2026-06-09 23:45:08,26990,11434,49.3
2026-06-09 23:45:10,26992,11435,225
2026-06-09 23:45:12,26994,11436,49.1
2026-06-09 23:45:14,26996,11437,30.2
2026-06-09 23:45:16,26998,11438,37.2
2026-06-09 23:45:18,27000,11439,30.9
2026-06-09 23:45:20,27002,11440,25.1
2026-06-09 23:45:23,27005,11441,31.1
2026-06-09 23:45:25,27007,11442,32.3
2026-06-09 23:45:27,27009,11443,43.0
2026-06-09 23:45:29,27011,11444,44.1
2026-06-09 23:45:31,27013,11445,32.8
2026-06-09 23:45:33,27015,11446,55.8
2026-06-09 23:45:35,27017,11447,33.7
2026-06-09 23:45:37,27019,11448,35.7
2026-06-09 23:45:39,27021,11449,73.7
2026-06-09 23:45:41,27023,11450,22.4
2026-06-09 23:45:43,27025,11451,47.8
2026-06-09 23:45:45,27027,11452,39.4
2026-06-09 23:45:47,27029,11453,31.9
2026-06-09 23:45:49,27031,11454,38.1
2026-06-09 23:45:51,27033,11455,30.9
2026-06-09 23:45:53,27035,11456,420
2026-06-09 23:45:55,27037,11457,25.7
2026-06-09 23:45:57,27039,11458,46.7
2026-06-09 23:45:59,27041,11459,24.3
2026-06-09 23:46:01,27043,11460,31.4
2026-06-09 23:46:03,27045,11461,30.4
2026-06-09 23:46:05,27047,11462,36.9
2026-06-09 23:46:07,27049,11463,36.0
2026-06-09 23:46:09,27051,11464,48.6
2026-06-09 23:46:11,27053,11465,53.1
2026-06-09 23:46:13,27055,11466,27.9
2026-06-09 23:46:16,27058,11467,44.8
2026-06-09 23:46:18,27060,11468,121
2026-06-09 23:46:20,27062,11469,32.6
2026-06-09 23:46:22,27064,11470,53.7
2026-06-09 23:46:24,27066,11471,138
2026-06-09 23:46:26,27068,11472,52.1
2026-06-09 23:46:29,27071,11473,29.3
2026-06-09 23:46:31,27073,11474,48.7
2026-06-09 23:46:33,27075,11475,33.7
2026-06-09 23:46:35,27077,11476,29.0
2026-06-09 23:46:37,27079,11477,33.1
2026-06-09 23:46:39,27081,11478,36.7
2026-06-09 23:46:42,27084,11479,139
2026-06-09 23:46:44,27086,11480,89.0
2026-06-09 23:46:46,27088,11481,59.4
2026-06-09 23:46:48,27090,11482,46.9
2026-06-09 23:46:50,27092,11483,44.3
2026-06-09 23:46:52,27094,11484,71.3
2026-06-09 23:46:54,27096,11485,67.5
2026-06-09 23:46:57,27099,11486,61.9
2026-06-09 23:46:59,27101,11487,34.0
2026-06-09 23:47:01,27103,11488,183
2026-06-09 23:47:03,27105,11489,22.2
2026-06-09 23:47:05,27107,11490,43.7
2026-06-09 23:47:07,27109,11491,34.4
2026-06-09 23:47:09,27111,11492,48.8
2026-06-09 23:47:11,27113,11493,34.4
2026-06-09 23:47:13,27115,11494,194
2026-06-09 23:47:16,27118,11495,116
2026-06-09 23:47:18,27120,11496,111
2026-06-09 23:47:20,27122,11497,26.6
2026-06-09 23:47:22,27124,11498,32.5
2026-06-09 23:47:24,27126,11499,124
2026-06-09 23:47:26,27128,11500,35.0
2026-06-09 23:47:28,27130,11501,45.6
2026-06-09 23:47:31,27133,11502,38.0
2026-06-09 23:47:33,27135,11503,24.2
2026-06-09 23:47:35,27137,11504,160
2026-06-09 23:47:37,27139,11505,67.1
2026-06-09 23:47:39,27141,11506,26.3
2026-06-09 23:47:41,27143,11507,79.3
2026-06-09 23:47:43,27145,11508,31.6
2026-06-09 23:47:45,27147,11509,161
2026-06-09 23:47:47,27149,11510,167
2026-06-09 23:47:50,27151,11511,78.0
2026-06-09 23:47:52,27154,11512,32.3
2026-06-09 23:47:54,27156,11513,59.0
2026-06-09 23:47:56,27158,11514,49.3
2026-06-09 23:47:58,27160,11515,43.7
2026-06-09 23:48:00,27162,11516,46.9
2026-06-09 23:48:02,27164,11517,37.9
2026-06-09 23:48:04,27166,11518,85.4
2026-06-09 23:48:06,27168,11519,88.2
2026-06-09 23:48:08,27170,11520,52.3
2026-06-09 23:48:11,27173,11521,41.4
2026-06-09 23:48:13,27175,11522,164
2026-06-09 23:48:15,27177,11523,43.8
2026-06-09 23:48:17,27179,11524,86.9
2026-06-09 23:48:19,27181,11525,41.7
2026-06-09 23:48:21,27183,11526,39.7
2026-06-09 23:48:24,27186,11527,26.4
2026-06-09 23:48:26,27188,11528,41.4
2026-06-09 23:48:28,27190,11529,47.8
2026-06-09 23:48:30,27192,11530,33.0
2026-06-09 23:48:32,27194,11531,46.8
2026-06-09 23:48:34,27196,11532,30.3
2026-06-09 23:48:36,27198,11533,77.2
2026-06-09 23:48:38,27200,11534,63.4
2026-06-09 23:48:40,27202,11535,143
2026-06-09 23:48:43,27205,11536,177
2026-06-09 23:48:45,27207,11537,29.5
2026-06-09 23:48:47,27209,11538,49.6
2026-06-09 23:48:49,27211,11539,169
2026-06-09 23:48:51,27213,11540,50.2
2026-06-09 23:48:53,27215,11541,52.1
2026-06-09 23:48:55,27217,11542,208
2026-06-09 23:48:57,27219,11543,87.8
2026-06-09 23:48:59,27221,11544,36.2
2026-06-09 23:49:01,27223,11545,119
2026-06-09 23:49:03,27225,11546,89.1
2026-06-09 23:49:06,27228,11547,72.0
2026-06-09 23:49:08,27230,11548,70.8
2026-06-09 23:49:10,27232,11549,38.7
2026-06-09 23:49:12,27234,11550,25.1
2026-06-09 23:49:14,27236,11551,56.7
2026-06-09 23:49:16,27238,11552,41.5
2026-06-09 23:49:18,27240,11553,73.9
2026-06-09 23:49:20,27242,11554,178
2026-06-09 23:49:23,27245,11555,126
2026-06-09 23:49:25,27247,11556,172
2026-06-09 23:49:27,27249,11557,51.4
2026-06-09 23:49:29,27251,11558,40.2
2026-06-09 23:49:31,27253,11559,48.3
2026-06-09 23:49:33,27255,11560,46.9
2026-06-09 23:49:35,27257,11561,26.2
2026-06-09 23:49:38,27260,11562,39.8
2026-06-09 23:49:40,27262,11563,30.9
2026-06-09 23:49:42,27264,11564,63.8
2026-06-09 23:49:44,27266,11565,33.4
2026-06-09 23:49:46,27268,11566,23.0
2026-06-09 23:49:48,27270,11567,52.4
2026-06-09 23:49:50,27272,11568,177
2026-06-09 23:49:52,27274,11569,35.8
2026-06-09 23:49:54,27276,11570,21.8
2026-06-09 23:49:57,27279,11571,31.3
2026-06-09 23:49:59,27281,11572,148
2026-06-09 23:50:01,27283,11573,42.0
2026-06-09 23:50:03,27285,11574,48.0
2026-06-09 23:50:05,27287,11575,99.1
2026-06-09 23:50:07,27289,11576,67.4
2026-06-09 23:50:09,27291,11577,30.4
2026-06-09 23:50:11,27293,11578,71.4
2026-06-09 23:50:14,27296,11579,30.5
2026-06-09 23:50:16,27298,11580,36.5
2026-06-09 23:50:18,27300,11581,154
2026-06-09 23:50:20,27302,11582,117
2026-06-09 23:50:22,27304,11583,27.8
2026-06-09 23:50:24,27306,11584,39.7
2026-06-09 23:50:26,27308,11585,64.1
2026-06-09 23:50:28,27310,11586,77.6
2026-06-09 23:50:31,27313,11587,169
2026-06-09 23:50:33,27315,11588,47.3
2026-06-09 23:50:35,27317,11589,33.4
2026-06-09 23:50:37,27319,11590,66.4
2026-06-09 23:50:39,27321,11591,34.2
2026-06-09 23:50:41,27323,11592,58.9
2026-06-09 23:50:44,27326,11593,33.5
2026-06-09 23:50:46,27328,11594,56.0
2026-06-09 23:50:48,27330,11595,49.9
2026-06-09 23:50:50,27332,11596,53.8
2026-06-09 23:50:52,27334,11597,40.4
2026-06-09 23:50:54,27336,11598,49.3
2026-06-09 23:50:56,27338,11599,124
2026-06-09 23:50:58,27340,11600,37.0
2026-06-09 23:51:01,27343,11601,32.5
2026-06-09 23:51:03,27345,11602,163
2026-06-09 23:51:05,27347,11603,105
2026-06-09 23:51:07,27349,11604,38.8
2026-06-09 23:51:09,27351,11605,35.0
2026-06-09 23:51:11,27353,11606,42.2
2026-06-09 23:51:13,27355,11607,28.2
2026-06-09 23:51:16,27358,11608,24.9
2026-06-09 23:51:18,27360,11609,59.5
2026-06-09 23:51:20,27362,11610,70.0
2026-06-09 23:51:22,27364,11611,144
2026-06-09 23:51:24,27366,11612,70.4
2026-06-09 23:51:26,27368,11613,63.7
2026-06-09 23:51:28,27370,11614,32.8
2026-06-09 23:51:31,27373,11615,29.9
2026-06-09 23:51:33,27375,11616,61.6
2026-06-09 23:51:35,27377,11617,130
2026-06-09 23:51:37,27379,11618,27.2
2026-06-09 23:51:39,27381,11619,34.8
2026-06-09 23:51:41,27383,11620,31.3
2026-06-09 23:51:43,27385,11621,30.6
2026-06-09 23:51:45,27387,11622,31.6
2026-06-09 23:51:47,27389,11623,19.0
2026-06-09 23:51:49,27391,11624,23.6
2026-06-09 23:51:51,27393,11625,26.1
2026-06-09 23:51:53,27395,11626,40.6
2026-06-09 23:51:55,27397,11627,43.5
2026-06-09 23:51:57,27399,11628,34.4
2026-06-09 23:51:59,27401,11629,18.3
2026-06-09 23:52:01,27403,11630,29.0
2026-06-09 23:52:03,27405,11631,22.3
2026-06-09 23:52:05,27407,11632,18.5
2026-06-09 23:52:07,27409,11633,30.1
2026-06-09 23:52:09,27411,11634,33.5
2026-06-09 23:52:11,27413,11635,30.0
2026-06-09 23:52:13,27415,11636,36.5
2026-06-09 23:52:15,27417,11637,118
2026-06-09 23:52:17,27419,11638,40.3
2026-06-09 23:52:20,27422,11639,39.4
2026-06-09 23:52:22,27424,11640,18.5
2026-06-09 23:52:24,27426,11641,43.6
2026-06-09 23:52:26,27428,11642,23.2
2026-06-09 23:52:28,27430,11643,30.5
2026-06-09 23:52:30,27432,11644,33.3
2026-06-09 23:52:32,27434,11645,45.6
2026-06-09 23:52:34,27436,11646,28.5
2026-06-09 23:52:36,27438,11647,42.8
2026-06-09 23:52:38,27440,11648,54.8
2026-06-09 23:52:40,27442,11649,50.7
2026-06-09 23:52:42,27444,11650,52.4
2026-06-09 23:52:44,27446,11651,50.0
2026-06-09 23:52:46,27448,11652,35.3
2026-06-09 23:52:48,27450,11653,42.3
2026-06-09 23:52:50,27452,11654,48.9
2026-06-09 23:52:52,27454,11655,29.6
2026-06-09 23:52:54,27456,11656,19.0
2026-06-09 23:52:56,27458,11657,32.6
2026-06-09 23:52:58,27460,11658,48.7
2026-06-09 23:53:00,27462,11659,224
2026-06-09 23:53:03,27465,11660,32.6
2026-06-09 23:53:05,27467,11661,26.3
2026-06-09 23:53:07,27469,11662,54.3
2026-06-09 23:53:09,27471,11663,39.4
2026-06-09 23:53:11,27473,11664,37.4
2026-06-09 23:53:13,27475,11665,38.0
2026-06-09 23:53:15,27477,11666,185
2026-06-09 23:53:17,27479,11667,15.3
2026-06-09 23:53:19,27481,11668,25.1
2026-06-09 23:53:21,27483,11669,38.1
2026-06-09 23:53:23,27485,11670,27.5
2026-06-09 23:53:25,27487,11671,188
2026-06-09 23:53:27,27489,11672,23.7
2026-06-09 23:53:29,27491,11673,54.4
2026-06-09 23:53:31,27493,11674,38.4
2026-06-09 23:53:33,27495,11675,34.7
2026-06-09 23:53:35,27497,11676,31.1
2026-06-09 23:53:37,27499,11677,17.4
2026-06-09 23:53:39,27501,11678,34.3
2026-06-09 23:53:41,27503,11679,173
2026-06-09 23:53:43,27505,11680,88.9
2026-06-09 23:53:45,27507,11681,33.9
2026-06-09 23:53:47,27509,11682,35.4
2026-06-09 23:53:49,27511,11683,29.2
2026-06-09 23:53:52,27514,11684,128
2026-06-09 23:53:54,27516,11685,45.2
2026-06-09 23:53:56,27518,11686,34.1
2026-06-09 23:53:58,27520,11687,39.0
2026-06-09 23:54:00,27522,11688,28.2
2026-06-09 23:54:02,27524,11689,28.3
2026-06-09 23:54:04,27526,11690,24.9
2026-06-09 23:54:06,27528,11691,20.7
2026-06-09 23:54:08,27530,11692,35.2
2026-06-09 23:54:10,27532,11693,33.3
2026-06-09 23:54:12,27534,11694,50.8
2026-06-09 23:54:14,27536,11695,30.7
2026-06-09 23:54:16,27538,11696,43.3
2026-06-09 23:54:18,27540,11697,29.5
2026-06-09 23:54:20,27542,11698,49.5
2026-06-09 23:54:22,27544,11699,154
2026-06-09 23:54:24,27546,11700,16.9
2026-06-09 23:54:26,27548,11701,38.8
2026-06-09 23:54:28,27550,11702,25.6
2026-06-09 23:54:30,27552,11703,49.8
2026-06-09 23:54:32,27554,11704,185
2026-06-09 23:54:34,27556,11705,63.5
2026-06-09 23:54:37,27559,11706,27.6
2026-06-09 23:54:39,27561,11707,18.2
2026-06-09 23:54:41,27563,11708,24.2
2026-06-09 23:54:43,27565,11709,9.62
2026-06-09 23:54:45,27567,11710,27.3
2026-06-09 23:54:47,27569,11711,16.9
2026-06-09 23:54:49,27571,11712,91.2
2026-06-09 23:54:51,27573,11713,19.5
2026-06-09 23:54:53,27575,11714,29.8
2026-06-09 23:54:55,27577,11715,24.3
2026-06-09 23:54:57,27579,11716,43.3
2026-06-09 23:54:59,27581,11717,22.2
2026-06-09 23:55:01,27583,11718,46.5
2026-06-09 23:55:03,27585,11719,46.7
2026-06-09 23:55:05,27587,11720,45.3
2026-06-09 23:55:07,27589,11721,13.7
2026-06-09 23:55:09,27591,11722,34.5
2026-06-09 23:55:11,27593,11723,42.7
2026-06-09 23:55:13,27595,11724,25.4
2026-06-09 23:55:15,27597,11725,34.6
2026-06-09 23:55:17,27599,11726,24.4
2026-06-09 23:55:19,27601,11727,30.6
2026-06-09 23:55:21,27603,11728,141
2026-06-09 23:55:23,27605,11729,229
2026-06-09 23:55:26,27608,11730,39.0
2026-06-09 23:55:28,27610,11731,37.4
2026-06-09 23:55:30,27612,11732,43.8
2026-06-09 23:55:32,27614,11733,26.3
2026-06-09 23:55:34,27616,11734,53.3
2026-06-09 23:55:36,27618,11735,47.2
2026-06-09 23:55:38,27620,11736,28.4
2026-06-09 23:55:40,27622,11737,30.6
2026-06-09 23:55:43,27625,11738,34.3
2026-06-09 23:55:45,27627,11739,40.6
2026-06-09 23:55:47,27629,11740,25.9
2026-06-09 23:55:49,27631,11741,33.0
2026-06-09 23:55:51,27633,11742,31.4
2026-06-09 23:55:53,27635,11743,30.2
2026-06-09 23:55:55,27637,11744,31.6
2026-06-09 23:55:57,27639,11745,33.6
2026-06-09 23:55:59,27641,11746,37.4
2026-06-09 23:56:01,27643,11747,28.7
2026-06-09 23:56:03,27645,11748,43.2
2026-06-09 23:56:05,27647,11749,36.5
2026-06-09 23:56:07,27649,11750,119
2026-06-09 23:56:09,27651,11751,88.0
2026-06-09 23:56:11,27653,11752,29.5
2026-06-09 23:56:13,27655,11753,42.6
2026-06-09 23:56:15,27657,11754,15.2
2026-06-09 23:56:17,27659,11755,30.2
2026-06-09 23:56:19,27661,11756,35.6
2026-06-09 23:56:21,27663,11757,29.1
2026-06-09 23:56:23,27665,11758,35.7
2026-06-09 23:56:25,27667,11759,24.3
2026-06-09 23:56:27,27669,11760,41.1
2026-06-09 23:56:29,27671,11761,33.5
2026-06-09 23:56:31,27673,11762,29.8
2026-06-09 23:56:33,27675,11763,19.2
2026-06-09 23:56:35,27677,11764,29.9
2026-06-09 23:56:37,27679,11765,39.6
2026-06-09 23:56:39,27681,11766,28.2
2026-06-09 23:56:41,27683,11767,34.3
2026-06-09 23:56:43,27685,11768,17.5
2026-06-09 23:56:45,27687,11769,35.3
2026-06-09 23:56:47,27689,11770,27.5
2026-06-09 23:56:49,27691,11771,27.0
2026-06-09 23:56:51,27693,11772,38.4
2026-06-09 23:56:53,27695,11773,29.4
2026-06-09 23:56:55,27697,11774,38.0
2026-06-09 23:56:57,27699,11775,143
2026-06-09 23:56:59,27701,11776,77.8
2026-06-09 23:57:02,27704,11777,24.3
2026-06-09 23:57:04,27706,11778,39.5
2026-06-09 23:57:06,27708,11779,36.3
2026-06-09 23:57:08,27710,11780,25.4
2026-06-09 23:57:10,27712,11781,32.2
2026-06-09 23:57:12,27714,11782,30.2
2026-06-09 23:57:14,27716,11783,43.0
2026-06-09 23:57:16,27718,11784,45.9
2026-06-09 23:57:18,27720,11785,59.8
2026-06-09 23:57:20,27722,11786,22.1
2026-06-09 23:57:22,27724,11787,38.3
2026-06-09 23:57:24,27726,11788,24.1
2026-06-09 23:57:26,27728,11789,22.8
2026-06-09 23:57:28,27730,11790,23.2
2026-06-09 23:57:30,27732,11791,34.3
2026-06-09 23:57:32,27734,11792,42.2
2026-06-09 23:57:34,27736,11793,32.2
2026-06-09 23:57:36,27738,11794,35.1
2026-06-09 23:57:38,27740,11795,37.3
2026-06-09 23:57:40,27742,11796,25.8
2026-06-09 23:57:42,27744,11797,9.66
2026-06-09 23:57:44,27746,11798,45.4
2026-06-09 23:57:46,27748,11799,27.9
2026-06-09 23:57:48,27750,11800,159
2026-06-09 23:57:50,27752,11801,34.7
2026-06-09 23:57:53,27755,11802,28.5
2026-06-09 23:57:55,27757,11803,35.6
2026-06-09 23:57:56,27758,11804,22.9
2026-06-09 23:57:58,27760,11805,242
2026-06-09 23:58:01,27763,11806,52.1
2026-06-09 23:58:03,27765,11807,36.6
2026-06-09 23:58:05,27767,11808,35.8
2026-06-09 23:58:07,27769,11809,28.9
2026-06-09 23:58:09,27771,11810,42.5
2026-06-09 23:58:11,27773,11811,44.5
2026-06-09 23:58:13,27775,11812,24.5
2026-06-09 23:58:15,27777,11813,52.8
2026-06-09 23:58:17,27779,11814,44.5
2026-06-09 23:58:19,27781,11815,37.3
2026-06-09 23:58:21,27783,11816,32.2
2026-06-09 23:58:23,27785,11817,27.5
2026-06-09 23:58:25,27787,11818,28.3
2026-06-09 23:58:27,27789,11819,45.2
2026-06-09 23:58:29,27791,11820,37.1
2026-06-09 23:58:31,27793,11821,76.9
2026-06-09 23:58:34,27796,11822,21.1
2026-06-09 23:58:36,27798,11823,41.3
2026-06-09 23:58:38,27800,11824,11.6
2026-06-09 23:58:40,27802,11825,27.9
2026-06-09 23:58:42,27804,11826,33.2
2026-06-09 23:58:44,27806,11827,43.2
2026-06-09 23:58:46,27808,11828,23.7
2026-06-09 23:58:49,27811,11829,33.9
2026-06-09 23:58:51,27813,11830,16.9
2026-06-09 23:58:53,27815,11831,28.3
2026-06-09 23:58:55,27817,11832,42.4
2026-06-09 23:58:57,27819,11833,32.1
2026-06-09 23:58:59,27821,11834,52.7
2026-06-09 23:59:01,27823,11835,50.8
2026-06-09 23:59:03,27825,11836,23.8
2026-06-09 23:59:05,27827,11837,16.4
2026-06-09 23:59:07,27829,11838,12.6
2026-06-09 23:59:09,27831,11839,14.2
2026-06-09 23:59:11,27833,11840,22.7
2026-06-09 23:59:13,27835,11841,16.2
2026-06-09 23:59:15,27837,11842,29.0
2026-06-09 23:59:17,27839,11843,20.8
2026-06-09 23:59:19,27841,11844,27.6
2026-06-09 23:59:21,27843,11845,142
2026-06-09 23:59:23,27845,11846,57.5
2026-06-09 23:59:26,27848,11847,22.3
2026-06-09 23:59:28,27850,11848,14.3
2026-06-09 23:59:30,27852,11849,31.6
2026-06-09 23:59:32,27854,11850,27.6
2026-06-09 23:59:34,27856,11851,32.2
2026-06-09 23:59:36,27858,11852,44.6
2026-06-09 23:59:38,27860,11853,27.3
2026-06-09 23:59:40,27862,11854,25.8
2026-06-09 23:59:42,27864,11855,22.9
2026-06-09 23:59:44,27866,11856,33.7
2026-06-09 23:59:46,27868,11857,35.1
2026-06-09 23:59:48,27870,11858,21.2
2026-06-09 23:59:50,27872,11859,26.9
2026-06-09 23:59:52,27874,11860,35.6
2026-06-09 23:59:54,27876,11861,26.5
2026-06-09 23:59:56,27878,11862,59.7
2026-06-09 23:59:57,27879,11863,197
2026-06-09 23:59:59,27881,11864,41.4
2026-06-10 00:00:01,27883,11865,22.0
2026-06-10 00:00:03,27885,11866,51.2
2026-06-10 00:00:05,27887,11867,160
2026-06-10 00:00:08,27890,11868,28.3
2026-06-10 00:00:10,27892,11869,34.5
2026-06-10 00:00:12,27894,11870,28.9
2026-06-10 00:00:14,27896,11871,191
2026-06-10 00:00:16,27898,11872,89.0
2026-06-10 00:00:18,27900,11873,40.5
2026-06-10 00:00:20,27902,11874,37.2
2026-06-10 00:00:22,27904,11875,40.6
2026-06-10 00:00:24,27906,11876,76.5
2026-06-10 00:00:26,27908,11877,31.3
2026-06-10 00:00:28,27910,11878,31.7
2026-06-10 00:00:30,27912,11879,28.2
2026-06-10 00:00:32,27914,11880,36.5
2026-06-10 00:00:34,27916,11881,45.8
2026-06-10 00:00:36,27918,11882,52.9
2026-06-10 00:00:38,27920,11883,21.0
2026-06-10 00:00:40,27922,11884,60.8
2026-06-10 00:00:42,27924,11885,18.9
2026-06-10 00:00:45,27927,11886,55.0
2026-06-10 00:00:46,27928,11887,40.3
2026-06-10 00:00:49,27931,11888,56.8
2026-06-10 00:00:51,27933,11889,45.2
2026-06-10 00:00:53,27935,11890,44.6
2026-06-10 00:00:54,27936,11891,97.8
2026-06-10 00:00:57,27939,11892,90.3
2026-06-10 00:00:59,27941,11893,50.6
2026-06-10 00:01:01,27943,11894,19.8
2026-06-10 00:01:03,27945,11895,33.6
2026-06-10 00:01:05,27947,11896,41.6
2026-06-10 00:01:07,27949,11897,25.0
2026-06-10 00:01:09,27951,11898,35.9
2026-06-10 00:01:11,27953,11899,28.4
2026-06-10 00:01:14,27956,11900,43.0
2026-06-10 00:01:16,27958,11901,15.9
2026-06-10 00:01:18,27960,11902,32.1
2026-06-10 00:01:20,27962,11903,50.7
2026-06-10 00:01:22,27964,11904,26.0
2026-06-10 00:01:24,27966,11905,29.3
2026-06-10 00:01:26,27968,11906,30.1
2026-06-10 00:01:28,27970,11907,140
2026-06-10 00:01:30,27972,11908,23.8
2026-06-10 00:01:32,27974,11909,41.1
2026-06-10 00:01:34,27976,11910,32.7
2026-06-10 00:01:36,27978,11911,30.2
2026-06-10 00:01:38,27980,11912,59.2
2026-06-10 00:01:40,27982,11913,138
2026-06-10 00:01:42,27984,11914,317
2026-06-10 00:01:44,27986,11915,40.7
2026-06-10 00:01:46,27988,11916,17.3
2026-06-10 00:01:48,27990,11917,14.6
2026-06-10 00:01:51,27993,11918,30.5
2026-06-10 00:01:53,27995,11919,22.8
2026-06-10 00:01:55,27997,11920,43.5
2026-06-10 00:01:57,27999,11921,15.5
2026-06-10 00:01:59,28001,11922,34.8
2026-06-10 00:02:01,28003,11923,12.0
2026-06-10 00:02:03,28005,11924,28.9
2026-06-10 00:02:05,28007,11925,45.3
2026-06-10 00:02:07,28009,11926,29.0
2026-06-10 00:02:09,28011,11927,34.8
2026-06-10 00:02:11,28013,11928,31.1
2026-06-10 00:02:13,28015,11929,52.5
2026-06-10 00:02:15,28017,11930,29.9
2026-06-10 00:02:17,28019,11931,29.7
2026-06-10 00:02:19,28021,11932,29.1
2026-06-10 00:02:21,28023,11933,41.2
2026-06-10 00:02:23,28025,11934,176
2026-06-10 00:02:26,28028,11935,44.3
2026-06-10 00:02:28,28030,11936,27.0
2026-06-10 00:02:30,28032,11937,35.2
2026-06-10 00:02:32,28034,11938,22.3
2026-06-10 00:02:34,28036,11939,39.8
2026-06-10 00:02:36,28038,11940,20.9
2026-06-10 00:02:38,28040,11941,30.1
2026-06-10 00:02:40,28042,11942,28.1
2026-06-10 00:02:42,28044,11943,37.1
2026-06-10 00:02:44,28046,11944,24.7
2026-06-10 00:02:46,28048,11945,23.5
2026-06-10 00:02:48,28050,11946,14.4
2026-06-10 00:02:50,28052,11947,39.8
2026-06-10 00:02:52,28054,11948,29.6
2026-06-10 00:02:54,28056,11949,23.5
2026-06-10 00:02:56,28058,11950,25.1
2026-06-10 00:02:59,28061,11951,40.2
2026-06-10 00:03:01,28063,11952,31.9
2026-06-10 00:03:03,28065,11953,261
2026-06-10 00:03:05,28067,11954,153
2026-06-10 00:03:07,28069,11955,29.7
2026-06-10 00:03:09,28071,11956,19.6
2026-06-10 00:03:11,28073,11957,46.5
2026-06-10 00:03:13,28075,11958,29.9
2026-06-10 00:03:15,28077,11959,17.5
2026-06-10 00:03:18,28079,11960,39.1
2026-06-10 00:03:20,28082,11961,19.7
2026-06-10 00:03:22,28084,11962,31.6
2026-06-10 00:03:24,28086,11963,10.6
2026-06-10 00:03:26,28088,11964,31.5
2026-06-10 00:03:28,28090,11965,34.8
2026-06-10 00:03:30,28092,11966,66.9
2026-06-10 00:03:32,28094,11967,46.3
2026-06-10 00:03:34,28096,11968,36.3
2026-06-10 00:03:36,28098,11969,40.9
2026-06-10 00:03:37,28099,11970,37.7
2026-06-10 00:03:39,28101,11971,39.8
2026-06-10 00:03:41,28103,11972,35.1
2026-06-10 00:03:43,28105,11973,33.3
2026-06-10 00:03:45,28107,11974,133
2026-06-10 00:03:48,28110,11975,62.3
2026-06-10 00:03:50,28112,11976,28.8
2026-06-10 00:03:52,28114,11977,29.7
2026-06-10 00:03:54,28116,11978,26.2
2026-06-10 00:03:56,28118,11979,57.6
2026-06-10 00:03:58,28120,11980,23.9
2026-06-10 00:04:00,28122,11981,55.5
2026-06-10 00:04:02,28124,11982,13.9
2026-06-10 00:04:04,28126,11983,25.3
2026-06-10 00:04:06,28128,11984,39.3
2026-06-10 00:04:08,28130,11985,22.6
2026-06-10 00:04:10,28132,11986,42.9
2026-06-10 00:04:12,28134,11987,50.3
2026-06-10 00:04:14,28136,11988,36.4
2026-06-10 00:04:16,28138,11989,27.9
2026-06-10 00:04:18,28140,11990,20.3
2026-06-10 00:04:20,28142,11991,42.4
2026-06-10 00:04:22,28144,11992,38.7
2026-06-10 00:04:24,28146,11993,26.1
2026-06-10 00:04:26,28148,11994,34.1
2026-06-10 00:04:28,28150,11995,106
2026-06-10 00:04:30,28152,11996,32.3
2026-06-10 00:04:33,28155,11997,30.2
2026-06-10 00:04:35,28157,11998,28.1
2026-06-10 00:04:37,28159,11999,15.2
2026-06-10 00:04:39,28161,12000,158
2026-06-10 00:04:41,28163,12001,29.1
2026-06-10 00:04:43,28165,12002,35.9
2026-06-10 00:04:45,28167,12003,45.6
2026-06-10 00:04:47,28169,12004,23.0
2026-06-10 00:04:49,28171,12005,22.6
2026-06-10 00:04:51,28173,12006,15.4
2026-06-10 00:04:53,28175,12007,38.1
2026-06-10 00:04:55,28177,12008,18.6
2026-06-10 00:04:57,28179,12009,27.3
2026-06-10 00:04:59,28181,12010,33.1
2026-06-10 00:05:01,28183,12011,27.1
2026-06-10 00:05:03,28185,12012,22.0
2026-06-10 00:05:05,28187,12013,33.6
2026-06-10 00:05:08,28190,12014,25.0
2026-06-10 00:05:10,28192,12015,139
2026-06-10 00:05:12,28194,12016,67.6
2026-06-10 00:05:14,28196,12017,15.0
2026-06-10 00:05:16,28198,12018,41.4
2026-06-10 00:05:18,28200,12019,29.2
2026-06-10 00:05:20,28202,12020,20.3
2026-06-10 00:05:23,28205,12021,32.7
2026-06-10 00:05:25,28207,12022,39.0
2026-06-10 00:05:27,28209,12023,38.3
2026-06-10 00:05:29,28210,12024,32.3
2026-06-10 00:05:31,28213,12025,49.4
2026-06-10 00:05:33,28215,12026,44.1
2026-06-10 00:05:35,28217,12027,38.5
2026-06-10 00:05:37,28219,12028,33.0
2026-06-10 00:05:39,28221,12029,50.7
2026-06-10 00:05:41,28223,12030,44.0
2026-06-10 00:05:43,28225,12031,22.9
2026-06-10 00:05:44,28226,12032,29.8
2026-06-10 00:05:46,28228,12033,44.0
2026-06-10 00:05:48,28230,12034,31.0
2026-06-10 00:05:50,28232,12035,51.6
2026-06-10 00:05:52,28234,12036,180
2026-06-10 00:05:55,28237,12037,14.8
2026-06-10 00:05:57,28239,12038,33.1
2026-06-10 00:05:59,28241,12039,38.5
2026-06-10 00:06:01,28243,12040,32.7
2026-06-10 00:06:03,28245,12041,17.0
2026-06-10 00:06:05,28247,12042,43.2
2026-06-10 00:06:07,28249,12043,40.8
2026-06-10 00:06:09,28251,12044,35.6
2026-06-10 00:06:11,28253,12045,34.5
2026-06-10 00:06:13,28255,12046,44.7
2026-06-10 00:06:15,28257,12047,44.0
2026-06-10 00:06:17,28259,12048,39.4
2026-06-10 00:06:19,28261,12049,22.4
2026-06-10 00:06:21,28263,12050,200
2026-06-10 00:06:23,28265,12051,31.7
2026-06-10 00:06:25,28267,12052,29.3
2026-06-10 00:06:27,28269,12053,41.0
2026-06-10 00:06:29,28271,12054,26.8
2026-06-10 00:06:31,28273,12055,32.7
2026-06-10 00:06:33,28275,12056,213
2026-06-10 00:06:36,28278,12057,28.9
2026-06-10 00:06:38,28280,12058,26.3
2026-06-10 00:06:40,28282,12059,21.1
2026-06-10 00:06:42,28284,12060,16.3
2026-06-10 00:06:44,28286,12061,284
2026-06-10 00:06:46,28288,12062,35.2
2026-06-10 00:06:48,28290,12063,17.4
2026-06-10 00:06:50,28292,12064,16.4
2026-06-10 00:06:52,28294,12065,47.3
2026-06-10 00:06:54,28296,12066,17.4
2026-06-10 00:06:57,28299,12067,43.1
2026-06-10 00:06:59,28301,12068,46.8
2026-06-10 00:07:01,28303,12069,15.1
2026-06-10 00:07:03,28305,12070,19.3
2026-06-10 00:07:05,28307,12071,32.8
2026-06-10 00:07:07,28309,12072,19.1
2026-06-10 00:07:09,28311,12073,34.5
2026-06-10 00:07:11,28313,12074,20.5
2026-06-10 00:07:13,28315,12075,25.6
2026-06-10 00:07:15,28317,12076,36.7
2026-06-10 00:07:17,28319,12077,34.6
2026-06-10 00:07:19,28321,12078,19.2
2026-06-10 00:07:21,28323,12079,22.7
2026-06-10 00:07:23,28325,12080,30.9
2026-06-10 00:07:25,28327,12081,116
2026-06-10 00:07:27,28329,12082,18.9
2026-06-10 00:07:30,28332,12083,38.5
2026-06-10 00:07:32,28334,12084,34.6
2026-06-10 00:07:34,28336,12085,27.6
2026-06-10 00:07:36,28338,12086,31.2
2026-06-10 00:07:38,28340,12087,42.0
2026-06-10 00:07:40,28342,12088,27.7
2026-06-10 00:07:42,28344,12089,34.7
2026-06-10 00:07:44,28346,12090,28.0
2026-06-10 00:07:46,28348,12091,13.4
2026-06-10 00:07:48,28350,12092,31.0
2026-06-10 00:07:50,28352,12093,14.3
2026-06-10 00:07:52,28354,12094,19.3
2026-06-10 00:07:54,28356,12095,43.7
2026-06-10 00:07:56,28358,12096,19.1
2026-06-10 00:07:58,28360,12097,35.0
2026-06-10 00:08:00,28362,12098,22.5
2026-06-10 00:08:03,28365,12099,33.2
2026-06-10 00:08:05,28367,12100,31.2
2026-06-10 00:08:07,28369,12101,19.8
2026-06-10 00:08:09,28371,12102,14.4
2026-06-10 00:08:11,28373,12103,147
2026-06-10 00:08:13,28375,12104,72.4
2026-06-10 00:08:15,28377,12105,33.8
2026-06-10 00:08:17,28379,12106,17.7
2026-06-10 00:08:19,28381,12107,39.2
2026-06-10 00:08:21,28383,12108,23.8
2026-06-10 00:08:23,28385,12109,33.7
2026-06-10 00:08:25,28387,12110,28.2
2026-06-10 00:08:27,28389,12111,14.8
2026-06-10 00:08:30,28392,12112,42.5
2026-06-10 00:08:32,28394,12113,25.7
2026-06-10 00:08:34,28396,12114,44.8
2026-06-10 00:08:36,28398,12115,22.6
2026-06-10 00:08:38,28400,12116,21.7
2026-06-10 00:08:40,28402,12117,30.1
2026-06-10 00:08:42,28404,12118,19.3
2026-06-10 00:08:44,28406,12119,36.2
2026-06-10 00:08:46,28408,12120,24.5
2026-06-10 00:08:48,28410,12121,39.5
2026-06-10 00:08:50,28412,12122,36.6
2026-06-10 00:08:52,28414,12123,175
2026-06-10 00:08:54,28416,12124,69.5
2026-06-10 00:08:56,28418,12125,14.3
2026-06-10 00:08:58,28420,12126,31.6
2026-06-10 00:09:01,28422,12127,33.7
2026-06-10 00:09:02,28424,12128,44.4
2026-06-10 00:09:05,28427,12129,28.7
2026-06-10 00:09:07,28429,12130,30.8
2026-06-10 00:09:09,28431,12131,48.5
2026-06-10 00:09:11,28433,12132,42.5
2026-06-10 00:09:13,28435,12133,23.6
2026-06-10 00:09:15,28437,12134,32.9
2026-06-10 00:09:17,28439,12135,24.5
2026-06-10 00:09:19,28441,12136,18.7
2026-06-10 00:09:21,28443,12137,43.6
2026-06-10 00:09:23,28445,12138,17.8
2026-06-10 00:09:25,28447,12139,45.3
2026-06-10 00:09:27,28449,12140,25.9
2026-06-10 00:09:29,28451,12141,131
2026-06-10 00:09:32,28454,12142,17.2
2026-06-10 00:09:34,28456,12143,99.4
2026-06-10 00:09:36,28458,12144,77.6
2026-06-10 00:09:38,28460,12145,37.0
2026-06-10 00:09:40,28462,12146,32.4
2026-06-10 00:09:42,28464,12147,38.9
2026-06-10 00:09:44,28466,12148,50.7
2026-06-10 00:09:46,28468,12149,17.5
2026-06-10 00:09:48,28470,12150,23.5
2026-06-10 00:09:50,28472,12151,28.5
2026-06-10 00:09:53,28475,12152,31.2
2026-06-10 00:09:54,28476,12153,30.5
2026-06-10 00:09:57,28479,12154,33.1
2026-06-10 00:09:59,28481,12155,22.8
2026-06-10 00:10:01,28483,12156,50.0
2026-06-10 00:10:03,28485,12157,52.6
2026-06-10 00:10:05,28487,12158,38.3
2026-06-10 00:10:07,28489,12159,51.5
2026-06-10 00:10:09,28491,12160,39.1
2026-06-10 00:10:11,28493,12161,21.4
2026-06-10 00:10:13,28495,12162,33.4
2026-06-10 00:10:15,28497,12163,157
2026-06-10 00:10:17,28499,12164,170
2026-06-10 00:10:19,28501,12165,219
2026-06-10 00:10:21,28503,12166,32.8
2026-06-10 00:10:23,28505,12167,39.2
2026-06-10 00:10:25,28507,12168,221
2026-06-10 00:10:27,28509,12169,35.5
2026-06-10 00:10:29,28511,12170,20.3
2026-06-10 00:10:31,28513,12171,39.4
2026-06-10 00:10:33,28515,12172,28.5
2026-06-10 00:10:35,28517,12173,29.7
2026-06-10 00:10:37,28519,12174,31.6
2026-06-10 00:10:39,28521,12175,27.8
2026-06-10 00:10:41,28523,12176,31.6
2026-06-10 00:10:43,28525,12177,37.6
2026-06-10 00:10:45,28527,12178,40.3
2026-06-10 00:10:47,28529,12179,19.0
2026-06-10 00:10:49,28531,12180,39.7
2026-06-10 00:10:51,28533,12181,29.5
2026-06-10 00:10:53,28535,12182,30.5
2026-06-10 00:10:55,28537,12183,19.3
2026-06-10 00:10:57,28539,12184,24.2
2026-06-10 00:10:59,28541,12185,194
2026-06-10 00:11:01,28543,12186,36.9
2026-06-10 00:11:03,28545,12187,28.8
2026-06-10 00:11:05,28547,12188,37.9
2026-06-10 00:11:07,28549,12189,30.6
2026-06-10 00:11:09,28551,12190,317
2026-06-10 00:11:11,28553,12191,28.9
2026-06-10 00:11:13,28555,12192,67.5
2026-06-10 00:11:15,28557,12193,30.1
2026-06-10 00:11:17,28559,12194,24.4
2026-06-10 00:11:19,28561,12195,23.3
2026-06-10 00:11:21,28563,12196,152
2026-06-10 00:11:23,28565,12197,34.3
2026-06-10 00:11:25,28567,12198,39.1
2026-06-10 00:11:27,28569,12199,28.8
2026-06-10 00:11:29,28571,12200,36.2
2026-06-10 00:11:31,28573,12201,48.1
2026-06-10 00:11:33,28575,12202,34.1
2026-06-10 00:11:35,28577,12203,39.1
2026-06-10 00:11:37,28579,12204,39.6
2026-06-10 00:11:39,28581,12205,270
2026-06-10 00:11:41,28583,12206,178
2026-06-10 00:11:43,28585,12207,30.5
2026-06-10 00:11:45,28587,12208,26.9
2026-06-10 00:11:47,28589,12209,37.1
2026-06-10 00:11:49,28591,12210,106
2026-06-10 00:11:51,28593,12211,23.9
2026-06-10 00:11:53,28595,12212,31.1
2026-06-10 00:11:55,28597,12213,48.6
2026-06-10 00:11:57,28599,12214,38.1
2026-06-10 00:11:59,28601,12215,67.1
2026-06-10 00:12:01,28603,12216,25.5
2026-06-10 00:12:03,28605,12217,24.4
2026-06-10 00:12:05,28607,12218,25.9
2026-06-10 00:12:07,28609,12219,37.4
2026-06-10 00:12:09,28611,12220,34.7
2026-06-10 00:12:11,28613,12221,33.3
2026-06-10 00:12:13,28615,12222,20.0
2026-06-10 00:12:15,28617,12223,54.5
2026-06-10 00:12:17,28619,12224,25.1
2026-06-10 00:12:19,28621,12225,30.4
2026-06-10 00:12:21,28623,12226,25.4
2026-06-10 00:12:23,28625,12227,29.9
2026-06-10 00:12:25,28627,12228,53.3
2026-06-10 00:12:27,28629,12229,35.9
2026-06-10 00:12:29,28631,12230,229
2026-06-10 00:12:31,28633,12231,27.5
2026-06-10 00:12:34,28636,12232,32.2
2026-06-10 00:12:36,28638,12233,20.7
2026-06-10 00:12:38,28640,12234,26.2
2026-06-10 00:12:40,28642,12235,39.1
2026-06-10 00:12:42,28644,12236,25.9
2026-06-10 00:12:44,28646,12237,21.7
2026-06-10 00:12:46,28648,12238,11.1
2026-06-10 00:12:48,28650,12239,14.5
2026-06-10 00:12:50,28652,12240,39.4
2026-06-10 00:12:52,28654,12241,22.7
2026-06-10 00:12:54,28656,12242,35.4
2026-06-10 00:12:56,28658,12243,33.9
2026-06-10 00:12:58,28660,12244,35.5
2026-06-10 00:13:00,28662,12245,14.7
2026-06-10 00:13:02,28664,12246,25.4
2026-06-10 00:13:04,28666,12247,35.0
2026-06-10 00:13:06,28668,12248,17.9
2026-06-10 00:13:08,28670,12249,42.8
2026-06-10 00:13:10,28672,12250,30.6
2026-06-10 00:13:12,28674,12251,44.9
2026-06-10 00:13:14,28676,12252,16.4
2026-06-10 00:13:17,28679,12253,31.5
2026-06-10 00:13:19,28681,12254,138
2026-06-10 00:13:21,28683,12255,40.2
2026-06-10 00:13:23,28685,12256,18.9
2026-06-10 00:13:25,28687,12257,24.0
2026-06-10 00:13:27,28689,12258,28.6
2026-06-10 00:13:29,28691,12259,19.7
2026-06-10 00:13:31,28693,12260,202
2026-06-10 00:13:33,28695,12261,27.2
2026-06-10 00:13:35,28697,12262,22.1
2026-06-10 00:13:38,28700,12263,18.6
2026-06-10 00:13:40,28702,12264,13.8
2026-06-10 00:13:42,28704,12265,37.1
2026-06-10 00:13:44,28706,12266,16.2
2026-06-10 00:13:46,28708,12267,17.9
2026-06-10 00:13:48,28710,12268,26.9
2026-06-10 00:13:50,28712,12269,28.6
2026-06-10 00:13:52,28714,12270,33.2
2026-06-10 00:13:54,28716,12271,26.9
2026-06-10 00:13:56,28718,12272,27.3
2026-06-10 00:13:58,28720,12273,71.5
2026-06-10 00:14:00,28722,12274,194
2026-06-10 00:14:03,28725,12275,233
2026-06-10 00:14:05,28727,12276,40.2
2026-06-10 00:14:07,28729,12277,52.9
2026-06-10 00:14:09,28731,12278,28.3
2026-06-10 00:14:11,28733,12279,18.8
2026-06-10 00:14:13,28735,12280,19.6
2026-06-10 00:14:15,28737,12281,61.4
2026-06-10 00:14:17,28739,12282,19.4
2026-06-10 00:14:19,28741,12283,33.5
2026-06-10 00:14:21,28743,12284,53.0
2026-06-10 00:14:23,28745,12285,27.5
2026-06-10 00:14:25,28747,12286,55.9
2026-06-10 00:14:27,28749,12287,179
2026-06-10 00:14:29,28751,12288,34.5
2026-06-10 00:14:31,28753,12289,36.3
2026-06-10 00:14:33,28755,12290,36.6
2026-06-10 00:14:35,28757,12291,37.6
2026-06-10 00:14:37,28759,12292,52.3
2026-06-10 00:14:39,28761,12293,29.7
2026-06-10 00:14:41,28763,12294,51.8
2026-06-10 00:14:43,28765,12295,32.9
2026-06-10 00:14:45,28767,12296,32.0
2026-06-10 00:14:47,28769,12297,39.4
2026-06-10 00:14:49,28771,12298,26.9
2026-06-10 00:14:51,28773,12299,174
2026-06-10 00:14:53,28775,12300,52.0
2026-06-10 00:14:55,28777,12301,41.4
2026-06-10 00:14:57,28779,12302,30.3
2026-06-10 00:14:59,28781,12303,30.1
2026-06-10 00:15:01,28783,12304,43.3
2026-06-10 00:15:03,28785,12305,24.9
2026-06-10 00:15:05,28787,12306,27.3
2026-06-10 00:15:07,28789,12307,43.5
2026-06-10 00:15:09,28791,12308,47.0
2026-06-10 00:15:11,28793,12309,33.3
2026-06-10 00:15:13,28795,12310,20.3
2026-06-10 00:15:15,28797,12311,39.3
2026-06-10 00:15:17,28799,12312,38.2
2026-06-10 00:15:19,28801,12313,34.0
2026-06-10 00:15:21,28803,12314,45.9
2026-06-10 00:15:23,28805,12315,26.6
2026-06-10 00:15:25,28807,12316,29.1
2026-06-10 00:15:27,28809,12317,39.3
2026-06-10 00:15:29,28811,12318,20.5
2026-06-10 00:15:31,28813,12319,47.8
2026-06-10 00:15:33,28815,12320,42.1
2026-06-10 00:15:35,28817,12321,38.9
2026-06-10 00:15:37,28819,12322,30.0
2026-06-10 00:15:39,28821,12323,161
2026-06-10 00:15:41,28823,12324,10.8
2026-06-10 00:15:44,28826,12325,34.6
2026-06-10 00:15:46,28828,12326,28.6
2026-06-10 00:15:48,28830,12327,23.2
2026-06-10 00:15:50,28832,12328,58.7
2026-06-10 00:15:52,28834,12329,19.0
2026-06-10 00:15:54,28836,12330,27.5
2026-06-10 00:15:56,28838,12331,42.7
2026-06-10 00:15:58,28840,12332,34.3
2026-06-10 00:16:00,28842,12333,31.9
2026-06-10 00:16:02,28844,12334,25.4
2026-06-10 00:16:04,28846,12335,22.1
2026-06-10 00:16:06,28848,12336,36.5
2026-06-10 00:16:08,28850,12337,24.5
2026-06-10 00:16:10,28852,12338,38.9
2026-06-10 00:16:12,28854,12339,40.0
2026-06-10 00:16:14,28856,12340,51.3
2026-06-10 00:16:16,28858,12341,25.3
2026-06-10 00:16:18,28860,12342,29.9
2026-06-10 00:16:20,28862,12343,229
2026-06-10 00:16:23,28865,12344,150
2026-06-10 00:16:25,28867,12345,327
2026-06-10 00:16:27,28869,12346,53.7
2026-06-10 00:16:29,28871,12347,40.9
2026-06-10 00:16:31,28873,12348,22.7
2026-06-10 00:16:33,28875,12349,26.1
2026-06-10 00:16:35,28877,12350,28.1
2026-06-10 00:16:37,28879,12351,30.6
2026-06-10 00:16:39,28881,12352,27.3
2026-06-10 00:16:41,28883,12353,38.1
2026-06-10 00:16:43,28885,12354,43.5
2026-06-10 00:16:45,28887,12355,30.0
2026-06-10 00:16:47,28889,12356,35.7
2026-06-10 00:16:49,28891,12357,29.3
2026-06-10 00:16:51,28893,12358,60.8
2026-06-10 00:16:53,28895,12359,35.9
2026-06-10 00:16:55,28897,12360,56.9
2026-06-10 00:16:57,28899,12361,253
2026-06-10 00:16:59,28901,12362,35.2
2026-06-10 00:17:01,28903,12363,37.5
2026-06-10 00:17:03,28905,12364,27.5
2026-06-10 00:17:05,28907,12365,176
2026-06-10 00:17:07,28909,12366,42.1
2026-06-10 00:17:09,28911,12367,29.9
2026-06-10 00:17:12,28914,12368,44.8
2026-06-10 00:17:14,28916,12369,20.1
2026-06-10 00:17:16,28918,12370,40.3
2026-06-10 00:17:18,28920,12371,44.0
2026-06-10 00:17:20,28922,12372,28.9
2026-06-10 00:17:22,28924,12373,39.9
2026-06-10 00:17:24,28926,12374,36.4
2026-06-10 00:17:25,28927,12375,32.6
2026-06-10 00:17:27,28929,12376,43.9
2026-06-10 00:17:29,28931,12377,35.6
2026-06-10 00:17:31,28933,12378,39.6
2026-06-10 00:17:33,28935,12379,37.6
2026-06-10 00:17:35,28937,12380,56.7
2026-06-10 00:17:37,28939,12381,33.6
2026-06-10 00:17:39,28941,12382,37.3
2026-06-10 00:17:41,28943,12383,33.8
2026-06-10 00:17:43,28945,12384,36.0
2026-06-10 00:17:45,28947,12385,40.6
2026-06-10 00:17:47,28949,12386,214
2026-06-10 00:17:49,28951,12387,37.0
2026-06-10 00:17:52,28954,12388,31.6
2026-06-10 00:17:53,28955,12389,28.4
2026-06-10 00:17:55,28957,12390,38.1
2026-06-10 00:17:57,28959,12391,80.9
2026-06-10 00:18:00,28962,12392,38.5
2026-06-10 00:18:02,28964,12393,35.9
2026-06-10 00:18:04,28966,12394,35.1
2026-06-10 00:18:06,28968,12395,13.1
2026-06-10 00:18:08,28970,12396,18.5
2026-06-10 00:18:10,28972,12397,20.3
2026-06-10 00:18:12,28974,12398,18.7
2026-06-10 00:18:14,28976,12399,27.3
2026-06-10 00:18:16,28978,12400,21.2
2026-06-10 00:18:18,28980,12401,62.1
2026-06-10 00:18:20,28982,12402,46.5
2026-06-10 00:18:22,28984,12403,17.6
2026-06-10 00:18:24,28986,12404,20.5
2026-06-10 00:18:27,28989,12405,39.1
2026-06-10 00:18:29,28991,12406,38.9
2026-06-10 00:18:31,28993,12407,171
2026-06-10 00:18:33,28995,12408,34.7
2026-06-10 00:18:36,28998,12409,39.7
2026-06-10 00:18:38,29000,12410,21.4
2026-06-10 00:18:40,29002,12411,31.5
2026-06-10 00:18:42,29004,12412,55.0
2026-06-10 00:18:44,29006,12413,27.8
2026-06-10 00:18:46,29008,12414,19.8
2026-06-10 00:18:48,29010,12415,12.2
2026-06-10 00:18:50,29012,12416,15.1
2026-06-10 00:18:52,29014,12417,48.5
2026-06-10 00:18:54,29016,12418,28.6
2026-06-10 00:18:56,29018,12419,33.3
2026-06-10 00:18:58,29020,12420,13.7
2026-06-10 00:19:00,29022,12421,29.6
2026-06-10 00:19:02,29024,12422,23.7
2026-06-10 00:19:04,29026,12423,17.9
2026-06-10 00:19:06,29028,12424,37.9
2026-06-10 00:19:08,29030,12425,45.9
2026-06-10 00:19:10,29032,12426,31.0
2026-06-10 00:19:12,29034,12427,23.5
2026-06-10 00:19:14,29036,12428,26.8
2026-06-10 00:19:16,29038,12429,41.6
2026-06-10 00:19:18,29040,12430,76.4
2026-06-10 00:19:20,29042,12431,135
2026-06-10 00:19:23,29045,12432,21.6
2026-06-10 00:19:25,29047,12433,42.3
2026-06-10 00:19:27,29049,12434,20.3
2026-06-10 00:19:29,29051,12435,36.9
2026-06-10 00:19:31,29053,12436,35.8
2026-06-10 00:19:33,29055,12437,33.3
2026-06-10 00:19:35,29057,12438,42.6
2026-06-10 00:19:37,29059,12439,64.5
2026-06-10 00:19:39,29061,12440,45.5
2026-06-10 00:19:41,29063,12441,17.4
2026-06-10 00:19:43,29065,12442,41.5
2026-06-10 00:19:45,29067,12443,28.6
2026-06-10 00:19:47,29069,12444,37.5
2026-06-10 00:19:49,29071,12445,20.9
2026-06-10 00:19:51,29073,12446,29.0
2026-06-10 00:19:53,29075,12447,52.5
2026-06-10 00:19:55,29077,12448,43.8
2026-06-10 00:19:57,29079,12449,54.6
2026-06-10 00:19:59,29081,12450,56.3
2026-06-10 00:20:01,29083,12451,39.6
2026-06-10 00:20:03,29085,12452,50.9
2026-06-10 00:20:05,29087,12453,134
2026-06-10 00:20:08,29090,12454,42.6
2026-06-10 00:20:10,29092,12455,17.6
2026-06-10 00:20:12,29094,12456,35.2
2026-06-10 00:20:14,29096,12457,37.1
2026-06-10 00:20:16,29098,12458,16.6
2026-06-10 00:20:18,29100,12459,24.2
2026-06-10 00:20:20,29102,12460,15.3
2026-06-10 00:20:22,29104,12461,38.2
2026-06-10 00:20:24,29106,12462,18.5
2026-06-10 00:20:26,29108,12463,38.4
2026-06-10 00:20:28,29110,12464,19.6
2026-06-10 00:20:30,29112,12465,14.4
2026-06-10 00:20:33,29115,12466,29.5
2026-06-10 00:20:35,29117,12467,31.4
2026-06-10 00:20:37,29119,12468,36.1
2026-06-10 00:20:39,29121,12469,27.7
2026-06-10 00:20:41,29123,12470,36.3
2026-06-10 00:20:43,29125,12471,56.4
2026-06-10 00:20:45,29127,12472,140
2026-06-10 00:20:47,29129,12473,64.6
2026-06-10 00:20:49,29131,12474,34.0
2026-06-10 00:20:51,29133,12475,30.9
2026-06-10 00:20:53,29135,12476,32.4
2026-06-10 00:20:55,29137,12477,33.0
2026-06-10 00:20:57,29139,12478,33.2
2026-06-10 00:20:59,29141,12479,55.5
2026-06-10 00:21:01,29143,12480,20.5
2026-06-10 00:21:03,29145,12481,21.9
2026-06-10 00:21:05,29147,12482,40.6
2026-06-10 00:21:07,29149,12483,36.3
2026-06-10 00:21:09,29151,12484,46.3
2026-06-10 00:21:11,29153,12485,16.6
2026-06-10 00:21:13,29155,12486,18.2
2026-06-10 00:21:15,29157,12487,41.2
2026-06-10 00:21:17,29159,12488,25.4
2026-06-10 00:21:19,29161,12489,34.8
2026-06-10 00:21:21,29163,12490,29.2
2026-06-10 00:21:23,29165,12491,54.5
2026-06-10 00:21:25,29167,12492,46.8
2026-06-10 00:21:27,29169,12493,148
2026-06-10 00:21:30,29172,12494,32.5
2026-06-10 00:21:32,29174,12495,27.0
2026-06-10 00:21:34,29176,12496,32.6
2026-06-10 00:21:36,29178,12497,38.5
2026-06-10 00:21:38,29180,12498,35.1
2026-06-10 00:21:40,29182,12499,37.9
2026-06-10 00:21:42,29184,12500,9.99
2026-06-10 00:21:44,29186,12501,34.3
2026-06-10 00:21:46,29188,12502,30.1
2026-06-10 00:21:48,29190,12503,45.2
2026-06-10 00:21:50,29192,12504,40.5
2026-06-10 00:21:52,29194,12505,38.9
2026-06-10 00:21:54,29196,12506,18.5
2026-06-10 00:21:56,29198,12507,44.2
2026-06-10 00:21:58,29200,12508,14.4
2026-06-10 00:22:00,29202,12509,14.9
2026-06-10 00:22:02,29204,12510,27.1
2026-06-10 00:22:04,29206,12511,22.9
2026-06-10 00:22:06,29208,12512,21.9
2026-06-10 00:22:08,29210,12513,189
2026-06-10 00:22:10,29212,12514,92.1
2026-06-10 00:22:12,29214,12515,23.3
2026-06-10 00:22:14,29216,12516,29.9
2026-06-10 00:22:16,29218,12517,33.5
2026-06-10 00:22:19,29221,12518,137
2026-06-10 00:22:21,29223,12519,29.5
2026-06-10 00:22:23,29225,12520,37.1
2026-06-10 00:22:25,29227,12521,34.2
2026-06-10 00:22:27,29229,12522,127
2026-06-10 00:22:29,29231,12523,28.8
2026-06-10 00:22:31,29233,12524,32.4
2026-06-10 00:22:33,29235,12525,38.3
2026-06-10 00:22:35,29237,12526,22.2
2026-06-10 00:22:37,29239,12527,36.8
2026-06-10 00:22:39,29241,12528,13.6
2026-06-10 00:22:41,29243,12529,42.3
2026-06-10 00:22:43,29245,12530,19.6
2026-06-10 00:22:45,29247,12531,80.9
2026-06-10 00:22:48,29250,12532,63.1
2026-06-10 00:22:50,29252,12533,54.5
2026-06-10 00:22:53,29255,12534,103
2026-06-10 00:22:55,29257,12535,130
2026-06-10 00:22:58,29260,12536,96.2
2026-06-10 00:23:00,29262,12537,60.1
2026-06-10 00:23:02,29264,12538,102
2026-06-10 00:23:05,29267,12539,123
2026-06-10 00:23:07,29269,12540,89.3
2026-06-10 00:23:10,29272,12541,47.6
2026-06-10 00:23:12,29274,12542,125
2026-06-10 00:23:14,29276,12543,160
2026-06-10 00:23:16,29278,12544,10.9
2026-06-10 00:23:18,29280,12545,23.6
2026-06-10 00:23:20,29282,12546,34.4
2026-06-10 00:23:22,29284,12547,19.8
2026-06-10 00:23:24,29286,12548,35.2
2026-06-10 00:23:27,29289,12549,16.5
2026-06-10 00:23:29,29291,12550,28.8
2026-06-10 00:23:31,29293,12551,24.9
2026-06-10 00:23:33,29295,12552,17.7
2026-06-10 00:23:35,29297,12553,38.0
2026-06-10 00:23:37,29299,12554,14.7
2026-06-10 00:23:39,29301,12555,11.8
2026-06-10 00:23:41,29303,12556,30.2
2026-06-10 00:23:43,29305,12557,46.4
2026-06-10 00:23:45,29307,12558,23.2
2026-06-10 00:23:47,29309,12559,39.3
2026-06-10 00:23:49,29311,12560,35.1
2026-06-10 00:23:51,29313,12561,16.1
2026-06-10 00:23:53,29315,12562,22.1
2026-06-10 00:23:55,29317,12563,26.0
2026-06-10 00:23:57,29319,12564,19.3
2026-06-10 00:24:00,29322,12565,37.4
2026-06-10 00:24:02,29324,12566,26.5
2026-06-10 00:24:04,29326,12567,40.0
2026-06-10 00:24:06,29328,12568,31.7
2026-06-10 00:24:08,29330,12569,16.3
2026-06-10 00:24:10,29332,12570,35.0
2026-06-10 00:24:12,29334,12571,21.3
2026-06-10 00:24:15,29337,12572,23.7
2026-06-10 00:24:17,29339,12573,30.2
2026-06-10 00:24:19,29341,12574,22.6
2026-06-10 00:24:21,29343,12575,34.2
2026-06-10 00:24:23,29345,12576,29.3
2026-06-10 00:24:25,29347,12577,33.8
2026-06-10 00:24:27,29349,12578,19.6
2026-06-10 00:24:29,29351,12579,20.2
2026-06-10 00:24:31,29353,12580,29.0
2026-06-10 00:24:33,29355,12581,37.9
2026-06-10 00:24:35,29357,12582,22.9
2026-06-10 00:24:37,29359,12583,12.2
2026-06-10 00:24:39,29361,12584,37.0
2026-06-10 00:24:41,29363,12585,27.5
2026-06-10 00:24:43,29365,12586,17.1
2026-06-10 00:24:45,29367,12587,13.6
2026-06-10 00:24:48,29370,12588,22.6
2026-06-10 00:24:50,29372,12589,190
2026-06-10 00:24:52,29374,12590,20.5
2026-06-10 00:24:54,29376,12591,39.3
2026-06-10 00:24:56,29378,12592,45.8
2026-06-10 00:24:58,29380,12593,40.4
2026-06-10 00:25:00,29382,12594,11.5
2026-06-10 00:25:03,29385,12595,47.6
2026-06-10 00:25:05,29386,12596,200
2026-06-10 00:25:07,29389,12597,18.4
2026-06-10 00:25:09,29391,12598,39.5
2026-06-10 00:25:11,29393,12599,41.9
2026-06-10 00:25:13,29395,12600,23.2
2026-06-10 00:25:15,29397,12601,31.2
2026-06-10 00:25:17,29399,12602,40.3
2026-06-10 00:25:19,29401,12603,22.1
2026-06-10 00:25:21,29403,12604,23.3
2026-06-10 00:25:23,29405,12605,12.8
2026-06-10 00:25:25,29407,12606,185
2026-06-10 00:25:27,29409,12607,16.6
2026-06-10 00:25:29,29411,12608,44.0
2026-06-10 00:25:31,29413,12609,57.6
2026-06-10 00:25:33,29415,12610,232
2026-06-10 00:25:36,29418,12611,167
2026-06-10 00:25:38,29420,12612,88.0
2026-06-10 00:25:40,29422,12613,26.5
2026-06-10 00:25:42,29424,12614,111
2026-06-10 00:25:44,29426,12615,295
2026-06-10 00:25:46,29428,12616,36.8
2026-06-10 00:25:48,29430,12617,44.7
2026-06-10 00:25:50,29432,12618,28.7
2026-06-10 00:25:52,29434,12619,123
2026-06-10 00:25:54,29436,12620,189
2026-06-10 00:25:56,29438,12621,40.1
2026-06-10 00:25:58,29440,12622,47.5
2026-06-10 00:26:01,29443,12623,23.7
2026-06-10 00:26:03,29445,12624,22.7
2026-06-10 00:26:05,29447,12625,20.8
2026-06-10 00:26:07,29449,12626,39.7
2026-06-10 00:26:09,29451,12627,89.4
2026-06-10 00:26:11,29453,12628,262
2026-06-10 00:26:13,29455,12629,36.5
2026-06-10 00:26:15,29457,12630,63.6
2026-06-10 00:26:17,29459,12631,27.7
2026-06-10 00:26:19,29461,12632,27.2
2026-06-10 00:26:22,29464,12633,45.6
2026-06-10 00:26:24,29466,12634,54.2
2026-06-10 00:26:25,29467,12635,18.3
2026-06-10 00:26:28,29470,12636,23.8
2026-06-10 00:26:30,29472,12637,217
2026-06-10 00:26:32,29474,12638,49.3
2026-06-10 00:26:34,29476,12639,41.1
2026-06-10 00:26:36,29478,12640,43.7
2026-06-10 00:26:38,29480,12641,19.7
2026-06-10 00:26:40,29482,12642,55.0
2026-06-10 00:26:42,29484,12643,23.4
2026-06-10 00:26:44,29486,12644,15.1
2026-06-10 00:26:46,29488,12645,37.6
2026-06-10 00:26:48,29490,12646,67.3
2026-06-10 00:26:50,29492,12647,184
2026-06-10 00:26:52,29494,12648,17.1
2026-06-10 00:26:55,29497,12649,37.6
2026-06-10 00:26:57,29499,12650,23.1
2026-06-10 00:26:59,29501,12651,22.3
2026-06-10 00:27:01,29503,12652,53.1
2026-06-10 00:27:03,29505,12653,31.8
2026-06-10 00:27:05,29507,12654,53.3
2026-06-10 00:27:07,29509,12655,19.9
2026-06-10 00:27:09,29511,12656,40.8
2026-06-10 00:27:11,29513,12657,29.9
2026-06-10 00:27:13,29515,12658,59.7
2026-06-10 00:27:15,29517,12659,31.7
2026-06-10 00:27:17,29519,12660,37.8
2026-06-10 00:27:19,29521,12661,46.4
2026-06-10 00:27:21,29523,12662,43.3
2026-06-10 00:27:23,29525,12663,17.2
2026-06-10 00:27:25,29527,12664,16.7
2026-06-10 00:27:27,29529,12665,42.9
2026-06-10 00:27:29,29531,12666,185
2026-06-10 00:27:31,29533,12667,45.5
2026-06-10 00:27:33,29535,12668,33.5
2026-06-10 00:27:35,29537,12669,26.5
2026-06-10 00:27:37,29539,12670,15.8
2026-06-10 00:27:40,29541,12671,266
2026-06-10 00:27:42,29544,12672,17.2
2026-06-10 00:27:44,29546,12673,16.6
2026-06-10 00:27:46,29548,12674,31.1
2026-06-10 00:27:48,29550,12675,19.7
2026-06-10 00:27:50,29552,12676,30.0
2026-06-10 00:27:52,29554,12677,23.7
2026-06-10 00:27:54,29556,12678,37.4
2026-06-10 00:27:56,29558,12679,45.2
2026-06-10 00:27:58,29560,12680,56.1
2026-06-10 00:28:00,29562,12681,20.1
2026-06-10 00:28:02,29564,12682,38.2
2026-06-10 00:28:04,29566,12683,20.9
2026-06-10 00:28:06,29568,12684,34.5
2026-06-10 00:28:09,29571,12685,41.0
2026-06-10 00:28:11,29573,12686,30.8
2026-06-10 00:28:13,29575,12687,35.4
2026-06-10 00:28:15,29577,12688,22.8
2026-06-10 00:28:17,29579,12689,14.4
2026-06-10 00:28:19,29581,12690,37.8
2026-06-10 00:28:21,29583,12691,81.3
2026-06-10 00:28:24,29586,12692,24.7
2026-06-10 00:28:26,29588,12693,29.4
2026-06-10 00:28:28,29590,12694,34.2
2026-06-10 00:28:30,29592,12695,35.7
2026-06-10 00:28:32,29594,12696,29.4
2026-06-10 00:28:34,29596,12697,37.0
2026-06-10 00:28:36,29598,12698,40.4
2026-06-10 00:28:38,29600,12699,156
2026-06-10 00:28:40,29602,12700,25.2
2026-06-10 00:28:43,29605,12701,40.8
2026-06-10 00:28:45,29607,12702,29.2
2026-06-10 00:28:47,29609,12703,858
2026-06-10 00:28:49,29611,12704,34.6
2026-06-10 00:28:51,29613,12705,52.4
2026-06-10 00:28:53,29615,12706,22.2
2026-06-10 00:28:55,29617,12707,36.3
2026-06-10 00:28:58,29620,12708,35.8
2026-06-10 00:29:00,29622,12709,36.5
2026-06-10 00:29:02,29624,12710,25.2
2026-06-10 00:29:04,29626,12711,25.2
2026-06-10 00:29:06,29628,12712,164
2026-06-10 00:29:08,29630,12713,55.8
2026-06-10 00:29:11,29633,12714,20.8
2026-06-10 00:29:13,29635,12715,27.8
2026-06-10 00:29:15,29637,12716,32.7
2026-06-10 00:29:17,29639,12717,36.7
2026-06-10 00:29:19,29641,12718,43.9
2026-06-10 00:29:21,29643,12719,18.0
2026-06-10 00:29:23,29645,12720,40.9
2026-06-10 00:29:25,29647,12721,15.7
2026-06-10 00:29:27,29649,12722,44.9
2026-06-10 00:29:29,29651,12723,30.7
2026-06-10 00:29:31,29653,12724,35.0
2026-06-10 00:29:33,29655,12725,44.0
2026-06-10 00:29:35,29657,12726,16.9
2026-06-10 00:29:37,29659,12727,35.2
2026-06-10 00:29:40,29662,12728,20.2
2026-06-10 00:29:42,29664,12729,29.8
2026-06-10 00:29:44,29666,12730,29.3
2026-06-10 00:29:46,29668,12731,33.7
2026-06-10 00:29:48,29670,12732,47.2
2026-06-10 00:29:50,29672,12733,119
2026-06-10 00:29:52,29674,12734,34.1
2026-06-10 00:29:54,29676,12735,31.7
2026-06-10 00:29:56,29678,12736,30.1
2026-06-10 00:29:58,29680,12737,18.5
2026-06-10 00:30:00,29682,12738,32.1
2026-06-10 00:30:02,29684,12739,36.9
2026-06-10 00:30:04,29686,12740,30.4
2026-06-10 00:30:06,29688,12741,40.6
2026-06-10 00:30:09,29691,12742,33.3
2026-06-10 00:30:11,29693,12743,16.7
2026-06-10 00:30:13,29695,12744,26.5
2026-06-10 00:30:15,29697,12745,41.0
2026-06-10 00:30:17,29699,12746,23.0
2026-06-10 00:30:19,29701,12747,26.9
2026-06-10 00:30:21,29703,12748,35.9
2026-06-10 00:30:23,29705,12749,34.5
2026-06-10 00:30:25,29707,12750,28.5
2026-06-10 00:30:27,29709,12751,34.6
2026-06-10 00:30:29,29711,12752,27.0
2026-06-10 00:30:31,29713,12753,130
2026-06-10 00:30:33,29715,12754,76.0
2026-06-10 00:30:35,29717,12755,15.9
2026-06-10 00:30:37,29719,12756,18.6
2026-06-10 00:30:40,29722,12757,28.5
2026-06-10 00:30:42,29724,12758,104
2026-06-10 00:30:44,29726,12759,117
2026-06-10 00:30:46,29728,12760,21.2
2026-06-10 00:30:48,29730,12761,41.2
2026-06-10 00:30:50,29732,12762,27.7
2026-06-10 00:30:52,29734,12763,52.7
2026-06-10 00:30:54,29736,12764,42.8
2026-06-10 00:30:56,29738,12765,34.2
2026-06-10 00:30:58,29740,12766,19.0
2026-06-10 00:31:00,29742,12767,17.6
2026-06-10 00:31:02,29744,12768,42.7
2026-06-10 00:31:04,29746,12769,29.3
2026-06-10 00:31:06,29748,12770,45.0
2026-06-10 00:31:08,29750,12771,109
2026-06-10 00:31:11,29753,12772,300
2026-06-10 00:31:13,29755,12773,44.9
2026-06-10 00:31:15,29757,12774,38.3
2026-06-10 00:31:17,29759,12775,39.7
2026-06-10 00:31:19,29761,12776,37.8
2026-06-10 00:31:21,29763,12777,30.6
2026-06-10 00:31:23,29765,12778,27.4
2026-06-10 00:31:25,29767,12779,33.0
2026-06-10 00:31:28,29770,12780,18.1
2026-06-10 00:31:30,29772,12781,25.8
2026-06-10 00:31:32,29774,12782,177
2026-06-10 00:31:34,29776,12783,53.0
2026-06-10 00:31:36,29778,12784,23.1
2026-06-10 00:31:38,29780,12785,33.4
2026-06-10 00:31:40,29782,12786,20.7
2026-06-10 00:31:42,29784,12787,39.5
2026-06-10 00:31:44,29786,12788,25.9
2026-06-10 00:31:46,29788,12789,37.4
2026-06-10 00:31:48,29790,12790,33.6
2026-06-10 00:31:50,29792,12791,35.3
2026-06-10 00:31:52,29794,12792,43.0
2026-06-10 00:31:54,29796,12793,18.9
2026-06-10 00:31:56,29798,12794,33.2
2026-06-10 00:31:58,29800,12795,18.4
2026-06-10 00:32:00,29802,12796,17.6
2026-06-10 00:32:02,29804,12797,88.0
2026-06-10 00:32:05,29807,12798,13.6
2026-06-10 00:32:07,29809,12799,42.7
2026-06-10 00:32:09,29811,12800,45.2
2026-06-10 00:32:11,29813,12801,47.6
2026-06-10 00:32:13,29815,12802,21.6
2026-06-10 00:32:15,29817,12803,27.9
2026-06-10 00:32:17,29819,12804,33.9
2026-06-10 00:32:19,29821,12805,25.1
2026-06-10 00:32:21,29823,12806,42.1
2026-06-10 00:32:23,29825,12807,35.9
2026-06-10 00:32:25,29827,12808,29.5
2026-06-10 00:32:27,29829,12809,51.4
2026-06-10 00:32:29,29831,12810,44.5
2026-06-10 00:32:31,29833,12811,21.8
2026-06-10 00:32:33,29835,12812,31.7
2026-06-10 00:32:35,29837,12813,25.1
2026-06-10 00:32:37,29839,12814,43.1
2026-06-10 00:32:39,29841,12815,28.4
2026-06-10 00:32:41,29843,12816,39.4
2026-06-10 00:32:43,29845,12817,26.1
2026-06-10 00:32:45,29847,12818,27.6
2026-06-10 00:32:47,29849,12819,74.2
2026-06-10 00:32:49,29851,12820,40.8
2026-06-10 00:32:51,29853,12821,41.3
2026-06-10 00:32:53,29855,12822,33.6
2026-06-10 00:32:55,29857,12823,27.6
2026-06-10 00:32:57,29859,12824,38.9
2026-06-10 00:32:59,29861,12825,52.0
2026-06-10 00:33:01,29863,12826,30.1
2026-06-10 00:33:03,29865,12827,39.7
2026-06-10 00:33:05,29867,12828,27.5
2026-06-10 00:33:07,29869,12829,43.2
2026-06-10 00:33:09,29871,12830,65.0
2026-06-10 00:33:11,29873,12831,23.7
2026-06-10 00:33:13,29875,12832,36.0
2026-06-10 00:33:15,29877,12833,42.9
2026-06-10 00:33:17,29879,12834,25.0
2026-06-10 00:33:19,29881,12835,12.1
2026-06-10 00:33:21,29883,12836,19.8
2026-06-10 00:33:24,29886,12837,28.2
2026-06-10 00:33:26,29888,12838,14.1
2026-06-10 00:33:28,29890,12839,28.0
2026-06-10 00:33:30,29892,12840,36.7
2026-06-10 00:33:32,29894,12841,29.5
2026-06-10 00:33:34,29896,12842,31.9
2026-06-10 00:33:36,29898,12843,37.2
2026-06-10 00:33:38,29900,12844,56.7
2026-06-10 00:33:40,29902,12845,27.3
2026-06-10 00:33:42,29904,12846,28.3
2026-06-10 00:33:44,29906,12847,18.8
2026-06-10 00:33:46,29908,12848,39.1
2026-06-10 00:33:48,29910,12849,21.4
2026-06-10 00:33:50,29912,12850,32.6
2026-06-10 00:33:52,29914,12851,15.5
2026-06-10 00:33:54,29916,12852,17.5
2026-06-10 00:33:56,29918,12853,51.9
2026-06-10 00:33:58,29920,12854,41.6
2026-06-10 00:34:01,29923,12855,33.9
2026-06-10 00:34:03,29925,12856,20.3
2026-06-10 00:34:05,29927,12857,42.1
2026-06-10 00:34:07,29929,12858,20.8
2026-06-10 00:34:09,29931,12859,22.2
2026-06-10 00:34:11,29933,12860,15.3
2026-06-10 00:34:13,29935,12861,46.0
2026-06-10 00:34:15,29937,12862,29.3
2026-06-10 00:34:17,29939,12863,12.7
2026-06-10 00:34:19,29941,12864,38.2
2026-06-10 00:34:21,29943,12865,48.6
2026-06-10 00:34:23,29945,12866,20.7
2026-06-10 00:34:26,29948,12867,16.8
2026-06-10 00:34:28,29950,12868,37.9
2026-06-10 00:34:30,29952,12869,16.4
2026-06-10 00:34:32,29954,12870,16.7
2026-06-10 00:34:34,29956,12871,20.9
2026-06-10 00:34:36,29958,12872,42.0
2026-06-10 00:34:38,29960,12873,34.6
2026-06-10 00:34:40,29962,12874,36.9
2026-06-10 00:34:42,29964,12875,31.5
2026-06-10 00:34:44,29966,12876,12.7
2026-06-10 00:34:46,29968,12877,50.5
2026-06-10 00:34:48,29970,12878,26.7
2026-06-10 00:34:50,29972,12879,72.3
2026-06-10 00:34:52,29974,12880,176
2026-06-10 00:34:54,29976,12881,40.8
2026-06-10 00:34:56,29978,12882,23.0
2026-06-10 00:34:58,29980,12883,25.2
2026-06-10 00:35:00,29982,12884,41.1
2026-06-10 00:35:02,29984,12885,17.0
2026-06-10 00:35:05,29987,12886,39.2
2026-06-10 00:35:07,29989,12887,35.4
2026-06-10 00:35:09,29991,12888,33.8
2026-06-10 00:35:11,29993,12889,12.7
2026-06-10 00:35:13,29995,12890,46.7
2026-06-10 00:35:15,29997,12891,45.3
2026-06-10 00:35:17,29999,12892,40.3
2026-06-10 00:35:19,30001,12893,25.9
2026-06-10 00:35:21,30003,12894,14.6
2026-06-10 00:35:23,30005,12895,20.7
2026-06-10 00:35:25,30007,12896,42.6
2026-06-10 00:35:27,30009,12897,15.2
2026-06-10 00:35:29,30011,12898,42.4
2026-06-10 00:35:31,30013,12899,36.5
2026-06-10 00:35:33,30015,12900,41.1
2026-06-10 00:35:35,30017,12901,28.0
2026-06-10 00:35:37,30019,12902,33.3
2026-06-10 00:35:39,30021,12903,26.0
2026-06-10 00:35:41,30023,12904,53.4
2026-06-10 00:35:43,30025,12905,37.5
2026-06-10 00:35:45,30027,12906,13.2
2026-06-10 00:35:47,30029,12907,18.4
2026-06-10 00:35:49,30031,12908,24.7
2026-06-10 00:35:51,30033,12909,26.3
2026-06-10 00:35:53,30035,12910,31.1
2026-06-10 00:35:55,30037,12911,55.2
2026-06-10 00:35:57,30039,12912,23.8
2026-06-10 00:36:00,30042,12913,30.4
2026-06-10 00:36:02,30044,12914,19.0
2026-06-10 00:36:04,30046,12915,17.8
2026-06-10 00:36:06,30048,12916,25.8
2026-06-10 00:36:08,30050,12917,40.4
2026-06-10 00:36:10,30052,12918,28.0
2026-06-10 00:36:12,30054,12919,56.6
2026-06-10 00:36:14,30056,12920,90.0
2026-06-10 00:36:16,30058,12921,21.7
2026-06-10 00:36:18,30060,12922,200
2026-06-10 00:36:20,30062,12923,25.5
2026-06-10 00:36:22,30064,12924,29.3
2026-06-10 00:36:24,30066,12925,24.8
2026-06-10 00:36:26,30068,12926,44.5
2026-06-10 00:36:28,30070,12927,31.8
2026-06-10 00:36:30,30072,12928,56.4
2026-06-10 00:36:32,30074,12929,13.8
2026-06-10 00:36:34,30076,12930,22.7
2026-06-10 00:36:36,30078,12931,59.8
2026-06-10 00:36:38,30080,12932,67.1
2026-06-10 00:36:41,30083,12933,35.7
2026-06-10 00:36:43,30085,12934,30.6
2026-06-10 00:36:45,30087,12935,56.1
2026-06-10 00:36:47,30089,12936,27.1
2026-06-10 00:36:49,30091,12937,51.8
2026-06-10 00:36:51,30093,12938,74.7
2026-06-10 00:36:53,30095,12939,23.7
2026-06-10 00:36:55,30097,12940,26.9
2026-06-10 00:36:57,30099,12941,68.0
2026-06-10 00:36:59,30101,12942,22.6
2026-06-10 00:37:01,30103,12943,46.8
2026-06-10 00:37:04,30106,12944,52.5
2026-06-10 00:37:06,30108,12945,19.8
2026-06-10 00:37:08,30110,12946,48.0
2026-06-10 00:37:10,30112,12947,23.2
2026-06-10 00:37:12,30114,12948,99.7
2026-06-10 00:37:14,30116,12949,14.1
2026-06-10 00:37:16,30118,12950,29.1
2026-06-10 00:37:18,30120,12951,38.2
2026-06-10 00:37:20,30122,12952,26.6
2026-06-10 00:37:22,30124,12953,36.3
2026-06-10 00:37:24,30126,12954,20.4
2026-06-10 00:37:26,30128,12955,27.3
2026-06-10 00:37:29,30131,12956,44.9
2026-06-10 00:37:31,30133,12957,20.7
2026-06-10 00:37:33,30135,12958,33.6
2026-06-10 00:37:35,30137,12959,19.8
2026-06-10 00:37:37,30139,12960,21.7
2026-06-10 00:37:39,30141,12961,37.3
2026-06-10 00:37:41,30143,12962,28.6
2026-06-10 00:37:43,30145,12963,21.9
2026-06-10 00:37:45,30147,12964,44.7
2026-06-10 00:37:47,30149,12965,25.3
2026-06-10 00:37:50,30152,12966,17.0
2026-06-10 00:37:52,30154,12967,8.62
2026-06-10 00:37:54,30156,12968,30.0
2026-06-10 00:37:56,30158,12969,14.0
2026-06-10 00:37:58,30160,12970,48.2
2026-06-10 00:38:00,30162,12971,30.4
2026-06-10 00:38:02,30164,12972,21.3
2026-06-10 00:38:04,30166,12973,30.2
2026-06-10 00:38:06,30168,12974,28.1
2026-06-10 00:38:08,30170,12975,27.4
2026-06-10 00:38:10,30172,12976,13.9
2026-06-10 00:38:12,30174,12977,18.6
2026-06-10 00:38:14,30176,12978,29.3
2026-06-10 00:38:16,30178,12979,40.0
2026-06-10 00:38:18,30180,12980,25.1
2026-06-10 00:38:20,30182,12981,17.4
2026-06-10 00:38:22,30184,12982,80.1
2026-06-10 00:38:24,30186,12983,22.3
2026-06-10 00:38:26,30188,12984,30.7
2026-06-10 00:38:29,30191,12985,10.5
2026-06-10 00:38:31,30193,12986,18.6
2026-06-10 00:38:33,30195,12987,15.5
2026-06-10 00:38:35,30197,12988,29.8
2026-06-10 00:38:37,30199,12989,25.5
2026-06-10 00:38:39,30201,12990,61.5
2026-06-10 00:38:41,30203,12991,36.7
2026-06-10 00:38:43,30205,12992,38.1
2026-06-10 00:38:45,30207,12993,50.1
2026-06-10 00:38:47,30209,12994,25.0
2026-06-10 00:38:49,30211,12995,32.2
2026-06-10 00:38:51,30213,12996,28.7
2026-06-10 00:38:53,30215,12997,53.8
2026-06-10 00:38:55,30217,12998,37.3
2026-06-10 00:38:57,30219,12999,30.6
2026-06-10 00:38:59,30221,13000,36.3
2026-06-10 00:39:01,30223,13001,24.9
2026-06-10 00:39:03,30225,13002,54.8
2026-06-10 00:39:05,30227,13003,53.9
2026-06-10 00:39:07,30229,13004,36.4
2026-06-10 00:39:09,30231,13005,31.2
2026-06-10 00:39:11,30233,13006,57.7
2026-06-10 00:39:13,30235,13007,37.4
2026-06-10 00:39:15,30237,13008,38.5
2026-06-10 00:39:17,30239,13009,41.0
2026-06-10 00:39:19,30241,13010,19.1
2026-06-10 00:39:21,30243,13011,36.9
2026-06-10 00:39:23,30245,13012,42.5
2026-06-10 00:39:25,30247,13013,22.4
2026-06-10 00:39:27,30249,13014,28.5
2026-06-10 00:39:29,30251,13015,36.9
2026-06-10 00:39:31,30253,13016,35.9
2026-06-10 00:39:33,30255,13017,33.9
2026-06-10 00:39:35,30257,13018,25.9
2026-06-10 00:39:37,30259,13019,41.1
2026-06-10 00:39:39,30261,13020,38.6
2026-06-10 00:39:41,30263,13021,38.3
2026-06-10 00:39:43,30265,13022,54.5
2026-06-10 00:39:45,30267,13023,29.0
2026-06-10 00:39:46,30268,13024,53.6
2026-06-10 00:39:48,30270,13025,17.6
2026-06-10 00:39:50,30272,13026,32.5
2026-06-10 00:39:52,30274,13027,30.9
2026-06-10 00:39:55,30277,13028,38.0
2026-06-10 00:39:57,30279,13029,22.8
2026-06-10 00:39:59,30281,13030,64.1
2026-06-10 00:40:01,30283,13031,37.1
2026-06-10 00:40:03,30285,13032,44.4
2026-06-10 00:40:05,30287,13033,35.8
2026-06-10 00:40:07,30289,13034,26.1
2026-06-10 00:40:09,30291,13035,214
2026-06-10 00:40:11,30293,13036,40.6
2026-06-10 00:40:13,30295,13037,36.6
2026-06-10 00:40:15,30297,13038,45.8
2026-06-10 00:40:17,30299,13039,35.5
2026-06-10 00:40:19,30301,13040,26.4
2026-06-10 00:40:21,30303,13041,35.7
2026-06-10 00:40:23,30305,13042,26.9
2026-06-10 00:40:25,30307,13043,49.8
2026-06-10 00:40:27,30309,13044,37.3
2026-06-10 00:40:29,30311,13045,59.5
2026-06-10 00:40:31,30313,13046,27.4
2026-06-10 00:40:33,30315,13047,17.6
2026-06-10 00:40:35,30317,13048,27.0
2026-06-10 00:40:37,30319,13049,34.0
2026-06-10 00:40:39,30321,13050,59.6
2026-06-10 00:40:41,30323,13051,46.6
2026-06-10 00:40:43,30325,13052,50.8
2026-06-10 00:40:45,30327,13053,30.5
2026-06-10 00:40:47,30329,13054,44.3
2026-06-10 00:40:49,30331,13055,57.1
2026-06-10 00:40:51,30333,13056,25.4
2026-06-10 00:40:53,30335,13057,35.6
2026-06-10 00:40:55,30337,13058,35.1
2026-06-10 00:40:57,30339,13059,49.1
2026-06-10 00:40:59,30341,13060,32.9
2026-06-10 00:41:01,30343,13061,50.3
2026-06-10 00:41:03,30345,13062,19.1
2026-06-10 00:41:05,30347,13063,30.1
2026-06-10 00:41:07,30349,13064,42.3
2026-06-10 00:41:09,30351,13065,29.1
2026-06-10 00:41:11,30353,13066,41.9
2026-06-10 00:41:13,30355,13067,32.1
2026-06-10 00:41:15,30357,13068,33.0
2026-06-10 00:41:17,30359,13069,49.3
2026-06-10 00:41:19,30361,13070,51.6
2026-06-10 00:41:21,30363,13071,50.0
2026-06-10 00:41:23,30365,13072,33.9
2026-06-10 00:41:25,30367,13073,29.4
2026-06-10 00:41:27,30369,13074,23.0
2026-06-10 00:41:29,30371,13075,35.3
2026-06-10 00:41:31,30373,13076,41.2
2026-06-10 00:41:33,30375,13077,31.0
2026-06-10 00:41:35,30377,13078,46.3
2026-06-10 00:41:37,30379,13079,40.7
2026-06-10 00:41:39,30381,13080,38.7
2026-06-10 00:41:41,30383,13081,52.5
2026-06-10 00:41:43,30385,13082,27.7
2026-06-10 00:41:45,30387,13083,28.5
2026-06-10 00:41:47,30389,13084,63.6
2026-06-10 00:41:49,30391,13085,48.6
2026-06-10 00:41:51,30393,13086,36.2
2026-06-10 00:41:53,30395,13087,49.6
2026-06-10 00:41:55,30397,13088,35.9
2026-06-10 00:41:57,30399,13089,35.1
2026-06-10 00:41:59,30401,13090,35.4
2026-06-10 00:42:01,30403,13091,26.8
2026-06-10 00:42:03,30405,13092,43.8
2026-06-10 00:42:05,30407,13093,106
2026-06-10 00:42:07,30409,13094,28.1
2026-06-10 00:42:09,30411,13095,30.0
2026-06-10 00:42:11,30413,13096,43.2
2026-06-10 00:42:13,30415,13097,16.4
2026-06-10 00:42:15,30417,13098,34.2
2026-06-10 00:42:17,30419,13099,35.6
2026-06-10 00:42:19,30421,13100,24.9
2026-06-10 00:42:21,30423,13101,30.9
2026-06-10 00:42:23,30425,13102,39.0
2026-06-10 00:42:25,30427,13103,30.6
2026-06-10 00:42:27,30429,13104,55.5
2026-06-10 00:42:29,30431,13105,42.4
2026-06-10 00:42:31,30433,13106,26.1
2026-06-10 00:42:33,30435,13107,67.2
2026-06-10 00:42:35,30437,13108,45.5
2026-06-10 00:42:37,30439,13109,45.7
2026-06-10 00:42:39,30441,13110,58.1
2026-06-10 00:42:41,30443,13111,26.1
2026-06-10 00:42:43,30445,13112,32.1
2026-06-10 00:42:45,30447,13113,31.3
2026-06-10 00:42:47,30449,13114,44.3
2026-06-10 00:42:49,30451,13115,39.0
2026-06-10 00:42:51,30453,13116,28.2
2026-06-10 00:42:53,30455,13117,178
2026-06-10 00:42:55,30457,13118,39.9
2026-06-10 00:42:57,30459,13119,32.0
2026-06-10 00:42:59,30461,13120,49.5
2026-06-10 00:43:01,30463,13121,37.7
2026-06-10 00:43:02,30464,13122,32.9
2026-06-10 00:43:04,30466,13123,41.7
2026-06-10 00:43:06,30468,13124,41.3
2026-06-10 00:43:09,30471,13125,44.4
2026-06-10 00:43:10,30472,13126,36.5
2026-06-10 00:43:12,30474,13127,34.3
2026-06-10 00:43:14,30476,13128,46.1
2026-06-10 00:43:16,30478,13129,44.8
2026-06-10 00:43:18,30480,13130,43.5
2026-06-10 00:43:20,30482,13131,31.3
2026-06-10 00:43:22,30484,13132,15.1
2026-06-10 00:43:24,30486,13133,63.7
2026-06-10 00:43:26,30488,13134,29.6
2026-06-10 00:43:28,30490,13135,34.0
2026-06-10 00:43:30,30492,13136,43.0
2026-06-10 00:43:32,30494,13137,62.1
2026-06-10 00:43:34,30496,13138,39.4
2026-06-10 00:43:36,30498,13139,34.7
2026-06-10 00:43:38,30500,13140,50.7
2026-06-10 00:43:40,30502,13141,28.9
2026-06-10 00:43:42,30504,13142,34.6
2026-06-10 00:43:44,30506,13143,44.0
2026-06-10 00:43:46,30508,13144,32.5
2026-06-10 00:43:48,30510,13145,36.9
2026-06-10 00:43:50,30512,13146,44.6
2026-06-10 00:43:52,30514,13147,43.2
2026-06-10 00:43:54,30516,13148,30.8
2026-06-10 00:43:56,30518,13149,38.5
2026-06-10 00:43:58,30520,13150,170
2026-06-10 00:44:00,30522,13151,36.2
2026-06-10 00:44:02,30524,13152,35.2
2026-06-10 00:44:04,30526,13153,33.8
2026-06-10 00:44:06,30528,13154,41.3
2026-06-10 00:44:08,30530,13155,33.6
2026-06-10 00:44:10,30532,13156,40.2
2026-06-10 00:44:12,30534,13157,50.1
2026-06-10 00:44:14,30536,13158,65.7
2026-06-10 00:44:16,30538,13159,50.4
2026-06-10 00:44:18,30540,13160,51.1
2026-06-10 00:44:20,30542,13161,58.9
2026-06-10 00:44:22,30544,13162,39.1
2026-06-10 00:44:24,30546,13163,40.9
2026-06-10 00:44:26,30548,13164,45.6
2026-06-10 00:44:28,30550,13165,54.4
2026-06-10 00:44:30,30552,13166,45.3
2026-06-10 00:44:32,30554,13167,27.2
2026-06-10 00:44:34,30556,13168,40.8
2026-06-10 00:44:36,30558,13169,56.6
2026-06-10 00:44:38,30560,13170,50.8
2026-06-10 00:44:40,30562,13171,50.7
2026-06-10 00:44:42,30564,13172,36.0
2026-06-10 00:44:44,30566,13173,54.7
2026-06-10 00:44:46,30568,13174,29.1
2026-06-10 00:44:48,30570,13175,33.9
2026-06-10 00:44:50,30572,13176,36.0
2026-06-10 00:44:52,30574,13177,29.8
2026-06-10 00:44:54,30576,13178,45.6
2026-06-10 00:44:56,30578,13179,21.5
2026-06-10 00:44:58,30580,13180,43.6
2026-06-10 00:45:00,30582,13181,35.1
2026-06-10 00:45:02,30584,13182,24.2
2026-06-10 00:45:04,30586,13183,47.6
2026-06-10 00:45:06,30588,13184,28.6
2026-06-10 00:45:08,30590,13185,57.9
2026-06-10 00:45:10,30592,13186,44.1
2026-06-10 00:45:12,30594,13187,26.3
2026-06-10 00:45:14,30596,13188,43.7
2026-06-10 00:45:16,30598,13189,44.1
2026-06-10 00:45:18,30600,13190,31.5
2026-06-10 00:45:20,30602,13191,34.4
2026-06-10 00:45:22,30604,13192,29.5
2026-06-10 00:45:24,30606,13193,51.4
2026-06-10 00:45:26,30608,13194,37.7
2026-06-10 00:45:28,30610,13195,43.8
2026-06-10 00:45:30,30612,13196,44.5
2026-06-10 00:45:32,30614,13197,37.0
2026-06-10 00:45:34,30616,13198,31.1
2026-06-10 00:45:36,30618,13199,32.7
2026-06-10 00:45:38,30620,13200,36.4
2026-06-10 00:45:40,30622,13201,58.8
2026-06-10 00:45:42,30624,13202,47.8
2026-06-10 00:45:44,30626,13203,47.1
2026-06-10 00:45:46,30628,13204,42.9
2026-06-10 00:45:48,30630,13205,23.3
2026-06-10 00:45:50,30632,13206,52.3
2026-06-10 00:45:52,30634,13207,50.5
2026-06-10 00:45:54,30636,13208,30.0
2026-06-10 00:45:56,30638,13209,36.7
2026-06-10 00:45:58,30640,13210,16.0
2026-06-10 00:46:00,30642,13211,29.5
2026-06-10 00:46:02,30644,13212,29.3
2026-06-10 00:46:04,30646,13213,40.1
2026-06-10 00:46:06,30648,13214,39.8
2026-06-10 00:46:08,30650,13215,37.3
2026-06-10 00:46:10,30652,13216,28.5
2026-06-10 00:46:12,30654,13217,32.1
2026-06-10 00:46:14,30656,13218,19.5
2026-06-10 00:46:17,30659,13219,29.8
2026-06-10 00:46:19,30661,13220,42.6
2026-06-10 00:46:21,30663,13221,28.3
2026-06-10 00:46:23,30665,13222,35.3
2026-06-10 00:46:25,30667,13223,49.3
2026-06-10 00:46:27,30669,13224,27.7
2026-06-10 00:46:29,30671,13225,25.0
2026-06-10 00:46:31,30673,13226,30.0
2026-06-10 00:46:33,30675,13227,34.7
2026-06-10 00:46:35,30677,13228,63.4
2026-06-10 00:46:37,30679,13229,43.1
2026-06-10 00:46:39,30681,13230,34.4
2026-06-10 00:46:41,30683,13231,40.3
2026-06-10 00:46:43,30685,13232,31.3
2026-06-10 00:46:45,30687,13233,38.3
2026-06-10 00:46:47,30689,13234,37.5
2026-06-10 00:46:49,30691,13235,25.9
2026-06-10 00:46:51,30693,13236,25.0
2026-06-10 00:46:53,30695,13237,40.0
2026-06-10 00:46:55,30697,13238,15.4
2026-06-10 00:46:57,30699,13239,40.3
2026-06-10 00:46:59,30701,13240,52.8
2026-06-10 00:47:01,30703,13241,25.8
2026-06-10 00:47:03,30705,13242,35.7
2026-06-10 00:47:05,30707,13243,42.4
2026-06-10 00:47:07,30709,13244,32.4
2026-06-10 00:47:09,30711,13245,39.6
2026-06-10 00:47:11,30713,13246,32.8
2026-06-10 00:47:13,30715,13247,39.3
2026-06-10 00:47:15,30717,13248,72.1
2026-06-10 00:47:17,30719,13249,40.3
2026-06-10 00:47:19,30721,13250,38.9
2026-06-10 00:47:21,30723,13251,34.9
2026-06-10 00:47:23,30725,13252,35.5
2026-06-10 00:47:25,30727,13253,37.3
2026-06-10 00:47:27,30729,13254,49.4
2026-06-10 00:47:29,30731,13255,37.3
2026-06-10 00:47:31,30733,13256,25.9
2026-06-10 00:47:33,30735,13257,43.8
2026-06-10 00:47:34,30736,13258,27.9
2026-06-10 00:47:36,30738,13259,42.9
2026-06-10 00:47:38,30740,13260,48.8
2026-06-10 00:47:40,30742,13261,42.9
2026-06-10 00:47:42,30744,13262,47.8
2026-06-10 00:47:44,30746,13263,37.5
2026-06-10 00:47:46,30748,13264,43.6
2026-06-10 00:47:48,30750,13265,30.3
2026-06-10 00:47:50,30752,13266,38.4
2026-06-10 00:47:52,30754,13267,37.5
2026-06-10 00:47:54,30756,13268,30.4
2026-06-10 00:47:56,30758,13269,47.0
2026-06-10 00:47:58,30760,13270,95.1
2026-06-10 00:48:00,30762,13271,34.5
2026-06-10 00:48:02,30764,13272,36.9
2026-06-10 00:48:04,30766,13273,22.3
2026-06-10 00:48:06,30768,13274,32.5
2026-06-10 00:48:08,30770,13275,26.0
2026-06-10 00:48:10,30772,13276,32.1
2026-06-10 00:48:12,30774,13277,42.0
2026-06-10 00:48:14,30776,13278,55.2
2026-06-10 00:48:16,30778,13279,48.1
2026-06-10 00:48:18,30780,13280,26.2
2026-06-10 00:48:20,30782,13281,35.4
2026-06-10 00:48:22,30784,13282,37.3
2026-06-10 00:48:24,30786,13283,36.4
2026-06-10 00:48:26,30788,13284,39.0
2026-06-10 00:48:28,30790,13285,35.4
2026-06-10 00:48:30,30792,13286,54.6
2026-06-10 00:48:32,30794,13287,50.6
2026-06-10 00:48:34,30796,13288,32.5
2026-06-10 00:48:36,30798,13289,36.8
2026-06-10 00:48:38,30800,13290,29.1
2026-06-10 00:48:40,30802,13291,180
2026-06-10 00:48:42,30804,13292,31.2
2026-06-10 00:48:44,30806,13293,25.9
2026-06-10 00:48:46,30808,13294,33.6
2026-06-10 00:48:48,30810,13295,40.6
2026-06-10 00:48:50,30812,13296,21.7
2026-06-10 00:48:52,30814,13297,41.2
2026-06-10 00:48:54,30816,13298,32.0
2026-06-10 00:48:56,30818,13299,49.4
2026-06-10 00:48:58,30820,13300,35.7
2026-06-10 00:49:00,30822,13301,53.4
2026-06-10 00:49:02,30824,13302,59.3
2026-06-10 00:49:04,30826,13303,53.5
2026-06-10 00:49:06,30828,13304,28.3
2026-06-10 00:49:08,30830,13305,27.0
2026-06-10 00:49:10,30832,13306,49.9
2026-06-10 00:49:12,30834,13307,57.0
2026-06-10 00:49:14,30836,13308,41.6
2026-06-10 00:49:16,30838,13309,47.0
2026-06-10 00:49:18,30840,13310,31.6
2026-06-10 00:49:20,30842,13311,48.6
2026-06-10 00:49:22,30844,13312,39.4
2026-06-10 00:49:24,30846,13313,42.3
2026-06-10 00:49:26,30848,13314,59.8
2026-06-10 00:49:28,30850,13315,34.6
2026-06-10 00:49:30,30852,13316,41.1
2026-06-10 00:49:32,30854,13317,51.3
2026-06-10 00:49:34,30856,13318,42.1
2026-06-10 00:49:36,30858,13319,58.3
2026-06-10 00:49:38,30860,13320,56.2
2026-06-10 00:49:40,30862,13321,46.1
2026-06-10 00:49:42,30864,13322,44.5
2026-06-10 00:49:44,30866,13323,33.9
2026-06-10 00:49:46,30868,13324,36.3
2026-06-10 00:49:48,30870,13325,31.0
2026-06-10 00:49:50,30872,13326,36.3
2026-06-10 00:49:52,30874,13327,44.4
2026-06-10 00:49:54,30876,13328,41.1
2026-06-10 00:49:56,30878,13329,36.2
2026-06-10 00:49:58,30880,13330,45.5
2026-06-10 00:50:00,30882,13331,62.1
2026-06-10 00:50:02,30884,13332,45.8
2026-06-10 00:50:04,30886,13333,35.0
2026-06-10 00:50:06,30888,13334,122
2026-06-10 00:50:08,30890,13335,42.9
2026-06-10 00:50:09,30891,13336,47.0
2026-06-10 00:50:11,30893,13337,18.4
2026-06-10 00:50:13,30895,13338,41.4
2026-06-10 00:50:15,30897,13339,34.5
2026-06-10 00:50:17,30899,13340,31.2
2026-06-10 00:50:19,30901,13341,37.7
2026-06-10 00:50:21,30903,13342,540
2026-06-10 00:50:23,30905,13343,28.1
2026-06-10 00:50:25,30907,13344,40.7
2026-06-10 00:50:27,30909,13345,137
2026-06-10 00:50:30,30912,13346,157
2026-06-10 00:50:32,30913,13347,255
2026-06-10 00:50:34,30916,13348,212
2026-06-10 00:50:36,30918,13349,195
2026-06-10 00:50:38,30920,13350,117
2026-06-10 00:50:40,30922,13351,34.4
2026-06-10 00:50:42,30924,13352,32.3
2026-06-10 00:50:44,30926,13353,36.2
2026-06-10 00:50:46,30928,13354,23.1
2026-06-10 00:50:48,30930,13355,19.6
2026-06-10 00:50:50,30932,13356,26.3
2026-06-10 00:50:51,30933,13357,28.9
2026-06-10 00:50:53,30935,13358,50.3
2026-06-10 00:50:55,30937,13359,12.8
2026-06-10 00:50:57,30939,13360,39.7
2026-06-10 00:50:59,30941,13361,44.7
2026-06-10 00:51:01,30943,13362,38.5
2026-06-10 00:51:03,30945,13363,40.2
2026-06-10 00:51:05,30947,13364,30.3
2026-06-10 00:51:07,30949,13365,44.0
2026-06-10 00:51:09,30951,13366,30.4
2026-06-10 00:51:11,30953,13367,29.8
2026-06-10 00:51:13,30955,13368,32.0
2026-06-10 00:51:15,30957,13369,30.7
2026-06-10 00:51:17,30959,13370,23.3
2026-06-10 00:51:19,30961,13371,27.5
2026-06-10 00:51:21,30963,13372,32.7
2026-06-10 00:51:23,30965,13373,36.3
2026-06-10 00:51:25,30967,13374,57.3
2026-06-10 00:51:27,30969,13375,30.6
2026-06-10 00:51:29,30971,13376,43.4
2026-06-10 00:51:31,30973,13377,43.4
2026-06-10 00:51:33,30975,13378,47.2
2026-06-10 00:51:35,30977,13379,40.3
2026-06-10 00:51:37,30979,13380,51.3
2026-06-10 00:51:39,30981,13381,39.8
2026-06-10 00:51:41,30983,13382,26.7
2026-06-10 00:51:43,30985,13383,37.1
2026-06-10 00:51:45,30987,13384,38.7
2026-06-10 00:51:47,30989,13385,37.4
2026-06-10 00:51:49,30991,13386,40.7
2026-06-10 00:51:51,30993,13387,21.3
2026-06-10 00:51:53,30995,13388,60.6
2026-06-10 00:51:55,30997,13389,43.3
2026-06-10 00:51:57,30999,13390,41.3
2026-06-10 00:51:59,31001,13391,35.2
2026-06-10 00:52:01,31003,13392,51.4
2026-06-10 00:52:03,31005,13393,45.5
2026-06-10 00:52:05,31007,13394,28.1
2026-06-10 00:52:07,31009,13395,22.3
2026-06-10 00:52:09,31011,13396,40.1
2026-06-10 00:52:11,31013,13397,35.7
2026-06-10 00:52:13,31015,13398,39.8
2026-06-10 00:52:15,31017,13399,51.0
2026-06-10 00:52:17,31019,13400,38.3
2026-06-10 00:52:19,31021,13401,45.2
2026-06-10 00:52:21,31023,13402,43.9
2026-06-10 00:52:23,31025,13403,37.3
2026-06-10 00:52:25,31027,13404,38.9
2026-06-10 00:52:27,31029,13405,46.7
2026-06-10 00:52:29,31031,13406,33.8
2026-06-10 00:52:31,31033,13407,32.2
2026-06-10 00:52:33,31035,13408,38.5
2026-06-10 00:52:35,31037,13409,36.0
2026-06-10 00:52:37,31039,13410,29.1
2026-06-10 00:52:39,31041,13411,32.8
2026-06-10 00:52:41,31043,13412,27.8
2026-06-10 00:52:43,31045,13413,45.6
2026-06-10 00:52:45,31047,13414,83.0
2026-06-10 00:52:47,31049,13415,30.1
2026-06-10 00:52:49,31051,13416,40.2
2026-06-10 00:52:51,31053,13417,46.9
2026-06-10 00:52:53,31055,13418,33.3
2026-06-10 00:52:55,31057,13419,36.7
2026-06-10 00:52:57,31059,13420,30.0
2026-06-10 00:52:59,31060,13421,28.8
2026-06-10 00:53:00,31062,13422,23.0
2026-06-10 00:53:03,31065,13423,33.1
2026-06-10 00:53:05,31067,13424,53.3
2026-06-10 00:53:07,31069,13425,32.2
2026-06-10 00:53:09,31071,13426,62.1
2026-06-10 00:53:11,31073,13427,38.9
2026-06-10 00:53:13,31075,13428,41.4
2026-06-10 00:53:15,31077,13429,32.1
2026-06-10 00:53:17,31079,13430,45.9
2026-06-10 00:53:19,31081,13431,30.3
2026-06-10 00:53:21,31083,13432,49.7
2026-06-10 00:53:23,31085,13433,31.5
2026-06-10 00:53:25,31087,13434,48.9
2026-06-10 00:53:27,31089,13435,25.6
2026-06-10 00:53:29,31091,13436,35.2
2026-06-10 00:53:31,31093,13437,61.0
2026-06-10 00:53:33,31095,13438,35.4
2026-06-10 00:53:35,31097,13439,32.2
2026-06-10 00:53:37,31098,13440,264
2026-06-10 00:53:38,31100,13441,47.4
2026-06-10 00:53:40,31102,13442,25.8
2026-06-10 00:53:42,31104,13443,21.1
2026-06-10 00:53:44,31106,13444,39.7
2026-06-10 00:53:46,31108,13445,40.2
2026-06-10 00:53:48,31110,13446,36.7
2026-06-10 00:53:50,31112,13447,39.6
2026-06-10 00:53:52,31114,13448,31.0
2026-06-10 00:53:54,31116,13449,49.5
2026-06-10 00:53:56,31118,13450,54.2
2026-06-10 00:53:58,31120,13451,29.5
2026-06-10 00:54:00,31122,13452,37.1
2026-06-10 00:54:02,31124,13453,35.7
2026-06-10 00:54:04,31126,13454,36.4
2026-06-10 00:54:06,31128,13455,46.9
2026-06-10 00:54:08,31130,13456,65.1
2026-06-10 00:54:10,31132,13457,41.9
2026-06-10 00:54:12,31134,13458,37.0
2026-06-10 00:54:14,31136,13459,41.1
2026-06-10 00:54:16,31138,13460,38.8
2026-06-10 00:54:18,31140,13461,16.6
2026-06-10 00:54:20,31142,13462,19.7
2026-06-10 00:54:22,31144,13463,33.2
2026-06-10 00:54:24,31146,13464,26.4
2026-06-10 00:54:26,31148,13465,30.1
2026-06-10 00:54:28,31150,13466,34.4
2026-06-10 00:54:30,31152,13467,44.8
2026-06-10 00:54:32,31154,13468,42.6
2026-06-10 00:54:34,31156,13469,35.3
2026-06-10 00:54:36,31157,13470,41.0
2026-06-10 00:54:37,31159,13471,26.4
2026-06-10 00:54:39,31161,13472,23.4
2026-06-10 00:54:41,31163,13473,39.1
2026-06-10 00:54:43,31165,13474,21.5
2026-06-10 00:54:45,31167,13475,23.4
2026-06-10 00:54:47,31169,13476,19.6
2026-06-10 00:54:49,31171,13477,40.1
2026-06-10 00:54:51,31173,13478,55.9
2026-06-10 00:54:53,31175,13479,35.7
2026-06-10 00:54:55,31177,13480,24.9
2026-06-10 00:54:57,31179,13481,27.6
2026-06-10 00:54:59,31181,13482,54.6
2026-06-10 00:55:01,31183,13483,65.6
2026-06-10 00:55:03,31185,13484,39.6
2026-06-10 00:55:05,31187,13485,39.9
2026-06-10 00:55:07,31189,13486,53.8
2026-06-10 00:55:09,31191,13487,25.0
2026-06-10 00:55:11,31193,13488,31.2
2026-06-10 00:55:13,31195,13489,40.0
2026-06-10 00:55:15,31197,13490,56.7
2026-06-10 00:55:17,31199,13491,40.1
2026-06-10 00:55:19,31201,13492,34.7
2026-06-10 00:55:21,31203,13493,97.2
2026-06-10 00:55:23,31205,13494,76.0
2026-06-10 00:55:26,31208,13495,31.1
2026-06-10 00:55:27,31209,13496,83.5
2026-06-10 00:55:29,31211,13497,129
2026-06-10 00:55:31,31213,13498,53.8
2026-06-10 00:55:33,31215,13499,29.2
2026-06-10 00:55:35,31217,13500,26.6
2026-06-10 00:55:38,31220,13501,49.7
2026-06-10 00:55:40,31222,13502,48.6
2026-06-10 00:55:42,31224,13503,30.1
2026-06-10 00:55:44,31226,13504,41.4
2026-06-10 00:55:46,31228,13505,44.7
2026-06-10 00:55:48,31230,13506,68.0
2026-06-10 00:55:50,31232,13507,55.3
2026-06-10 00:55:52,31234,13508,51.5
2026-06-10 00:55:53,31235,13509,62.9
2026-06-10 00:55:55,31237,13510,45.9
2026-06-10 00:55:57,31239,13511,19.0
2026-06-10 00:55:59,31241,13512,22.9
2026-06-10 00:56:02,31244,13513,55.7
2026-06-10 00:56:04,31246,13514,40.2
2026-06-10 00:56:06,31248,13515,31.3
2026-06-10 00:56:07,31249,13516,50.2
2026-06-10 00:56:09,31251,13517,42.3
2026-06-10 00:56:11,31253,13518,28.4
2026-06-10 00:56:14,31256,13519,33.9
2026-06-10 00:56:16,31258,13520,27.7
2026-06-10 00:56:18,31260,13521,59.7
2026-06-10 00:56:20,31262,13522,57.4
2026-06-10 00:56:22,31264,13523,35.3
2026-06-10 00:56:24,31266,13524,23.1
2026-06-10 00:56:26,31268,13525,29.9
2026-06-10 00:56:28,31270,13526,42.3
2026-06-10 00:56:30,31272,13527,21.3
2026-06-10 00:56:32,31274,13528,30.5
2026-06-10 00:56:34,31276,13529,30.0
2026-06-10 00:56:36,31278,13530,47.1
2026-06-10 00:56:38,31280,13531,15.5
2026-06-10 00:56:40,31282,13532,18.5
2026-06-10 00:56:42,31284,13533,42.7
2026-06-10 00:56:44,31286,13534,35.4
2026-06-10 00:56:46,31288,13535,24.8
2026-06-10 00:56:48,31290,13536,31.0
2026-06-10 00:56:50,31292,13537,34.3
2026-06-10 00:56:52,31294,13538,26.9
2026-06-10 00:56:55,31297,13539,35.8
2026-06-10 00:56:57,31299,13540,30.9
2026-06-10 00:56:59,31301,13541,60.9
2026-06-10 00:57:01,31303,13542,18.9
2026-06-10 00:57:03,31305,13543,45.1
2026-06-10 00:57:05,31307,13544,17.7
2026-06-10 00:57:07,31309,13545,40.9
2026-06-10 00:57:09,31311,13546,28.2
2026-06-10 00:57:11,31313,13547,28.8
2026-06-10 00:57:13,31315,13548,13.3
2026-06-10 00:57:15,31317,13549,40.6
2026-06-10 00:57:17,31319,13550,33.2
2026-06-10 00:57:19,31321,13551,34.8
2026-06-10 00:57:21,31323,13552,34.5
2026-06-10 00:57:23,31325,13553,24.5
2026-06-10 00:57:25,31327,13554,58.4
2026-06-10 00:57:27,31329,13555,42.8
2026-06-10 00:57:29,31331,13556,34.0
2026-06-10 00:57:31,31333,13557,41.9
2026-06-10 00:57:33,31335,13558,34.7
2026-06-10 00:57:35,31337,13559,20.9
2026-06-10 00:57:37,31339,13560,45.8
2026-06-10 00:57:39,31341,13561,27.8
2026-06-10 00:57:41,31343,13562,31.0
2026-06-10 00:57:43,31345,13563,29.0
2026-06-10 00:57:45,31347,13564,29.3
2026-06-10 00:57:47,31349,13565,186
2026-06-10 00:57:49,31351,13566,51.7
2026-06-10 00:57:51,31353,13567,41.6
2026-06-10 00:57:53,31355,13568,39.6
2026-06-10 00:57:55,31357,13569,31.2
2026-06-10 00:57:57,31359,13570,40.2
2026-06-10 00:57:59,31361,13571,40.2
2026-06-10 00:58:01,31363,13572,31.9
2026-06-10 00:58:03,31365,13573,37.2
2026-06-10 00:58:05,31367,13574,14.5
2026-06-10 00:58:07,31369,13575,63.7
2026-06-10 00:58:09,31371,13576,15.3
2026-06-10 00:58:11,31373,13577,17.6
2026-06-10 00:58:13,31375,13578,32.4
2026-06-10 00:58:15,31377,13579,75.2
2026-06-10 00:58:17,31379,13580,41.3
2026-06-10 00:58:19,31381,13581,34.9
2026-06-10 00:58:21,31383,13582,105
2026-06-10 00:58:23,31385,13583,54.5
2026-06-10 00:58:25,31387,13584,44.2
2026-06-10 00:58:27,31389,13585,33.3
2026-06-10 00:58:29,31391,13586,32.7
2026-06-10 00:58:31,31393,13587,28.8
2026-06-10 00:58:33,31395,13588,28.8
2026-06-10 00:58:35,31397,13589,16.3
2026-06-10 00:58:37,31399,13590,38.5
2026-06-10 00:58:39,31401,13591,203
2026-06-10 00:58:41,31403,13592,29.4
2026-06-10 00:58:43,31405,13593,31.7
2026-06-10 00:58:45,31407,13594,34.0
2026-06-10 00:58:47,31409,13595,33.0
2026-06-10 00:58:49,31411,13596,11.6
2026-06-10 00:58:51,31413,13597,32.4
2026-06-10 00:58:53,31415,13598,32.1
2026-06-10 00:58:55,31417,13599,45.3
2026-06-10 00:58:57,31419,13600,26.2
2026-06-10 00:58:59,31421,13601,48.9
2026-06-10 00:59:01,31423,13602,64.0
2026-06-10 00:59:03,31425,13603,27.3
2026-06-10 00:59:05,31427,13604,32.5
2026-06-10 00:59:07,31429,13605,59.2
2026-06-10 00:59:09,31431,13606,36.2
2026-06-10 00:59:11,31433,13607,20.0
2026-06-10 00:59:13,31435,13608,52.9
2026-06-10 00:59:15,31437,13609,56.0
2026-06-10 00:59:17,31439,13610,38.5
2026-06-10 00:59:18,31440,13611,34.7
2026-06-10 00:59:20,31442,13612,29.2
2026-06-10 00:59:22,31444,13613,37.4
2026-06-10 00:59:24,31446,13614,43.3
2026-06-10 00:59:26,31448,13615,99.0
2026-06-10 00:59:28,31450,13616,76.4
2026-06-10 00:59:30,31452,13617,44.8
2026-06-10 00:59:32,31454,13618,34.6
2026-06-10 00:59:34,31456,13619,50.2
2026-06-10 00:59:36,31458,13620,58.5
2026-06-10 00:59:38,31460,13621,29.8
2026-06-10 00:59:40,31462,13622,30.5
2026-06-10 00:59:42,31464,13623,28.3
2026-06-10 00:59:44,31466,13624,30.3
2026-06-10 00:59:46,31468,13625,30.1
2026-06-10 00:59:48,31470,13626,37.0
2026-06-10 00:59:50,31472,13627,38.3
2026-06-10 00:59:52,31474,13628,33.5
2026-06-10 00:59:54,31476,13629,38.5
2026-06-10 00:59:56,31478,13630,27.0
2026-06-10 00:59:58,31480,13631,45.9
2026-06-10 01:00:00,31482,13632,33.9
2026-06-10 01:00:02,31484,13633,22.2
2026-06-10 01:00:04,31486,13634,38.8
2026-06-10 01:00:06,31488,13635,36.1
2026-06-10 01:00:08,31490,13636,31.5
2026-06-10 01:00:10,31492,13637,38.3
2026-06-10 01:00:12,31494,13638,41.7
2026-06-10 01:00:14,31496,13639,30.8
2026-06-10 01:00:16,31498,13640,350
2026-06-10 01:00:18,31500,13641,65.9
2026-06-10 01:00:20,31502,13642,58.5
2026-06-10 01:00:22,31504,13643,33.9
2026-06-10 01:00:24,31506,13644,38.9
2026-06-10 01:00:27,31509,13645,38.0
2026-06-10 01:00:29,31511,13646,32.9
2026-06-10 01:00:31,31513,13647,34.7
2026-06-10 01:00:32,31514,13648,41.1
2026-06-10 01:00:34,31516,13649,47.3
2026-06-10 01:00:36,31518,13650,39.7
2026-06-10 01:00:38,31520,13651,34.1
2026-06-10 01:00:40,31522,13652,32.4
2026-06-10 01:00:42,31524,13653,54.8
2026-06-10 01:00:44,31526,13654,37.6
2026-06-10 01:00:46,31528,13655,45.2
2026-06-10 01:00:48,31530,13656,49.6
2026-06-10 01:00:50,31532,13657,33.6
2026-06-10 01:00:52,31534,13658,53.9
2026-06-10 01:00:54,31536,13659,47.4
2026-06-10 01:00:56,31538,13660,35.4
2026-06-10 01:00:58,31540,13661,51.9
2026-06-10 01:01:00,31542,13662,30.7
2026-06-10 01:01:02,31544,13663,46.1
2026-06-10 01:01:04,31546,13664,23.2
2026-06-10 01:01:06,31548,13665,42.3
2026-06-10 01:01:08,31550,13666,47.9
2026-06-10 01:01:10,31552,13667,36.4
2026-06-10 01:01:12,31554,13668,57.9
2026-06-10 01:01:14,31556,13669,33.8
2026-06-10 01:01:16,31558,13670,57.8
2026-06-10 01:01:18,31560,13671,50.6
2026-06-10 01:01:20,31562,13672,34.2
2026-06-10 01:01:22,31564,13673,39.0
2026-06-10 01:01:24,31566,13674,36.1
2026-06-10 01:01:26,31568,13675,44.8
2026-06-10 01:01:28,31570,13676,23.2
2026-06-10 01:01:30,31572,13677,38.8
2026-06-10 01:01:32,31574,13678,59.2
2026-06-10 01:01:34,31576,13679,37.8
2026-06-10 01:01:36,31578,13680,36.3
2026-06-10 01:01:38,31580,13681,32.7
2026-06-10 01:01:40,31582,13682,36.9
2026-06-10 01:01:42,31584,13683,230
2026-06-10 01:01:44,31586,13684,38.0
2026-06-10 01:01:46,31588,13685,34.4
2026-06-10 01:01:48,31590,13686,41.8
2026-06-10 01:01:50,31592,13687,39.1
2026-06-10 01:01:52,31594,13688,59.5
2026-06-10 01:01:54,31596,13689,38.8
2026-06-10 01:01:56,31598,13690,40.1
2026-06-10 01:01:58,31600,13691,22.9
2026-06-10 01:02:00,31602,13692,63.6
2026-06-10 01:02:02,31604,13693,33.3
2026-06-10 01:02:04,31606,13694,30.0
2026-06-10 01:02:06,31608,13695,62.1
2026-06-10 01:02:08,31610,13696,37.5
2026-06-10 01:02:10,31612,13697,38.6
2026-06-10 01:02:12,31614,13698,36.4
2026-06-10 01:02:14,31616,13699,28.7
2026-06-10 01:02:16,31618,13700,46.4
2026-06-10 01:02:18,31620,13701,37.6
2026-06-10 01:02:20,31622,13702,19.1
2026-06-10 01:02:22,31624,13703,60.8
2026-06-10 01:02:24,31626,13704,52.6
2026-06-10 01:02:26,31628,13705,30.0
2026-06-10 01:02:28,31630,13706,52.6
2026-06-10 01:02:30,31632,13707,41.9
2026-06-10 01:02:32,31634,13708,42.0
2026-06-10 01:02:34,31636,13709,54.7
2026-06-10 01:02:36,31638,13710,40.1
2026-06-10 01:02:38,31640,13711,37.0
2026-06-10 01:02:40,31642,13712,35.1
2026-06-10 01:02:42,31644,13713,38.2
2026-06-10 01:02:44,31646,13714,25.3
2026-06-10 01:02:46,31648,13715,43.3
2026-06-10 01:02:48,31650,13716,30.4
2026-06-10 01:02:50,31652,13717,24.2
2026-06-10 01:02:52,31654,13718,15.2
2026-06-10 01:02:54,31656,13719,31.6
2026-06-10 01:02:56,31658,13720,53.3
2026-06-10 01:02:58,31660,13721,38.1
2026-06-10 01:03:00,31662,13722,31.0
2026-06-10 01:03:02,31664,13723,32.1
2026-06-10 01:03:04,31666,13724,73.2
2026-06-10 01:03:06,31668,13725,216
2026-06-10 01:03:08,31670,13726,19.3
2026-06-10 01:03:10,31672,13727,37.6
2026-06-10 01:03:12,31674,13728,51.1
2026-06-10 01:03:14,31676,13729,29.7
2026-06-10 01:03:16,31678,13730,37.1
2026-06-10 01:03:18,31680,13731,44.5
2026-06-10 01:03:20,31682,13732,47.3
2026-06-10 01:03:22,31684,13733,31.1
2026-06-10 01:03:24,31686,13734,40.8
2026-06-10 01:03:26,31688,13735,39.9
2026-06-10 01:03:28,31690,13736,16.3
2026-06-10 01:03:30,31692,13737,27.2
2026-06-10 01:03:32,31694,13738,29.1
2026-06-10 01:03:34,31696,13739,43.2
2026-06-10 01:03:36,31698,13740,39.3
2026-06-10 01:03:38,31700,13741,39.2
2026-06-10 01:03:40,31702,13742,38.3
2026-06-10 01:03:42,31704,13743,19.9
2026-06-10 01:03:44,31706,13744,38.0
2026-06-10 01:03:46,31708,13745,26.8
2026-06-10 01:03:48,31710,13746,22.9
2026-06-10 01:03:50,31712,13747,50.9
2026-06-10 01:03:52,31714,13748,38.2
2026-06-10 01:03:54,31716,13749,34.3
2026-06-10 01:03:56,31718,13750,43.5
2026-06-10 01:03:58,31720,13751,25.5
2026-06-10 01:04:00,31722,13752,64.2
2026-06-10 01:04:02,31724,13753,82.9
2026-06-10 01:04:04,31726,13754,55.3
2026-06-10 01:04:06,31728,13755,36.3
2026-06-10 01:04:08,31730,13756,30.9
2026-06-10 01:04:10,31732,13757,44.4
2026-06-10 01:04:12,31734,13758,29.6
2026-06-10 01:04:14,31736,13759,43.3
2026-06-10 01:04:16,31738,13760,44.9
2026-06-10 01:04:18,31740,13761,35.5
2026-06-10 01:04:20,31742,13762,44.8
2026-06-10 01:04:22,31744,13763,27.6
2026-06-10 01:04:24,31746,13764,37.9
2026-06-10 01:04:26,31748,13765,53.8
2026-06-10 01:04:28,31750,13766,51.0
2026-06-10 01:04:30,31752,13767,51.1
2026-06-10 01:04:32,31754,13768,37.7
2026-06-10 01:04:34,31756,13769,16.5
2026-06-10 01:04:36,31758,13770,53.5
2026-06-10 01:04:38,31760,13771,39.6
2026-06-10 01:04:40,31762,13772,37.1
2026-06-10 01:04:42,31764,13773,37.6
2026-06-10 01:04:44,31766,13774,63.0
2026-06-10 01:04:46,31768,13775,43.1
2026-06-10 01:04:48,31770,13776,37.0
2026-06-10 01:04:50,31772,13777,66.1
2026-06-10 01:04:52,31774,13778,42.4
2026-06-10 01:04:54,31776,13779,43.3
2026-06-10 01:04:56,31778,13780,38.0
2026-06-10 01:04:58,31780,13781,57.3
2026-06-10 01:05:00,31782,13782,17.0
2026-06-10 01:05:02,31784,13783,32.0
2026-06-10 01:05:04,31786,13784,38.4
2026-06-10 01:05:06,31788,13785,29.1
2026-06-10 01:05:08,31790,13786,34.8
2026-06-10 01:05:10,31792,13787,95.4
2026-06-10 01:05:12,31794,13788,26.1
2026-06-10 01:05:14,31796,13789,54.5
2026-06-10 01:05:16,31798,13790,55.5
2026-06-10 01:05:18,31800,13791,34.5
2026-06-10 01:05:20,31802,13792,35.2
2026-06-10 01:05:22,31804,13793,41.6
2026-06-10 01:05:23,31805,13794,45.1
2026-06-10 01:05:26,31808,13795,37.1
2026-06-10 01:05:28,31810,13796,43.7
2026-06-10 01:05:30,31812,13797,26.8
2026-06-10 01:05:32,31814,13798,31.5
2026-06-10 01:05:34,31816,13799,71.0
2026-06-10 01:05:36,31818,13800,22.9
2026-06-10 01:05:38,31820,13801,34.2
2026-06-10 01:05:40,31822,13802,34.6
2026-06-10 01:05:42,31824,13803,32.0
2026-06-10 01:05:44,31826,13804,247
2026-06-10 01:05:46,31828,13805,29.2
2026-06-10 01:05:48,31830,13806,29.8
2026-06-10 01:05:50,31832,13807,32.7
2026-06-10 01:05:52,31834,13808,29.4
2026-06-10 01:05:53,31835,13809,40.9
2026-06-10 01:05:55,31837,13810,33.3
2026-06-10 01:05:57,31839,13811,27.0
2026-06-10 01:05:59,31841,13812,31.3
2026-06-10 01:06:01,31843,13813,19.1
2026-06-10 01:06:03,31845,13814,37.9
2026-06-10 01:06:05,31847,13815,53.5
2026-06-10 01:06:07,31849,13816,45.8
2026-06-10 01:06:09,31851,13817,41.3
2026-06-10 01:06:11,31853,13818,22.7
2026-06-10 01:06:13,31855,13819,30.3
2026-06-10 01:06:15,31857,13820,29.5
2026-06-10 01:06:17,31859,13821,44.7
2026-06-10 01:06:19,31861,13822,22.6
2026-06-10 01:06:21,31863,13823,29.5
2026-06-10 01:06:24,31866,13824,43.4
2026-06-10 01:06:26,31868,13825,32.9
2026-06-10 01:06:28,31870,13826,33.5
2026-06-10 01:06:29,31871,13827,29.5
2026-06-10 01:06:31,31873,13828,41.1
2026-06-10 01:06:33,31875,13829,32.5
2026-06-10 01:06:35,31877,13830,45.9
2026-06-10 01:06:37,31879,13831,72.7
2026-06-10 01:06:39,31881,13832,31.6
2026-06-10 01:06:41,31883,13833,26.2
2026-06-10 01:06:43,31885,13834,38.1
2026-06-10 01:06:45,31887,13835,19.8
2026-06-10 01:06:47,31889,13836,31.0
2026-06-10 01:06:49,31891,13837,142
2026-06-10 01:06:51,31893,13838,28.9
2026-06-10 01:06:53,31895,13839,49.5
2026-06-10 01:06:55,31897,13840,47.4
2026-06-10 01:06:57,31899,13841,29.1
2026-06-10 01:06:59,31901,13842,45.8
2026-06-10 01:07:01,31903,13843,27.7
2026-06-10 01:07:03,31905,13844,40.3
2026-06-10 01:07:05,31907,13845,32.3
2026-06-10 01:07:07,31909,13846,42.2
2026-06-10 01:07:09,31911,13847,36.1
2026-06-10 01:07:11,31913,13848,27.1
2026-06-10 01:07:13,31915,13849,37.5
2026-06-10 01:07:15,31917,13850,71.3
2026-06-10 01:07:17,31919,13851,23.1
2026-06-10 01:07:19,31921,13852,37.7
2026-06-10 01:07:21,31923,13853,53.8
2026-06-10 01:07:23,31925,13854,38.8
2026-06-10 01:07:25,31927,13855,34.9
2026-06-10 01:07:27,31929,13856,28.2
2026-06-10 01:07:29,31931,13857,47.0
2026-06-10 01:07:31,31933,13858,29.1
2026-06-10 01:07:33,31935,13859,33.1
2026-06-10 01:07:35,31937,13860,31.7
2026-06-10 01:07:37,31939,13861,28.9
2026-06-10 01:07:39,31941,13862,28.5
2026-06-10 01:07:41,31943,13863,53.6
2026-06-10 01:07:43,31945,13864,32.0
2026-06-10 01:07:45,31947,13865,47.2
2026-06-10 01:07:47,31949,13866,41.4
2026-06-10 01:07:49,31951,13867,50.9
2026-06-10 01:07:51,31953,13868,32.0
2026-06-10 01:07:53,31955,13869,29.3
2026-06-10 01:07:55,31957,13870,40.7
2026-06-10 01:07:57,31959,13871,30.6
2026-06-10 01:07:59,31961,13872,29.3
2026-06-10 01:08:01,31963,13873,31.3
2026-06-10 01:08:03,31965,13874,41.1
2026-06-10 01:08:05,31967,13875,54.4
2026-06-10 01:08:07,31969,13876,30.2
2026-06-10 01:08:09,31971,13877,61.3
2026-06-10 01:08:11,31973,13878,42.2
2026-06-10 01:08:13,31975,13879,27.4
2026-06-10 01:08:15,31977,13880,29.8
2026-06-10 01:08:17,31979,13881,36.6
2026-06-10 01:08:19,31981,13882,36.2
2026-06-10 01:08:21,31983,13883,33.4
2026-06-10 01:08:23,31985,13884,46.5
2026-06-10 01:08:25,31987,13885,29.1
2026-06-10 01:08:27,31989,13886,29.8
2026-06-10 01:08:29,31991,13887,16.9
2026-06-10 01:08:31,31993,13888,26.4
2026-06-10 01:08:33,31995,13889,37.8
2026-06-10 01:08:35,31997,13890,38.1
2026-06-10 01:08:37,31999,13891,44.5
2026-06-10 01:08:39,32001,13892,184
2026-06-10 01:08:41,32003,13893,41.3
2026-06-10 01:08:43,32005,13894,37.0
2026-06-10 01:08:45,32007,13895,32.1
2026-06-10 01:08:47,32009,13896,37.4
2026-06-10 01:08:49,32011,13897,41.0
2026-06-10 01:08:51,32013,13898,36.2
2026-06-10 01:08:53,32015,13899,30.8
2026-06-10 01:08:55,32017,13900,28.4
2026-06-10 01:08:57,32019,13901,36.0
2026-06-10 01:08:59,32021,13902,40.8
2026-06-10 01:09:00,32022,13903,30.6
2026-06-10 01:09:02,32024,13904,27.8
2026-06-10 01:09:04,32026,13905,40.2
2026-06-10 01:09:06,32028,13906,35.3
2026-06-10 01:09:08,32030,13907,36.3
2026-06-10 01:09:10,32032,13908,31.3
2026-06-10 01:09:12,32034,13909,36.9
2026-06-10 01:09:14,32036,13910,45.2
2026-06-10 01:09:16,32038,13911,51.8
2026-06-10 01:09:18,32040,13912,26.5
2026-06-10 01:09:20,32042,13913,33.5
2026-06-10 01:09:22,32044,13914,32.0
2026-06-10 01:09:24,32046,13915,204
2026-06-10 01:09:26,32048,13916,32.7
2026-06-10 01:09:28,32050,13917,32.2
2026-06-10 01:09:30,32052,13918,46.1
2026-06-10 01:09:32,32054,13919,58.1
2026-06-10 01:09:34,32056,13920,44.4
2026-06-10 01:09:36,32058,13921,25.7
2026-06-10 01:09:38,32060,13922,46.2
2026-06-10 01:09:40,32062,13923,29.9
2026-06-10 01:09:42,32064,13924,69.4
2026-06-10 01:09:44,32066,13925,25.1
2026-06-10 01:09:46,32068,13926,42.6
2026-06-10 01:09:48,32070,13927,36.6
2026-06-10 01:09:50,32072,13928,29.8
2026-06-10 01:09:52,32074,13929,28.3
2026-06-10 01:09:54,32076,13930,33.7
2026-06-10 01:09:56,32078,13931,53.9
2026-06-10 01:09:58,32080,13932,33.7
2026-06-10 01:10:00,32082,13933,44.7
2026-06-10 01:10:02,32084,13934,26.1
2026-06-10 01:10:04,32086,13935,61.7
2026-06-10 01:10:06,32088,13936,275
2026-06-10 01:10:08,32090,13937,44.6
2026-06-10 01:10:10,32092,13938,48.0
2026-06-10 01:10:12,32094,13939,32.9
2026-06-10 01:10:14,32096,13940,36.6
2026-06-10 01:10:16,32098,13941,34.0
2026-06-10 01:10:18,32100,13942,30.3
2026-06-10 01:10:20,32102,13943,45.0
2026-06-10 01:10:22,32104,13944,29.2
2026-06-10 01:10:23,32105,13945,32.7
2026-06-10 01:10:26,32108,13946,30.4
2026-06-10 01:10:28,32110,13947,19.8
2026-06-10 01:10:29,32111,13948,26.5
2026-06-10 01:10:31,32113,13949,30.2
2026-06-10 01:10:33,32115,13950,23.5
2026-06-10 01:10:35,32117,13951,26.7
2026-06-10 01:10:37,32119,13952,56.7
2026-06-10 01:10:39,32121,13953,52.8
2026-06-10 01:10:41,32123,13954,32.1
2026-06-10 01:10:43,32125,13955,33.3
2026-06-10 01:10:45,32127,13956,35.4
2026-06-10 01:10:47,32129,13957,19.8
2026-06-10 01:10:49,32131,13958,48.3
2026-06-10 01:10:51,32133,13959,33.4
2026-06-10 01:10:53,32135,13960,29.8
2026-06-10 01:10:55,32137,13961,31.4
2026-06-10 01:10:57,32139,13962,29.0
2026-06-10 01:10:59,32141,13963,30.2
2026-06-10 01:11:01,32143,13964,36.0
2026-06-10 01:11:03,32145,13965,47.4
2026-06-10 01:11:05,32147,13966,29.3
2026-06-10 01:11:07,32149,13967,45.8
2026-06-10 01:11:09,32151,13968,50.0
2026-06-10 01:11:11,32153,13969,30.9
2026-06-10 01:11:13,32155,13970,30.7
2026-06-10 01:11:15,32157,13971,37.7
2026-06-10 01:11:17,32159,13972,36.4
2026-06-10 01:11:19,32161,13973,70.3
2026-06-10 01:11:21,32163,13974,38.9
2026-06-10 01:11:23,32165,13975,45.3
2026-06-10 01:11:25,32167,13976,40.9
2026-06-10 01:11:27,32169,13977,32.7
2026-06-10 01:11:29,32171,13978,94.3
2026-06-10 01:11:31,32173,13979,29.4
2026-06-10 01:11:33,32175,13980,29.5
2026-06-10 01:11:35,32177,13981,31.8
2026-06-10 01:11:37,32179,13982,37.3
2026-06-10 01:11:39,32181,13983,85.3
2026-06-10 01:11:41,32183,13984,225
2026-06-10 01:11:43,32185,13985,174
2026-06-10 01:11:45,32187,13986,33.9
2026-06-10 01:11:47,32189,13987,32.1
2026-06-10 01:11:49,32191,13988,44.7
2026-06-10 01:11:51,32193,13989,32.3
2026-06-10 01:11:53,32195,13990,30.4
2026-06-10 01:11:55,32197,13991,29.4
2026-06-10 01:11:57,32199,13992,46.6
2026-06-10 01:11:59,32201,13993,32.7
2026-06-10 01:12:01,32203,13994,46.5
2026-06-10 01:12:03,32205,13995,35.3
2026-06-10 01:12:05,32207,13996,42.9
2026-06-10 01:12:07,32209,13997,72.7
2026-06-10 01:12:09,32211,13998,52.9
2026-06-10 01:12:11,32213,13999,38.8
2026-06-10 01:12:13,32215,14000,51.4
2026-06-10 01:12:15,32217,14001,32.0
2026-06-10 01:12:17,32219,14002,39.6
2026-06-10 01:12:19,32221,14003,46.5
2026-06-10 01:12:21,32223,14004,27.4
2026-06-10 01:12:23,32225,14005,30.0
2026-06-10 01:12:25,32227,14006,25.9
2026-06-10 01:12:27,32229,14007,44.2
2026-06-10 01:12:29,32231,14008,15.9
2026-06-10 01:12:31,32233,14009,52.1
2026-06-10 01:12:33,32235,14010,30.1
2026-06-10 01:12:35,32237,14011,47.4
2026-06-10 01:12:37,32239,14012,43.2
2026-06-10 01:12:39,32241,14013,35.4
2026-06-10 01:12:41,32243,14014,21.7
2026-06-10 01:12:43,32245,14015,35.7
2026-06-10 01:12:45,32247,14016,192
2026-06-10 01:12:48,32249,14017,24.5
2026-06-10 01:12:50,32252,14018,53.6
2026-06-10 01:12:52,32254,14019,32.2
2026-06-10 01:12:53,32255,14020,49.4
2026-06-10 01:12:55,32257,14021,28.9
2026-06-10 01:12:57,32259,14022,41.1
2026-06-10 01:12:59,32261,14023,16.9
2026-06-10 01:13:01,32263,14024,30.3
2026-06-10 01:13:04,32266,14025,42.8
2026-06-10 01:13:06,32268,14026,40.2
2026-06-10 01:13:08,32270,14027,38.0
2026-06-10 01:13:10,32272,14028,39.1
2026-06-10 01:13:12,32274,14029,29.3
2026-06-10 01:13:14,32276,14030,50.2
2026-06-10 01:13:16,32278,14031,30.1
2026-06-10 01:13:18,32280,14032,35.2
2026-06-10 01:13:20,32282,14033,35.5
2026-06-10 01:13:22,32284,14034,44.7
2026-06-10 01:13:24,32286,14035,19.6
2026-06-10 01:13:26,32288,14036,52.5
2026-06-10 01:13:28,32290,14037,29.4
2026-06-10 01:13:30,32292,14038,46.3
2026-06-10 01:13:32,32294,14039,30.5
2026-06-10 01:13:34,32296,14040,43.9
2026-06-10 01:13:36,32298,14041,29.8
2026-06-10 01:13:38,32300,14042,48.1
2026-06-10 01:13:40,32302,14043,16.8
2026-06-10 01:13:42,32304,14044,29.2
2026-06-10 01:13:44,32306,14045,50.0
2026-06-10 01:13:46,32308,14046,35.4
2026-06-10 01:13:48,32310,14047,17.0
2026-06-10 01:13:50,32312,14048,33.8
2026-06-10 01:13:52,32314,14049,33.4
2026-06-10 01:13:54,32316,14050,35.6
2026-06-10 01:13:56,32318,14051,40.8
2026-06-10 01:13:58,32320,14052,36.3
2026-06-10 01:14:00,32322,14053,187
2026-06-10 01:14:02,32324,14054,71.3
2026-06-10 01:14:04,32326,14055,44.7
2026-06-10 01:14:06,32328,14056,19.3
2026-06-10 01:14:08,32330,14057,29.2
2026-06-10 01:14:11,32333,14058,37.6
2026-06-10 01:14:13,32335,14059,33.8
2026-06-10 01:14:15,32337,14060,36.4
2026-06-10 01:14:17,32339,14061,42.0
2026-06-10 01:14:19,32341,14062,36.7
2026-06-10 01:14:21,32343,14063,25.3
2026-06-10 01:14:23,32345,14064,37.1
2026-06-10 01:14:25,32347,14065,42.1
2026-06-10 01:14:27,32349,14066,24.1
2026-06-10 01:14:29,32351,14067,30.8
2026-06-10 01:14:31,32353,14068,63.8
2026-06-10 01:14:33,32355,14069,29.3
2026-06-10 01:14:35,32357,14070,58.1
2026-06-10 01:14:37,32359,14071,12.9
2026-06-10 01:14:39,32361,14072,35.6
2026-06-10 01:14:41,32363,14073,43.3
2026-06-10 01:14:43,32365,14074,40.6
2026-06-10 01:14:45,32367,14075,37.1
2026-06-10 01:14:47,32369,14076,35.8
2026-06-10 01:14:49,32371,14077,13.7
2026-06-10 01:14:51,32373,14078,45.1
2026-06-10 01:14:53,32375,14079,31.9
2026-06-10 01:14:55,32377,14080,63.4
2026-06-10 01:14:57,32379,14081,53.5
2026-06-10 01:14:59,32381,14082,24.4
2026-06-10 01:15:01,32383,14083,39.7
2026-06-10 01:15:03,32385,14084,141
2026-06-10 01:15:05,32387,14085,32.4
2026-06-10 01:15:07,32389,14086,29.7
2026-06-10 01:15:09,32391,14087,50.9
2026-06-10 01:15:11,32393,14088,44.2
2026-06-10 01:15:13,32395,14089,29.2
2026-06-10 01:15:15,32397,14090,37.0
2026-06-10 01:15:17,32399,14091,45.5
2026-06-10 01:15:19,32401,14092,35.9
2026-06-10 01:15:21,32403,14093,35.9
2026-06-10 01:15:23,32405,14094,51.3
2026-06-10 01:15:25,32407,14095,17.6
2026-06-10 01:15:27,32409,14096,35.2
2026-06-10 01:15:29,32411,14097,49.3
2026-06-10 01:15:31,32413,14098,35.3
2026-06-10 01:15:33,32415,14099,49.5
2026-06-10 01:15:35,32417,14100,32.7
2026-06-10 01:15:37,32419,14101,23.7
2026-06-10 01:15:39,32421,14102,33.1
2026-06-10 01:15:41,32423,14103,47.5
2026-06-10 01:15:43,32425,14104,50.5
2026-06-10 01:15:45,32427,14105,30.4
2026-06-10 01:15:47,32429,14106,24.7
2026-06-10 01:15:49,32431,14107,56.5
2026-06-10 01:15:51,32433,14108,40.6
2026-06-10 01:15:53,32435,14109,32.8
2026-06-10 01:15:55,32437,14110,28.1
2026-06-10 01:15:57,32439,14111,21.3
2026-06-10 01:15:59,32441,14112,47.0
2026-06-10 01:16:01,32443,14113,15.3
2026-06-10 01:16:03,32445,14114,39.5
2026-06-10 01:16:05,32447,14115,15.7
2026-06-10 01:16:07,32449,14116,49.6
2026-06-10 01:16:09,32451,14117,32.6
2026-06-10 01:16:11,32453,14118,42.8
2026-06-10 01:16:13,32455,14119,32.0
2026-06-10 01:16:15,32457,14120,49.9
2026-06-10 01:16:17,32459,14121,18.8
2026-06-10 01:16:20,32462,14122,49.5
2026-06-10 01:16:22,32464,14123,44.7
2026-06-10 01:16:23,32465,14124,35.9
2026-06-10 01:16:25,32467,14125,32.8
2026-06-10 01:16:28,32470,14126,61.0
2026-06-10 01:16:29,32471,14127,27.8
2026-06-10 01:16:31,32473,14128,31.7
2026-06-10 01:16:33,32475,14129,24.1
2026-06-10 01:16:35,32477,14130,32.0
2026-06-10 01:16:37,32479,14131,35.1
2026-06-10 01:16:39,32481,14132,13.8
2026-06-10 01:16:42,32484,14133,35.3
2026-06-10 01:16:44,32486,14134,22.4
2026-06-10 01:16:46,32488,14135,24.2
2026-06-10 01:16:48,32490,14136,15.0
2026-06-10 01:16:50,32492,14137,34.4
2026-06-10 01:16:52,32494,14138,35.7
2026-06-10 01:16:54,32496,14139,48.0
2026-06-10 01:16:56,32498,14140,46.2
2026-06-10 01:16:58,32500,14141,19.8
2026-06-10 01:17:01,32503,14142,38.2
2026-06-10 01:17:03,32505,14143,70.1
2026-06-10 01:17:05,32507,14144,37.6
2026-06-10 01:17:07,32509,14145,34.5
2026-06-10 01:17:09,32511,14146,46.2
2026-06-10 01:17:11,32513,14147,94.1
2026-06-10 01:17:13,32515,14148,47.5
2026-06-10 01:17:15,32517,14149,31.1
2026-06-10 01:17:17,32519,14150,30.2
2026-06-10 01:17:19,32521,14151,44.2
2026-06-10 01:17:21,32523,14152,16.5
2026-06-10 01:17:23,32525,14153,31.2
2026-06-10 01:17:25,32527,14154,19.2
2026-06-10 01:17:27,32529,14155,33.9
2026-06-10 01:17:29,32531,14156,29.8
2026-06-10 01:17:31,32533,14157,30.3
2026-06-10 01:17:33,32535,14158,53.0
2026-06-10 01:17:35,32537,14159,37.4
2026-06-10 01:17:37,32539,14160,45.6
2026-06-10 01:17:39,32541,14161,29.7
2026-06-10 01:17:41,32543,14162,30.3
2026-06-10 01:17:43,32545,14163,40.8
2026-06-10 01:17:45,32547,14164,28.4
2026-06-10 01:17:47,32549,14165,42.0
2026-06-10 01:17:49,32551,14166,25.4
2026-06-10 01:17:51,32553,14167,34.2
2026-06-10 01:17:53,32555,14168,24.1
2026-06-10 01:17:55,32557,14169,34.7
2026-06-10 01:17:57,32559,14170,29.9
2026-06-10 01:17:59,32561,14171,59.7
2026-06-10 01:18:01,32563,14172,38.9
2026-06-10 01:18:02,32564,14173,44.2
2026-06-10 01:18:04,32566,14174,31.7
2026-06-10 01:18:06,32568,14175,39.1
2026-06-10 01:18:08,32570,14176,42.5
2026-06-10 01:18:10,32572,14177,29.5
2026-06-10 01:18:12,32574,14178,61.2
2026-06-10 01:18:14,32576,14179,38.9
2026-06-10 01:18:16,32578,14180,22.7
2026-06-10 01:18:18,32580,14181,42.3
2026-06-10 01:18:20,32582,14182,35.7
2026-06-10 01:18:22,32584,14183,37.4
2026-06-10 01:18:24,32586,14184,41.7
2026-06-10 01:18:26,32588,14185,54.4
2026-06-10 01:18:28,32590,14186,28.8
2026-06-10 01:18:30,32592,14187,38.9
2026-06-10 01:18:32,32594,14188,71.5
2026-06-10 01:18:34,32596,14189,120
2026-06-10 01:18:36,32598,14190,41.6
2026-06-10 01:18:38,32600,14191,58.2
2026-06-10 01:18:40,32602,14192,54.5
2026-06-10 01:18:42,32604,14193,36.5
2026-06-10 01:18:44,32606,14194,32.5
2026-06-10 01:18:46,32608,14195,19.2
2026-06-10 01:18:48,32610,14196,52.6
2026-06-10 01:18:50,32612,14197,54.1
2026-06-10 01:18:51,32613,14198,39.3
2026-06-10 01:18:53,32615,14199,57.2
2026-06-10 01:18:55,32617,14200,38.1
2026-06-10 01:18:57,32619,14201,26.9
2026-06-10 01:18:59,32621,14202,33.2
2026-06-10 01:19:01,32623,14203,25.4
2026-06-10 01:19:03,32625,14204,34.5
2026-06-10 01:19:05,32627,14205,31.5
2026-06-10 01:19:07,32629,14206,51.1
2026-06-10 01:19:09,32631,14207,42.6
2026-06-10 01:19:11,32633,14208,36.1
2026-06-10 01:19:13,32635,14209,41.1
2026-06-10 01:19:15,32637,14210,41.1
2026-06-10 01:19:17,32639,14211,29.9
2026-06-10 01:19:19,32641,14212,44.0
2026-06-10 01:19:21,32643,14213,48.5
2026-06-10 01:19:23,32645,14214,32.5
2026-06-10 01:19:25,32647,14215,43.1
2026-06-10 01:19:27,32649,14216,26.0
2026-06-10 01:19:29,32651,14217,42.4
2026-06-10 01:19:31,32653,14218,55.3
2026-06-10 01:19:33,32655,14219,52.3
2026-06-10 01:19:35,32657,14220,31.2
2026-06-10 01:19:37,32659,14221,55.3
2026-06-10 01:19:38,32660,14222,42.7
2026-06-10 01:19:40,32662,14223,29.5
2026-06-10 01:19:42,32664,14224,58.6
2026-06-10 01:19:44,32666,14225,45.1
2026-06-10 01:19:46,32668,14226,40.3
2026-06-10 01:19:48,32670,14227,167
2026-06-10 01:19:50,32672,14228,61.0
2026-06-10 01:19:53,32675,14229,68.2
2026-06-10 01:19:55,32677,14230,33.4
2026-06-10 01:19:57,32679,14231,33.9
2026-06-10 01:19:59,32681,14232,39.8
2026-06-10 01:20:01,32683,14233,36.0
2026-06-10 01:20:03,32685,14234,30.6
2026-06-10 01:20:05,32687,14235,43.3
2026-06-10 01:20:07,32689,14236,33.3
2026-06-10 01:20:09,32691,14237,27.7
2026-06-10 01:20:11,32693,14238,32.5
2026-06-10 01:20:13,32695,14239,37.1
2026-06-10 01:20:15,32697,14240,48.6
2026-06-10 01:20:17,32699,14241,43.8
2026-06-10 01:20:19,32701,14242,28.6
2026-06-10 01:20:21,32703,14243,29.5
2026-06-10 01:20:23,32705,14244,45.2
2026-06-10 01:20:25,32707,14245,37.6
2026-06-10 01:20:27,32709,14246,31.3
2026-06-10 01:20:29,32711,14247,38.6
2026-06-10 01:20:31,32713,14248,24.6
2026-06-10 01:20:33,32715,14249,38.9
2026-06-10 01:20:35,32717,14250,27.2
2026-06-10 01:20:37,32719,14251,32.8
2026-06-10 01:20:39,32721,14252,34.2
2026-06-10 01:20:41,32723,14253,40.5
2026-06-10 01:20:43,32725,14254,59.4
2026-06-10 01:20:45,32727,14255,49.7
2026-06-10 01:20:47,32729,14256,53.7
2026-06-10 01:20:49,32731,14257,51.2
2026-06-10 01:20:51,32733,14258,41.1
2026-06-10 01:20:53,32735,14259,89.1
2026-06-10 01:20:55,32737,14260,114
2026-06-10 01:20:57,32739,14261,149
2026-06-10 01:20:59,32741,14262,139
2026-06-10 01:21:01,32743,14263,29.7
2026-06-10 01:21:03,32745,14264,84.7
2026-06-10 01:21:06,32748,14265,186
2026-06-10 01:21:08,32750,14266,11.4
2026-06-10 01:21:10,32752,14267,13.4
2026-06-10 01:21:12,32754,14268,23.4
2026-06-10 01:21:14,32756,14269,16.8
2026-06-10 01:21:16,32758,14270,24.7
2026-06-10 01:21:18,32760,14271,16.3
2026-06-10 01:21:20,32762,14272,26.7
2026-06-10 01:21:22,32764,14273,39.9
2026-06-10 01:21:24,32766,14274,21.3
2026-06-10 01:21:26,32768,14275,28.1
2026-06-10 01:21:29,32771,14276,28.8
2026-06-10 01:21:31,32773,14277,15.8
2026-06-10 01:21:33,32775,14278,28.0
2026-06-10 01:21:35,32777,14279,19.0
2026-06-10 01:21:37,32779,14280,21.7
2026-06-10 01:21:39,32781,14281,33.8
2026-06-10 01:21:41,32783,14282,30.4
2026-06-10 01:21:43,32785,14283,36.1
2026-06-10 01:21:45,32787,14284,32.1
2026-06-10 01:21:47,32789,14285,64.9
2026-06-10 01:21:49,32791,14286,29.3
2026-06-10 01:21:51,32793,14287,53.5
2026-06-10 01:21:53,32795,14288,33.0
2026-06-10 01:21:55,32797,14289,51.2
2026-06-10 01:21:57,32799,14290,59.0
2026-06-10 01:21:59,32801,14291,39.2
2026-06-10 01:22:01,32803,14292,20.8
2026-06-10 01:22:03,32805,14293,15.6
2026-06-10 01:22:05,32807,14294,19.6
2026-06-10 01:22:07,32809,14295,16.1
2026-06-10 01:22:09,32811,14296,75.6
2026-06-10 01:22:11,32813,14297,46.3
2026-06-10 01:22:13,32815,14298,29.0
2026-06-10 01:22:15,32817,14299,29.0
2026-06-10 01:22:17,32819,14300,32.3
2026-06-10 01:22:19,32821,14301,28.1
2026-06-10 01:22:21,32823,14302,101
2026-06-10 01:22:23,32825,14303,54.4
2026-06-10 01:22:25,32827,14304,39.4
2026-06-10 01:22:27,32829,14305,59.1
2026-06-10 01:22:29,32831,14306,22.9
2026-06-10 01:22:31,32833,14307,176
2026-06-10 01:22:33,32835,14308,31.7
2026-06-10 01:22:35,32837,14309,46.0
2026-06-10 01:22:37,32839,14310,36.7
2026-06-10 01:22:39,32841,14311,35.9
2026-06-10 01:22:41,32843,14312,41.6
2026-06-10 01:22:43,32845,14313,32.2
2026-06-10 01:22:45,32847,14314,36.8
2026-06-10 01:22:47,32849,14315,27.0
2026-06-10 01:22:49,32851,14316,33.7
2026-06-10 01:22:51,32853,14317,40.1
2026-06-10 01:22:53,32855,14318,40.5
2026-06-10 01:22:55,32857,14319,57.8
2026-06-10 01:22:57,32859,14320,44.0
2026-06-10 01:22:59,32861,14321,40.5
2026-06-10 01:23:01,32863,14322,31.4
2026-06-10 01:23:03,32865,14323,37.0
2026-06-10 01:23:05,32867,14324,55.5
2026-06-10 01:23:07,32869,14325,54.5
2026-06-10 01:23:09,32871,14326,40.0
2026-06-10 01:23:11,32873,14327,44.3
2026-06-10 01:23:13,32875,14328,61.6
2026-06-10 01:23:15,32877,14329,45.9
2026-06-10 01:23:17,32879,14330,64.1
2026-06-10 01:23:19,32881,14331,42.5
2026-06-10 01:23:21,32883,14332,45.4
2026-06-10 01:23:23,32885,14333,31.3
2026-06-10 01:23:25,32887,14334,51.5
2026-06-10 01:23:26,32888,14335,34.5
2026-06-10 01:23:28,32890,14336,35.6
2026-06-10 01:23:30,32892,14337,44.7
2026-06-10 01:23:32,32894,14338,48.1
2026-06-10 01:23:34,32896,14339,255
2026-06-10 01:23:37,32899,14340,91.0
2026-06-10 01:23:39,32901,14341,47.3
2026-06-10 01:23:41,32903,14342,45.5
2026-06-10 01:23:43,32905,14343,121
2026-06-10 01:23:45,32907,14344,182
2026-06-10 01:23:47,32909,14345,51.2
2026-06-10 01:23:49,32911,14346,37.4
2026-06-10 01:23:52,32914,14347,29.4
2026-06-10 01:23:54,32916,14348,34.2
2026-06-10 01:23:56,32918,14349,111
2026-06-10 01:23:58,32920,14350,39.4
2026-06-10 01:24:00,32922,14351,42.5
2026-06-10 01:24:02,32924,14352,34.2
2026-06-10 01:24:04,32926,14353,32.8
2026-06-10 01:24:06,32928,14354,35.0
2026-06-10 01:24:08,32930,14355,27.3
2026-06-10 01:24:10,32932,14356,40.1
2026-06-10 01:24:12,32934,14357,33.9
2026-06-10 01:24:14,32936,14358,38.6
2026-06-10 01:24:16,32938,14359,60.3
2026-06-10 01:24:18,32940,14360,34.6
2026-06-10 01:24:20,32942,14361,28.2
2026-06-10 01:24:22,32944,14362,30.9
2026-06-10 01:24:24,32946,14363,36.6
2026-06-10 01:24:26,32948,14364,55.6
2026-06-10 01:24:28,32950,14365,41.9
2026-06-10 01:24:30,32952,14366,52.2
2026-06-10 01:24:32,32954,14367,54.2
2026-06-10 01:24:34,32956,14368,322
2026-06-10 01:24:36,32958,14369,102
2026-06-10 01:24:38,32960,14370,172
2026-06-10 01:24:40,32962,14371,61.8
2026-06-10 01:24:42,32964,14372,44.8
2026-06-10 01:24:44,32966,14373,38.6
2026-06-10 01:24:46,32968,14374,48.4
2026-06-10 01:24:48,32970,14375,34.4
2026-06-10 01:24:50,32972,14376,42.4
2026-06-10 01:24:52,32974,14377,31.6
2026-06-10 01:24:54,32976,14378,32.2
2026-06-10 01:24:56,32978,14379,29.9
2026-06-10 01:24:58,32980,14380,58.7
2026-06-10 01:25:00,32982,14381,24.6
2026-06-10 01:25:02,32984,14382,38.8
2026-06-10 01:25:04,32986,14383,33.6
2026-06-10 01:25:06,32988,14384,24.1
2026-06-10 01:25:08,32990,14385,25.4
2026-06-10 01:25:10,32992,14386,33.8
2026-06-10 01:25:12,32994,14387,30.9
2026-06-10 01:25:14,32996,14388,35.0
2026-06-10 01:25:16,32998,14389,23.4
2026-06-10 01:25:18,33000,14390,29.9
2026-06-10 01:25:20,33002,14391,26.5
2026-06-10 01:25:22,33004,14392,39.5
2026-06-10 01:25:24,33006,14393,31.7
2026-06-10 01:25:26,33008,14394,32.2
2026-06-10 01:25:28,33010,14395,31.9
2026-06-10 01:25:30,33012,14396,31.1
2026-06-10 01:25:32,33014,14397,32.4
2026-06-10 01:25:34,33016,14398,35.9
2026-06-10 01:25:36,33018,14399,39.8
2026-06-10 01:25:38,33020,14400,26.8
2026-06-10 01:25:40,33022,14401,28.6
2026-06-10 01:25:42,33024,14402,21.9
2026-06-10 01:25:44,33026,14403,26.0
2026-06-10 01:25:46,33028,14404,24.3
2026-06-10 01:25:48,33030,14405,198
2026-06-10 01:25:50,33032,14406,62.6
2026-06-10 01:25:52,33034,14407,192
2026-06-10 01:25:54,33036,14408,47.6
2026-06-10 01:25:56,33038,14409,38.2
2026-06-10 01:25:58,33040,14410,26.9
2026-06-10 01:26:00,33042,14411,32.5
2026-06-10 01:26:02,33044,14412,38.1
2026-06-10 01:26:04,33046,14413,33.0
2026-06-10 01:26:06,33048,14414,50.0
2026-06-10 01:26:08,33050,14415,33.8
2026-06-10 01:26:10,33052,14416,42.0
2026-06-10 01:26:12,33054,14417,63.8
2026-06-10 01:26:14,33056,14418,24.3
2026-06-10 01:26:16,33058,14419,39.9
2026-06-10 01:26:18,33060,14420,41.5
2026-06-10 01:26:20,33062,14421,51.7
2026-06-10 01:26:22,33064,14422,19.7
2026-06-10 01:26:24,33066,14423,28.2
2026-06-10 01:26:26,33068,14424,27.3
2026-06-10 01:26:28,33070,14425,25.6
2026-06-10 01:26:30,33072,14426,26.5
2026-06-10 01:26:32,33074,14427,37.4
2026-06-10 01:26:34,33076,14428,36.8
2026-06-10 01:26:36,33078,14429,26.6
2026-06-10 01:26:38,33080,14430,19.0
2026-06-10 01:26:40,33082,14431,26.6
2026-06-10 01:26:42,33084,14432,40.2
2026-06-10 01:26:44,33086,14433,35.4
2026-06-10 01:26:46,33088,14434,45.3
2026-06-10 01:26:48,33090,14435,20.4
2026-06-10 01:26:50,33092,14436,30.2
2026-06-10 01:26:52,33094,14437,35.5
2026-06-10 01:26:54,33096,14438,41.9
2026-06-10 01:26:56,33098,14439,38.3
2026-06-10 01:26:59,33101,14440,30.6
2026-06-10 01:27:01,33103,14441,16.3
2026-06-10 01:27:03,33105,14442,30.7
2026-06-10 01:27:05,33107,14443,46.7
2026-06-10 01:27:07,33109,14444,37.4
2026-06-10 01:27:09,33111,14445,37.0
2026-06-10 01:27:11,33113,14446,30.9
2026-06-10 01:27:13,33115,14447,24.3
2026-06-10 01:27:15,33117,14448,18.0
2026-06-10 01:27:17,33119,14449,48.1
2026-06-10 01:27:19,33121,14450,214
2026-06-10 01:27:21,33123,14451,39.4
2026-06-10 01:27:23,33125,14452,37.2
2026-06-10 01:27:25,33127,14453,43.9
2026-06-10 01:27:27,33129,14454,36.2
2026-06-10 01:27:29,33131,14455,105
2026-06-10 01:27:31,33133,14456,21.2
2026-06-10 01:27:33,33135,14457,31.5
2026-06-10 01:27:35,33137,14458,18.0
2026-06-10 01:27:37,33139,14459,43.7
2026-06-10 01:27:39,33141,14460,33.0
2026-06-10 01:27:41,33143,14461,54.2
2026-06-10 01:27:43,33145,14462,39.0
2026-06-10 01:27:45,33147,14463,37.8
2026-06-10 01:27:47,33149,14464,19.2
2026-06-10 01:27:49,33151,14465,31.7
2026-06-10 01:27:51,33153,14466,27.0
2026-06-10 01:27:54,33156,14467,62.6
2026-06-10 01:27:55,33157,14468,49.9
2026-06-10 01:27:57,33159,14469,51.1
2026-06-10 01:27:59,33161,14470,68.5
2026-06-10 01:28:01,33163,14471,35.3
2026-06-10 01:28:03,33165,14472,40.0
2026-06-10 01:28:05,33167,14473,64.5
2026-06-10 01:28:07,33169,14474,40.9
2026-06-10 01:28:09,33171,14475,182
2026-06-10 01:28:11,33173,14476,63.2
2026-06-10 01:28:13,33175,14477,40.9
2026-06-10 01:28:15,33177,14478,54.1
2026-06-10 01:28:17,33179,14479,35.4
2026-06-10 01:28:19,33181,14480,42.1
2026-06-10 01:28:21,33183,14481,50.9
2026-06-10 01:28:23,33185,14482,60.6
2026-06-10 01:28:25,33187,14483,47.8
2026-06-10 01:28:27,33189,14484,36.8
2026-06-10 01:28:29,33191,14485,34.5
2026-06-10 01:28:31,33193,14486,41.4
2026-06-10 01:28:33,33195,14487,33.9
2026-06-10 01:28:35,33197,14488,31.8
2026-06-10 01:28:37,33199,14489,39.4
2026-06-10 01:28:39,33201,14490,50.1
2026-06-10 01:28:41,33203,14491,42.1
2026-06-10 01:28:43,33205,14492,41.9
2026-06-10 01:28:45,33207,14493,58.0
2026-06-10 01:28:47,33209,14494,69.3
2026-06-10 01:28:49,33211,14495,50.9
2026-06-10 01:28:51,33213,14496,48.7
2026-06-10 01:28:53,33215,14497,57.4
2026-06-10 01:28:55,33217,14498,117
2026-06-10 01:28:57,33219,14499,21.3
2026-06-10 01:28:59,33221,14500,19.0
2026-06-10 01:29:01,33223,14501,30.0
2026-06-10 01:29:03,33225,14502,17.5
2026-06-10 01:29:05,33227,14503,61.3
2026-06-10 01:29:07,33229,14504,38.6
2026-06-10 01:29:09,33231,14505,40.7
2026-06-10 01:29:12,33234,14506,41.4
2026-06-10 01:29:14,33236,14507,290
2026-06-10 01:29:16,33238,14508,193
2026-06-10 01:29:18,33240,14509,36.2
2026-06-10 01:29:20,33242,14510,52.0
2026-06-10 01:29:22,33244,14511,208
2026-06-10 01:29:24,33246,14512,16.9
2026-06-10 01:29:26,33248,14513,37.3
2026-06-10 01:29:28,33250,14514,38.2
2026-06-10 01:29:30,33252,14515,31.0
2026-06-10 01:29:32,33254,14516,47.9
2026-06-10 01:29:34,33256,14517,40.8
2026-06-10 01:29:36,33258,14518,37.7
2026-06-10 01:29:38,33260,14519,30.2
2026-06-10 01:29:40,33262,14520,41.3
2026-06-10 01:29:42,33264,14521,48.1
2026-06-10 01:29:44,33266,14522,35.7
2026-06-10 01:29:47,33269,14523,101
2026-06-10 01:29:49,33271,14524,37.2
2026-06-10 01:29:50,33272,14525,35.5
2026-06-10 01:29:52,33274,14526,49.6
2026-06-10 01:29:54,33276,14527,44.0
2026-06-10 01:29:56,33278,14528,19.8
2026-06-10 01:29:58,33280,14529,35.3
2026-06-10 01:30:00,33282,14530,36.4
2026-06-10 01:30:02,33284,14531,33.7
2026-06-10 01:30:04,33286,14532,28.8
2026-06-10 01:30:06,33288,14533,31.8
2026-06-10 01:30:08,33290,14534,41.9
2026-06-10 01:30:10,33292,14535,44.0
2026-06-10 01:30:12,33294,14536,129
2026-06-10 01:30:14,33296,14537,27.4
2026-06-10 01:30:16,33298,14538,41.5
2026-06-10 01:30:18,33300,14539,28.6
2026-06-10 01:30:20,33302,14540,134
2026-06-10 01:30:22,33304,14541,74.0
2026-06-10 01:30:24,33306,14542,37.0
2026-06-10 01:30:27,33309,14543,48.8
2026-06-10 01:30:29,33311,14544,46.0
2026-06-10 01:30:31,33313,14545,39.4
2026-06-10 01:30:33,33315,14546,71.6
2026-06-10 01:30:35,33317,14547,39.2
2026-06-10 01:30:37,33319,14548,164
2026-06-10 01:30:39,33321,14549,40.0
2026-06-10 01:30:41,33323,14550,35.3
2026-06-10 01:30:43,33325,14551,26.7
2026-06-10 01:30:45,33327,14552,25.5
2026-06-10 01:30:47,33329,14553,32.2
2026-06-10 01:30:49,33331,14554,46.5
2026-06-10 01:30:51,33333,14555,20.2
2026-06-10 01:30:53,33335,14556,28.3
2026-06-10 01:30:55,33337,14557,27.7
2026-06-10 01:30:57,33339,14558,162
2026-06-10 01:30:59,33341,14559,45.1
2026-06-10 01:31:01,33343,14560,26.8
2026-06-10 01:31:03,33345,14561,27.2
2026-06-10 01:31:05,33347,14562,36.3
2026-06-10 01:31:07,33349,14563,24.7
2026-06-10 01:31:09,33351,14564,39.0
2026-06-10 01:31:11,33353,14565,35.7
2026-06-10 01:31:13,33355,14566,42.5
2026-06-10 01:31:15,33357,14567,31.4
2026-06-10 01:31:17,33359,14568,32.5
2026-06-10 01:31:19,33361,14569,17.9
2026-06-10 01:31:21,33363,14570,25.1
2026-06-10 01:31:23,33365,14571,42.3
2026-06-10 01:31:25,33367,14572,46.7
2026-06-10 01:31:27,33369,14573,10.9
2026-06-10 01:31:29,33371,14574,29.8
2026-06-10 01:31:31,33373,14575,12.9
2026-06-10 01:31:33,33375,14576,23.0
2026-06-10 01:31:35,33377,14577,14.9
2026-06-10 01:31:37,33379,14578,30.5
2026-06-10 01:31:39,33381,14579,39.2
2026-06-10 01:31:41,33383,14580,17.9
2026-06-10 01:31:44,33385,14581,17.1
2026-06-10 01:31:46,33388,14582,193
2026-06-10 01:31:48,33390,14583,23.7
2026-06-10 01:31:50,33392,14584,30.6
2026-06-10 01:31:52,33394,14585,20.7
2026-06-10 01:31:54,33396,14586,51.8
2026-06-10 01:31:56,33398,14587,31.0
2026-06-10 01:31:58,33400,14588,29.7
2026-06-10 01:32:00,33402,14589,58.3
2026-06-10 01:32:02,33404,14590,41.4
2026-06-10 01:32:04,33406,14591,29.4
2026-06-10 01:32:06,33408,14592,24.8
2026-06-10 01:32:08,33410,14593,31.4
2026-06-10 01:32:09,33411,14594,38.1
2026-06-10 01:32:11,33413,14595,45.0
2026-06-10 01:32:13,33415,14596,29.3
2026-06-10 01:32:15,33417,14597,45.6
2026-06-10 01:32:17,33419,14598,36.6
2026-06-10 01:32:19,33421,14599,21.4
2026-06-10 01:32:21,33423,14600,29.8
2026-06-10 01:32:23,33425,14601,48.6
2026-06-10 01:32:25,33427,14602,33.8
2026-06-10 01:32:27,33429,14603,23.8
2026-06-10 01:32:29,33431,14604,37.8
2026-06-10 01:32:31,33433,14605,39.9
2026-06-10 01:32:33,33435,14606,27.1
2026-06-10 01:32:35,33437,14607,30.7
2026-06-10 01:32:37,33439,14608,24.9
2026-06-10 01:32:39,33441,14609,37.0
2026-06-10 01:32:41,33443,14610,41.3
2026-06-10 01:32:42,33444,14611,29.7
2026-06-10 01:32:44,33446,14612,33.0
2026-06-10 01:32:46,33448,14613,32.7
2026-06-10 01:32:48,33450,14614,29.7
2026-06-10 01:32:50,33452,14615,30.7
2026-06-10 01:32:52,33454,14616,50.7
2026-06-10 01:32:54,33456,14617,25.7
2026-06-10 01:32:56,33458,14618,208
2026-06-10 01:32:58,33460,14619,130
2026-06-10 01:33:00,33462,14620,36.2
2026-06-10 01:33:02,33464,14621,36.9
2026-06-10 01:33:04,33466,14622,27.6
2026-06-10 01:33:06,33468,14623,36.8
2026-06-10 01:33:08,33470,14624,33.4
2026-06-10 01:33:10,33472,14625,32.0
2026-06-10 01:33:12,33474,14626,31.9
2026-06-10 01:33:14,33476,14627,30.3
2026-06-10 01:33:16,33478,14628,34.1
2026-06-10 01:33:18,33480,14629,35.4
2026-06-10 01:33:20,33482,14630,27.6
2026-06-10 01:33:22,33484,14631,33.9
2026-06-10 01:33:24,33486,14632,31.7
2026-06-10 01:33:26,33488,14633,29.6
2026-06-10 01:33:28,33490,14634,22.8
2026-06-10 01:33:30,33492,14635,30.6
2026-06-10 01:33:32,33494,14636,31.4
2026-06-10 01:33:34,33496,14637,46.1
2026-06-10 01:33:36,33498,14638,40.8
2026-06-10 01:33:38,33500,14639,29.2
2026-06-10 01:33:40,33502,14640,39.2
2026-06-10 01:33:42,33504,14641,29.3
2026-06-10 01:33:43,33505,14642,19.1
2026-06-10 01:33:45,33507,14643,36.2
2026-06-10 01:33:47,33509,14644,30.9
2026-06-10 01:33:49,33511,14645,52.7
2026-06-10 01:33:51,33513,14646,33.9
2026-06-10 01:33:53,33515,14647,25.2
2026-06-10 01:33:55,33517,14648,31.9
2026-06-10 01:33:57,33519,14649,27.4
2026-06-10 01:33:59,33521,14650,17.3
2026-06-10 01:34:01,33523,14651,44.0
2026-06-10 01:34:03,33525,14652,40.1
2026-06-10 01:34:05,33527,14653,35.4
2026-06-10 01:34:07,33529,14654,35.2
2026-06-10 01:34:09,33531,14655,18.7
2026-06-10 01:34:11,33533,14656,33.2
2026-06-10 01:34:13,33535,14657,18.1
2026-06-10 01:34:15,33537,14658,34.1
2026-06-10 01:34:17,33539,14659,46.1
2026-06-10 01:34:19,33541,14660,35.4
2026-06-10 01:34:21,33543,14661,38.5
2026-06-10 01:34:23,33545,14662,36.0
2026-06-10 01:34:25,33547,14663,37.6
2026-06-10 01:34:27,33549,14664,35.3
2026-06-10 01:34:29,33551,14665,32.5
2026-06-10 01:34:31,33553,14666,30.6
2026-06-10 01:34:33,33555,14667,26.1
2026-06-10 01:34:35,33557,14668,38.3
2026-06-10 01:34:37,33559,14669,19.9
2026-06-10 01:34:39,33561,14670,28.6
2026-06-10 01:34:41,33563,14671,36.4
2026-06-10 01:34:44,33566,14672,32.0
2026-06-10 01:34:46,33568,14673,25.7
2026-06-10 01:34:47,33569,14674,27.0
2026-06-10 01:34:49,33571,14675,21.9
2026-06-10 01:34:52,33573,14676,38.8
2026-06-10 01:34:53,33575,14677,32.2
2026-06-10 01:34:55,33577,14678,30.8
2026-06-10 01:34:57,33579,14679,117
2026-06-10 01:34:59,33581,14680,35.7
2026-06-10 01:35:01,33583,14681,38.2
2026-06-10 01:35:03,33585,14682,40.5
2026-06-10 01:35:05,33587,14683,30.4
2026-06-10 01:35:07,33589,14684,29.8
2026-06-10 01:35:09,33591,14685,54.2
2026-06-10 01:35:11,33593,14686,28.4
2026-06-10 01:35:13,33595,14687,25.5
2026-06-10 01:35:15,33597,14688,42.4
2026-06-10 01:35:17,33599,14689,29.8
2026-06-10 01:35:19,33601,14690,44.3
2026-06-10 01:35:21,33603,14691,38.1
2026-06-10 01:35:23,33605,14692,41.2
2026-06-10 01:35:25,33607,14693,41.5
2026-06-10 01:35:27,33609,14694,38.9
2026-06-10 01:35:29,33611,14695,41.5
2026-06-10 01:35:31,33613,14696,23.4
2026-06-10 01:35:33,33615,14697,26.9
2026-06-10 01:35:35,33617,14698,46.5
2026-06-10 01:35:37,33619,14699,29.9
2026-06-10 01:35:39,33621,14700,30.4
2026-06-10 01:35:41,33623,14701,43.3
2026-06-10 01:35:43,33625,14702,44.6
2026-06-10 01:35:45,33627,14703,26.2
2026-06-10 01:35:46,33628,14704,33.9
2026-06-10 01:35:48,33630,14705,23.3
2026-06-10 01:35:50,33632,14706,43.9
2026-06-10 01:35:52,33634,14707,26.2
2026-06-10 01:35:54,33636,14708,45.2
2026-06-10 01:35:56,33638,14709,35.9
2026-06-10 01:35:58,33640,14710,40.6
2026-06-10 01:36:00,33642,14711,43.6
2026-06-10 01:36:02,33644,14712,42.0
2026-06-10 01:36:04,33646,14713,49.9
2026-06-10 01:36:06,33648,14714,24.1
2026-06-10 01:36:08,33650,14715,50.4
2026-06-10 01:36:10,33652,14716,37.6
2026-06-10 01:36:12,33654,14717,25.9
2026-06-10 01:36:14,33656,14718,35.2
2026-06-10 01:36:16,33658,14719,32.4
2026-06-10 01:36:18,33660,14720,32.1
2026-06-10 01:36:20,33662,14721,27.1
2026-06-10 01:36:22,33664,14722,43.7
2026-06-10 01:36:24,33666,14723,42.3
2026-06-10 01:36:26,33668,14724,40.3
2026-06-10 01:36:28,33670,14725,29.5
2026-06-10 01:36:30,33672,14726,46.0
2026-06-10 01:36:32,33674,14727,50.4
2026-06-10 01:36:33,33675,14728,36.6
2026-06-10 01:36:35,33677,14729,38.5
2026-06-10 01:36:37,33679,14730,30.8
2026-06-10 01:36:39,33681,14731,30.5
2026-06-10 01:36:41,33683,14732,28.8
2026-06-10 01:36:43,33685,14733,46.3
2026-06-10 01:36:45,33687,14734,48.3
2026-06-10 01:36:47,33689,14735,30.7
2026-06-10 01:36:49,33691,14736,29.7
2026-06-10 01:36:51,33693,14737,26.2
2026-06-10 01:36:53,33695,14738,27.8
2026-06-10 01:36:55,33697,14739,30.2
2026-06-10 01:36:57,33699,14740,28.1
2026-06-10 01:36:59,33701,14741,47.6
2026-06-10 01:37:01,33703,14742,31.4
2026-06-10 01:37:03,33705,14743,40.9
2026-06-10 01:37:05,33707,14744,22.7
2026-06-10 01:37:07,33709,14745,19.4
2026-06-10 01:37:09,33711,14746,19.2
2026-06-10 01:37:11,33713,14747,32.9
2026-06-10 01:37:13,33715,14748,21.9
2026-06-10 01:37:15,33717,14749,25.6
2026-06-10 01:37:17,33719,14750,52.0
2026-06-10 01:37:19,33721,14751,11.8
2026-06-10 01:37:21,33723,14752,24.7
2026-06-10 01:37:23,33725,14753,27.2
2026-06-10 01:37:25,33727,14754,44.8
2026-06-10 01:37:27,33729,14755,26.3
2026-06-10 01:37:29,33731,14756,31.1
2026-06-10 01:37:31,33733,14757,36.9
2026-06-10 01:37:33,33735,14758,60.0
2026-06-10 01:37:35,33737,14759,50.9
2026-06-10 01:37:37,33739,14760,21.3
2026-06-10 01:37:40,33742,14761,33.0
2026-06-10 01:37:42,33744,14762,26.9
2026-06-10 01:37:44,33746,14763,37.8
2026-06-10 01:37:46,33748,14764,46.8
2026-06-10 01:37:48,33750,14765,48.2
2026-06-10 01:37:50,33752,14766,41.3
2026-06-10 01:37:52,33754,14767,34.9
2026-06-10 01:37:54,33756,14768,46.7
2026-06-10 01:37:56,33758,14769,32.6
2026-06-10 01:37:58,33760,14770,68.8
2026-06-10 01:38:00,33762,14771,36.6
2026-06-10 01:38:02,33764,14772,40.5
2026-06-10 01:38:03,33765,14773,51.6
2026-06-10 01:38:05,33767,14774,168
2026-06-10 01:38:08,33770,14775,73.4
2026-06-10 01:38:10,33772,14776,141
2026-06-10 01:38:12,33774,14777,486
2026-06-10 01:38:14,33776,14778,39.6
2026-06-10 01:38:16,33778,14779,47.1
2026-06-10 01:38:18,33780,14780,25.2
2026-06-10 01:38:20,33782,14781,214
2026-06-10 01:38:22,33784,14782,26.1
2026-06-10 01:38:24,33786,14783,33.6
2026-06-10 01:38:26,33788,14784,185
2026-06-10 01:38:29,33791,14785,37.3
2026-06-10 01:38:31,33793,14786,259
2026-06-10 01:38:33,33795,14787,43.3
2026-06-10 01:38:35,33797,14788,38.9
2026-06-10 01:38:37,33799,14789,36.0
2026-06-10 01:38:39,33801,14790,46.2
2026-06-10 01:38:41,33803,14791,48.1
2026-06-10 01:38:43,33805,14792,43.0
2026-06-10 01:38:45,33807,14793,38.9
2026-06-10 01:38:47,33809,14794,15.8
2026-06-10 01:38:49,33811,14795,32.7
2026-06-10 01:38:51,33813,14796,23.5
2026-06-10 01:38:53,33815,14797,31.0
2026-06-10 01:38:55,33817,14798,42.6
2026-06-10 01:38:57,33819,14799,30.5
2026-06-10 01:38:59,33821,14800,29.1
2026-06-10 01:39:01,33823,14801,33.4
2026-06-10 01:39:03,33824,14802,36.4
2026-06-10 01:39:04,33826,14803,33.8
2026-06-10 01:39:06,33828,14804,39.6
2026-06-10 01:39:08,33830,14805,38.6
2026-06-10 01:39:10,33832,14806,37.8
2026-06-10 01:39:12,33834,14807,42.5
2026-06-10 01:39:14,33836,14808,39.2
2026-06-10 01:39:16,33838,14809,50.1
2026-06-10 01:39:18,33840,14810,44.4
2026-06-10 01:39:20,33842,14811,16.2
2026-06-10 01:39:22,33844,14812,36.9
2026-06-10 01:39:24,33846,14813,43.0
2026-06-10 01:39:26,33848,14814,35.7
2026-06-10 01:39:28,33850,14815,36.5
2026-06-10 01:39:30,33852,14816,30.6
2026-06-10 01:39:32,33854,14817,27.4
2026-06-10 01:39:34,33856,14818,49.5
2026-06-10 01:39:36,33858,14819,22.9
2026-06-10 01:39:38,33860,14820,29.7
2026-06-10 01:39:41,33863,14821,27.8
2026-06-10 01:39:42,33864,14822,39.4
2026-06-10 01:39:45,33867,14823,48.6
2026-06-10 01:39:46,33868,14824,36.9
2026-06-10 01:39:48,33870,14825,31.8
2026-06-10 01:39:51,33873,14826,37.0
2026-06-10 01:39:53,33875,14827,63.6
2026-06-10 01:39:55,33877,14828,42.4
2026-06-10 01:39:57,33879,14829,35.8
2026-06-10 01:39:59,33881,14830,30.9
2026-06-10 01:40:01,33883,14831,56.9
2026-06-10 01:40:03,33885,14832,33.6
2026-06-10 01:40:04,33886,14833,57.4
2026-06-10 01:40:06,33888,14834,59.6
2026-06-10 01:40:08,33890,14835,39.9
2026-06-10 01:40:10,33892,14836,47.6
2026-06-10 01:40:12,33894,14837,45.0
2026-06-10 01:40:14,33896,14838,42.5
2026-06-10 01:40:16,33898,14839,73.7
2026-06-10 01:40:18,33900,14840,43.5
2026-06-10 01:40:20,33902,14841,52.6
2026-06-10 01:40:22,33904,14842,41.3
2026-06-10 01:40:24,33906,14843,35.4
2026-06-10 01:40:26,33908,14844,35.2
2026-06-10 01:40:28,33910,14845,27.2
2026-06-10 01:40:30,33912,14846,34.5
2026-06-10 01:40:32,33914,14847,40.5
2026-06-10 01:40:34,33916,14848,43.4
2026-06-10 01:40:36,33918,14849,43.8
2026-06-10 01:40:38,33920,14850,13.3
2026-06-10 01:40:40,33922,14851,23.5
2026-06-10 01:40:42,33924,14852,28.0
2026-06-10 01:40:44,33926,14853,33.4
2026-06-10 01:40:46,33928,14854,36.5
2026-06-10 01:40:48,33930,14855,36.6
2026-06-10 01:40:50,33932,14856,34.9
2026-06-10 01:40:52,33934,14857,36.9
2026-06-10 01:40:54,33936,14858,34.7
2026-06-10 01:40:56,33938,14859,52.3
2026-06-10 01:40:58,33940,14860,30.0
2026-06-10 01:41:00,33942,14861,44.5
2026-06-10 01:41:02,33944,14862,43.6
2026-06-10 01:41:04,33946,14863,44.7
2026-06-10 01:41:06,33948,14864,35.0
2026-06-10 01:41:08,33950,14865,39.0
2026-06-10 01:41:09,33951,14866,54.0
2026-06-10 01:41:11,33953,14867,34.1
2026-06-10 01:41:13,33955,14868,32.3
2026-06-10 01:41:15,33957,14869,35.9
2026-06-10 01:41:17,33959,14870,42.1
2026-06-10 01:41:19,33961,14871,51.9
2026-06-10 01:41:21,33963,14872,47.4
2026-06-10 01:41:23,33965,14873,34.2
2026-06-10 01:41:25,33967,14874,26.7
2026-06-10 01:41:27,33969,14875,38.7
2026-06-10 01:41:29,33971,14876,36.4
2026-06-10 01:41:31,33973,14877,36.0
2026-06-10 01:41:33,33975,14878,31.8
2026-06-10 01:41:35,33977,14879,44.2
2026-06-10 01:41:37,33979,14880,38.5
2026-06-10 01:41:39,33981,14881,32.6
2026-06-10 01:41:41,33983,14882,26.0
2026-06-10 01:41:43,33985,14883,38.1
2026-06-10 01:41:45,33987,14884,25.2
2026-06-10 01:41:47,33989,14885,141
2026-06-10 01:41:49,33991,14886,43.7
2026-06-10 01:41:51,33993,14887,35.0
2026-06-10 01:41:53,33995,14888,42.3
2026-06-10 01:41:55,33997,14889,37.5
2026-06-10 01:41:57,33999,14890,33.3
2026-06-10 01:41:59,34001,14891,69.4
2026-06-10 01:42:01,34003,14892,35.2
2026-06-10 01:42:03,34005,14893,39.9
2026-06-10 01:42:05,34007,14894,46.9
2026-06-10 01:42:06,34008,14895,36.1
2026-06-10 01:42:08,34010,14896,28.4
2026-06-10 01:42:10,34012,14897,35.9
2026-06-10 01:42:12,34014,14898,38.5
2026-06-10 01:42:14,34016,14899,33.2
2026-06-10 01:42:16,34018,14900,36.5
2026-06-10 01:42:18,34020,14901,29.4
2026-06-10 01:42:20,34022,14902,48.7
2026-06-10 01:42:22,34024,14903,44.4
2026-06-10 01:42:24,34026,14904,34.1
2026-06-10 01:42:26,34028,14905,28.4
2026-06-10 01:42:28,34030,14906,38.3
2026-06-10 01:42:30,34032,14907,27.5
2026-06-10 01:42:32,34034,14908,25.6
2026-06-10 01:42:34,34036,14909,27.9
2026-06-10 01:42:36,34038,14910,191
2026-06-10 01:42:38,34040,14911,229
2026-06-10 01:42:40,34042,14912,270
2026-06-10 01:42:42,34044,14913,45.0
2026-06-10 01:42:44,34046,14914,82.0
2026-06-10 01:42:46,34048,14915,39.7
2026-06-10 01:42:49,34051,14916,52.6
2026-06-10 01:42:51,34053,14917,35.3
2026-06-10 01:42:53,34055,14918,115
2026-06-10 01:42:55,34057,14919,44.8
2026-06-10 01:42:57,34059,14920,29.3
2026-06-10 01:42:59,34061,14921,34.3
2026-06-10 01:43:01,34063,14922,27.8
2026-06-10 01:43:02,34064,14923,28.3
2026-06-10 01:43:04,34066,14924,36.6
2026-06-10 01:43:06,34068,14925,40.3
2026-06-10 01:43:08,34070,14926,36.7
2026-06-10 01:43:10,34072,14927,41.0
2026-06-10 01:43:12,34074,14928,49.4
2026-06-10 01:43:14,34076,14929,48.9
2026-06-10 01:43:16,34078,14930,37.0
2026-06-10 01:43:18,34080,14931,32.9
2026-06-10 01:43:20,34082,14932,23.4
2026-06-10 01:43:22,34084,14933,104
2026-06-10 01:43:24,34086,14934,23.0
2026-06-10 01:43:26,34088,14935,51.2
2026-06-10 01:43:28,34090,14936,18.2
2026-06-10 01:43:30,34092,14937,42.6
2026-06-10 01:43:32,34094,14938,80.0
2026-06-10 01:43:34,34096,14939,36.7
2026-06-10 01:43:36,34098,14940,32.2
2026-06-10 01:43:38,34100,14941,26.3
2026-06-10 01:43:40,34102,14942,32.1
2026-06-10 01:43:42,34104,14943,39.7
2026-06-10 01:43:44,34106,14944,38.5
2026-06-10 01:43:46,34108,14945,8.43
2026-06-10 01:43:48,34110,14946,16.9
2026-06-10 01:43:50,34112,14947,38.2
2026-06-10 01:43:52,34114,14948,41.0
2026-06-10 01:43:54,34116,14949,41.9
2026-06-10 01:43:56,34118,14950,18.3
2026-06-10 01:43:58,34120,14951,28.4
2026-06-10 01:44:00,34122,14952,30.0
2026-06-10 01:44:02,34124,14953,34.1
2026-06-10 01:44:04,34126,14954,32.7
2026-06-10 01:44:06,34128,14955,26.4
2026-06-10 01:44:08,34130,14956,41.6
2026-06-10 01:44:10,34132,14957,20.0
2026-06-10 01:44:12,34134,14958,39.3
2026-06-10 01:44:14,34136,14959,38.3
2026-06-10 01:44:16,34138,14960,49.2
2026-06-10 01:44:18,34140,14961,57.7
2026-06-10 01:44:20,34142,14962,33.1
2026-06-10 01:44:22,34144,14963,48.2
2026-06-10 01:44:24,34146,14964,32.3
2026-06-10 01:44:26,34148,14965,32.6
2026-06-10 01:44:28,34150,14966,29.5
2026-06-10 01:44:30,34152,14967,35.0
2026-06-10 01:44:32,34154,14968,38.5
2026-06-10 01:44:34,34156,14969,35.2
2026-06-10 01:44:36,34158,14970,31.8
2026-06-10 01:44:38,34160,14971,40.8
2026-06-10 01:44:40,34162,14972,61.8
2026-06-10 01:44:42,34164,14973,33.9
2026-06-10 01:44:44,34166,14974,28.6
2026-06-10 01:44:46,34168,14975,24.8
2026-06-10 01:44:47,34169,14976,36.9
2026-06-10 01:44:49,34171,14977,44.5
2026-06-10 01:44:51,34173,14978,28.5
2026-06-10 01:44:53,34175,14979,24.6
2026-06-10 01:44:55,34177,14980,32.4
2026-06-10 01:44:57,34179,14981,24.8
2026-06-10 01:44:59,34181,14982,46.5
2026-06-10 01:45:01,34183,14983,31.3
2026-06-10 01:45:03,34185,14984,32.3
2026-06-10 01:45:05,34187,14985,40.7
2026-06-10 01:45:07,34189,14986,61.1
2026-06-10 01:45:09,34191,14987,37.0
2026-06-10 01:45:11,34193,14988,29.6
2026-06-10 01:45:13,34195,14989,20.0
2026-06-10 01:45:15,34197,14990,58.5
2026-06-10 01:45:17,34199,14991,38.6
2026-06-10 01:45:19,34201,14992,26.2
2026-06-10 01:45:21,34203,14993,12.9
2026-06-10 01:45:23,34205,14994,26.1
2026-06-10 01:45:25,34207,14995,24.2
2026-06-10 01:45:27,34209,14996,36.9
2026-06-10 01:45:30,34212,14997,42.0
2026-06-10 01:45:32,34214,14998,34.6
2026-06-10 01:45:34,34216,14999,150
2026-06-10 01:45:36,34218,15000,21.1
2026-06-10 01:45:38,34220,15001,45.0
2026-06-10 01:45:40,34222,15002,49.5
2026-06-10 01:45:42,34224,15003,38.0
2026-06-10 01:45:44,34226,15004,53.7
2026-06-10 01:45:46,34228,15005,85.7
2026-06-10 01:45:48,34230,15006,21.3
2026-06-10 01:45:50,34232,15007,34.3
2026-06-10 01:45:52,34234,15008,40.8
2026-06-10 01:45:54,34236,15009,35.6
2026-06-10 01:45:56,34238,15010,15.5
2026-06-10 01:45:59,34241,15011,19.8
2026-06-10 01:46:01,34243,15012,34.1
2026-06-10 01:46:03,34245,15013,30.5
2026-06-10 01:46:05,34247,15014,29.0
2026-06-10 01:46:07,34249,15015,25.5
2026-06-10 01:46:09,34251,15016,46.7
2026-06-10 01:46:11,34253,15017,36.3
2026-06-10 01:46:13,34255,15018,34.5
2026-06-10 01:46:15,34257,15019,39.0
2026-06-10 01:46:17,34259,15020,35.8
2026-06-10 01:46:19,34261,15021,21.1
2026-06-10 01:46:21,34263,15022,39.8
2026-06-10 01:46:23,34265,15023,38.8
2026-06-10 01:46:25,34267,15024,17.7
2026-06-10 01:46:27,34269,15025,32.6
2026-06-10 01:46:29,34271,15026,52.0
2026-06-10 01:46:31,34273,15027,34.6
2026-06-10 01:46:33,34275,15028,19.0
2026-06-10 01:46:35,34277,15029,21.5
2026-06-10 01:46:37,34279,15030,56.1
2026-06-10 01:46:39,34281,15031,39.9
2026-06-10 01:46:41,34283,15032,51.5
2026-06-10 01:46:43,34285,15033,22.9
2026-06-10 01:46:45,34287,15034,31.4
2026-06-10 01:46:47,34289,15035,19.8
2026-06-10 01:46:49,34291,15036,28.8
2026-06-10 01:46:51,34293,15037,30.0
2026-06-10 01:46:54,34296,15038,57.3
2026-06-10 01:46:56,34298,15039,34.0
2026-06-10 01:46:57,34299,15040,29.8
2026-06-10 01:46:59,34301,15041,28.2
2026-06-10 01:47:01,34303,15042,25.9
2026-06-10 01:47:03,34305,15043,31.1
2026-06-10 01:47:05,34307,15044,38.5
2026-06-10 01:47:07,34309,15045,32.6
2026-06-10 01:47:09,34311,15046,20.3
2026-06-10 01:47:11,34313,15047,41.3
2026-06-10 01:47:13,34315,15048,32.2
2026-06-10 01:47:15,34317,15049,19.7
2026-06-10 01:47:17,34319,15050,29.9
2026-06-10 01:47:19,34321,15051,23.6
2026-06-10 01:47:22,34324,15052,39.5
2026-06-10 01:47:24,34326,15053,40.0
2026-06-10 01:47:26,34328,15054,37.6
2026-06-10 01:47:28,34330,15055,20.6
2026-06-10 01:47:30,34332,15056,42.7
2026-06-10 01:47:32,34334,15057,32.8
2026-06-10 01:47:34,34336,15058,17.8
2026-06-10 01:47:36,34338,15059,39.9
2026-06-10 01:47:38,34340,15060,29.0
2026-06-10 01:47:40,34342,15061,29.1
2026-06-10 01:47:42,34344,15062,28.9
2026-06-10 01:47:44,34346,15063,31.2
2026-06-10 01:47:46,34348,15064,12.0
2026-06-10 01:47:48,34350,15065,34.4
2026-06-10 01:47:50,34352,15066,24.2
2026-06-10 01:47:52,34354,15067,51.4
2026-06-10 01:47:54,34356,15068,34.6
2026-06-10 01:47:56,34358,15069,35.7
2026-06-10 01:47:58,34360,15070,33.3
2026-06-10 01:48:00,34362,15071,37.4
2026-06-10 01:48:02,34364,15072,38.0
2026-06-10 01:48:04,34366,15073,38.5
2026-06-10 01:48:06,34368,15074,20.9
2026-06-10 01:48:08,34370,15075,47.8
2026-06-10 01:48:10,34372,15076,30.1
2026-06-10 01:48:12,34374,15077,46.4
2026-06-10 01:48:14,34376,15078,50.0
2026-06-10 01:48:16,34378,15079,41.0
2026-06-10 01:48:18,34380,15080,32.3
2026-06-10 01:48:20,34382,15081,35.7
2026-06-10 01:48:22,34384,15082,28.8
2026-06-10 01:48:24,34386,15083,30.2
2026-06-10 01:48:26,34388,15084,15.9
2026-06-10 01:48:28,34390,15085,17.6
2026-06-10 01:48:30,34392,15086,27.7
2026-06-10 01:48:32,34394,15087,31.5
2026-06-10 01:48:34,34396,15088,46.3
2026-06-10 01:48:36,34398,15089,39.8
2026-06-10 01:48:38,34400,15090,17.9
2026-06-10 01:48:40,34402,15091,47.8
2026-06-10 01:48:42,34404,15092,19.4
2026-06-10 01:48:44,34406,15093,72.7
2026-06-10 01:48:46,34408,15094,30.0
2026-06-10 01:48:49,34411,15095,210
2026-06-10 01:48:51,34413,15096,29.3
2026-06-10 01:48:53,34415,15097,15.9
2026-06-10 01:48:55,34417,15098,28.2
2026-06-10 01:48:57,34419,15099,38.1
2026-06-10 01:48:59,34421,15100,33.1
2026-06-10 01:49:01,34423,15101,46.8
2026-06-10 01:49:03,34425,15102,7.73
2026-06-10 01:49:05,34427,15103,41.7
2026-06-10 01:49:07,34429,15104,53.3
2026-06-10 01:49:09,34431,15105,13.3
2026-06-10 01:49:11,34433,15106,20.1
2026-06-10 01:49:13,34435,15107,18.2
2026-06-10 01:49:15,34437,15108,47.5
2026-06-10 01:49:18,34440,15109,29.3
2026-06-10 01:49:20,34442,15110,16.9
2026-06-10 01:49:22,34444,15111,28.6
2026-06-10 01:49:24,34446,15112,19.6
2026-06-10 01:49:26,34448,15113,26.2
2026-06-10 01:49:28,34450,15114,41.9
2026-06-10 01:49:30,34452,15115,22.0
2026-06-10 01:49:32,34454,15116,18.0
2026-06-10 01:49:34,34456,15117,12.6
2026-06-10 01:49:36,34458,15118,17.8
2026-06-10 01:49:38,34460,15119,24.0
2026-06-10 01:49:40,34462,15120,30.5
2026-06-10 01:49:42,34464,15121,17.6
2026-06-10 01:49:44,34466,15122,11.4
2026-06-10 01:49:46,34468,15123,13.3
2026-06-10 01:49:48,34470,15124,18.1
2026-06-10 01:49:51,34473,15125,18.8
2026-06-10 01:49:53,34475,15126,22.2
2026-06-10 01:49:55,34477,15127,24.9
2026-06-10 01:49:57,34479,15128,42.1
2026-06-10 01:49:59,34481,15129,34.4
2026-06-10 01:50:01,34483,15130,34.8
2026-06-10 01:50:03,34485,15131,34.1
2026-06-10 01:50:05,34487,15132,33.3
2026-06-10 01:50:07,34489,15133,37.7
2026-06-10 01:50:09,34491,15134,34.0
2026-06-10 01:50:11,34493,15135,21.4
2026-06-10 01:50:13,34495,15136,32.3
2026-06-10 01:50:15,34497,15137,36.9
2026-06-10 01:50:17,34499,15138,41.8
2026-06-10 01:50:19,34501,15139,34.5
2026-06-10 01:50:21,34503,15140,32.3
2026-06-10 01:50:23,34505,15141,32.2
2026-06-10 01:50:25,34507,15142,30.8
2026-06-10 01:50:27,34509,15143,22.1
2026-06-10 01:50:29,34511,15144,33.7
2026-06-10 01:50:31,34513,15145,17.2
2026-06-10 01:50:33,34515,15146,32.6
2026-06-10 01:50:35,34517,15147,21.6
2026-06-10 01:50:37,34519,15148,22.4
2026-06-10 01:50:39,34521,15149,65.9
2026-06-10 01:50:41,34523,15150,24.4
2026-06-10 01:50:43,34525,15151,23.7
2026-06-10 01:50:45,34527,15152,11.9
2026-06-10 01:50:47,34529,15153,44.2
2026-06-10 01:50:50,34532,15154,54.9
2026-06-10 01:50:52,34534,15155,27.6
2026-06-10 01:50:54,34536,15156,38.7
2026-06-10 01:50:56,34538,15157,25.0
2026-06-10 01:50:58,34540,15158,43.6
2026-06-10 01:51:00,34542,15159,30.0
2026-06-10 01:51:02,34544,15160,21.9
2026-06-10 01:51:04,34546,15161,35.3
2026-06-10 01:51:06,34548,15162,28.2
2026-06-10 01:51:08,34550,15163,40.4
2026-06-10 01:51:10,34552,15164,57.0
2026-06-10 01:51:12,34554,15165,26.0
2026-06-10 01:51:14,34556,15166,31.7
2026-06-10 01:51:16,34558,15167,24.6
2026-06-10 01:51:18,34560,15168,27.1
2026-06-10 01:51:20,34562,15169,91.1
2026-06-10 01:51:22,34564,15170,27.1
2026-06-10 01:51:24,34566,15171,43.1
2026-06-10 01:51:26,34568,15172,31.7
2026-06-10 01:51:28,34570,15173,31.5
2026-06-10 01:51:30,34572,15174,35.1
2026-06-10 01:51:32,34574,15175,44.8
2026-06-10 01:51:34,34576,15176,37.3
2026-06-10 01:51:36,34578,15177,19.9
2026-06-10 01:51:38,34580,15178,31.7
2026-06-10 01:51:40,34582,15179,34.8
2026-06-10 01:51:42,34584,15180,35.2
2026-06-10 01:51:44,34586,15181,30.4
2026-06-10 01:51:46,34588,15182,34.2
2026-06-10 01:51:48,34590,15183,35.9
2026-06-10 01:51:50,34592,15184,27.7
2026-06-10 01:51:52,34594,15185,29.3
2026-06-10 01:51:54,34596,15186,56.4
2026-06-10 01:51:56,34598,15187,30.3
2026-06-10 01:51:58,34600,15188,38.6
2026-06-10 01:52:00,34602,15189,25.6
2026-06-10 01:52:02,34604,15190,39.2
2026-06-10 01:52:04,34606,15191,38.0
2026-06-10 01:52:06,34608,15192,18.5
2026-06-10 01:52:08,34610,15193,56.7
2026-06-10 01:52:10,34612,15194,33.0
2026-06-10 01:52:12,34614,15195,26.1
2026-06-10 01:52:14,34616,15196,37.4
2026-06-10 01:52:16,34618,15197,38.1
2026-06-10 01:52:18,34620,15198,29.2
2026-06-10 01:52:20,34622,15199,31.2
2026-06-10 01:52:22,34624,15200,38.3
2026-06-10 01:52:24,34626,15201,45.0
2026-06-10 01:52:26,34628,15202,29.9
2026-06-10 01:52:28,34630,15203,30.5
2026-06-10 01:52:30,34632,15204,54.9
2026-06-10 01:52:32,34634,15205,48.6
2026-06-10 01:52:34,34636,15206,24.2
2026-06-10 01:52:36,34638,15207,36.7
2026-06-10 01:52:38,34640,15208,29.9
2026-06-10 01:52:40,34642,15209,26.6
2026-06-10 01:52:41,34643,15210,43.5
2026-06-10 01:52:43,34645,15211,35.6
2026-06-10 01:52:45,34647,15212,29.0
2026-06-10 01:52:47,34649,15213,17.0
2026-06-10 01:52:50,34652,15214,25.6
2026-06-10 01:52:52,34654,15215,13.3
2026-06-10 01:52:54,34656,15216,31.1
2026-06-10 01:52:56,34658,15217,25.9
2026-06-10 01:52:58,34660,15218,13.5
2026-06-10 01:53:00,34662,15219,30.0
2026-06-10 01:53:02,34664,15220,26.7
2026-06-10 01:53:04,34666,15221,110
2026-06-10 01:53:06,34668,15222,30.9
2026-06-10 01:53:08,34670,15223,22.2
2026-06-10 01:53:10,34672,15224,26.2
2026-06-10 01:53:12,34674,15225,105
2026-06-10 01:53:15,34677,15226,110
2026-06-10 01:53:17,34679,15227,39.4
2026-06-10 01:53:19,34681,15228,33.2
2026-06-10 01:53:21,34683,15229,58.7
2026-06-10 01:53:23,34685,15230,205
2026-06-10 01:53:25,34687,15231,44.9
2026-06-10 01:53:28,34690,15232,36.0
2026-06-10 01:53:30,34692,15233,43.9
2026-06-10 01:53:32,34694,15234,39.9
2026-06-10 01:53:34,34696,15235,32.3
2026-06-10 01:53:36,34698,15236,56.8
2026-06-10 01:53:38,34700,15237,33.0
2026-06-10 01:53:40,34702,15238,23.4
2026-06-10 01:53:42,34704,15239,34.8
2026-06-10 01:53:44,34706,15240,28.8
2026-06-10 01:53:46,34708,15241,60.1
2026-06-10 01:53:48,34710,15242,37.3
2026-06-10 01:53:50,34712,15243,35.9
2026-06-10 01:53:51,34713,15244,24.1
2026-06-10 01:53:54,34716,15245,35.5
2026-06-10 01:53:55,34717,15246,44.3
2026-06-10 01:53:57,34719,15247,44.9
2026-06-10 01:53:59,34721,15248,42.2
2026-06-10 01:54:01,34723,15249,53.7
2026-06-10 01:54:03,34725,15250,30.1
2026-06-10 01:54:05,34727,15251,46.0
2026-06-10 01:54:08,34730,15252,51.4
2026-06-10 01:54:10,34732,15253,29.6
2026-06-10 01:54:11,34733,15254,38.5
2026-06-10 01:54:13,34735,15255,34.3
2026-06-10 01:54:15,34737,15256,45.7
2026-06-10 01:54:17,34739,15257,34.7
2026-06-10 01:54:19,34741,15258,38.9
2026-06-10 01:54:21,34743,15259,40.8
2026-06-10 01:54:23,34745,15260,29.4
2026-06-10 01:54:25,34747,15261,33.6
2026-06-10 01:54:27,34749,15262,30.0
2026-06-10 01:54:29,34751,15263,49.3
2026-06-10 01:54:31,34753,15264,29.8
2026-06-10 01:54:33,34755,15265,47.8
2026-06-10 01:54:35,34757,15266,30.9
2026-06-10 01:54:37,34759,15267,40.4
2026-06-10 01:54:39,34761,15268,41.9
2026-06-10 01:54:41,34763,15269,66.2
2026-06-10 01:54:43,34765,15270,33.8
2026-06-10 01:54:45,34767,15271,48.5
2026-06-10 01:54:47,34769,15272,27.4
2026-06-10 01:54:49,34771,15273,36.8
2026-06-10 01:54:51,34773,15274,24.2
2026-06-10 01:54:53,34775,15275,45.1
2026-06-10 01:54:55,34777,15276,54.8
2026-06-10 01:54:57,34779,15277,49.2
2026-06-10 01:54:59,34781,15278,36.2
2026-06-10 01:55:01,34783,15279,91.6
2026-06-10 01:55:03,34785,15280,12.9
2026-06-10 01:55:05,34787,15281,30.2
2026-06-10 01:55:07,34789,15282,31.9
2026-06-10 01:55:09,34791,15283,24.8
2026-06-10 01:55:11,34793,15284,25.0
2026-06-10 01:55:13,34795,15285,34.5
2026-06-10 01:55:15,34797,15286,33.6
2026-06-10 01:55:17,34799,15287,29.8
2026-06-10 01:55:19,34801,15288,52.7
2026-06-10 01:55:21,34803,15289,32.1
2026-06-10 01:55:23,34805,15290,40.9
2026-06-10 01:55:25,34807,15291,32.1
2026-06-10 01:55:27,34809,15292,38.2
2026-06-10 01:55:29,34811,15293,39.6
2026-06-10 01:55:31,34813,15294,33.1
2026-06-10 01:55:33,34815,15295,22.4
2026-06-10 01:55:34,34816,15296,217
2026-06-10 01:55:37,34819,15297,33.0
2026-06-10 01:55:39,34821,15298,57.8
2026-06-10 01:55:41,34823,15299,226
2026-06-10 01:55:43,34825,15300,29.3
2026-06-10 01:55:45,34827,15301,53.3
2026-06-10 01:55:47,34829,15302,15.5
2026-06-10 01:55:50,34832,15303,36.9
2026-06-10 01:55:52,34834,15304,27.9
2026-06-10 01:55:54,34836,15305,30.5
2026-06-10 01:55:56,34838,15306,32.0
2026-06-10 01:55:58,34840,15307,23.9
2026-06-10 01:56:00,34842,15308,29.0
2026-06-10 01:56:02,34843,15309,32.6
2026-06-10 01:56:03,34845,15310,30.7
2026-06-10 01:56:05,34847,15311,31.2
2026-06-10 01:56:07,34849,15312,58.6
2026-06-10 01:56:10,34852,15313,31.3
2026-06-10 01:56:12,34854,15314,31.9
2026-06-10 01:56:14,34856,15315,35.3
2026-06-10 01:56:16,34858,15316,31.0
2026-06-10 01:56:18,34860,15317,451
2026-06-10 01:56:20,34862,15318,41.4
2026-06-10 01:56:22,34864,15319,14.9
2026-06-10 01:56:24,34866,15320,54.0
2026-06-10 01:56:26,34868,15321,33.3
2026-06-10 01:56:28,34870,15322,28.2
2026-06-10 01:56:30,34872,15323,20.5
2026-06-10 01:56:32,34874,15324,33.7
2026-06-10 01:56:34,34876,15325,33.3
2026-06-10 01:56:36,34878,15326,24.9
2026-06-10 01:56:38,34880,15327,37.4
2026-06-10 01:56:40,34882,15328,44.1
2026-06-10 01:56:42,34884,15329,39.7
2026-06-10 01:56:44,34886,15330,19.2
2026-06-10 01:56:47,34888,15331,38.8
2026-06-10 01:56:49,34890,15332,31.7
2026-06-10 01:56:51,34893,15333,29.8
2026-06-10 01:56:53,34895,15334,41.1
2026-06-10 01:56:55,34897,15335,26.1
2026-06-10 01:56:57,34899,15336,32.8
2026-06-10 01:56:59,34901,15337,41.8
2026-06-10 01:57:01,34903,15338,28.7
2026-06-10 01:57:03,34905,15339,19.8
2026-06-10 01:57:05,34907,15340,39.1
2026-06-10 01:57:07,34909,15341,52.1
2026-06-10 01:57:09,34911,15342,103
2026-06-10 01:57:11,34913,15343,518
2026-06-10 01:57:14,34916,15344,603
2026-06-10 01:57:16,34918,15345,553
2026-06-10 01:57:19,34921,15346,591
2026-06-10 01:57:21,34923,15347,753
2026-06-10 01:57:23,34925,15348,554
2026-06-10 01:57:26,34928,15349,535
2026-06-10 01:57:28,34930,15350,642
2026-06-10 01:57:31,34933,15351,524
2026-06-10 01:57:33,34935,15352,554
2026-06-10 01:57:35,34937,15353,192
2026-06-10 01:57:38,34940,15354,37.9
2026-06-10 01:57:40,34942,15355,60.8
2026-06-10 01:57:42,34944,15356,36.2
2026-06-10 01:57:44,34946,15357,37.2
2026-06-10 01:57:46,34948,15358,22.0
2026-06-10 01:57:48,34950,15359,27.3
2026-06-10 01:57:50,34952,15360,205
2026-06-10 01:57:52,34954,15361,34.9
2026-06-10 01:57:54,34956,15362,42.5
2026-06-10 01:57:56,34958,15363,36.6
2026-06-10 01:57:58,34960,15364,43.1
2026-06-10 01:58:00,34962,15365,25.0
2026-06-10 01:58:02,34964,15366,25.7
2026-06-10 01:58:04,34966,15367,66.6
2026-06-10 01:58:06,34968,15368,75.4
2026-06-10 01:58:09,34971,15369,86.5
2026-06-10 01:58:11,34973,15370,41.0
2026-06-10 01:58:13,34975,15371,133
2026-06-10 01:58:16,34978,15372,289
2026-06-10 01:58:18,34980,15373,152
2026-06-10 01:58:20,34982,15374,34.6
2026-06-10 01:58:22,34984,15375,60.2
2026-06-10 01:58:24,34986,15376,18.3
2026-06-10 01:58:26,34988,15377,60.0
2026-06-10 01:58:28,34990,15378,36.2
2026-06-10 01:58:30,34992,15379,41.2
2026-06-10 01:58:33,34995,15380,65.6
2026-06-10 01:58:35,34997,15381,51.5
2026-06-10 01:58:37,34999,15382,25.6
2026-06-10 01:58:39,35001,15383,45.1
2026-06-10 01:58:41,35003,15384,26.7
2026-06-10 01:58:43,35005,15385,34.0
2026-06-10 01:58:45,35007,15386,50.2
2026-06-10 01:58:47,35009,15387,136
2026-06-10 01:58:49,35011,15388,42.2
2026-06-10 01:58:52,35014,15389,25.5
2026-06-10 01:58:54,35016,15390,27.3
2026-06-10 01:58:56,35018,15391,56.1
2026-06-10 01:58:58,35020,15392,36.5
2026-06-10 01:59:00,35022,15393,110
2026-06-10 01:59:02,35024,15394,64.8
2026-06-10 01:59:04,35026,15395,25.9
2026-06-10 01:59:06,35028,15396,41.3
2026-06-10 01:59:08,35030,15397,92.5
2026-06-10 01:59:10,35032,15398,29.8
2026-06-10 01:59:12,35034,15399,42.8
2026-06-10 01:59:14,35036,15400,48.0
2026-06-10 01:59:16,35038,15401,23.9
2026-06-10 01:59:18,35040,15402,190
2026-06-10 01:59:20,35042,15403,37.1
2026-06-10 01:59:22,35044,15404,16.4
2026-06-10 01:59:25,35047,15405,208
2026-06-10 01:59:27,35049,15406,213
2026-06-10 01:59:29,35051,15407,299
2026-06-10 01:59:31,35053,15408,189
2026-06-10 01:59:34,35056,15409,28.6
2026-06-10 01:59:36,35058,15410,80.4
2026-06-10 01:59:38,35060,15411,211
2026-06-10 01:59:40,35062,15412,40.0
2026-06-10 01:59:42,35064,15413,23.7
2026-06-10 01:59:44,35066,15414,114
2026-06-10 01:59:46,35068,15415,90.9
2026-06-10 01:59:48,35070,15416,249
2026-06-10 01:59:51,35073,15417,24.8
2026-06-10 01:59:53,35075,15418,37.0
2026-06-10 01:59:55,35077,15419,28.3
2026-06-10 01:59:57,35079,15420,34.5
2026-06-10 01:59:59,35081,15421,26.8
2026-06-10 02:00:01,35083,15422,19.7
2026-06-10 02:00:03,35085,15423,27.7
2026-06-10 02:00:05,35087,15424,33.1
2026-06-10 02:00:07,35089,15425,41.5
2026-06-10 02:00:09,35091,15426,36.1
2026-06-10 02:00:11,35093,15427,29.4
2026-06-10 02:00:14,35096,15428,15.8
2026-06-10 02:00:16,35098,15429,27.0
2026-06-10 02:00:18,35100,15430,34.3
2026-06-10 02:00:20,35102,15431,45.4
2026-06-10 02:00:22,35104,15432,36.9
2026-06-10 02:00:24,35106,15433,31.0
2026-06-10 02:00:26,35108,15434,32.8
2026-06-10 02:00:28,35110,15435,23.6
2026-06-10 02:00:30,35112,15436,52.9
2026-06-10 02:00:32,35114,15437,58.8
2026-06-10 02:00:34,35116,15438,614
2026-06-10 02:00:36,35118,15439,492
2026-06-10 02:00:39,35121,15440,515
2026-06-10 02:00:41,35123,15441,638
2026-06-10 02:00:43,35125,15442,547
2026-06-10 02:00:46,35128,15443,407
2026-06-10 02:00:48,35130,15444,544
2026-06-10 02:00:50,35132,15445,580
2026-06-10 02:00:53,35135,15446,527
2026-06-10 02:00:55,35137,15447,522
2026-06-10 02:00:58,35140,15448,25.6
2026-06-10 02:01:00,35142,15449,23.8
2026-06-10 02:01:02,35144,15450,25.1
2026-06-10 02:01:04,35146,15451,49.4
2026-06-10 02:01:06,35148,15452,37.5
2026-06-10 02:01:08,35150,15453,39.9
2026-06-10 02:01:10,35152,15454,33.2
2026-06-10 02:01:12,35154,15455,27.0
2026-06-10 02:01:14,35156,15456,64.2
2026-06-10 02:01:16,35158,15457,40.6
2026-06-10 02:01:18,35160,15458,39.4
2026-06-10 02:01:20,35162,15459,39.0
2026-06-10 02:01:23,35165,15460,43.3
2026-06-10 02:01:25,35167,15461,143
2026-06-10 02:01:27,35169,15462,144
2026-06-10 02:01:29,35171,15463,116
2026-06-10 02:01:32,35174,15464,164
2026-06-10 02:01:34,35176,15465,54.1
2026-06-10 02:01:36,35178,15466,159
2026-06-10 02:01:39,35181,15467,20.6
2026-06-10 02:01:41,35183,15468,59.2
2026-06-10 02:01:43,35185,15469,42.8
2026-06-10 02:01:45,35187,15470,39.5
2026-06-10 02:01:47,35189,15471,39.6
2026-06-10 02:01:49,35191,15472,32.3
2026-06-10 02:01:51,35193,15473,75.4
2026-06-10 02:01:53,35195,15474,37.3
2026-06-10 02:01:55,35197,15475,24.7
2026-06-10 02:01:57,35199,15476,25.9
2026-06-10 02:01:59,35201,15477,35.8
2026-06-10 02:02:01,35203,15478,53.6
2026-06-10 02:02:03,35205,15479,28.8
2026-06-10 02:02:05,35207,15480,58.1
2026-06-10 02:02:08,35210,15481,250
2026-06-10 02:02:10,35212,15482,40.3
2026-06-10 02:02:12,35214,15483,37.3
2026-06-10 02:02:14,35216,15484,27.3
2026-06-10 02:02:16,35218,15485,23.4
2026-06-10 02:02:18,35220,15486,34.1
2026-06-10 02:02:20,35222,15487,16.3
2026-06-10 02:02:22,35224,15488,156
2026-06-10 02:02:24,35226,15489,34.6
2026-06-10 02:02:26,35228,15490,70.1
2026-06-10 02:02:29,35231,15491,11.1
2026-06-10 02:02:31,35233,15492,44.1
2026-06-10 02:02:33,35235,15493,23.7
2026-06-10 02:02:35,35237,15494,38.0
2026-06-10 02:02:37,35239,15495,37.2
2026-06-10 02:02:39,35241,15496,37.8
2026-06-10 02:02:41,35243,15497,23.8
2026-06-10 02:02:43,35245,15498,39.3
2026-06-10 02:02:45,35247,15499,33.5
2026-06-10 02:02:47,35249,15500,24.0
2026-06-10 02:02:49,35251,15501,294
2026-06-10 02:02:51,35253,15502,48.0
2026-06-10 02:02:53,35255,15503,57.5
2026-06-10 02:02:56,35258,15504,55.5
2026-06-10 02:02:58,35260,15505,26.6
2026-06-10 02:03:00,35262,15506,38.3
2026-06-10 02:03:02,35264,15507,31.2
2026-06-10 02:03:04,35266,15508,15.0
2026-06-10 02:03:06,35268,15509,60.3
2026-06-10 02:03:09,35271,15510,25.5
2026-06-10 02:03:11,35273,15511,43.1
2026-06-10 02:03:13,35275,15512,22.5
2026-06-10 02:03:15,35277,15513,37.6
2026-06-10 02:03:17,35279,15514,39.2
2026-06-10 02:03:19,35281,15515,18.1
2026-06-10 02:03:21,35283,15516,31.7
2026-06-10 02:03:23,35285,15517,24.3
2026-06-10 02:03:25,35287,15518,40.2
2026-06-10 02:03:27,35289,15519,42.7
2026-06-10 02:03:29,35291,15520,28.2
2026-06-10 02:03:31,35293,15521,42.5
2026-06-10 02:03:34,35296,15522,41.2
2026-06-10 02:03:36,35298,15523,30.2
2026-06-10 02:03:38,35300,15524,35.0
2026-06-10 02:03:40,35302,15525,38.4
2026-06-10 02:03:42,35304,15526,37.3
2026-06-10 02:03:44,35306,15527,54.7
2026-06-10 02:03:46,35308,15528,42.7
2026-06-10 02:03:48,35310,15529,104
2026-06-10 02:03:50,35312,15530,50.8
2026-06-10 02:03:52,35314,15531,493
2026-06-10 02:03:54,35316,15532,554
2026-06-10 02:03:57,35319,15533,558
2026-06-10 02:03:59,35321,15534,607
2026-06-10 02:04:01,35323,15535,542
2026-06-10 02:04:04,35326,15536,651
2026-06-10 02:04:06,35328,15537,584
2026-06-10 02:04:08,35330,15538,579
2026-06-10 02:04:11,35333,15539,599
2026-06-10 02:04:13,35335,15540,688
2026-06-10 02:04:16,35338,15541,30.2
2026-06-10 02:04:18,35340,15542,41.5
2026-06-10 02:04:20,35342,15543,29.2
2026-06-10 02:04:22,35344,15544,46.0
2026-06-10 02:04:24,35346,15545,63.3
2026-06-10 02:04:26,35348,15546,36.6
2026-06-10 02:04:28,35350,15547,36.6
2026-06-10 02:04:30,35352,15548,12.0
2026-06-10 02:04:32,35354,15549,48.8
2026-06-10 02:04:35,35357,15550,16.3
2026-06-10 02:04:37,35359,15551,19.0
2026-06-10 02:04:39,35361,15552,37.6
2026-06-10 02:04:41,35363,15553,150
2026-06-10 02:04:43,35365,15554,85.9
2026-06-10 02:04:45,35367,15555,33.3
2026-06-10 02:04:47,35369,15556,133
2026-06-10 02:04:50,35372,15557,129
2026-06-10 02:04:52,35374,15558,127
2026-06-10 02:04:55,35377,15559,15.9
2026-06-10 02:04:57,35379,15560,26.6
2026-06-10 02:04:59,35381,15561,26.7
2026-06-10 02:05:01,35383,15562,38.1
2026-06-10 02:05:03,35385,15563,40.5
2026-06-10 02:05:05,35387,15564,19.5
2026-06-10 02:05:07,35389,15565,30.1
2026-06-10 02:05:09,35391,15566,27.6
2026-06-10 02:05:11,35393,15567,41.4
2026-06-10 02:05:13,35395,15568,16.5
2026-06-10 02:05:16,35398,15569,29.8
2026-06-10 02:05:18,35400,15570,18.7
2026-06-10 02:05:20,35402,15571,27.8
2026-06-10 02:05:22,35404,15572,37.6
2026-06-10 02:05:24,35406,15573,36.4
2026-06-10 02:05:26,35408,15574,24.5
2026-06-10 02:05:29,35411,15575,43.9
2026-06-10 02:05:31,35413,15576,42.5
2026-06-10 02:05:33,35415,15577,354
2026-06-10 02:05:35,35417,15578,82.6
2026-06-10 02:05:37,35419,15579,69.5
2026-06-10 02:05:39,35421,15580,11.3
2026-06-10 02:05:41,35423,15581,16.9
2026-06-10 02:05:43,35425,15582,30.5
2026-06-10 02:05:45,35427,15583,31.7
2026-06-10 02:05:47,35429,15584,35.4
2026-06-10 02:05:50,35432,15585,33.6
2026-06-10 02:05:52,35434,15586,24.7
2026-06-10 02:05:54,35436,15587,35.8
2026-06-10 02:05:56,35438,15588,34.1
2026-06-10 02:05:58,35440,15589,26.1
2026-06-10 02:06:00,35442,15590,40.3
2026-06-10 02:06:02,35444,15591,21.3
2026-06-10 02:06:04,35446,15592,55.6
2026-06-10 02:06:06,35448,15593,28.6
2026-06-10 02:06:09,35451,15594,246
2026-06-10 02:06:11,35453,15595,90.0
2026-06-10 02:06:13,35455,15596,33.1
2026-06-10 02:06:15,35457,15597,144
2026-06-10 02:06:17,35459,15598,31.3
2026-06-10 02:06:19,35461,15599,12.1
2026-06-10 02:06:21,35463,15600,76.6
2026-06-10 02:06:23,35465,15601,44.5
2026-06-10 02:06:25,35467,15602,21.9
2026-06-10 02:06:28,35470,15603,36.2
2026-06-10 02:06:30,35472,15604,31.7
2026-06-10 02:06:32,35474,15605,37.4
2026-06-10 02:06:34,35476,15606,28.8
2026-06-10 02:06:36,35478,15607,32.0
2026-06-10 02:06:38,35480,15608,26.3
2026-06-10 02:06:40,35482,15609,30.5
2026-06-10 02:06:42,35484,15610,30.3
2026-06-10 02:06:44,35486,15611,31.3
2026-06-10 02:06:46,35488,15612,30.6
2026-06-10 02:06:48,35490,15613,49.8
2026-06-10 02:06:50,35492,15614,30.2
2026-06-10 02:06:52,35494,15615,31.6
2026-06-10 02:06:55,35497,15616,30.9
2026-06-10 02:06:57,35499,15617,14.6
2026-06-10 02:06:59,35501,15618,548
2026-06-10 02:07:01,35503,15619,576
2026-06-10 02:07:04,35506,15620,667
2026-06-10 02:07:06,35508,15621,612
2026-06-10 02:07:08,35510,15622,604
2026-06-10 02:07:11,35513,15623,631
2026-06-10 02:07:13,35515,15624,603
2026-06-10 02:07:16,35518,15625,764
2026-06-10 02:07:18,35520,15626,506
2026-06-10 02:07:21,35523,15627,784
2026-06-10 02:07:23,35525,15628,553
2026-06-10 02:07:25,35527,15629,98.0
2026-06-10 02:07:27,35529,15630,37.1
2026-06-10 02:07:30,35532,15631,35.8
2026-06-10 02:07:31,35533,15632,32.1
2026-06-10 02:07:33,35535,15633,20.4
2026-06-10 02:07:36,35538,15634,31.4
2026-06-10 02:07:38,35540,15635,42.3
2026-06-10 02:07:40,35542,15636,18.5
2026-06-10 02:07:42,35544,15637,40.0
2026-06-10 02:07:44,35546,15638,31.7
2026-06-10 02:07:46,35548,15639,25.9
2026-06-10 02:07:48,35550,15640,25.1
2026-06-10 02:07:50,35552,15641,103
2026-06-10 02:07:52,35554,15642,162
2026-06-10 02:07:54,35556,15643,159
2026-06-10 02:07:57,35559,15644,143
2026-06-10 02:07:59,35561,15645,149
2026-06-10 02:08:02,35564,15646,34.0
2026-06-10 02:08:04,35566,15647,41.4
2026-06-10 02:08:06,35568,15648,52.3
2026-06-10 02:08:08,35570,15649,32.2
2026-06-10 02:08:10,35572,15650,21.6
2026-06-10 02:08:12,35574,15651,47.7
2026-06-10 02:08:14,35576,15652,34.3
2026-06-10 02:08:16,35578,15653,41.2
2026-06-10 02:08:18,35580,15654,50.7
2026-06-10 02:08:20,35582,15655,38.3
2026-06-10 02:08:22,35584,15656,33.0
2026-06-10 02:08:24,35586,15657,47.4
2026-06-10 02:08:27,35589,15658,173
2026-06-10 02:08:29,35591,15659,43.5
2026-06-10 02:08:31,35593,15660,49.8
2026-06-10 02:08:33,35595,15661,22.2
2026-06-10 02:08:35,35597,15662,45.2
2026-06-10 02:08:37,35599,15663,41.2
2026-06-10 02:08:39,35601,15664,57.7
2026-06-10 02:08:42,35603,15665,243
2026-06-10 02:08:44,35606,15666,55.5
2026-06-10 02:08:46,35608,15667,46.0
2026-06-10 02:08:47,35609,15668,47.8
2026-06-10 02:08:49,35611,15669,48.1
2026-06-10 02:08:51,35613,15670,39.1
2026-06-10 02:08:53,35615,15671,47.7
2026-06-10 02:08:55,35617,15672,34.2
2026-06-10 02:08:57,35619,15673,20.0
2026-06-10 02:09:00,35622,15674,346
2026-06-10 02:09:01,35623,15675,16.1
2026-06-10 02:09:04,35626,15676,36.7
2026-06-10 02:09:06,35628,15677,283
2026-06-10 02:09:08,35630,15678,60.9
2026-06-10 02:09:10,35632,15679,29.9
2026-06-10 02:09:12,35634,15680,141
2026-06-10 02:09:14,35636,15681,45.2
2026-06-10 02:09:16,35638,15682,41.2
2026-06-10 02:09:19,35641,15683,33.1
2026-06-10 02:09:21,35643,15684,82.5
2026-06-10 02:09:23,35645,15685,27.2
2026-06-10 02:09:25,35647,15686,46.0
2026-06-10 02:09:27,35649,15687,33.0
2026-06-10 02:09:29,35651,15688,46.4
2026-06-10 02:09:31,35653,15689,33.4
2026-06-10 02:09:33,35655,15690,52.8
2026-06-10 02:09:35,35657,15691,39.8
2026-06-10 02:09:37,35659,15692,183
2026-06-10 02:09:39,35661,15693,57.6
2026-06-10 02:09:41,35663,15694,33.5
2026-06-10 02:09:43,35665,15695,34.3
2026-06-10 02:09:45,35667,15696,41.5
2026-06-10 02:09:47,35669,15697,39.4
2026-06-10 02:09:49,35671,15698,29.9
2026-06-10 02:09:51,35673,15699,41.6
2026-06-10 02:09:53,35675,15700,51.0
2026-06-10 02:09:55,35677,15701,45.1
2026-06-10 02:09:57,35679,15702,43.7
2026-06-10 02:09:58,35680,15703,174
2026-06-10 02:10:01,35683,15704,70.7
2026-06-10 02:10:03,35685,15705,474
2026-06-10 02:10:05,35687,15706,493
2026-06-10 02:10:07,35689,15707,565
2026-06-10 02:10:10,35692,15708,544
2026-06-10 02:10:12,35694,15709,726
2026-06-10 02:10:14,35696,15710,607
2026-06-10 02:10:17,35699,15711,685
2026-06-10 02:10:19,35701,15712,531
2026-06-10 02:10:21,35703,15713,559
2026-06-10 02:10:24,35706,15714,68.4
2026-06-10 02:10:26,35708,15715,142
2026-06-10 02:10:28,35710,15716,47.1
2026-06-10 02:10:30,35712,15717,14.9
2026-06-10 02:10:32,35714,15718,42.5
2026-06-10 02:10:34,35716,15719,37.6
2026-06-10 02:10:36,35718,15720,33.8
2026-06-10 02:10:38,35720,15721,51.6
2026-06-10 02:10:40,35722,15722,41.0
2026-06-10 02:10:42,35724,15723,52.8
2026-06-10 02:10:44,35726,15724,44.1
2026-06-10 02:10:46,35728,15725,67.2
2026-06-10 02:10:48,35730,15726,46.4
2026-06-10 02:10:50,35732,15727,50.1
2026-06-10 02:10:52,35734,15728,106
2026-06-10 02:10:54,35736,15729,26.9
2026-06-10 02:10:57,35739,15730,89.7
2026-06-10 02:10:59,35741,15731,99.3
2026-06-10 02:11:01,35743,15732,36.0
2026-06-10 02:11:03,35745,15733,107
2026-06-10 02:11:06,35748,15734,31.4
2026-06-10 02:11:08,35750,15735,28.9
2026-06-10 02:11:10,35752,15736,27.2
2026-06-10 02:11:12,35754,15737,47.4
2026-06-10 02:11:14,35756,15738,37.3
2026-06-10 02:11:16,35758,15739,53.0
2026-06-10 02:11:18,35760,15740,62.3
2026-06-10 02:11:20,35762,15741,57.9
2026-06-10 02:11:22,35764,15742,42.9
2026-06-10 02:11:24,35766,15743,45.5
2026-06-10 02:11:26,35768,15744,50.9
2026-06-10 02:11:28,35770,15745,80.7
2026-06-10 02:11:30,35772,15746,56.0
2026-06-10 02:11:33,35775,15747,45.9
2026-06-10 02:11:35,35777,15748,41.2
2026-06-10 02:11:37,35779,15749,25.5
2026-06-10 02:11:39,35781,15750,34.2
2026-06-10 02:11:41,35783,15751,35.2
2026-06-10 02:11:43,35785,15752,41.4
2026-06-10 02:11:45,35787,15753,44.9
2026-06-10 02:11:47,35789,15754,90.2
2026-06-10 02:11:49,35791,15755,39.4
2026-06-10 02:11:51,35793,15756,47.7
2026-06-10 02:11:53,35795,15757,44.7
2026-06-10 02:11:55,35797,15758,41.9
2026-06-10 02:11:57,35799,15759,48.9
2026-06-10 02:11:59,35801,15760,40.7
2026-06-10 02:12:01,35803,15761,44.2
2026-06-10 02:12:03,35805,15762,46.9
2026-06-10 02:12:05,35807,15763,22.5
2026-06-10 02:12:07,35809,15764,33.1
2026-06-10 02:12:09,35811,15765,37.2
2026-06-10 02:12:11,35813,15766,175
2026-06-10 02:12:13,35815,15767,111
2026-06-10 02:12:16,35818,15768,25.4
2026-06-10 02:12:18,35820,15769,239
2026-06-10 02:12:20,35822,15770,50.9
2026-06-10 02:12:22,35824,15771,181
2026-06-10 02:12:24,35826,15772,40.3
2026-06-10 02:12:26,35828,15773,38.2
2026-06-10 02:12:28,35830,15774,127
2026-06-10 02:12:30,35832,15775,66.6
2026-06-10 02:12:32,35834,15776,39.8
2026-06-10 02:12:34,35836,15777,39.3
2026-06-10 02:12:36,35838,15778,36.7
2026-06-10 02:12:38,35840,15779,40.4
2026-06-10 02:12:40,35842,15780,44.3
2026-06-10 02:12:42,35844,15781,52.1
2026-06-10 02:12:44,35846,15782,44.0
2026-06-10 02:12:46,35848,15783,53.4
2026-06-10 02:12:48,35850,15784,39.9
2026-06-10 02:12:50,35852,15785,45.6
2026-06-10 02:12:52,35854,15786,37.6
2026-06-10 02:12:54,35856,15787,50.9
2026-06-10 02:12:56,35858,15788,54.5
2026-06-10 02:12:58,35860,15789,27.9
2026-06-10 02:13:00,35862,15790,21.5
2026-06-10 02:13:02,35864,15791,57.4
2026-06-10 02:13:04,35866,15792,44.6
2026-06-10 02:13:06,35868,15793,36.9
2026-06-10 02:13:08,35870,15794,464
2026-06-10 02:13:10,35872,15795,677
2026-06-10 02:13:13,35875,15796,615
2026-06-10 02:13:15,35877,15797,517
2026-06-10 02:13:18,35880,15798,607
2026-06-10 02:13:20,35882,15799,521
2026-06-10 02:13:22,35884,15800,565
2026-06-10 02:13:25,35887,15801,733
2026-06-10 02:13:27,35889,15802,515
2026-06-10 02:13:29,35891,15803,563
2026-06-10 02:13:32,35894,15804,534
2026-06-10 02:13:34,35896,15805,160
2026-06-10 02:13:36,35898,15806,31.9
2026-06-10 02:13:39,35901,15807,26.9
2026-06-10 02:13:41,35903,15808,48.1
2026-06-10 02:13:43,35905,15809,27.2
2026-06-10 02:13:45,35907,15810,36.0
2026-06-10 02:13:47,35909,15811,37.6
2026-06-10 02:13:49,35911,15812,41.1
2026-06-10 02:13:51,35913,15813,41.9
2026-06-10 02:13:53,35915,15814,35.9
2026-06-10 02:13:55,35917,15815,36.0
2026-06-10 02:13:57,35919,15816,35.6
2026-06-10 02:13:59,35921,15817,100
2026-06-10 02:14:01,35923,15818,32.8
2026-06-10 02:14:03,35925,15819,123
2026-06-10 02:14:05,35927,15820,112
2026-06-10 02:14:08,35930,15821,84.0
2026-06-10 02:14:10,35932,15822,39.1
2026-06-10 02:14:12,35934,15823,40.3
2026-06-10 02:14:14,35936,15824,59.9
2026-06-10 02:14:16,35938,15825,30.3
2026-06-10 02:14:18,35940,15826,30.4
2026-06-10 02:14:20,35942,15827,36.7
2026-06-10 02:14:22,35944,15828,99.0
2026-06-10 02:14:24,35946,15829,62.8
2026-06-10 02:14:26,35948,15830,41.7
2026-06-10 02:14:28,35950,15831,43.2
2026-06-10 02:14:30,35952,15832,32.8
2026-06-10 02:14:32,35954,15833,22.3
2026-06-10 02:14:34,35956,15834,30.1
2026-06-10 02:14:36,35958,15835,37.8
2026-06-10 02:14:39,35961,15836,46.9
2026-06-10 02:14:41,35963,15837,42.5
2026-06-10 02:14:43,35965,15838,31.6
2026-06-10 02:14:45,35967,15839,31.6
2026-06-10 02:14:47,35969,15840,58.1
2026-06-10 02:14:49,35971,15841,45.4
2026-06-10 02:14:52,35974,15842,45.1
2026-06-10 02:14:54,35976,15843,61.8
2026-06-10 02:14:56,35978,15844,38.7
2026-06-10 02:14:58,35980,15845,35.4
2026-06-10 02:15:00,35982,15846,35.0
2026-06-10 02:15:02,35984,15847,49.0
2026-06-10 02:15:04,35986,15848,82.7
2026-06-10 02:15:06,35988,15849,47.4
2026-06-10 02:15:08,35990,15850,44.6
2026-06-10 02:15:10,35992,15851,27.2
2026-06-10 02:15:12,35994,15852,52.0
2026-06-10 02:15:14,35996,15853,28.1
2026-06-10 02:15:16,35998,15854,50.8
2026-06-10 02:15:18,36000,15855,83.8
2026-06-10 02:15:20,36002,15856,52.7
2026-06-10 02:15:22,36004,15857,35.0
2026-06-10 02:15:24,36006,15858,60.8
2026-06-10 02:15:26,36008,15859,44.8
2026-06-10 02:15:28,36010,15860,68.1
2026-06-10 02:15:30,36012,15861,38.4
2026-06-10 02:15:32,36014,15862,30.5
2026-06-10 02:15:35,36017,15863,26.8
2026-06-10 02:15:37,36019,15864,39.2
2026-06-10 02:15:39,36021,15865,36.8
2026-06-10 02:15:41,36023,15866,23.1
2026-06-10 02:15:43,36025,15867,49.3
2026-06-10 02:15:45,36027,15868,32.2
2026-06-10 02:15:47,36029,15869,40.4
2026-06-10 02:15:49,36031,15870,43.9
2026-06-10 02:15:51,36033,15871,46.9
2026-06-10 02:15:53,36035,15872,42.2
2026-06-10 02:15:55,36037,15873,33.4
2026-06-10 02:15:57,36039,15874,54.8
2026-06-10 02:15:59,36041,15875,45.8
2026-06-10 02:16:01,36043,15876,35.3
2026-06-10 02:16:03,36045,15877,33.8
2026-06-10 02:16:05,36047,15878,41.1
2026-06-10 02:16:06,36048,15879,41.7
2026-06-10 02:16:08,36050,15880,31.3
2026-06-10 02:16:10,36052,15881,38.7
2026-06-10 02:16:12,36054,15882,588
2026-06-10 02:16:15,36057,15883,563
2026-06-10 02:16:17,36059,15884,617
2026-06-10 02:16:19,36061,15885,585
2026-06-10 02:16:22,36064,15886,678
2026-06-10 02:16:24,36066,15887,567
2026-06-10 02:16:26,36068,15888,566
2026-06-10 02:16:29,36071,15889,540
2026-06-10 02:16:31,36073,15890,609
2026-06-10 02:16:34,36076,15891,742
2026-06-10 02:16:36,36078,15892,53.3
2026-06-10 02:16:38,36080,15893,62.1
2026-06-10 02:16:41,36083,15894,39.9
2026-06-10 02:16:43,36085,15895,44.5
2026-06-10 02:16:44,36086,15896,48.2
2026-06-10 02:16:46,36088,15897,37.5
2026-06-10 02:16:49,36091,15898,46.8
2026-06-10 02:16:51,36093,15899,30.9
2026-06-10 02:16:53,36095,15900,40.1
2026-06-10 02:16:55,36097,15901,218
2026-06-10 02:16:56,36098,15902,10.1
2026-06-10 02:16:59,36101,15903,45.4
2026-06-10 02:17:01,36103,15904,67.5
2026-06-10 02:17:04,36106,15905,39.1
2026-06-10 02:17:06,36108,15906,177
2026-06-10 02:17:08,36110,15907,40.6
2026-06-10 02:17:11,36113,15908,32.9
2026-06-10 02:17:13,36115,15909,58.0
2026-06-10 02:17:15,36117,15910,343
2026-06-10 02:17:17,36119,15911,35.5
2026-06-10 02:17:19,36121,15912,46.5
2026-06-10 02:17:21,36123,15913,31.2
2026-06-10 02:17:23,36125,15914,40.8
2026-06-10 02:17:25,36127,15915,55.9
2026-06-10 02:17:27,36129,15916,39.6
2026-06-10 02:17:29,36131,15917,55.2
2026-06-10 02:17:31,36133,15918,51.2
2026-06-10 02:17:33,36135,15919,44.0
2026-06-10 02:17:35,36137,15920,42.2
2026-06-10 02:17:37,36139,15921,45.4
2026-06-10 02:17:39,36141,15922,53.8
2026-06-10 02:17:41,36143,15923,52.5
2026-06-10 02:17:43,36145,15924,62.2
2026-06-10 02:17:45,36147,15925,51.3
2026-06-10 02:17:47,36149,15926,37.0
2026-06-10 02:17:49,36151,15927,161
2026-06-10 02:17:51,36153,15928,34.0
2026-06-10 02:17:53,36155,15929,15.9
2026-06-10 02:17:55,36157,15930,35.1
2026-06-10 02:17:57,36159,15931,42.8
2026-06-10 02:17:59,36161,15932,27.8
2026-06-10 02:18:01,36163,15933,54.7
2026-06-10 02:18:03,36165,15934,13.6
2026-06-10 02:18:05,36167,15935,60.5
2026-06-10 02:18:08,36170,15936,43.2
2026-06-10 02:18:10,36172,15937,31.9
2026-06-10 02:18:12,36174,15938,52.3
2026-06-10 02:18:14,36176,15939,37.2
2026-06-10 02:18:16,36178,15940,35.3
2026-06-10 02:18:18,36180,15941,78.4
2026-06-10 02:18:20,36182,15942,42.4
2026-06-10 02:18:22,36184,15943,30.4
2026-06-10 02:18:24,36186,15944,19.7
2026-06-10 02:18:26,36188,15945,29.6
2026-06-10 02:18:28,36190,15946,32.1
2026-06-10 02:18:30,36192,15947,26.1
2026-06-10 02:18:33,36195,15948,22.6
2026-06-10 02:18:35,36197,15949,39.1
2026-06-10 02:18:37,36199,15950,51.1
2026-06-10 02:18:39,36201,15951,31.2
2026-06-10 02:18:41,36203,15952,30.1
2026-06-10 02:18:43,36205,15953,37.9
2026-06-10 02:18:45,36207,15954,51.1
2026-06-10 02:18:47,36209,15955,38.9
2026-06-10 02:18:49,36211,15956,28.2
2026-06-10 02:18:51,36213,15957,18.5
2026-06-10 02:18:53,36215,15958,20.7
2026-06-10 02:18:55,36217,15959,30.9
2026-06-10 02:18:57,36219,15960,26.1
2026-06-10 02:18:59,36221,15961,44.6
2026-06-10 02:19:01,36223,15962,16.8
2026-06-10 02:19:03,36225,15963,33.3
2026-06-10 02:19:06,36228,15964,76.6
2026-06-10 02:19:08,36230,15965,35.5
2026-06-10 02:19:10,36232,15966,37.8
2026-06-10 02:19:12,36234,15967,22.9
2026-06-10 02:19:14,36236,15968,35.9
2026-06-10 02:19:16,36238,15969,31.5
2026-06-10 02:19:18,36240,15970,26.7
2026-06-10 02:19:20,36242,15971,25.7
2026-06-10 02:19:22,36244,15972,25.0
2026-06-10 02:19:24,36246,15973,25.5
2026-06-10 02:19:26,36248,15974,18.0
2026-06-10 02:19:28,36250,15975,35.4
2026-06-10 02:19:30,36252,15976,36.3
2026-06-10 02:19:32,36254,15977,22.4
2026-06-10 02:19:34,36256,15978,35.5
2026-06-10 02:19:36,36258,15979,17.1
2026-06-10 02:19:38,36260,15980,27.9
2026-06-10 02:19:40,36262,15981,41.2
2026-06-10 02:19:43,36265,15982,26.9
2026-06-10 02:19:45,36267,15983,26.7
2026-06-10 02:19:47,36269,15984,182
2026-06-10 02:19:49,36271,15985,25.7
2026-06-10 02:19:51,36273,15986,22.2
2026-06-10 02:19:53,36275,15987,28.6
2026-06-10 02:19:55,36277,15988,14.1
2026-06-10 02:19:58,36280,15989,25.4
2026-06-10 02:20:00,36282,15990,37.6
2026-06-10 02:20:02,36284,15991,32.4
2026-06-10 02:20:04,36286,15992,13.8
2026-06-10 02:20:06,36288,15993,17.4
2026-06-10 02:20:08,36290,15994,19.6
2026-06-10 02:20:10,36292,15995,44.5
2026-06-10 02:20:12,36294,15996,16.5
2026-06-10 02:20:14,36296,15997,26.3
2026-06-10 02:20:16,36298,15998,34.0
2026-06-10 02:20:18,36300,15999,34.2
2026-06-10 02:20:20,36302,16000,141
2026-06-10 02:20:23,36305,16001,51.7
2026-06-10 02:20:25,36307,16002,29.3
2026-06-10 02:20:27,36309,16003,105
2026-06-10 02:20:29,36311,16004,28.7
2026-06-10 02:20:31,36313,16005,37.5
2026-06-10 02:20:33,36315,16006,144
2026-06-10 02:20:35,36317,16007,26.0
2026-06-10 02:20:38,36320,16008,27.3
2026-06-10 02:20:40,36322,16009,47.2
2026-06-10 02:20:42,36324,16010,66.9
2026-06-10 02:20:44,36326,16011,33.0
2026-06-10 02:20:46,36328,16012,17.5
2026-06-10 02:20:48,36330,16013,35.8
2026-06-10 02:20:50,36332,16014,48.8
2026-06-10 02:20:52,36334,16015,47.0
2026-06-10 02:20:54,36336,16016,40.0
2026-06-10 02:20:56,36338,16017,20.6
2026-06-10 02:20:58,36340,16018,76.1
2026-06-10 02:21:00,36342,16019,32.0
2026-06-10 02:21:02,36344,16020,73.0
2026-06-10 02:21:04,36346,16021,36.7
2026-06-10 02:21:06,36348,16022,26.0
2026-06-10 02:21:08,36350,16023,42.3
2026-06-10 02:21:10,36352,16024,44.2
2026-06-10 02:21:12,36354,16025,47.2
2026-06-10 02:21:14,36356,16026,19.8
2026-06-10 02:21:17,36359,16027,39.8
2026-06-10 02:21:19,36361,16028,18.1
2026-06-10 02:21:21,36363,16029,165
2026-06-10 02:21:23,36365,16030,52.7
2026-06-10 02:21:25,36367,16031,481
2026-06-10 02:21:27,36369,16032,531
2026-06-10 02:21:30,36372,16033,636
2026-06-10 02:21:32,36374,16034,710
2026-06-10 02:21:34,36376,16035,688
2026-06-10 02:21:37,36379,16036,485
2026-06-10 02:21:39,36381,16037,513
2026-06-10 02:21:41,36383,16038,590
2026-06-10 02:21:44,36386,16039,493
2026-06-10 02:21:46,36388,16040,566
2026-06-10 02:21:48,36390,16041,280
2026-06-10 02:21:50,36392,16042,110
2026-06-10 02:21:52,36394,16043,40.3
2026-06-10 02:21:55,36397,16044,43.6
2026-06-10 02:21:57,36399,16045,72.5
2026-06-10 02:21:58,36400,16046,28.8
2026-06-10 02:22:01,36403,16047,20.4
2026-06-10 02:22:03,36405,16048,40.8
2026-06-10 02:22:05,36407,16049,21.9
2026-06-10 02:22:07,36409,16050,28.1
2026-06-10 02:22:09,36411,16051,34.5
2026-06-10 02:22:11,36413,16052,17.4
2026-06-10 02:22:13,36415,16053,22.7
2026-06-10 02:22:15,36417,16054,38.6
2026-06-10 02:22:17,36419,16055,107
2026-06-10 02:22:20,36422,16056,104
2026-06-10 02:22:22,36424,16057,26.3
2026-06-10 02:22:24,36426,16058,149
2026-06-10 02:22:27,36429,16059,37.5
2026-06-10 02:22:29,36431,16060,62.6
2026-06-10 02:22:31,36433,16061,43.7
2026-06-10 02:22:33,36435,16062,32.8
2026-06-10 02:22:35,36437,16063,38.6
2026-06-10 02:22:37,36439,16064,31.9
2026-06-10 02:22:39,36441,16065,43.0
2026-06-10 02:22:41,36443,16066,32.5
2026-06-10 02:22:43,36445,16067,34.6
2026-06-10 02:22:45,36447,16068,51.2
2026-06-10 02:22:47,36449,16069,37.5
2026-06-10 02:22:49,36451,16070,49.7
2026-06-10 02:22:52,36454,16071,28.9
2026-06-10 02:22:54,36456,16072,38.6
2026-06-10 02:22:56,36458,16073,34.3
2026-06-10 02:22:58,36460,16074,31.3
2026-06-10 02:23:00,36462,16075,20.0
2026-06-10 02:23:02,36464,16076,36.3
2026-06-10 02:23:04,36466,16077,114
2026-06-10 02:23:06,36468,16078,264
2026-06-10 02:23:09,36471,16079,179
2026-06-10 02:23:11,36473,16080,48.2
2026-06-10 02:23:13,36475,16081,44.7
2026-06-10 02:23:15,36477,16082,52.3
2026-06-10 02:23:17,36479,16083,52.4
2026-06-10 02:23:19,36481,16084,24.7
2026-06-10 02:23:21,36483,16085,90.4
2026-06-10 02:23:23,36485,16086,17.3
2026-06-10 02:23:25,36487,16087,18.6
2026-06-10 02:23:27,36489,16088,34.5
2026-06-10 02:23:29,36491,16089,33.8
2026-06-10 02:23:31,36493,16090,28.4
2026-06-10 02:23:34,36496,16091,26.5
2026-06-10 02:23:36,36498,16092,34.5
2026-06-10 02:23:38,36500,16093,28.1
2026-06-10 02:23:40,36502,16094,27.6
2026-06-10 02:23:42,36504,16095,30.4
2026-06-10 02:23:44,36506,16096,55.4
2026-06-10 02:23:46,36508,16097,32.1
2026-06-10 02:23:48,36510,16098,28.3
2026-06-10 02:23:50,36512,16099,27.0
2026-06-10 02:23:52,36514,16100,33.9
2026-06-10 02:23:54,36516,16101,135
2026-06-10 02:23:56,36518,16102,27.7
2026-06-10 02:23:58,36520,16103,17.6
2026-06-10 02:24:00,36522,16104,138
2026-06-10 02:24:03,36525,16105,35.2
2026-06-10 02:24:05,36527,16106,41.2
2026-06-10 02:24:07,36529,16107,24.7
2026-06-10 02:24:09,36531,16108,196
2026-06-10 02:24:12,36534,16109,27.9
2026-06-10 02:24:14,36536,16110,126
2026-06-10 02:24:16,36538,16111,18.4
2026-06-10 02:24:18,36540,16112,42.0
2026-06-10 02:24:20,36542,16113,61.5
2026-06-10 02:24:22,36544,16114,117
2026-06-10 02:24:24,36546,16115,24.5
2026-06-10 02:24:26,36548,16116,31.4
2026-06-10 02:24:28,36550,16117,39.7
2026-06-10 02:24:31,36553,16118,31.7
2026-06-10 02:24:33,36555,16119,26.7
2026-06-10 02:24:35,36557,16120,32.0
2026-06-10 02:24:37,36559,16121,50.4
2026-06-10 02:24:39,36561,16122,35.7
2026-06-10 02:24:41,36563,16123,36.4
2026-06-10 02:24:43,36565,16124,35.9
2026-06-10 02:24:45,36567,16125,44.0
2026-06-10 02:24:47,36569,16126,44.6
2026-06-10 02:24:49,36571,16127,28.2
2026-06-10 02:24:51,36573,16128,15.0
2026-06-10 02:24:53,36575,16129,26.2
2026-06-10 02:24:55,36577,16130,28.4
2026-06-10 02:24:57,36579,16131,26.5
2026-06-10 02:24:59,36581,16132,47.2
2026-06-10 02:25:01,36583,16133,32.9
2026-06-10 02:25:03,36585,16134,252
2026-06-10 02:25:05,36587,16135,24.2
2026-06-10 02:25:07,36589,16136,31.8
2026-06-10 02:25:09,36591,16137,47.3
2026-06-10 02:25:11,36593,16138,37.0
2026-06-10 02:25:13,36595,16139,31.1
2026-06-10 02:25:15,36597,16140,30.3
2026-06-10 02:25:17,36599,16141,44.1
2026-06-10 02:25:19,36601,16142,33.3
2026-06-10 02:25:21,36603,16143,39.1
2026-06-10 02:25:23,36605,16144,18.4
2026-06-10 02:25:25,36607,16145,25.2
2026-06-10 02:25:27,36609,16146,46.5
2026-06-10 02:25:29,36611,16147,27.1
2026-06-10 02:25:31,36613,16148,14.8
2026-06-10 02:25:33,36615,16149,40.6
2026-06-10 02:25:35,36617,16150,14.4
2026-06-10 02:25:37,36619,16151,28.7
2026-06-10 02:25:39,36621,16152,25.5
2026-06-10 02:25:41,36623,16153,27.9
2026-06-10 02:25:43,36625,16154,48.2
2026-06-10 02:25:45,36627,16155,32.1
2026-06-10 02:25:47,36629,16156,29.0
2026-06-10 02:25:49,36631,16157,15.4
2026-06-10 02:25:51,36633,16158,45.8
2026-06-10 02:25:53,36635,16159,33.6
2026-06-10 02:25:55,36637,16160,60.7
2026-06-10 02:25:57,36639,16161,39.1
2026-06-10 02:25:59,36641,16162,34.2
2026-06-10 02:26:01,36643,16163,29.8
2026-06-10 02:26:03,36645,16164,35.9
2026-06-10 02:26:05,36647,16165,29.7
2026-06-10 02:26:07,36649,16166,59.5
2026-06-10 02:26:09,36651,16167,65.1
2026-06-10 02:26:11,36653,16168,34.0
2026-06-10 02:26:13,36655,16169,29.3
2026-06-10 02:26:15,36657,16170,39.3
2026-06-10 02:26:17,36659,16171,50.7
2026-06-10 02:26:19,36661,16172,38.2
2026-06-10 02:26:21,36663,16173,38.3
2026-06-10 02:26:23,36665,16174,51.0
2026-06-10 02:26:25,36667,16175,44.3
2026-06-10 02:26:27,36669,16176,22.4
2026-06-10 02:26:29,36671,16177,58.8
2026-06-10 02:26:31,36673,16178,36.6
2026-06-10 02:26:33,36675,16179,46.0
2026-06-10 02:26:35,36677,16180,77.3
2026-06-10 02:26:37,36679,16181,43.8
2026-06-10 02:26:39,36681,16182,79.0
2026-06-10 02:26:41,36683,16183,29.8
2026-06-10 02:26:43,36685,16184,17.2
2026-06-10 02:26:45,36687,16185,34.1
2026-06-10 02:26:47,36689,16186,15.0
2026-06-10 02:26:49,36691,16187,25.2
2026-06-10 02:26:51,36693,16188,25.0
2026-06-10 02:26:53,36695,16189,47.6
2026-06-10 02:26:55,36697,16190,19.9
2026-06-10 02:26:57,36699,16191,46.6
2026-06-10 02:26:59,36701,16192,28.3
2026-06-10 02:27:01,36703,16193,210
2026-06-10 02:27:03,36705,16194,52.9
2026-06-10 02:27:05,36707,16195,175
2026-06-10 02:27:07,36709,16196,217
2026-06-10 02:27:10,36712,16197,30.7
2026-06-10 02:27:12,36714,16198,38.2
2026-06-10 02:27:14,36716,16199,47.8
2026-06-10 02:27:16,36718,16200,341
2026-06-10 02:27:18,36720,16201,33.5
2026-06-10 02:27:20,36722,16202,25.9
2026-06-10 02:27:22,36724,16203,157
2026-06-10 02:27:24,36726,16204,32.2
2026-06-10 02:27:26,36728,16205,33.2
2026-06-10 02:27:28,36730,16206,34.9
2026-06-10 02:27:30,36732,16207,34.2
2026-06-10 02:27:32,36734,16208,54.5
2026-06-10 02:27:34,36736,16209,31.2
2026-06-10 02:27:36,36738,16210,31.1
2026-06-10 02:27:38,36740,16211,37.7
2026-06-10 02:27:40,36742,16212,195
2026-06-10 02:27:42,36744,16213,59.0
2026-06-10 02:27:44,36746,16214,60.7
2026-06-10 02:27:46,36748,16215,27.4
2026-06-10 02:27:48,36750,16216,44.0
2026-06-10 02:27:50,36752,16217,32.8
2026-06-10 02:27:52,36754,16218,32.9
2026-06-10 02:27:54,36756,16219,35.2
2026-06-10 02:27:56,36758,16220,52.0
2026-06-10 02:27:58,36760,16221,58.4
2026-06-10 02:28:00,36762,16222,41.2
2026-06-10 02:28:02,36764,16223,45.9
2026-06-10 02:28:04,36766,16224,62.1
2026-06-10 02:28:06,36768,16225,37.8
2026-06-10 02:28:08,36770,16226,51.0
2026-06-10 02:28:10,36772,16227,557
2026-06-10 02:28:12,36774,16228,473
2026-06-10 02:28:15,36777,16229,553
2026-06-10 02:28:17,36779,16230,503
2026-06-10 02:28:20,36782,16231,465
2026-06-10 02:28:22,36784,16232,535
2026-06-10 02:28:24,36786,16233,568
2026-06-10 02:28:27,36789,16234,570
2026-06-10 02:28:29,36791,16235,551
2026-06-10 02:28:31,36793,16236,493
2026-06-10 02:28:34,36796,16237,588
2026-06-10 02:28:36,36798,16238,63.0
2026-06-10 02:28:38,36800,16239,27.5
2026-06-10 02:28:41,36803,16240,32.6
2026-06-10 02:28:43,36805,16241,34.2
2026-06-10 02:28:45,36807,16242,27.2
2026-06-10 02:28:47,36809,16243,41.4
2026-06-10 02:28:49,36811,16244,52.2
2026-06-10 02:28:51,36813,16245,33.9
2026-06-10 02:28:53,36815,16246,37.7
2026-06-10 02:28:55,36817,16247,35.7
2026-06-10 02:28:57,36819,16248,20.6
2026-06-10 02:28:59,36821,16249,73.4
2026-06-10 02:29:01,36823,16250,55.5
2026-06-10 02:29:03,36825,16251,84.6
2026-06-10 02:29:05,36827,16252,64.0
2026-06-10 02:29:07,36829,16253,141
2026-06-10 02:29:09,36831,16254,101
2026-06-10 02:29:12,36834,16255,25.2
2026-06-10 02:29:14,36836,16256,21.4
2026-06-10 02:29:16,36838,16257,51.7
2026-06-10 02:29:18,36840,16258,62.7
2026-06-10 02:29:20,36842,16259,42.7
2026-06-10 02:29:22,36844,16260,29.0
2026-06-10 02:29:24,36846,16261,44.2
2026-06-10 02:29:26,36848,16262,35.6
2026-06-10 02:29:28,36850,16263,33.5
2026-06-10 02:29:30,36852,16264,45.4
2026-06-10 02:29:32,36854,16265,48.1
2026-06-10 02:29:34,36856,16266,40.0
2026-06-10 02:29:36,36858,16267,57.4
2026-06-10 02:29:39,36861,16268,114
2026-06-10 02:29:41,36863,16269,27.6
2026-06-10 02:29:43,36865,16270,43.0
2026-06-10 02:29:45,36867,16271,19.1
2026-06-10 02:29:47,36869,16272,38.6
2026-06-10 02:29:49,36871,16273,25.8
2026-06-10 02:29:51,36873,16274,17.6
2026-06-10 02:29:53,36875,16275,31.1
2026-06-10 02:29:56,36878,16276,36.7
2026-06-10 02:29:58,36880,16277,106
2026-06-10 02:30:00,36882,16278,40.2
2026-06-10 02:30:02,36884,16279,26.5
2026-06-10 02:30:04,36886,16280,31.2
2026-06-10 02:30:06,36888,16281,35.3
2026-06-10 02:30:08,36890,16282,39.2
2026-06-10 02:30:10,36892,16283,34.6
2026-06-10 02:30:12,36894,16284,38.7
2026-06-10 02:30:14,36896,16285,147
2026-06-10 02:30:16,36898,16286,153
2026-06-10 02:30:18,36900,16287,30.9
2026-06-10 02:30:20,36902,16288,81.7
2026-06-10 02:30:22,36904,16289,34.7
2026-06-10 02:30:24,36906,16290,83.0
2026-06-10 02:30:26,36908,16291,101
2026-06-10 02:30:28,36910,16292,33.6
2026-06-10 02:30:30,36912,16293,89.4
2026-06-10 02:30:32,36914,16294,37.8
2026-06-10 02:30:34,36916,16295,50.5
2026-06-10 02:30:36,36918,16296,11.1
2026-06-10 02:30:38,36920,16297,163
2026-06-10 02:30:41,36923,16298,123
2026-06-10 02:30:43,36925,16299,27.4
2026-06-10 02:30:45,36927,16300,21.6
2026-06-10 02:30:46,36928,16301,27.5
2026-06-10 02:30:48,36930,16302,37.2
2026-06-10 02:30:51,36933,16303,36.9
2026-06-10 02:30:53,36935,16304,27.4
2026-06-10 02:30:55,36937,16305,48.8
2026-06-10 02:30:57,36939,16306,33.6
2026-06-10 02:30:59,36941,16307,32.7
2026-06-10 02:31:01,36943,16308,35.1
2026-06-10 02:31:03,36945,16309,27.7
2026-06-10 02:31:05,36947,16310,36.1
2026-06-10 02:31:07,36949,16311,39.2
2026-06-10 02:31:09,36951,16312,35.6
2026-06-10 02:31:12,36954,16313,35.3
2026-06-10 02:31:14,36956,16314,23.5
2026-06-10 02:31:16,36958,16315,25.1
2026-06-10 02:31:18,36960,16316,47.9
2026-06-10 02:31:20,36962,16317,41.7
2026-06-10 02:31:22,36964,16318,37.9
2026-06-10 02:31:24,36966,16319,108
2026-06-10 02:31:26,36968,16320,33.0
2026-06-10 02:31:28,36970,16321,21.8
2026-06-10 02:31:30,36972,16322,138
2026-06-10 02:31:32,36974,16323,30.0
2026-06-10 02:31:34,36976,16324,123
2026-06-10 02:31:36,36978,16325,296
2026-06-10 02:31:39,36981,16326,158
2026-06-10 02:31:41,36983,16327,153
2026-06-10 02:31:43,36985,16328,157
2026-06-10 02:31:46,36988,16329,115
2026-06-10 02:31:48,36990,16330,260
2026-06-10 02:31:51,36993,16331,59.1
2026-06-10 02:31:53,36995,16332,99.2
2026-06-10 02:31:55,36997,16333,20.1
2026-06-10 02:31:57,36999,16334,37.1
2026-06-10 02:31:59,37001,16335,52.3
2026-06-10 02:32:01,37003,16336,28.8
2026-06-10 02:32:03,37005,16337,37.0
2026-06-10 02:32:05,37007,16338,44.3
2026-06-10 02:32:07,37009,16339,43.7
2026-06-10 02:32:09,37011,16340,175
2026-06-10 02:32:11,37013,16341,38.9
2026-06-10 02:32:13,37015,16342,39.2
2026-06-10 02:32:15,37017,16343,36.8
2026-06-10 02:32:17,37019,16344,105
2026-06-10 02:32:19,37021,16345,42.8
2026-06-10 02:32:21,37023,16346,149
2026-06-10 02:32:23,37025,16347,127
2026-06-10 02:32:26,37028,16348,178
2026-06-10 02:32:28,37030,16349,148
2026-06-10 02:32:31,37033,16350,158
2026-06-10 02:32:33,37035,16351,99.8
2026-06-10 02:32:36,37038,16352,47.9
2026-06-10 02:32:38,37040,16353,38.2
2026-06-10 02:32:40,37042,16354,29.3
2026-06-10 02:32:42,37044,16355,35.9
2026-06-10 02:32:44,37046,16356,30.1
2026-06-10 02:32:46,37048,16357,45.8
2026-06-10 02:32:48,37050,16358,14.0
2026-06-10 02:32:50,37052,16359,31.9
2026-06-10 02:32:52,37054,16360,33.0
2026-06-10 02:32:54,37056,16361,37.7
2026-06-10 02:32:56,37058,16362,26.9
2026-06-10 02:32:58,37060,16363,36.9
2026-06-10 02:33:00,37062,16364,24.3
2026-06-10 02:33:02,37064,16365,84.2
2026-06-10 02:33:04,37066,16366,22.3
2026-06-10 02:33:06,37068,16367,19.3
2026-06-10 02:33:08,37070,16368,308
2026-06-10 02:33:11,37073,16369,203
2026-06-10 02:33:13,37075,16370,46.8
2026-06-10 02:33:15,37077,16371,163
2026-06-10 02:33:17,37079,16372,234
2026-06-10 02:33:19,37081,16373,90.8
2026-06-10 02:33:21,37083,16374,41.8
2026-06-10 02:33:23,37085,16375,32.2
2026-06-10 02:33:25,37087,16376,27.1
2026-06-10 02:33:27,37089,16377,60.7
2026-06-10 02:33:29,37091,16378,24.5
2026-06-10 02:33:32,37094,16379,21.2
2026-06-10 02:33:34,37096,16380,33.3
2026-06-10 02:33:36,37098,16381,34.2
2026-06-10 02:33:38,37100,16382,52.3
2026-06-10 02:33:40,37102,16383,59.6
2026-06-10 02:33:42,37104,16384,52.6
2026-06-10 02:33:44,37106,16385,24.5
2026-06-10 02:33:46,37108,16386,131
2026-06-10 02:33:48,37110,16387,40.1
2026-06-10 02:33:50,37112,16388,188
2026-06-10 02:33:53,37115,16389,179
2026-06-10 02:33:55,37117,16390,93.5
2026-06-10 02:33:58,37120,16391,161
2026-06-10 02:34:00,37122,16392,155
2026-06-10 02:34:02,37124,16393,41.5
2026-06-10 02:34:05,37127,16394,71.0
2026-06-10 02:34:07,37129,16395,78.0
2026-06-10 02:34:09,37131,16396,26.4
2026-06-10 02:34:11,37133,16397,29.3
2026-06-10 02:34:13,37135,16398,45.7
2026-06-10 02:34:15,37137,16399,54.5
2026-06-10 02:34:17,37139,16400,18.6
2026-06-10 02:34:19,37141,16401,35.8
2026-06-10 02:34:21,37143,16402,23.3
2026-06-10 02:34:23,37145,16403,30.1
2026-06-10 02:34:25,37147,16404,34.7
2026-06-10 02:34:27,37149,16405,35.1
2026-06-10 02:34:29,37151,16406,30.6
2026-06-10 02:34:31,37153,16407,24.0
2026-06-10 02:34:33,37155,16408,41.8
2026-06-10 02:34:35,37157,16409,15.6
2026-06-10 02:34:38,37160,16410,428
2026-06-10 02:34:40,37162,16411,31.9
2026-06-10 02:34:42,37164,16412,35.2
2026-06-10 02:34:44,37166,16413,50.2
2026-06-10 02:34:46,37168,16414,32.1
2026-06-10 02:34:48,37170,16415,49.4
2026-06-10 02:34:50,37172,16416,95.2
2026-06-10 02:34:53,37174,16417,257
2026-06-10 02:34:55,37177,16418,40.6
2026-06-10 02:34:57,37179,16419,36.5
2026-06-10 02:34:59,37181,16420,26.3
2026-06-10 02:35:01,37183,16421,25.2
2026-06-10 02:35:03,37185,16422,39.7
2026-06-10 02:35:05,37187,16423,50.4
2026-06-10 02:35:07,37189,16424,36.2
2026-06-10 02:35:09,37191,16425,39.6
2026-06-10 02:35:11,37193,16426,30.4
2026-06-10 02:35:13,37195,16427,45.1
2026-06-10 02:35:15,37197,16428,37.6
2026-06-10 02:35:17,37199,16429,24.7
2026-06-10 02:35:19,37201,16430,33.0
2026-06-10 02:35:21,37203,16431,36.7
2026-06-10 02:35:23,37205,16432,47.9
2026-06-10 02:35:25,37207,16433,48.0
2026-06-10 02:35:27,37209,16434,564
2026-06-10 02:35:29,37211,16435,446
2026-06-10 02:35:32,37214,16436,452
2026-06-10 02:35:34,37216,16437,612
2026-06-10 02:35:37,37219,16438,466
2026-06-10 02:35:39,37221,16439,685
2026-06-10 02:35:41,37223,16440,496
2026-06-10 02:35:44,37226,16441,566
2026-06-10 02:35:46,37228,16442,549
2026-06-10 02:35:49,37231,16443,561
2026-06-10 02:35:51,37233,16444,579
2026-06-10 02:35:54,37236,16445,361
2026-06-10 02:35:56,37238,16446,43.1
2026-06-10 02:35:58,37240,16447,38.9
2026-06-10 02:36:00,37242,16448,40.0
2026-06-10 02:36:02,37244,16449,40.6
2026-06-10 02:36:04,37246,16450,20.2
2026-06-10 02:36:06,37248,16451,57.9
2026-06-10 02:36:08,37250,16452,28.5
2026-06-10 02:36:10,37252,16453,30.3
2026-06-10 02:36:12,37254,16454,46.5
2026-06-10 02:36:14,37256,16455,25.3
2026-06-10 02:36:16,37258,16456,37.9
2026-06-10 02:36:18,37260,16457,33.9
2026-06-10 02:36:20,37262,16458,91.5
2026-06-10 02:36:22,37264,16459,162
2026-06-10 02:36:25,37267,16460,61.8
2026-06-10 02:36:27,37269,16461,59.1
2026-06-10 02:36:29,37271,16462,125
2026-06-10 02:36:32,37274,16463,31.6
2026-06-10 02:36:34,37276,16464,96.6
2026-06-10 02:36:36,37278,16465,214
2026-06-10 02:36:38,37280,16466,27.1
2026-06-10 02:36:40,37282,16467,52.2
2026-06-10 02:36:42,37284,16468,62.2
2026-06-10 02:36:44,37286,16469,51.0
2026-06-10 02:36:46,37288,16470,49.5
2026-06-10 02:36:48,37290,16471,38.9
2026-06-10 02:36:50,37292,16472,55.5
2026-06-10 02:36:52,37294,16473,32.7
2026-06-10 02:36:54,37296,16474,85.0
2026-06-10 02:36:56,37298,16475,37.1
2026-06-10 02:36:58,37300,16476,33.2
2026-06-10 02:37:00,37302,16477,23.4
2026-06-10 02:37:02,37304,16478,33.2
2026-06-10 02:37:04,37306,16479,63.5
2026-06-10 02:37:07,37309,16480,54.3
2026-06-10 02:37:09,37311,16481,82.9
2026-06-10 02:37:11,37313,16482,31.4
2026-06-10 02:37:13,37315,16483,54.4
2026-06-10 02:37:15,37317,16484,34.6
2026-06-10 02:37:17,37319,16485,217
2026-06-10 02:37:19,37321,16486,98.5
2026-06-10 02:37:22,37324,16487,30.6
2026-06-10 02:37:24,37326,16488,30.2
2026-06-10 02:37:26,37328,16489,34.1
2026-06-10 02:37:28,37330,16490,30.9
2026-06-10 02:37:30,37332,16491,37.1
2026-06-10 02:37:32,37334,16492,36.2
2026-06-10 02:37:34,37336,16493,88.3
2026-06-10 02:37:36,37338,16494,39.3
2026-06-10 02:37:38,37340,16495,49.4
2026-06-10 02:37:40,37342,16496,57.4
2026-06-10 02:37:42,37344,16497,54.3
2026-06-10 02:37:44,37346,16498,36.7
2026-06-10 02:37:46,37348,16499,33.6
2026-06-10 02:37:48,37350,16500,36.8
2026-06-10 02:37:50,37352,16501,29.2
2026-06-10 02:37:52,37354,16502,27.2
2026-06-10 02:37:54,37356,16503,22.2
2026-06-10 02:37:56,37358,16504,47.2
2026-06-10 02:37:58,37360,16505,47.5
2026-06-10 02:38:00,37362,16506,38.0
2026-06-10 02:38:02,37364,16507,32.7
2026-06-10 02:38:04,37366,16508,31.5
2026-06-10 02:38:06,37368,16509,41.2
2026-06-10 02:38:08,37370,16510,34.8
2026-06-10 02:38:10,37372,16511,30.4
2026-06-10 02:38:12,37374,16512,19.0
2026-06-10 02:38:14,37376,16513,81.6
2026-06-10 02:38:16,37378,16514,21.2
2026-06-10 02:38:18,37380,16515,38.1
2026-06-10 02:38:20,37382,16516,38.2
2026-06-10 02:38:22,37384,16517,28.3
2026-06-10 02:38:25,37387,16518,52.4
2026-06-10 02:38:27,37389,16519,31.9
2026-06-10 02:38:29,37391,16520,31.1
2026-06-10 02:38:31,37393,16521,167
2026-06-10 02:38:33,37395,16522,64.1
2026-06-10 02:38:35,37397,16523,29.2
2026-06-10 02:38:37,37399,16524,43.7
2026-06-10 02:38:39,37401,16525,53.5
2026-06-10 02:38:41,37403,16526,155
2026-06-10 02:38:43,37405,16527,44.3
2026-06-10 02:38:45,37407,16528,26.8
2026-06-10 02:38:47,37409,16529,42.5
2026-06-10 02:38:49,37411,16530,324
2026-06-10 02:38:52,37414,16531,147
2026-06-10 02:38:54,37416,16532,42.9
2026-06-10 02:38:56,37418,16533,55.8
2026-06-10 02:38:58,37420,16534,106
2026-06-10 02:39:00,37422,16535,22.7
2026-06-10 02:39:02,37424,16536,51.6
2026-06-10 02:39:04,37426,16537,54.6
2026-06-10 02:39:06,37428,16538,57.1
2026-06-10 02:39:08,37430,16539,39.2
2026-06-10 02:39:10,37432,16540,35.4
2026-06-10 02:39:12,37434,16541,27.0
2026-06-10 02:39:14,37436,16542,66.3
2026-06-10 02:39:16,37438,16543,59.7
2026-06-10 02:39:18,37440,16544,145
2026-06-10 02:39:20,37442,16545,50.7
2026-06-10 02:39:22,37444,16546,541
2026-06-10 02:39:25,37447,16547,172
2026-06-10 02:39:27,37449,16548,178
2026-06-10 02:39:30,37452,16549,155
2026-06-10 02:39:32,37454,16550,205
2026-06-10 02:39:35,37457,16551,311
2026-06-10 02:39:37,37459,16552,48.4
2026-06-10 02:39:39,37461,16553,43.0
2026-06-10 02:39:41,37463,16554,29.5
2026-06-10 02:39:43,37465,16555,44.5
2026-06-10 02:39:45,37467,16556,14.9
2026-06-10 02:39:47,37469,16557,27.6
2026-06-10 02:39:49,37471,16558,28.7
2026-06-10 02:39:52,37474,16559,50.4
2026-06-10 02:39:54,37476,16560,39.5
2026-06-10 02:39:56,37478,16561,19.5
2026-06-10 02:39:58,37480,16562,35.4
2026-06-10 02:40:00,37482,16563,38.9
2026-06-10 02:40:02,37484,16564,53.4
2026-06-10 02:40:04,37486,16565,NA
2026-06-10 02:40:06,37488,16566,60.3
2026-06-10 02:40:08,37490,16567,84.6
2026-06-10 02:40:10,37492,16568,107
2026-06-10 02:40:12,37494,16569,170
2026-06-10 02:40:14,37496,16570,46.0
2026-06-10 02:40:16,37498,16571,29.9
2026-06-10 02:40:18,37500,16572,43.4
2026-06-10 02:40:20,37502,16573,44.3
2026-06-10 02:40:22,37504,16574,38.5
2026-06-10 02:40:24,37506,16575,206
2026-06-10 02:40:27,37509,16576,22.3
2026-06-10 02:40:29,37511,16577,54.1
2026-06-10 02:40:31,37513,16578,30.6
2026-06-10 02:40:33,37515,16579,41.9
2026-06-10 02:40:35,37517,16580,46.5
2026-06-10 02:40:37,37519,16581,43.0
2026-06-10 02:40:39,37521,16582,135
2026-06-10 02:40:41,37523,16583,27.0
2026-06-10 02:40:43,37525,16584,47.1
2026-06-10 02:40:45,37527,16585,30.9
2026-06-10 02:40:47,37529,16586,48.4
2026-06-10 02:40:49,37531,16587,32.2
2026-06-10 02:40:51,37533,16588,27.4
2026-06-10 02:40:53,37535,16589,24.5
2026-06-10 02:40:55,37537,16590,33.0
2026-06-10 02:40:57,37539,16591,22.3
2026-06-10 02:40:59,37541,16592,34.7
2026-06-10 02:41:01,37543,16593,26.8
2026-06-10 02:41:03,37545,16594,40.1
2026-06-10 02:41:05,37547,16595,40.6
2026-06-10 02:41:07,37549,16596,65.5
2026-06-10 02:41:09,37551,16597,98.2
2026-06-10 02:41:12,37554,16598,131
2026-06-10 02:41:14,37556,16599,168
2026-06-10 02:41:16,37558,16600,37.4
2026-06-10 02:41:18,37560,16601,37.3
2026-06-10 02:41:20,37562,16602,158
2026-06-10 02:41:23,37565,16603,167
2026-06-10 02:41:25,37567,16604,129
2026-06-10 02:41:28,37570,16605,134
2026-06-10 02:41:30,37572,16606,101
2026-06-10 02:41:32,37574,16607,58.3
2026-06-10 02:41:35,37577,16608,254
2026-06-10 02:41:37,37579,16609,29.3
2026-06-10 02:41:38,37580,16610,30.0
2026-06-10 02:41:40,37582,16611,29.7
2026-06-10 02:41:42,37584,16612,44.7
2026-06-10 02:41:44,37586,16613,62.6
2026-06-10 02:41:46,37588,16614,53.9
2026-06-10 02:41:48,37590,16615,53.7
2026-06-10 02:41:50,37592,16616,35.3
2026-06-10 02:41:52,37594,16617,29.4
2026-06-10 02:41:54,37596,16618,25.3
2026-06-10 02:41:56,37598,16619,33.6
2026-06-10 02:41:58,37600,16620,151
2026-06-10 02:42:00,37602,16621,30.9
2026-06-10 02:42:02,37604,16622,44.0
2026-06-10 02:42:04,37606,16623,38.7
2026-06-10 02:42:06,37608,16624,44.6
2026-06-10 02:42:08,37610,16625,50.3
2026-06-10 02:42:10,37612,16626,35.5
2026-06-10 02:42:12,37614,16627,27.1
2026-06-10 02:42:14,37616,16628,51.9
2026-06-10 02:42:16,37618,16629,35.4
2026-06-10 02:42:18,37620,16630,29.8
2026-06-10 02:42:20,37622,16631,49.5
2026-06-10 02:42:22,37624,16632,40.1
2026-06-10 02:42:24,37626,16633,37.0
2026-06-10 02:42:26,37628,16634,25.6
2026-06-10 02:42:28,37630,16635,45.1
2026-06-10 02:42:30,37632,16636,51.6
2026-06-10 02:42:32,37634,16637,20.3
2026-06-10 02:42:34,37636,16638,371
2026-06-10 02:42:36,37638,16639,36.8
2026-06-10 02:42:38,37640,16640,107
2026-06-10 02:42:41,37643,16641,116
2026-06-10 02:42:43,37645,16642,171
2026-06-10 02:42:46,37648,16643,124
2026-06-10 02:42:48,37650,16644,120
2026-06-10 02:42:51,37653,16645,992
2026-06-10 02:42:53,37655,16646,33.7
2026-06-10 02:42:55,37657,16647,82.2
2026-06-10 02:42:57,37659,16648,41.0
2026-06-10 02:42:59,37661,16649,20.6
2026-06-10 02:43:01,37663,16650,21.9
2026-06-10 02:43:03,37665,16651,24.9
2026-06-10 02:43:05,37667,16652,28.5
2026-06-10 02:43:07,37669,16653,28.4
2026-06-10 02:43:09,37671,16654,19.8
2026-06-10 02:43:11,37673,16655,34.1
2026-06-10 02:43:13,37675,16656,50.8
2026-06-10 02:43:15,37677,16657,39.3
2026-06-10 02:43:17,37679,16658,34.6
2026-06-10 02:43:19,37681,16659,604
2026-06-10 02:43:21,37683,16660,48.8
2026-06-10 02:43:24,37686,16661,34.4
2026-06-10 02:43:26,37688,16662,31.0
2026-06-10 02:43:28,37690,16663,31.6
2026-06-10 02:43:30,37692,16664,53.2
2026-06-10 02:43:32,37694,16665,155
2026-06-10 02:43:34,37696,16666,140
2026-06-10 02:43:37,37699,16667,142
2026-06-10 02:43:39,37701,16668,232
2026-06-10 02:43:42,37704,16669,212
2026-06-10 02:43:44,37706,16670,65.7
2026-06-10 02:43:46,37708,16671,25.7
2026-06-10 02:43:48,37710,16672,25.0
2026-06-10 02:43:50,37712,16673,17.5
2026-06-10 02:43:53,37715,16674,28.0
2026-06-10 02:43:55,37717,16675,12.7
2026-06-10 02:43:57,37719,16676,43.3
2026-06-10 02:43:59,37721,16677,35.9
2026-06-10 02:44:01,37723,16678,15.1
2026-06-10 02:44:03,37725,16679,29.4
2026-06-10 02:44:05,37727,16680,20.1
2026-06-10 02:44:07,37729,16681,35.5
2026-06-10 02:44:09,37731,16682,372
2026-06-10 02:44:11,37733,16683,109
2026-06-10 02:44:13,37735,16684,49.4
2026-06-10 02:44:15,37737,16685,18.0
2026-06-10 02:44:17,37739,16686,26.6
2026-06-10 02:44:19,37741,16687,61.5
2026-06-10 02:44:21,37743,16688,31.4
2026-06-10 02:44:23,37745,16689,35.0
2026-06-10 02:44:25,37747,16690,121
2026-06-10 02:44:27,37749,16691,21.3
2026-06-10 02:44:29,37751,16692,34.6
2026-06-10 02:44:31,37753,16693,91.7
2026-06-10 02:44:33,37755,16694,41.6
2026-06-10 02:44:35,37757,16695,35.8
2026-06-10 02:44:37,37759,16696,27.3
2026-06-10 02:44:39,37761,16697,244
2026-06-10 02:44:41,37763,16698,67.0
2026-06-10 02:44:44,37766,16699,41.6
2026-06-10 02:44:46,37768,16700,34.6
2026-06-10 02:44:48,37770,16701,39.9
2026-06-10 02:44:50,37772,16702,29.4
2026-06-10 02:44:52,37774,16703,29.6
2026-06-10 02:44:54,37776,16704,34.3
2026-06-10 02:44:56,37778,16705,53.5
2026-06-10 02:44:58,37780,16706,53.4
2026-06-10 02:45:00,37782,16707,31.2
2026-06-10 02:45:02,37784,16708,28.6
2026-06-10 02:45:04,37786,16709,42.5
2026-06-10 02:45:06,37788,16710,36.6
2026-06-10 02:45:08,37790,16711,31.9
2026-06-10 02:45:10,37792,16712,124
2026-06-10 02:45:12,37794,16713,44.5
2026-06-10 02:45:15,37797,16714,21.4
2026-06-10 02:45:17,37799,16715,31.9
2026-06-10 02:45:19,37801,16716,36.5
2026-06-10 02:45:21,37803,16717,24.9
2026-06-10 02:45:23,37805,16718,35.3
2026-06-10 02:45:25,37807,16719,38.7
2026-06-10 02:45:27,37809,16720,25.9
2026-06-10 02:45:29,37811,16721,18.0
2026-06-10 02:45:31,37813,16722,39.3
2026-06-10 02:45:33,37815,16723,33.8
2026-06-10 02:45:35,37817,16724,30.1
2026-06-10 02:45:37,37819,16725,28.9
2026-06-10 02:45:39,37821,16726,33.3
2026-06-10 02:45:41,37823,16727,31.3
2026-06-10 02:45:43,37825,16728,21.2
2026-06-10 02:45:45,37827,16729,135
2026-06-10 02:45:47,37829,16730,45.8
2026-06-10 02:45:49,37831,16731,37.7
2026-06-10 02:45:51,37833,16732,58.8
2026-06-10 02:45:53,37835,16733,32.3
2026-06-10 02:45:55,37837,16734,35.3
2026-06-10 02:45:57,37839,16735,71.8
2026-06-10 02:45:59,37841,16736,33.4
2026-06-10 02:46:01,37843,16737,19.5
2026-06-10 02:46:03,37845,16738,58.1
2026-06-10 02:46:05,37847,16739,37.5
2026-06-10 02:46:07,37849,16740,35.2
2026-06-10 02:46:09,37851,16741,28.8
2026-06-10 02:46:11,37853,16742,36.9
2026-06-10 02:46:13,37855,16743,24.7
2026-06-10 02:46:15,37857,16744,34.2
2026-06-10 02:46:18,37860,16745,31.8
2026-06-10 02:46:19,37861,16746,19.8
2026-06-10 02:46:21,37863,16747,23.5
2026-06-10 02:46:23,37865,16748,28.9
2026-06-10 02:46:26,37868,16749,25.3
2026-06-10 02:46:27,37869,16750,35.5
2026-06-10 02:46:29,37871,16751,45.3
2026-06-10 02:46:31,37873,16752,30.8
2026-06-10 02:46:34,37876,16753,55.0
2026-06-10 02:46:35,37877,16754,29.5
2026-06-10 02:46:37,37879,16755,43.0
2026-06-10 02:46:40,37882,16756,61.1
2026-06-10 02:46:42,37884,16757,816
2026-06-10 02:46:44,37886,16758,131
2026-06-10 02:46:46,37888,16759,44.3
2026-06-10 02:46:48,37890,16760,30.6
2026-06-10 02:46:50,37892,16761,49.5
2026-06-10 02:46:52,37894,16762,48.8
2026-06-10 02:46:54,37896,16763,184
2026-06-10 02:46:56,37898,16764,56.5
2026-06-10 02:46:58,37900,16765,47.8
2026-06-10 02:47:00,37902,16766,45.3
2026-06-10 02:47:02,37904,16767,39.1
2026-06-10 02:47:04,37906,16768,32.1
2026-06-10 02:47:06,37908,16769,42.8
2026-06-10 02:47:08,37910,16770,135
2026-06-10 02:47:10,37912,16771,41.7
2026-06-10 02:47:12,37914,16772,38.4
2026-06-10 02:47:14,37916,16773,27.7
2026-06-10 02:47:16,37918,16774,43.3
2026-06-10 02:47:18,37920,16775,43.8
2026-06-10 02:47:20,37922,16776,44.3
2026-06-10 02:47:22,37924,16777,50.8
2026-06-10 02:47:23,37925,16778,42.4
2026-06-10 02:47:25,37927,16779,39.4
2026-06-10 02:47:27,37929,16780,547
2026-06-10 02:47:30,37932,16781,613
2026-06-10 02:47:32,37934,16782,558
2026-06-10 02:47:35,37937,16783,613
2026-06-10 02:47:37,37939,16784,558
2026-06-10 02:47:39,37941,16785,484
2026-06-10 02:47:42,37944,16786,518
2026-06-10 02:47:44,37946,16787,502
2026-06-10 02:47:46,37948,16788,541
2026-06-10 02:47:49,37951,16789,542
2026-06-10 02:47:51,37953,16790,578
2026-06-10 02:47:53,37955,16791,520
2026-06-10 02:47:56,37958,16792,23.6
2026-06-10 02:47:58,37960,16793,27.9
2026-06-10 02:48:00,37962,16794,42.3
2026-06-10 02:48:02,37964,16795,34.3
2026-06-10 02:48:04,37966,16796,24.1
2026-06-10 02:48:06,37968,16797,37.8
2026-06-10 02:48:08,37970,16798,17.3
2026-06-10 02:48:10,37972,16799,31.7
2026-06-10 02:48:12,37974,16800,20.2
2026-06-10 02:48:14,37976,16801,20.2
2026-06-10 02:48:16,37978,16802,16.6
2026-06-10 02:48:18,37980,16803,36.4
2026-06-10 02:48:20,37982,16804,64.7
2026-06-10 02:48:23,37985,16805,100
2026-06-10 02:48:25,37987,16806,178
2026-06-10 02:48:27,37989,16807,84.8
2026-06-10 02:48:30,37992,16808,208
2026-06-10 02:48:32,37994,16809,86.0
2026-06-10 02:48:34,37996,16810,24.8
2026-06-10 02:48:36,37998,16811,41.3
2026-06-10 02:48:38,38000,16812,39.9
2026-06-10 02:48:40,38002,16813,58.4
2026-06-10 02:48:42,38004,16814,35.9
2026-06-10 02:48:44,38006,16815,37.1
2026-06-10 02:48:46,38008,16816,45.2
2026-06-10 02:48:49,38011,16817,50.7
2026-06-10 02:48:50,38012,16818,44.9
2026-06-10 02:48:52,38014,16819,45.4
2026-06-10 02:48:54,38016,16820,32.4
2026-06-10 02:48:56,38018,16821,40.0
2026-06-10 02:48:58,38020,16822,22.2
2026-06-10 02:49:00,38022,16823,37.6
2026-06-10 02:49:02,38024,16824,46.1
2026-06-10 02:49:05,38027,16825,45.4
2026-06-10 02:49:07,38029,16826,56.3
2026-06-10 02:49:09,38031,16827,15.6
2026-06-10 02:49:11,38033,16828,130
2026-06-10 02:49:13,38035,16829,66.6
2026-06-10 02:49:15,38037,16830,71.2
2026-06-10 02:49:18,38040,16831,24.7
2026-06-10 02:49:20,38042,16832,30.3
2026-06-10 02:49:22,38044,16833,42.8
2026-06-10 02:49:24,38046,16834,40.6
2026-06-10 02:49:26,38048,16835,21.9
2026-06-10 02:49:28,38050,16836,46.2
2026-06-10 02:49:30,38052,16837,31.5
2026-06-10 02:49:32,38054,16838,36.9
2026-06-10 02:49:34,38056,16839,60.2
2026-06-10 02:49:36,38058,16840,25.2
2026-06-10 02:49:38,38060,16841,36.7
2026-06-10 02:49:40,38062,16842,37.5
2026-06-10 02:49:43,38065,16843,28.9
2026-06-10 02:49:45,38067,16844,221
2026-06-10 02:49:47,38069,16845,243
2026-06-10 02:49:49,38071,16846,344
2026-06-10 02:49:51,38073,16847,138
2026-06-10 02:49:54,38076,16848,153
2026-06-10 02:49:56,38078,16849,118
2026-06-10 02:49:59,38081,16850,139
2026-06-10 02:50:01,38083,16851,47.5
2026-06-10 02:50:04,38086,16852,70.8
2026-06-10 02:50:06,38088,16853,45.9
2026-06-10 02:50:08,38090,16854,24.6
2026-06-10 02:50:10,38092,16855,45.5
2026-06-10 02:50:12,38094,16856,30.0
2026-06-10 02:50:14,38096,16857,32.6
2026-06-10 02:50:16,38098,16858,31.1
2026-06-10 02:50:18,38100,16859,25.9
2026-06-10 02:50:20,38102,16860,36.5
2026-06-10 02:50:22,38104,16861,21.5
2026-06-10 02:50:24,38106,16862,31.2
2026-06-10 02:50:26,38108,16863,31.6
2026-06-10 02:50:28,38110,16864,38.3
2026-06-10 02:50:30,38112,16865,190
2026-06-10 02:50:32,38114,16866,207
2026-06-10 02:50:34,38116,16867,259
2026-06-10 02:50:36,38118,16868,51.0
2026-06-10 02:50:39,38121,16869,33.6
2026-06-10 02:50:41,38123,16870,37.9
2026-06-10 02:50:43,38125,16871,98.1
2026-06-10 02:50:45,38127,16872,129
2026-06-10 02:50:47,38129,16873,158
2026-06-10 02:50:49,38131,16874,29.0
2026-06-10 02:50:52,38134,16875,32.5
2026-06-10 02:50:54,38136,16876,81.6
2026-06-10 02:50:56,38138,16877,37.2
2026-06-10 02:50:58,38140,16878,97.8
2026-06-10 02:51:00,38142,16879,39.5
2026-06-10 02:51:02,38144,16880,51.5
2026-06-10 02:51:04,38146,16881,24.8
2026-06-10 02:51:06,38148,16882,44.7
2026-06-10 02:51:08,38150,16883,102
2026-06-10 02:51:10,38152,16884,36.2
2026-06-10 02:51:13,38155,16885,25.9
2026-06-10 02:51:15,38157,16886,24.4
2026-06-10 02:51:17,38159,16887,35.1
2026-06-10 02:51:19,38161,16888,25.2
2026-06-10 02:51:21,38163,16889,35.8
2026-06-10 02:51:23,38165,16890,86.0
2026-06-10 02:51:25,38167,16891,47.2
2026-06-10 02:51:27,38169,16892,62.0
2026-06-10 02:51:30,38172,16893,20.6
2026-06-10 02:51:32,38174,16894,33.3
2026-06-10 02:51:34,38176,16895,20.2
2026-06-10 02:51:36,38178,16896,166
2026-06-10 02:51:38,38180,16897,65.8
2026-06-10 02:51:40,38182,16898,24.6
2026-06-10 02:51:42,38184,16899,38.6
2026-06-10 02:51:44,38186,16900,47.1
2026-06-10 02:51:46,38188,16901,33.5
2026-06-10 02:51:48,38190,16902,103
2026-06-10 02:51:51,38193,16903,32.0
2026-06-10 02:51:53,38195,16904,15.1
2026-06-10 02:51:55,38197,16905,39.2
2026-06-10 02:51:57,38199,16906,38.9
2026-06-10 02:51:59,38201,16907,22.2
2026-06-10 02:52:01,38203,16908,19.7
2026-06-10 02:52:03,38205,16909,13.7
2026-06-10 02:52:06,38208,16910,107
2026-06-10 02:52:08,38210,16911,45.3
2026-06-10 02:52:10,38212,16912,16.9
2026-06-10 02:52:12,38214,16913,221
2026-06-10 02:52:15,38217,16914,154
2026-06-10 02:52:17,38219,16915,31.5
2026-06-10 02:52:19,38221,16916,227
2026-06-10 02:52:21,38223,16917,171
2026-06-10 02:52:23,38225,16918,41.0
2026-06-10 02:52:26,38228,16919,236
2026-06-10 02:52:28,38230,16920,136
2026-06-10 02:52:30,38232,16921,42.7
2026-06-10 02:52:32,38234,16922,70.4
2026-06-10 02:52:34,38236,16923,191
2026-06-10 02:52:36,38238,16924,41.7
2026-06-10 02:52:38,38240,16925,203
2026-06-10 02:52:41,38243,16926,194
2026-06-10 02:52:43,38245,16927,195
2026-06-10 02:52:45,38247,16928,37.8
2026-06-10 02:52:47,38249,16929,201
2026-06-10 02:52:49,38251,16930,26.2
2026-06-10 02:52:52,38254,16931,183
2026-06-10 02:52:54,38256,16932,173
2026-06-10 02:52:56,38258,16933,23.0
2026-06-10 02:52:58,38260,16934,21.9
2026-06-10 02:53:00,38262,16935,29.8
2026-06-10 02:53:02,38264,16936,71.3
2026-06-10 02:53:04,38266,16937,82.6
2026-06-10 02:53:07,38269,16938,43.6
2026-06-10 02:53:09,38271,16939,158
2026-06-10 02:53:11,38273,16940,37.8
2026-06-10 02:53:13,38275,16941,29.8
2026-06-10 02:53:15,38277,16942,130
2026-06-10 02:53:17,38279,16943,33.8
2026-06-10 02:53:20,38282,16944,36.9
2026-06-10 02:53:22,38284,16945,269
2026-06-10 02:53:24,38286,16946,38.4
2026-06-10 02:53:26,38288,16947,48.8
2026-06-10 02:53:29,38291,16948,299
2026-06-10 02:53:31,38293,16949,23.1
2026-06-10 02:53:33,38295,16950,31.2
2026-06-10 02:53:35,38297,16951,34.7
2026-06-10 02:53:37,38299,16952,33.4
2026-06-10 02:53:39,38301,16953,58.0
2026-06-10 02:53:41,38303,16954,66.2
2026-06-10 02:53:43,38305,16955,41.2
2026-06-10 02:53:45,38307,16956,176
2026-06-10 02:53:47,38309,16957,25.7
2026-06-10 02:53:49,38311,16958,30.9
2026-06-10 02:53:51,38313,16959,33.8
2026-06-10 02:53:53,38315,16960,243
2026-06-10 02:53:55,38317,16961,139
2026-06-10 02:53:57,38319,16962,240
2026-06-10 02:54:00,38322,16963,31.7
2026-06-10 02:54:02,38324,16964,61.4
2026-06-10 02:54:04,38326,16965,44.2
2026-06-10 02:54:06,38328,16966,77.8
2026-06-10 02:54:08,38330,16967,30.7
2026-06-10 02:54:10,38332,16968,47.5
2026-06-10 02:54:12,38334,16969,36.7
2026-06-10 02:54:14,38336,16970,49.6
2026-06-10 02:54:17,38339,16971,288
2026-06-10 02:54:19,38341,16972,19.2
2026-06-10 02:54:21,38343,16973,133
2026-06-10 02:54:23,38345,16974,45.0
2026-06-10 02:54:25,38347,16975,126
2026-06-10 02:54:28,38350,16976,30.5
2026-06-10 02:54:30,38352,16977,81.4
2026-06-10 02:54:32,38354,16978,181
2026-06-10 02:54:34,38356,16979,36.3
2026-06-10 02:54:37,38359,16980,125
2026-06-10 02:54:39,38361,16981,27.2
2026-06-10 02:54:41,38363,16982,251
2026-06-10 02:54:43,38365,16983,182
2026-06-10 02:54:45,38367,16984,45.3
2026-06-10 02:54:47,38369,16985,33.4
2026-06-10 02:54:49,38371,16986,161
2026-06-10 02:54:52,38374,16987,136
2026-06-10 02:54:54,38376,16988,28.9
2026-06-10 02:54:56,38378,16989,44.7
2026-06-10 02:54:58,38380,16990,27.3
2026-06-10 02:55:00,38382,16991,77.6
2026-06-10 02:55:02,38384,16992,135
2026-06-10 02:55:04,38386,16993,175
2026-06-10 02:55:07,38388,16994,87.1
2026-06-10 02:55:09,38391,16995,165
2026-06-10 02:55:11,38393,16996,14.0
2026-06-10 02:55:13,38395,16997,37.0
2026-06-10 02:55:15,38397,16998,101
2026-06-10 02:55:17,38399,16999,39.5
2026-06-10 02:55:19,38401,17000,186
2026-06-10 02:55:22,38404,17001,44.4
2026-06-10 02:55:24,38406,17002,59.7
2026-06-10 02:55:26,38408,17003,316
2026-06-10 02:55:28,38410,17004,19.8
2026-06-10 02:55:30,38412,17005,30.4
2026-06-10 02:55:33,38415,17006,150
2026-06-10 02:55:35,38417,17007,31.5
2026-06-10 02:55:37,38419,17008,37.9
2026-06-10 02:55:39,38421,17009,78.8
2026-06-10 02:55:41,38423,17010,39.9
2026-06-10 02:55:43,38425,17011,84.6
2026-06-10 02:55:46,38428,17012,42.3
2026-06-10 02:55:48,38430,17013,28.8
2026-06-10 02:55:50,38432,17014,165
2026-06-10 02:55:53,38435,17015,60.4
2026-06-10 02:55:55,38437,17016,156
2026-06-10 02:55:58,38440,17017,201
2026-06-10 02:56:00,38442,17018,47.4
2026-06-10 02:56:03,38445,17019,68.8
2026-06-10 02:56:05,38447,17020,30.7
2026-06-10 02:56:07,38449,17021,27.3
2026-06-10 02:56:09,38451,17022,38.3
2026-06-10 02:56:11,38453,17023,23.1
2026-06-10 02:56:13,38455,17024,31.7
2026-06-10 02:56:15,38457,17025,38.8
2026-06-10 02:56:17,38459,17026,27.3
2026-06-10 02:56:19,38461,17027,27.1
2026-06-10 02:56:21,38463,17028,53.0
2026-06-10 02:56:23,38465,17029,18.6
2026-06-10 02:56:25,38467,17030,34.5
2026-06-10 02:56:27,38469,17031,27.0
2026-06-10 02:56:29,38471,17032,12.5
2026-06-10 02:56:31,38473,17033,120
2026-06-10 02:56:33,38475,17034,161
2026-06-10 02:56:36,38478,17035,34.3
2026-06-10 02:56:38,38480,17036,36.4
2026-06-10 02:56:40,38482,17037,166
2026-06-10 02:56:42,38484,17038,44.7
2026-06-10 02:56:44,38486,17039,13.6
2026-06-10 02:56:47,38489,17040,31.5
2026-06-10 02:56:49,38491,17041,27.6
2026-06-10 02:56:51,38493,17042,100
2026-06-10 02:56:53,38495,17043,57.3
2026-06-10 02:56:56,38498,17044,42.3
2026-06-10 02:56:58,38500,17045,28.9
2026-06-10 02:57:00,38502,17046,90.1
2026-06-10 02:57:02,38504,17047,36.3
2026-06-10 02:57:04,38506,17048,19.9
2026-06-10 02:57:06,38508,17049,51.5
2026-06-10 02:57:08,38510,17050,36.9
2026-06-10 02:57:10,38512,17051,48.1
2026-06-10 02:57:12,38514,17052,166
2026-06-10 02:57:14,38516,17053,24.4
2026-06-10 02:57:17,38519,17054,33.3
2026-06-10 02:57:19,38521,17055,45.0
2026-06-10 02:57:21,38522,17056,35.5
2026-06-10 02:57:22,38524,17057,37.7
2026-06-10 02:57:24,38526,17058,54.4
2026-06-10 02:57:27,38529,17059,223
2026-06-10 02:57:29,38531,17060,221
2026-06-10 02:57:31,38533,17061,42.9
2026-06-10 02:57:33,38535,17062,45.3
2026-06-10 02:57:35,38537,17063,28.9
2026-06-10 02:57:37,38539,17064,40.0
2026-06-10 02:57:39,38541,17065,192
2026-06-10 02:57:42,38544,17066,311
2026-06-10 02:57:44,38546,17067,185
2026-06-10 02:57:46,38548,17068,17.7
2026-06-10 02:57:48,38550,17069,119
2026-06-10 02:57:50,38552,17070,150
2026-06-10 02:57:52,38554,17071,109
2026-06-10 02:57:55,38557,17072,62.4
2026-06-10 02:57:57,38559,17073,50.8
2026-06-10 02:57:59,38561,17074,797
2026-06-10 02:58:01,38563,17075,185
2026-06-10 02:58:04,38566,17076,84.0
2026-06-10 02:58:06,38568,17077,154
2026-06-10 02:58:08,38570,17078,143
2026-06-10 02:58:10,38572,17079,62.0
2026-06-10 02:58:12,38574,17080,183
2026-06-10 02:58:15,38577,17081,105
2026-06-10 02:58:17,38579,17082,95.1
2026-06-10 02:58:19,38581,17083,157
2026-06-10 02:58:21,38583,17084,37.6
2026-06-10 02:58:23,38585,17085,145
2026-06-10 02:58:25,38587,17086,88.1
2026-06-10 02:58:28,38590,17087,32.9
2026-06-10 02:58:30,38592,17088,25.5
2026-06-10 02:58:32,38594,17089,206
2026-06-10 02:58:34,38596,17090,456
2026-06-10 02:58:37,38599,17091,444
2026-06-10 02:58:39,38601,17092,NA
2026-06-10 02:58:41,38603,17093,68.9
2026-06-10 02:58:43,38605,17094,350
2026-06-10 02:58:46,38608,17095,174
2026-06-10 02:58:48,38610,17096,50.8
2026-06-10 02:58:50,38612,17097,31.0
2026-06-10 02:58:52,38614,17098,76.0
2026-06-10 02:58:54,38616,17099,37.8
2026-06-10 02:58:57,38619,17100,65.4
2026-06-10 02:58:59,38621,17101,123
2026-06-10 02:59:01,38623,17102,61.4
2026-06-10 02:59:03,38625,17103,76.9
2026-06-10 02:59:05,38627,17104,27.1
2026-06-10 02:59:08,38630,17105,30.8
2026-06-10 02:59:10,38632,17106,26.5
2026-06-10 02:59:12,38634,17107,42.0
2026-06-10 02:59:14,38636,17108,40.0
2026-06-10 02:59:16,38638,17109,44.3
2026-06-10 02:59:18,38640,17110,44.3
2026-06-10 02:59:20,38642,17111,40.8
2026-06-10 02:59:23,38645,17112,19.5
2026-06-10 02:59:25,38647,17113,28.6
2026-06-10 02:59:27,38649,17114,104
2026-06-10 02:59:29,38651,17115,64.8
2026-06-10 02:59:31,38653,17116,32.4
2026-06-10 02:59:33,38655,17117,30.0
2026-06-10 02:59:36,38657,17118,27.6
2026-06-10 02:59:38,38660,17119,40.9
2026-06-10 02:59:40,38662,17120,27.7
2026-06-10 02:59:42,38664,17121,30.5
2026-06-10 02:59:44,38666,17122,38.9
2026-06-10 02:59:47,38669,17123,181
2026-06-10 02:59:49,38671,17124,17.3
2026-06-10 02:59:51,38673,17125,18.5
2026-06-10 02:59:53,38675,17126,27.9
2026-06-10 02:59:55,38677,17127,44.5
2026-06-10 02:59:57,38679,17128,20.0
2026-06-10 02:59:59,38681,17129,31.4
2026-06-10 03:00:01,38683,17130,34.5
2026-06-10 03:00:03,38685,17131,205
2026-06-10 03:00:05,38687,17132,33.6
2026-06-10 03:00:07,38689,17133,36.4
2026-06-10 03:00:09,38691,17134,16.3
2026-06-10 03:00:11,38693,17135,28.2
2026-06-10 03:00:13,38695,17136,25.0
2026-06-10 03:00:15,38697,17137,25.3
2026-06-10 03:00:17,38699,17138,17.7
2026-06-10 03:00:19,38701,17139,35.0
2026-06-10 03:00:21,38703,17140,24.4
2026-06-10 03:00:23,38705,17141,41.1
2026-06-10 03:00:25,38707,17142,25.8
2026-06-10 03:00:28,38710,17143,85.4
