timestamp,elapsed_s,sample,system_powertop_W
2026-06-09 16:15:19,0,1,57.4
2026-06-09 16:15:21,2,2,21.8
2026-06-09 16:15:23,4,3,38.9
2026-06-09 16:15:25,6,4,28.4
2026-06-09 16:15:27,8,5,38.0
2026-06-09 16:15:29,10,6,34.4
2026-06-09 16:15:31,11,7,39.2
2026-06-09 16:15:32,13,8,41.8
2026-06-09 16:15:34,15,9,27.4
2026-06-09 16:15:36,17,10,21.2
2026-06-09 16:15:38,19,11,31.8
2026-06-09 16:15:40,21,12,26.5
2026-06-09 16:15:42,23,13,31.7
2026-06-09 16:15:44,25,14,26.9
2026-06-09 16:15:46,27,15,34.6
2026-06-09 16:15:48,29,16,30.7
2026-06-09 16:15:50,31,17,31.3
2026-06-09 16:15:52,33,18,42.8
2026-06-09 16:15:54,35,19,51.1
2026-06-09 16:15:56,37,20,20.0
2026-06-09 16:15:58,39,21,149
2026-06-09 16:16:00,41,22,46.9
2026-06-09 16:16:02,43,23,18.8
2026-06-09 16:16:04,45,24,39.0
2026-06-09 16:16:06,47,25,258
2026-06-09 16:16:08,49,26,45.7
2026-06-09 16:16:10,51,27,29.2
2026-06-09 16:16:12,53,28,151
2026-06-09 16:16:14,55,29,41.4
2026-06-09 16:16:16,57,30,30.4
2026-06-09 16:16:18,59,31,32.0
2026-06-09 16:16:20,61,32,208
2026-06-09 16:16:22,63,33,69.3
2026-06-09 16:16:24,65,34,19.5
2026-06-09 16:16:26,67,35,60.6
2026-06-09 16:16:28,69,36,49.1
2026-06-09 16:16:30,71,37,44.1
2026-06-09 16:16:32,73,38,31.9
2026-06-09 16:16:34,75,39,187
2026-06-09 16:16:36,77,40,42.2
2026-06-09 16:16:38,79,41,172
2026-06-09 16:16:41,82,42,27.9
2026-06-09 16:16:43,84,43,259
2026-06-09 16:16:45,86,44,34.5
2026-06-09 16:16:47,88,45,21.4
2026-06-09 16:16:49,90,46,165
2026-06-09 16:16:51,92,47,41.5
2026-06-09 16:16:53,94,48,110
2026-06-09 16:16:55,96,49,28.8
2026-06-09 16:16:57,98,50,35.7
2026-06-09 16:16:59,100,51,132
2026-06-09 16:17:01,102,52,34.1
2026-06-09 16:17:03,104,53,NA
2026-06-09 16:17:05,106,54,79.0
2026-06-09 16:17:07,108,55,130
2026-06-09 16:17:09,110,56,43.2
2026-06-09 16:17:11,112,57,212
2026-06-09 16:17:14,115,58,23.4
2026-06-09 16:17:16,117,59,142
2026-06-09 16:17:18,119,60,36.8
2026-06-09 16:17:20,121,61,34.2
2026-06-09 16:17:22,123,62,45.3
2026-06-09 16:17:24,125,63,195
2026-06-09 16:17:26,127,64,19.0
2026-06-09 16:17:28,129,65,35.9
2026-06-09 16:17:30,131,66,130
2026-06-09 16:17:32,133,67,42.7
2026-06-09 16:17:34,135,68,281
2026-06-09 16:17:37,138,69,29.6
2026-06-09 16:17:39,140,70,357
2026-06-09 16:17:41,142,71,39.4
2026-06-09 16:17:43,144,72,481
2026-06-09 16:17:45,146,73,49.2
2026-06-09 16:17:47,148,74,36.6
2026-06-09 16:17:49,150,75,33.1
2026-06-09 16:17:51,152,76,26.1
2026-06-09 16:17:53,154,77,32.1
2026-06-09 16:17:55,156,78,78.0
2026-06-09 16:17:58,159,79,36.1
2026-06-09 16:18:00,161,80,387
2026-06-09 16:18:02,163,81,45.4
2026-06-09 16:18:04,165,82,44.8
2026-06-09 16:18:06,167,83,25.5
2026-06-09 16:18:08,169,84,39.5
2026-06-09 16:18:10,171,85,74.8
2026-06-09 16:18:12,173,86,20.9
2026-06-09 16:18:14,175,87,299
2026-06-09 16:18:16,177,88,266
2026-06-09 16:18:18,179,89,103
2026-06-09 16:18:20,181,90,53.5
2026-06-09 16:18:23,184,91,139
2026-06-09 16:18:25,186,92,34.9
2026-06-09 16:18:27,188,93,148
2026-06-09 16:18:29,190,94,31.3
2026-06-09 16:18:31,192,95,38.9
2026-06-09 16:18:33,194,96,32.3
2026-06-09 16:18:35,196,97,112
2026-06-09 16:18:37,198,98,29.9
2026-06-09 16:18:39,200,99,106
2026-06-09 16:18:42,202,100,31.4
2026-06-09 16:18:44,205,101,444
2026-06-09 16:18:46,207,102,40.9
2026-06-09 16:18:48,209,103,29.3
2026-06-09 16:18:50,211,104,123
2026-06-09 16:18:52,213,105,213
2026-06-09 16:18:54,215,106,54.0
2026-06-09 16:18:56,217,107,36.7
2026-06-09 16:18:58,219,108,88.7
2026-06-09 16:19:00,221,109,34.5
2026-06-09 16:19:02,223,110,42.7
2026-06-09 16:19:04,225,111,48.5
2026-06-09 16:19:06,227,112,105
2026-06-09 16:19:09,230,113,48.4
2026-06-09 16:19:11,232,114,79.7
2026-06-09 16:19:13,234,115,37.4
2026-06-09 16:19:15,236,116,304
2026-06-09 16:19:17,238,117,29.2
2026-06-09 16:19:19,240,118,34.7
2026-06-09 16:19:21,242,119,85.2
2026-06-09 16:19:23,244,120,396
2026-06-09 16:19:25,246,121,31.8
2026-06-09 16:19:27,248,122,24.8
2026-06-09 16:19:29,250,123,46.9
2026-06-09 16:19:31,252,124,197
2026-06-09 16:19:34,255,125,129
2026-06-09 16:19:36,257,126,46.9
2026-06-09 16:19:38,259,127,38.7
2026-06-09 16:19:41,262,128,241
2026-06-09 16:19:43,264,129,47.5
2026-06-09 16:19:46,267,130,81.3
2026-06-09 16:19:49,270,131,99.6
2026-06-09 16:19:51,272,132,122
2026-06-09 16:19:54,275,133,91.9
2026-06-09 16:19:57,278,134,161
2026-06-09 16:20:00,281,135,84.8
2026-06-09 16:20:02,283,136,51.3
2026-06-09 16:20:05,286,137,124
2026-06-09 16:20:08,289,138,140
2026-06-09 16:20:10,291,139,86.7
2026-06-09 16:20:13,294,140,52.3
2026-06-09 16:20:16,297,141,104
2026-06-09 16:20:18,299,142,203
2026-06-09 16:20:21,302,143,73.7
2026-06-09 16:20:23,304,144,210
2026-06-09 16:20:26,307,145,53.3
2026-06-09 16:20:29,310,146,154
2026-06-09 16:20:31,312,147,132
2026-06-09 16:20:34,315,148,126
2026-06-09 16:20:37,318,149,153
2026-06-09 16:20:39,320,150,287
2026-06-09 16:20:42,323,151,123
2026-06-09 16:20:44,325,152,106
2026-06-09 16:20:47,328,153,156
2026-06-09 16:20:50,331,154,143
2026-06-09 16:20:52,333,155,144
2026-06-09 16:20:55,336,156,198
2026-06-09 16:20:57,338,157,86.9
2026-06-09 16:21:00,341,158,79.7
2026-06-09 16:21:03,344,159,291
2026-06-09 16:21:05,346,160,369
2026-06-09 16:21:08,349,161,167
2026-06-09 16:21:11,352,162,74.7
2026-06-09 16:21:13,354,163,82.7
2026-06-09 16:21:16,357,164,90.2
2026-06-09 16:21:18,359,165,120
2026-06-09 16:21:21,362,166,224
2026-06-09 16:21:24,365,167,31.6
2026-06-09 16:21:26,367,168,81.8
2026-06-09 16:21:29,370,169,45.1
2026-06-09 16:21:31,372,170,43.0
2026-06-09 16:21:34,375,171,100
2026-06-09 16:21:36,378,172,145
2026-06-09 16:21:39,380,173,112
2026-06-09 16:21:42,383,174,191
2026-06-09 16:21:44,385,175,123
2026-06-09 16:21:47,388,176,64.5
2026-06-09 16:21:49,390,177,264
2026-06-09 16:21:52,393,178,162
2026-06-09 16:21:54,395,179,195
2026-06-09 16:21:57,398,180,146
2026-06-09 16:21:59,400,181,272
2026-06-09 16:22:02,403,182,275
2026-06-09 16:22:05,406,183,54.0
2026-06-09 16:22:07,408,184,77.4
2026-06-09 16:22:10,411,185,53.5
2026-06-09 16:22:13,414,186,196
2026-06-09 16:22:15,416,187,138
2026-06-09 16:22:18,419,188,173
2026-06-09 16:22:21,422,189,301
2026-06-09 16:22:24,425,190,35.8
2026-06-09 16:22:26,427,191,237
2026-06-09 16:22:29,430,192,201
2026-06-09 16:22:32,433,193,220
2026-06-09 16:22:34,435,194,93.6
2026-06-09 16:22:37,438,195,139
2026-06-09 16:22:40,441,196,45.4
2026-06-09 16:22:42,443,197,93.6
2026-06-09 16:22:45,446,198,55.0
2026-06-09 16:22:47,448,199,131
2026-06-09 16:22:50,451,200,85.5
2026-06-09 16:22:53,454,201,195
2026-06-09 16:22:55,456,202,275
2026-06-09 16:22:58,459,203,51.5
2026-06-09 16:23:00,461,204,41.9
2026-06-09 16:23:02,463,205,40.1
2026-06-09 16:23:04,465,206,32.0
2026-06-09 16:23:06,467,207,298
2026-06-09 16:23:09,470,208,115
2026-06-09 16:23:11,472,209,152
2026-06-09 16:23:13,474,210,32.3
2026-06-09 16:23:15,476,211,26.4
2026-06-09 16:23:18,479,212,142
2026-06-09 16:23:21,482,213,215
2026-06-09 16:23:23,484,214,249
2026-06-09 16:23:26,487,215,66.6
2026-06-09 16:23:28,489,216,358
2026-06-09 16:23:31,492,217,98.0
2026-06-09 16:23:34,495,218,123
2026-06-09 16:23:36,497,219,91.1
2026-06-09 16:23:39,500,220,68.1
2026-06-09 16:23:42,503,221,60.2
2026-06-09 16:23:44,505,222,117
2026-06-09 16:23:47,508,223,157
2026-06-09 16:23:50,511,224,147
2026-06-09 16:23:52,513,225,43.5
2026-06-09 16:23:55,516,226,208
2026-06-09 16:23:58,519,227,120
2026-06-09 16:24:01,522,228,230
2026-06-09 16:24:03,524,229,149
2026-06-09 16:24:06,527,230,154
2026-06-09 16:24:09,530,231,73.9
2026-06-09 16:24:12,533,232,159
2026-06-09 16:24:14,535,233,68.5
2026-06-09 16:24:17,538,234,136
2026-06-09 16:24:19,540,235,56.9
2026-06-09 16:24:22,543,236,115
2026-06-09 16:24:25,546,237,31.1
2026-06-09 16:24:27,548,238,318
2026-06-09 16:24:30,551,239,270
2026-06-09 16:24:32,553,240,54.0
2026-06-09 16:24:35,556,241,114
2026-06-09 16:24:38,559,242,83.6
2026-06-09 16:24:40,561,243,203
2026-06-09 16:24:43,564,244,230
2026-06-09 16:24:45,566,245,44.4
2026-06-09 16:24:48,569,246,86.5
2026-06-09 16:24:51,572,247,70.9
2026-06-09 16:24:53,574,248,177
2026-06-09 16:24:56,577,249,242
2026-06-09 16:24:58,579,250,156
2026-06-09 16:25:01,582,251,235
2026-06-09 16:25:04,585,252,93.1
2026-06-09 16:25:06,587,253,111
2026-06-09 16:25:09,590,254,132
2026-06-09 16:25:12,593,255,62.2
2026-06-09 16:25:14,595,256,83.5
2026-06-09 16:25:17,598,257,105
2026-06-09 16:25:19,600,258,91.5
2026-06-09 16:25:22,603,259,89.2
2026-06-09 16:25:25,606,260,258
2026-06-09 16:25:28,609,261,165
2026-06-09 16:25:30,611,262,27.1
2026-06-09 16:25:33,614,263,36.1
2026-06-09 16:25:35,616,264,131
2026-06-09 16:25:38,619,265,44.7
2026-06-09 16:25:41,622,266,80.6
2026-06-09 16:25:44,625,267,114
2026-06-09 16:25:46,627,268,210
2026-06-09 16:25:49,630,269,110
2026-06-09 16:25:52,633,270,220
2026-06-09 16:25:54,635,271,174
2026-06-09 16:25:57,638,272,16.2
2026-06-09 16:25:59,640,273,151
2026-06-09 16:26:02,643,274,55.8
2026-06-09 16:26:05,646,275,156
2026-06-09 16:26:07,648,276,130
2026-06-09 16:26:10,651,277,100
2026-06-09 16:26:12,654,278,132
2026-06-09 16:26:15,656,279,102
2026-06-09 16:26:18,659,280,136
2026-06-09 16:26:20,661,281,251
2026-06-09 16:26:23,664,282,191
2026-06-09 16:26:26,667,283,64.0
2026-06-09 16:26:29,670,284,174
2026-06-09 16:26:32,673,285,63.8
2026-06-09 16:26:34,675,286,252
2026-06-09 16:26:37,678,287,161
2026-06-09 16:26:40,681,288,28.3
2026-06-09 16:26:42,683,289,20.7
2026-06-09 16:26:44,685,290,34.2
2026-06-09 16:26:46,687,291,11.7
2026-06-09 16:26:48,689,292,113
2026-06-09 16:26:51,692,293,141
2026-06-09 16:26:53,694,294,46.5
2026-06-09 16:26:55,696,295,34.0
2026-06-09 16:26:58,699,296,320
2026-06-09 16:27:00,701,297,33.2
2026-06-09 16:27:03,704,298,173
2026-06-09 16:27:06,707,299,49.6
2026-06-09 16:27:08,709,300,64.9
2026-06-09 16:27:11,712,301,182
2026-06-09 16:27:13,714,302,62.3
2026-06-09 16:27:16,717,303,127
2026-06-09 16:27:18,719,304,120
2026-06-09 16:27:21,722,305,71.9
2026-06-09 16:27:24,725,306,147
2026-06-09 16:27:26,727,307,160
2026-06-09 16:27:29,730,308,44.4
2026-06-09 16:27:32,733,309,133
2026-06-09 16:27:34,735,310,71.7
2026-06-09 16:27:37,738,311,15.9
2026-06-09 16:27:40,741,312,69.7
2026-06-09 16:27:42,743,313,58.6
2026-06-09 16:27:45,746,314,61.2
2026-06-09 16:27:48,749,315,91.7
2026-06-09 16:27:50,751,316,245
2026-06-09 16:27:53,754,317,147
2026-06-09 16:27:56,757,318,58.9
2026-06-09 16:27:58,759,319,89.2
2026-06-09 16:28:01,762,320,142
2026-06-09 16:28:04,765,321,12.4
2026-06-09 16:28:06,767,322,25.6
2026-06-09 16:28:08,769,323,19.4
2026-06-09 16:28:10,771,324,67.7
2026-06-09 16:28:13,774,325,141
2026-06-09 16:28:16,776,326,134
2026-06-09 16:28:18,779,327,155
2026-06-09 16:28:21,782,328,282
2026-06-09 16:28:23,784,329,278
2026-06-09 16:28:26,787,330,125
2026-06-09 16:28:29,790,331,167
2026-06-09 16:28:31,792,332,70.9
2026-06-09 16:28:34,795,333,161
2026-06-09 16:28:37,798,334,234
2026-06-09 16:28:39,800,335,107
2026-06-09 16:28:42,803,336,56.4
2026-06-09 16:28:44,805,337,205
2026-06-09 16:28:47,808,338,257
2026-06-09 16:28:49,810,339,91.1
2026-06-09 16:28:52,813,340,64.5
2026-06-09 16:28:55,816,341,199
2026-06-09 16:28:57,818,342,136
2026-06-09 16:29:00,821,343,90.5
2026-06-09 16:29:02,823,344,99.4
2026-06-09 16:29:05,826,345,114
2026-06-09 16:29:08,829,346,112
2026-06-09 16:29:10,831,347,175
2026-06-09 16:29:13,834,348,117
2026-06-09 16:29:16,837,349,178
2026-06-09 16:29:18,839,350,143
2026-06-09 16:29:21,842,351,125
2026-06-09 16:29:24,845,352,58.1
2026-06-09 16:29:26,847,353,26.0
2026-06-09 16:29:29,850,354,59.4
2026-06-09 16:29:31,852,355,217
2026-06-09 16:29:34,855,356,289
2026-06-09 16:29:37,858,357,62.5
2026-06-09 16:29:40,861,358,41.2
2026-06-09 16:29:42,863,359,84.0
2026-06-09 16:29:45,866,360,162
2026-06-09 16:29:48,869,361,232
2026-06-09 16:29:50,871,362,58.7
2026-06-09 16:29:53,874,363,128
2026-06-09 16:29:55,876,364,42.4
2026-06-09 16:29:58,879,365,49.1
2026-06-09 16:30:01,882,366,71.4
2026-06-09 16:30:03,884,367,48.9
2026-06-09 16:30:06,887,368,255
2026-06-09 16:30:08,889,369,184
2026-06-09 16:30:11,892,370,82.6
2026-06-09 16:30:14,895,371,155
2026-06-09 16:30:16,897,372,104
2026-06-09 16:30:19,900,373,140
2026-06-09 16:30:21,902,374,33.9
2026-06-09 16:30:24,905,375,38.5
2026-06-09 16:30:26,907,376,33.2
2026-06-09 16:30:28,909,377,30.7
2026-06-09 16:30:30,911,378,183
2026-06-09 16:30:32,913,379,134
2026-06-09 16:30:35,916,380,339
2026-06-09 16:30:37,918,381,120
2026-06-09 16:30:39,920,382,29.6
2026-06-09 16:30:41,922,383,147
2026-06-09 16:30:44,925,384,93.5
2026-06-09 16:30:46,927,385,201
2026-06-09 16:30:49,930,386,125
2026-06-09 16:30:52,933,387,18.8
2026-06-09 16:30:54,935,388,147
2026-06-09 16:30:57,938,389,73.9
2026-06-09 16:31:00,941,390,67.6
2026-06-09 16:31:02,943,391,112
2026-06-09 16:31:05,946,392,344
2026-06-09 16:31:08,949,393,148
2026-06-09 16:31:11,952,394,281
2026-06-09 16:31:14,955,395,36.1
2026-06-09 16:31:16,957,396,115
2026-06-09 16:31:19,960,397,173
2026-06-09 16:31:22,963,398,67.7
2026-06-09 16:31:24,965,399,107
2026-06-09 16:31:27,968,400,79.2
2026-06-09 16:31:30,971,401,69.7
2026-06-09 16:31:32,973,402,108
2026-06-09 16:31:35,976,403,144
2026-06-09 16:31:38,979,404,129
2026-06-09 16:31:40,981,405,281
2026-06-09 16:31:43,984,406,174
2026-06-09 16:31:46,987,407,31.9
2026-06-09 16:31:49,990,408,148
2026-06-09 16:31:51,992,409,60.6
2026-06-09 16:31:54,995,410,121
2026-06-09 16:31:57,998,411,207
2026-06-09 16:31:59,1000,412,150
2026-06-09 16:32:02,1003,413,119
2026-06-09 16:32:04,1005,414,54.7
2026-06-09 16:32:07,1008,415,28.5
2026-06-09 16:32:10,1011,416,119
2026-06-09 16:32:12,1013,417,49.5
2026-06-09 16:32:15,1016,418,68.5
2026-06-09 16:32:17,1019,419,47.1
2026-06-09 16:32:20,1021,420,44.8
2026-06-09 16:32:23,1024,421,80.7
2026-06-09 16:32:25,1026,422,181
2026-06-09 16:32:28,1029,423,265
2026-06-09 16:32:31,1032,424,46.8
2026-06-09 16:32:33,1034,425,198
2026-06-09 16:32:36,1037,426,60.2
2026-06-09 16:32:39,1040,427,35.5
2026-06-09 16:32:42,1043,428,88.2
2026-06-09 16:32:44,1045,429,100
2026-06-09 16:32:47,1048,430,226
2026-06-09 16:32:50,1051,431,255
2026-06-09 16:32:52,1053,432,68.8
2026-06-09 16:32:55,1056,433,97.7
2026-06-09 16:32:57,1058,434,81.5
2026-06-09 16:33:00,1061,435,233
2026-06-09 16:33:02,1063,436,110
2026-06-09 16:33:05,1066,437,94.9
2026-06-09 16:33:07,1068,438,280
2026-06-09 16:33:10,1071,439,22.1
2026-06-09 16:33:13,1074,440,89.6
2026-06-09 16:33:15,1076,441,199
2026-06-09 16:33:18,1079,442,192
2026-06-09 16:33:21,1082,443,248
2026-06-09 16:33:23,1084,444,202
2026-06-09 16:33:26,1087,445,110
2026-06-09 16:33:29,1090,446,245
2026-06-09 16:33:31,1092,447,26.9
2026-06-09 16:33:34,1095,448,117
2026-06-09 16:33:37,1098,449,156
2026-06-09 16:33:39,1100,450,50.5
2026-06-09 16:33:42,1103,451,220
2026-06-09 16:33:44,1105,452,138
2026-06-09 16:33:47,1108,453,297
2026-06-09 16:33:50,1111,454,72.2
2026-06-09 16:33:52,1113,455,74.4
2026-06-09 16:33:55,1116,456,84.1
2026-06-09 16:33:58,1119,457,129
2026-06-09 16:34:00,1121,458,221
2026-06-09 16:34:03,1124,459,157
2026-06-09 16:34:06,1127,460,23.3
2026-06-09 16:34:08,1129,461,45.4
2026-06-09 16:34:10,1131,462,43.6
2026-06-09 16:34:12,1133,463,38.8
2026-06-09 16:34:14,1135,464,368
2026-06-09 16:34:17,1138,465,64.3
2026-06-09 16:34:19,1140,466,223
2026-06-09 16:34:21,1142,467,50.5
2026-06-09 16:34:23,1144,468,152
2026-06-09 16:34:26,1147,469,154
2026-06-09 16:34:28,1149,470,103
2026-06-09 16:34:31,1152,471,217
2026-06-09 16:34:34,1155,472,277
2026-06-09 16:34:36,1157,473,139
2026-06-09 16:34:39,1160,474,175
2026-06-09 16:34:41,1162,475,47.9
2026-06-09 16:34:44,1165,476,346
2026-06-09 16:34:46,1167,477,166
2026-06-09 16:34:49,1170,478,221
2026-06-09 16:34:51,1172,479,287
2026-06-09 16:34:54,1175,480,62.1
2026-06-09 16:34:56,1177,481,71.9
2026-06-09 16:34:59,1180,482,155
2026-06-09 16:35:01,1182,483,231
2026-06-09 16:35:04,1185,484,72.8
2026-06-09 16:35:06,1187,485,217
2026-06-09 16:35:09,1190,486,159
2026-06-09 16:35:11,1192,487,94.9
2026-06-09 16:35:14,1195,488,35.9
2026-06-09 16:35:17,1198,489,38.6
2026-06-09 16:35:19,1200,490,88.7
2026-06-09 16:35:22,1203,491,176
2026-06-09 16:35:25,1206,492,45.2
2026-06-09 16:35:28,1209,493,141
2026-06-09 16:35:30,1211,494,105
2026-06-09 16:35:33,1214,495,241
2026-06-09 16:35:36,1217,496,138
2026-06-09 16:35:38,1219,497,307
2026-06-09 16:35:41,1222,498,162
2026-06-09 16:35:43,1224,499,71.1
2026-06-09 16:35:46,1227,500,107
2026-06-09 16:35:49,1230,501,217
2026-06-09 16:35:51,1232,502,93.4
2026-06-09 16:35:54,1235,503,57.4
2026-06-09 16:35:57,1238,504,372
2026-06-09 16:35:59,1240,505,155
2026-06-09 16:36:01,1242,506,92.8
2026-06-09 16:36:04,1245,507,257
2026-06-09 16:36:06,1247,508,76.1
2026-06-09 16:36:09,1250,509,167
2026-06-09 16:36:12,1253,510,72.4
2026-06-09 16:36:14,1255,511,86.5
2026-06-09 16:36:17,1258,512,165
2026-06-09 16:36:20,1261,513,99.3
2026-06-09 16:36:23,1264,514,162
2026-06-09 16:36:25,1266,515,279
2026-06-09 16:36:28,1269,516,134
2026-06-09 16:36:30,1271,517,159
2026-06-09 16:36:33,1274,518,181
2026-06-09 16:36:36,1277,519,221
2026-06-09 16:36:38,1279,520,313
2026-06-09 16:36:41,1282,521,114
2026-06-09 16:36:43,1284,522,164
2026-06-09 16:36:46,1287,523,159
2026-06-09 16:36:48,1289,524,54.7
2026-06-09 16:36:51,1292,525,106
2026-06-09 16:36:53,1294,526,79.4
2026-06-09 16:36:56,1297,527,36.6
2026-06-09 16:36:59,1300,528,76.9
2026-06-09 16:37:01,1302,529,158
2026-06-09 16:37:04,1305,530,34.1
2026-06-09 16:37:06,1307,531,113
2026-06-09 16:37:09,1310,532,111
2026-06-09 16:37:12,1313,533,175
2026-06-09 16:37:14,1315,534,109
2026-06-09 16:37:17,1318,535,183
2026-06-09 16:37:20,1321,536,148
2026-06-09 16:37:22,1323,537,86.7
2026-06-09 16:37:25,1326,538,97.8
2026-06-09 16:37:28,1329,539,157
2026-06-09 16:37:30,1331,540,80.8
2026-06-09 16:37:33,1334,541,149
2026-06-09 16:37:36,1337,542,105
2026-06-09 16:37:39,1340,543,251
2026-06-09 16:37:41,1342,544,16.9
2026-06-09 16:37:44,1345,545,129
2026-06-09 16:37:47,1348,546,90.3
2026-06-09 16:37:50,1351,547,205
2026-06-09 16:37:52,1353,548,133
2026-06-09 16:37:55,1356,549,19.7
2026-06-09 16:37:57,1358,550,17.2
2026-06-09 16:37:59,1360,551,34.3
2026-06-09 16:38:01,1362,552,678
2026-06-09 16:38:03,1364,553,152
2026-06-09 16:38:06,1367,554,22.9
2026-06-09 16:38:08,1369,555,117
2026-06-09 16:38:11,1372,556,55.1
2026-06-09 16:38:13,1374,557,29.5
2026-06-09 16:38:16,1377,558,125
2026-06-09 16:38:19,1380,559,137
2026-06-09 16:38:21,1382,560,120
2026-06-09 16:38:24,1385,561,200
2026-06-09 16:38:27,1388,562,184
2026-06-09 16:38:29,1390,563,153
2026-06-09 16:38:32,1393,564,69.0
2026-06-09 16:38:35,1396,565,56.0
2026-06-09 16:38:37,1398,566,60.3
2026-06-09 16:38:39,1400,567,125
2026-06-09 16:38:42,1403,568,191
2026-06-09 16:38:45,1406,569,177
2026-06-09 16:38:47,1408,570,125
2026-06-09 16:38:50,1411,571,31.0
2026-06-09 16:38:53,1414,572,104
2026-06-09 16:38:55,1416,573,131
2026-06-09 16:38:58,1419,574,255
2026-06-09 16:39:01,1422,575,130
2026-06-09 16:39:03,1424,576,134
2026-06-09 16:39:06,1427,577,306
2026-06-09 16:39:09,1430,578,138
2026-06-09 16:39:11,1432,579,145
2026-06-09 16:39:14,1435,580,212
2026-06-09 16:39:16,1437,581,67.2
2026-06-09 16:39:19,1440,582,120
2026-06-09 16:39:22,1443,583,163
2026-06-09 16:39:24,1445,584,209
2026-06-09 16:39:27,1448,585,103
2026-06-09 16:39:30,1451,586,74.4
2026-06-09 16:39:32,1453,587,116
2026-06-09 16:39:35,1456,588,232
2026-06-09 16:39:37,1458,589,65.7
2026-06-09 16:39:40,1461,590,122
2026-06-09 16:39:43,1464,591,35.2
2026-06-09 16:39:45,1466,592,119
2026-06-09 16:39:48,1469,593,68.8
2026-06-09 16:39:50,1471,594,78.0
2026-06-09 16:39:52,1473,595,176
2026-06-09 16:39:55,1476,596,35.5
2026-06-09 16:39:58,1479,597,113
2026-06-09 16:40:00,1481,598,78.4
2026-06-09 16:40:03,1484,599,127
2026-06-09 16:40:06,1487,600,164
2026-06-09 16:40:08,1489,601,93.8
2026-06-09 16:40:11,1492,602,288
2026-06-09 16:40:14,1495,603,192
2026-06-09 16:40:16,1497,604,90.0
2026-06-09 16:40:19,1500,605,163
2026-06-09 16:40:21,1502,606,73.3
2026-06-09 16:40:24,1505,607,99.0
2026-06-09 16:40:26,1507,608,32.7
2026-06-09 16:40:29,1510,609,68.2
2026-06-09 16:40:31,1512,610,137
2026-06-09 16:40:34,1515,611,89.6
2026-06-09 16:40:36,1517,612,91.5
2026-06-09 16:40:39,1520,613,76.7
2026-06-09 16:40:41,1522,614,198
2026-06-09 16:40:44,1525,615,108
2026-06-09 16:40:46,1527,616,27.4
2026-06-09 16:40:49,1530,617,147
2026-06-09 16:40:51,1532,618,182
2026-06-09 16:40:54,1535,619,110
2026-06-09 16:40:57,1538,620,177
2026-06-09 16:40:59,1540,621,100
2026-06-09 16:41:02,1543,622,92.9
2026-06-09 16:41:04,1545,623,131
2026-06-09 16:41:07,1548,624,145
2026-06-09 16:41:09,1550,625,95.9
2026-06-09 16:41:12,1553,626,103
2026-06-09 16:41:14,1555,627,85.3
2026-06-09 16:41:17,1558,628,85.1
2026-06-09 16:41:20,1561,629,40.3
2026-06-09 16:41:22,1563,630,37.5
2026-06-09 16:41:25,1566,631,80.1
2026-06-09 16:41:27,1568,632,32.8
2026-06-09 16:41:30,1571,633,156
2026-06-09 16:41:32,1573,634,86.0
2026-06-09 16:41:35,1576,635,29.4
2026-06-09 16:41:37,1578,636,86.7
2026-06-09 16:41:40,1581,637,40.1
2026-06-09 16:41:42,1583,638,27.7
2026-06-09 16:41:44,1585,639,23.0
2026-06-09 16:41:46,1587,640,188
2026-06-09 16:41:49,1590,641,78.8
2026-06-09 16:41:51,1592,642,87.2
2026-06-09 16:41:53,1594,643,26.5
2026-06-09 16:41:56,1597,644,124
2026-06-09 16:41:58,1599,645,111
2026-06-09 16:42:01,1602,646,159
2026-06-09 16:42:04,1605,647,26.5
2026-06-09 16:42:06,1607,648,248
2026-06-09 16:42:09,1610,649,65.4
2026-06-09 16:42:11,1612,650,142
2026-06-09 16:42:14,1615,651,66.5
2026-06-09 16:42:17,1618,652,126
2026-06-09 16:42:19,1620,653,249
2026-06-09 16:42:22,1623,654,78.3
2026-06-09 16:42:25,1626,655,76.2
2026-06-09 16:42:27,1628,656,27.4
2026-06-09 16:42:30,1631,657,36.9
2026-06-09 16:42:33,1634,658,37.0
2026-06-09 16:42:35,1636,659,65.1
2026-06-09 16:42:38,1639,660,176
2026-06-09 16:42:41,1642,661,116
2026-06-09 16:42:43,1644,662,116
2026-06-09 16:42:46,1647,663,278
2026-06-09 16:42:49,1650,664,73.1
2026-06-09 16:42:51,1652,665,290
2026-06-09 16:42:54,1655,666,213
2026-06-09 16:42:57,1658,667,113
2026-06-09 16:43:00,1661,668,120
2026-06-09 16:43:02,1663,669,46.3
2026-06-09 16:43:05,1666,670,33.3
2026-06-09 16:43:07,1668,671,52.1
2026-06-09 16:43:10,1671,672,51.8
2026-06-09 16:43:12,1673,673,110
2026-06-09 16:43:15,1676,674,259
2026-06-09 16:43:18,1679,675,178
2026-06-09 16:43:21,1682,676,118
2026-06-09 16:43:23,1684,677,72.9
2026-06-09 16:43:26,1687,678,163
2026-06-09 16:43:29,1690,679,83.0
2026-06-09 16:43:32,1693,680,156
2026-06-09 16:43:34,1695,681,295
2026-06-09 16:43:37,1698,682,219
2026-06-09 16:43:40,1701,683,138
2026-06-09 16:43:42,1703,684,246
2026-06-09 16:43:45,1706,685,65.6
2026-06-09 16:43:47,1708,686,129
2026-06-09 16:43:50,1711,687,157
2026-06-09 16:43:53,1714,688,48.4
2026-06-09 16:43:55,1716,689,98.4
2026-06-09 16:43:58,1719,690,285
2026-06-09 16:44:01,1722,691,75.9
2026-06-09 16:44:04,1725,692,141
2026-06-09 16:44:06,1727,693,55.2
2026-06-09 16:44:09,1730,694,75.7
2026-06-09 16:44:12,1733,695,200
2026-06-09 16:44:14,1735,696,96.0
2026-06-09 16:44:17,1738,697,131
2026-06-09 16:44:19,1740,698,95.5
2026-06-09 16:44:22,1743,699,34.8
2026-06-09 16:44:24,1745,700,67.9
2026-06-09 16:44:27,1748,701,80.5
2026-06-09 16:44:30,1751,702,108
2026-06-09 16:44:32,1753,703,119
2026-06-09 16:44:35,1756,704,115
2026-06-09 16:44:37,1758,705,62.2
2026-06-09 16:44:40,1761,706,72.3
2026-06-09 16:44:42,1763,707,114
2026-06-09 16:44:45,1766,708,84.5
2026-06-09 16:44:47,1768,709,110
2026-06-09 16:44:50,1771,710,51.6
2026-06-09 16:44:52,1773,711,185
2026-06-09 16:44:55,1776,712,135
2026-06-09 16:44:57,1778,713,44.0
2026-06-09 16:45:00,1781,714,34.7
2026-06-09 16:45:03,1784,715,104
2026-06-09 16:45:05,1786,716,109
2026-06-09 16:45:08,1789,717,251
2026-06-09 16:45:11,1792,718,126
2026-06-09 16:45:14,1795,719,72.5
2026-06-09 16:45:16,1797,720,228
2026-06-09 16:45:19,1800,721,51.8
2026-06-09 16:45:22,1803,722,36.8
2026-06-09 16:45:24,1805,723,44.1
2026-06-09 16:45:27,1808,724,127
2026-06-09 16:45:30,1810,725,41.4
2026-06-09 16:45:32,1813,726,37.4
2026-06-09 16:45:34,1814,727,42.5
2026-06-09 16:45:36,1817,728,129
2026-06-09 16:45:38,1819,729,39.3
2026-06-09 16:45:40,1821,730,31.5
2026-06-09 16:45:42,1823,731,181
2026-06-09 16:45:45,1826,732,119
2026-06-09 16:45:47,1828,733,23.0
2026-06-09 16:45:50,1831,734,168
2026-06-09 16:45:53,1834,735,43.4
2026-06-09 16:45:55,1836,736,137
2026-06-09 16:45:58,1839,737,88.9
2026-06-09 16:46:01,1842,738,61.5
2026-06-09 16:46:04,1845,739,167
2026-06-09 16:46:07,1848,740,106
2026-06-09 16:46:09,1850,741,62.1
2026-06-09 16:46:12,1853,742,106
2026-06-09 16:46:15,1856,743,144
2026-06-09 16:46:17,1858,744,143
2026-06-09 16:46:20,1861,745,98.5
2026-06-09 16:46:23,1864,746,69.7
2026-06-09 16:46:25,1866,747,214
2026-06-09 16:46:28,1869,748,71.6
2026-06-09 16:46:31,1872,749,213
2026-06-09 16:46:33,1874,750,275
2026-06-09 16:46:36,1877,751,128
2026-06-09 16:46:38,1879,752,174
2026-06-09 16:46:41,1882,753,65.2
2026-06-09 16:46:44,1885,754,114
2026-06-09 16:46:46,1887,755,173
2026-06-09 16:46:49,1890,756,121
2026-06-09 16:46:51,1892,757,46.1
2026-06-09 16:46:53,1894,758,86.2
2026-06-09 16:46:56,1897,759,163
2026-06-09 16:46:59,1900,760,175
2026-06-09 16:47:01,1902,761,94.3
2026-06-09 16:47:04,1905,762,140
2026-06-09 16:47:06,1907,763,76.1
2026-06-09 16:47:09,1910,764,55.6
2026-06-09 16:47:12,1913,765,151
2026-06-09 16:47:14,1915,766,291
2026-06-09 16:47:17,1918,767,122
2026-06-09 16:47:20,1921,768,165
2026-06-09 16:47:22,1923,769,68.6
2026-06-09 16:47:25,1926,770,128
2026-06-09 16:47:27,1928,771,112
2026-06-09 16:47:30,1931,772,51.3
2026-06-09 16:47:32,1933,773,167
2026-06-09 16:47:35,1936,774,120
2026-06-09 16:47:37,1938,775,186
2026-06-09 16:47:40,1941,776,213
2026-06-09 16:47:42,1943,777,92.7
2026-06-09 16:47:45,1946,778,346
2026-06-09 16:47:48,1949,779,246
2026-06-09 16:47:50,1951,780,109
2026-06-09 16:47:52,1953,781,117
2026-06-09 16:47:55,1956,782,65.0
2026-06-09 16:47:58,1959,783,194
2026-06-09 16:48:00,1961,784,220
2026-06-09 16:48:03,1964,785,45.5
2026-06-09 16:48:05,1966,786,35.1
2026-06-09 16:48:08,1969,787,123
2026-06-09 16:48:10,1971,788,134
2026-06-09 16:48:13,1974,789,81.4
2026-06-09 16:48:16,1977,790,129
2026-06-09 16:48:18,1979,791,91.7
2026-06-09 16:48:21,1982,792,87.7
2026-06-09 16:48:24,1985,793,166
2026-06-09 16:48:27,1988,794,322
2026-06-09 16:48:29,1990,795,104
2026-06-09 16:48:32,1993,796,25.7
2026-06-09 16:48:35,1996,797,79.5
2026-06-09 16:48:37,1998,798,69.2
2026-06-09 16:48:40,2001,799,328
2026-06-09 16:48:43,2004,800,123
2026-06-09 16:48:46,2007,801,218
2026-06-09 16:48:48,2009,802,186
2026-06-09 16:48:51,2012,803,172
2026-06-09 16:48:53,2014,804,78.8
2026-06-09 16:48:56,2017,805,110
2026-06-09 16:48:59,2020,806,286
2026-06-09 16:49:02,2023,807,158
2026-06-09 16:49:04,2025,808,105
2026-06-09 16:49:07,2028,809,93.6
2026-06-09 16:49:09,2030,810,148
2026-06-09 16:49:12,2033,811,27.4
2026-06-09 16:49:14,2035,812,26.8
2026-06-09 16:49:16,2037,813,34.4
2026-06-09 16:49:18,2039,814,103
2026-06-09 16:49:20,2041,815,353
2026-06-09 16:49:23,2044,816,163
2026-06-09 16:49:25,2046,817,31.8
2026-06-09 16:49:27,2048,818,74.7
2026-06-09 16:49:30,2051,819,250
2026-06-09 16:49:33,2054,820,133
2026-06-09 16:49:35,2056,821,122
2026-06-09 16:49:38,2059,822,66.6
2026-06-09 16:49:41,2062,823,44.4
2026-06-09 16:49:44,2065,824,327
2026-06-09 16:49:46,2067,825,151
2026-06-09 16:49:49,2070,826,140
2026-06-09 16:49:52,2073,827,57.1
2026-06-09 16:49:54,2075,828,166
2026-06-09 16:49:57,2078,829,112
2026-06-09 16:50:00,2081,830,171
2026-06-09 16:50:02,2083,831,283
2026-06-09 16:50:05,2086,832,53.3
2026-06-09 16:50:07,2088,833,218
2026-06-09 16:50:10,2091,834,60.2
2026-06-09 16:50:13,2094,835,92.6
2026-06-09 16:50:15,2096,836,50.5
2026-06-09 16:50:18,2099,837,81.8
2026-06-09 16:50:21,2102,838,110
2026-06-09 16:50:23,2104,839,257
2026-06-09 16:50:26,2107,840,231
2026-06-09 16:50:29,2110,841,158
2026-06-09 16:50:31,2112,842,156
2026-06-09 16:50:34,2115,843,80.0
2026-06-09 16:50:36,2117,844,194
2026-06-09 16:50:39,2120,845,32.8
2026-06-09 16:50:41,2122,846,205
2026-06-09 16:50:44,2125,847,50.5
2026-06-09 16:50:47,2128,848,73.6
2026-06-09 16:50:49,2130,849,230
2026-06-09 16:50:52,2133,850,47.2
2026-06-09 16:50:54,2135,851,135
2026-06-09 16:50:57,2138,852,66.9
2026-06-09 16:51:00,2141,853,91.3
2026-06-09 16:51:02,2143,854,56.5
2026-06-09 16:51:05,2146,855,99.1
2026-06-09 16:51:08,2149,856,104
2026-06-09 16:51:11,2152,857,236
2026-06-09 16:51:13,2154,858,109
2026-06-09 16:51:16,2157,859,79.8
2026-06-09 16:51:18,2159,860,146
2026-06-09 16:51:21,2162,861,376
2026-06-09 16:51:23,2164,862,328
2026-06-09 16:51:26,2167,863,56.6
2026-06-09 16:51:29,2170,864,217
2026-06-09 16:51:31,2172,865,180
2026-06-09 16:51:34,2175,866,253
2026-06-09 16:51:37,2178,867,77.4
2026-06-09 16:51:39,2180,868,86.1
2026-06-09 16:51:42,2183,869,54.0
2026-06-09 16:51:45,2186,870,178
2026-06-09 16:51:47,2188,871,74.5
2026-06-09 16:51:50,2191,872,35.7
2026-06-09 16:51:52,2193,873,187
2026-06-09 16:51:55,2196,874,31.0
2026-06-09 16:51:57,2198,875,14.6
2026-06-09 16:52:00,2201,876,61.9
2026-06-09 16:52:02,2203,877,89.4
2026-06-09 16:52:05,2206,878,90.1
2026-06-09 16:52:08,2209,879,63.9
2026-06-09 16:52:10,2211,880,102
2026-06-09 16:52:13,2214,881,208
2026-06-09 16:52:16,2217,882,188
2026-06-09 16:52:18,2219,883,153
2026-06-09 16:52:21,2222,884,128
2026-06-09 16:52:23,2224,885,82.8
2026-06-09 16:52:26,2227,886,67.0
2026-06-09 16:52:29,2230,887,111
2026-06-09 16:52:31,2232,888,64.4
2026-06-09 16:52:34,2235,889,68.9
2026-06-09 16:52:36,2237,890,94.2
2026-06-09 16:52:39,2240,891,156
2026-06-09 16:52:42,2243,892,200
2026-06-09 16:52:44,2245,893,167
2026-06-09 16:52:47,2248,894,298
2026-06-09 16:52:49,2250,895,134
2026-06-09 16:52:52,2253,896,79.5
2026-06-09 16:52:54,2255,897,96.9
2026-06-09 16:52:57,2258,898,101
2026-06-09 16:53:00,2261,899,97.8
2026-06-09 16:53:02,2263,900,25.5
2026-06-09 16:53:05,2266,901,18.7
2026-06-09 16:53:07,2268,902,16.6
2026-06-09 16:53:09,2270,903,259
2026-06-09 16:53:11,2272,904,131
2026-06-09 16:53:13,2274,905,42.2
2026-06-09 16:53:15,2276,906,30.0
2026-06-09 16:53:17,2278,907,25.0
2026-06-09 16:53:19,2280,908,40.5
2026-06-09 16:53:21,2282,909,187
2026-06-09 16:53:23,2284,910,38.6
2026-06-09 16:53:25,2286,911,31.1
2026-06-09 16:53:27,2288,912,33.8
2026-06-09 16:53:30,2291,913,33.9
2026-06-09 16:53:32,2293,914,137
2026-06-09 16:53:34,2295,915,14.6
2026-06-09 16:53:36,2297,916,19.2
2026-06-09 16:53:38,2299,917,25.5
2026-06-09 16:53:40,2301,918,37.0
2026-06-09 16:53:42,2303,919,126
2026-06-09 16:53:44,2305,920,37.2
2026-06-09 16:53:46,2307,921,25.4
2026-06-09 16:53:48,2309,922,27.2
2026-06-09 16:53:51,2312,923,90.5
2026-06-09 16:53:53,2314,924,155
2026-06-09 16:53:55,2316,925,33.3
2026-06-09 16:53:57,2318,926,27.8
2026-06-09 16:53:59,2320,927,28.9
2026-06-09 16:54:01,2322,928,118
2026-06-09 16:54:03,2324,929,37.5
2026-06-09 16:54:05,2326,930,25.3
2026-06-09 16:54:07,2328,931,41.5
2026-06-09 16:54:09,2330,932,101
2026-06-09 16:54:11,2332,933,87.6
2026-06-09 16:54:14,2335,934,98.5
2026-06-09 16:54:16,2337,935,31.6
2026-06-09 16:54:18,2339,936,18.9
2026-06-09 16:54:20,2341,937,32.3
2026-06-09 16:54:22,2343,938,14.9
2026-06-09 16:54:24,2345,939,43.2
2026-06-09 16:54:26,2347,940,116
2026-06-09 16:54:28,2349,941,54.5
2026-06-09 16:54:30,2351,942,74.4
2026-06-09 16:54:32,2353,943,216
2026-06-09 16:54:34,2355,944,27.9
2026-06-09 16:54:36,2357,945,23.5
2026-06-09 16:54:39,2360,946,292
2026-06-09 16:54:41,2362,947,206
2026-06-09 16:54:43,2364,948,145
2026-06-09 16:54:46,2367,949,98.0
2026-06-09 16:54:48,2369,950,140
2026-06-09 16:54:51,2372,951,164
2026-06-09 16:54:53,2374,952,52.1
2026-06-09 16:54:55,2376,953,128
2026-06-09 16:54:58,2379,954,250
2026-06-09 16:55:00,2381,955,159
2026-06-09 16:55:03,2384,956,51.7
2026-06-09 16:55:05,2386,957,179
2026-06-09 16:55:07,2388,958,191
2026-06-09 16:55:10,2391,959,155
2026-06-09 16:55:12,2393,960,204
2026-06-09 16:55:14,2395,961,211
2026-06-09 16:55:17,2398,962,175
2026-06-09 16:55:19,2400,963,139
2026-06-09 16:55:21,2402,964,119
2026-06-09 16:55:24,2405,965,192
2026-06-09 16:55:26,2407,966,245
2026-06-09 16:55:29,2410,967,198
2026-06-09 16:55:31,2412,968,218
2026-06-09 16:55:34,2415,969,136
2026-06-09 16:55:36,2417,970,190
2026-06-09 16:55:38,2419,971,144
2026-06-09 16:55:41,2422,972,195
2026-06-09 16:55:43,2424,973,153
2026-06-09 16:55:46,2427,974,201
2026-06-09 16:55:48,2429,975,164
2026-06-09 16:55:51,2432,976,105
2026-06-09 16:55:53,2434,977,316
2026-06-09 16:55:55,2436,978,272
2026-06-09 16:55:58,2439,979,145
2026-06-09 16:56:00,2441,980,148
2026-06-09 16:56:03,2444,981,201
2026-06-09 16:56:05,2446,982,199
2026-06-09 16:56:08,2449,983,45.3
2026-06-09 16:56:10,2451,984,32.5
2026-06-09 16:56:12,2453,985,153
2026-06-09 16:56:14,2455,986,32.6
2026-06-09 16:56:16,2457,987,50.7
2026-06-09 16:56:18,2459,988,95.9
2026-06-09 16:56:20,2461,989,51.2
2026-06-09 16:56:22,2463,990,35.7
2026-06-09 16:56:24,2465,991,49.0
2026-06-09 16:56:26,2467,992,145
2026-06-09 16:56:29,2470,993,192
2026-06-09 16:56:31,2472,994,221
2026-06-09 16:56:34,2475,995,43.2
2026-06-09 16:56:36,2477,996,20.7
2026-06-09 16:56:38,2479,997,66.3
2026-06-09 16:56:40,2481,998,46.9
2026-06-09 16:56:42,2483,999,33.9
2026-06-09 16:56:44,2485,1000,239
2026-06-09 16:56:46,2487,1001,32.0
2026-06-09 16:56:48,2489,1002,43.7
2026-06-09 16:56:50,2491,1003,216
2026-06-09 16:56:53,2494,1004,26.7
2026-06-09 16:56:55,2496,1005,42.6
2026-06-09 16:56:57,2498,1006,38.5
2026-06-09 16:56:59,2500,1007,32.5
2026-06-09 16:57:01,2502,1008,33.6
2026-06-09 16:57:03,2504,1009,31.5
2026-06-09 16:57:05,2506,1010,25.3
2026-06-09 16:57:07,2508,1011,28.2
2026-06-09 16:57:09,2510,1012,31.6
2026-06-09 16:57:12,2513,1013,33.8
2026-06-09 16:57:14,2515,1014,203
2026-06-09 16:57:16,2517,1015,281
2026-06-09 16:57:18,2519,1016,58.0
2026-06-09 16:57:20,2521,1017,35.1
2026-06-09 16:57:22,2523,1018,44.0
2026-06-09 16:57:24,2525,1019,35.1
2026-06-09 16:57:26,2527,1020,64.9
2026-06-09 16:57:29,2530,1021,219
2026-06-09 16:57:31,2532,1022,190
2026-06-09 16:57:33,2534,1023,228
2026-06-09 16:57:35,2536,1024,47.9
2026-06-09 16:57:37,2538,1025,32.9
2026-06-09 16:57:39,2540,1026,60.8
2026-06-09 16:57:41,2542,1027,25.8
2026-06-09 16:57:43,2544,1028,191
2026-06-09 16:57:45,2546,1029,33.1
2026-06-09 16:57:47,2548,1030,23.0
2026-06-09 16:57:49,2550,1031,37.5
2026-06-09 16:57:51,2552,1032,27.4
2026-06-09 16:57:54,2555,1033,15.3
2026-06-09 16:57:56,2557,1034,39.6
2026-06-09 16:57:58,2559,1035,35.7
2026-06-09 16:58:00,2561,1036,42.4
2026-06-09 16:58:02,2563,1037,57.5
2026-06-09 16:58:04,2565,1038,336
2026-06-09 16:58:06,2567,1039,118
2026-06-09 16:58:09,2570,1040,261
2026-06-09 16:58:11,2572,1041,40.8
2026-06-09 16:58:13,2574,1042,191
2026-06-09 16:58:15,2576,1043,53.0
2026-06-09 16:58:18,2579,1044,37.5
2026-06-09 16:58:20,2581,1045,27.1
2026-06-09 16:58:22,2583,1046,41.1
2026-06-09 16:58:24,2585,1047,45.6
2026-06-09 16:58:26,2587,1048,41.9
2026-06-09 16:58:28,2589,1049,138
2026-06-09 16:58:30,2591,1050,210
2026-06-09 16:58:32,2593,1051,177
2026-06-09 16:58:34,2595,1052,162
2026-06-09 16:58:36,2597,1053,28.5
2026-06-09 16:58:38,2599,1054,79.0
2026-06-09 16:58:41,2602,1055,32.8
2026-06-09 16:58:42,2603,1056,47.4
2026-06-09 16:58:44,2605,1057,23.6
2026-06-09 16:58:46,2607,1058,24.0
2026-06-09 16:58:49,2610,1059,28.7
2026-06-09 16:58:51,2612,1060,29.5
2026-06-09 16:58:53,2614,1061,28.1
2026-06-09 16:58:55,2616,1062,33.9
2026-06-09 16:58:57,2618,1063,24.7
2026-06-09 16:58:59,2620,1064,30.0
2026-06-09 16:59:01,2622,1065,28.5
2026-06-09 16:59:02,2623,1066,19.2
2026-06-09 16:59:05,2626,1067,29.0
2026-06-09 16:59:07,2628,1068,21.7
2026-06-09 16:59:09,2630,1069,26.3
2026-06-09 16:59:11,2632,1070,27.7
2026-06-09 16:59:13,2634,1071,30.8
2026-06-09 16:59:15,2636,1072,23.1
2026-06-09 16:59:17,2638,1073,27.3
2026-06-09 16:59:19,2640,1074,27.1
2026-06-09 16:59:21,2642,1075,42.1
2026-06-09 16:59:23,2644,1076,42.3
2026-06-09 16:59:25,2646,1077,37.3
2026-06-09 16:59:27,2648,1078,34.3
2026-06-09 16:59:29,2650,1079,31.7
2026-06-09 16:59:31,2652,1080,20.6
2026-06-09 16:59:33,2654,1081,26.3
2026-06-09 16:59:35,2656,1082,37.8
2026-06-09 16:59:37,2658,1083,30.8
2026-06-09 16:59:39,2660,1084,13.3
2026-06-09 16:59:41,2662,1085,27.3
2026-06-09 16:59:43,2664,1086,27.5
2026-06-09 16:59:45,2666,1087,24.9
2026-06-09 16:59:47,2668,1088,43.4
2026-06-09 16:59:49,2670,1089,40.5
2026-06-09 16:59:51,2672,1090,33.3
2026-06-09 16:59:53,2674,1091,35.0
2026-06-09 16:59:55,2676,1092,39.3
2026-06-09 16:59:57,2678,1093,34.5
2026-06-09 16:59:59,2680,1094,13.3
2026-06-09 17:00:01,2682,1095,29.0
2026-06-09 17:00:03,2684,1096,37.0
2026-06-09 17:00:05,2686,1097,30.2
2026-06-09 17:00:07,2688,1098,29.0
2026-06-09 17:00:09,2690,1099,28.5
2026-06-09 17:00:11,2692,1100,43.1
2026-06-09 17:00:13,2694,1101,29.7
2026-06-09 17:00:15,2696,1102,39.8
2026-06-09 17:00:17,2698,1103,24.3
2026-06-09 17:00:19,2700,1104,30.6
2026-06-09 17:00:21,2702,1105,28.2
2026-06-09 17:00:23,2704,1106,51.5
2026-06-09 17:00:25,2706,1107,29.8
2026-06-09 17:00:27,2708,1108,36.9
2026-06-09 17:00:29,2710,1109,33.8
2026-06-09 17:00:31,2712,1110,35.5
2026-06-09 17:00:33,2714,1111,25.0
2026-06-09 17:00:35,2716,1112,33.9
2026-06-09 17:00:37,2718,1113,44.9
2026-06-09 17:00:39,2720,1114,28.0
2026-06-09 17:00:41,2722,1115,23.6
2026-06-09 17:00:43,2724,1116,46.9
2026-06-09 17:00:45,2726,1117,41.3
2026-06-09 17:00:46,2727,1118,52.6
2026-06-09 17:00:48,2729,1119,21.1
2026-06-09 17:00:50,2731,1120,22.9
2026-06-09 17:00:52,2733,1121,38.2
2026-06-09 17:00:54,2735,1122,52.8
2026-06-09 17:00:56,2737,1123,24.3
2026-06-09 17:00:58,2739,1124,43.5
2026-06-09 17:01:00,2741,1125,26.2
2026-06-09 17:01:02,2743,1126,32.8
2026-06-09 17:01:04,2745,1127,42.1
2026-06-09 17:01:06,2747,1128,45.9
2026-06-09 17:01:08,2749,1129,30.0
2026-06-09 17:01:10,2751,1130,25.4
2026-06-09 17:01:12,2753,1131,34.7
2026-06-09 17:01:14,2755,1132,40.9
2026-06-09 17:01:16,2757,1133,37.8
2026-06-09 17:01:18,2759,1134,36.4
2026-06-09 17:01:20,2761,1135,25.2
2026-06-09 17:01:22,2763,1136,31.7
2026-06-09 17:01:24,2765,1137,40.3
2026-06-09 17:01:26,2767,1138,47.3
2026-06-09 17:01:28,2769,1139,33.3
2026-06-09 17:01:30,2771,1140,38.1
2026-06-09 17:01:32,2773,1141,30.3
2026-06-09 17:01:34,2775,1142,24.6
2026-06-09 17:01:36,2777,1143,21.4
2026-06-09 17:01:38,2779,1144,24.2
2026-06-09 17:01:40,2781,1145,42.0
2026-06-09 17:01:42,2783,1146,32.0
2026-06-09 17:01:44,2785,1147,49.3
2026-06-09 17:01:46,2787,1148,46.0
2026-06-09 17:01:48,2789,1149,17.5
2026-06-09 17:01:51,2792,1150,24.6
2026-06-09 17:01:53,2794,1151,43.1
2026-06-09 17:01:55,2796,1152,36.1
2026-06-09 17:01:57,2798,1153,84.0
2026-06-09 17:01:59,2800,1154,36.2
2026-06-09 17:02:01,2802,1155,30.2
2026-06-09 17:02:03,2804,1156,43.9
2026-06-09 17:02:04,2805,1157,40.0
2026-06-09 17:02:06,2807,1158,29.2
2026-06-09 17:02:08,2809,1159,37.0
2026-06-09 17:02:10,2811,1160,43.7
2026-06-09 17:02:12,2813,1161,38.4
2026-06-09 17:02:14,2815,1162,34.9
2026-06-09 17:02:16,2817,1163,33.3
2026-06-09 17:02:18,2819,1164,48.7
2026-06-09 17:02:20,2821,1165,24.5
2026-06-09 17:02:22,2823,1166,34.9
2026-06-09 17:02:24,2825,1167,36.5
2026-06-09 17:02:26,2827,1168,31.0
2026-06-09 17:02:28,2829,1169,51.7
2026-06-09 17:02:30,2831,1170,61.4
2026-06-09 17:02:32,2833,1171,38.7
2026-06-09 17:02:34,2835,1172,33.4
2026-06-09 17:02:36,2837,1173,34.2
2026-06-09 17:02:38,2839,1174,29.6
2026-06-09 17:02:40,2841,1175,36.9
2026-06-09 17:02:42,2843,1176,32.1
2026-06-09 17:02:44,2845,1177,40.1
2026-06-09 17:02:45,2846,1178,26.6
2026-06-09 17:02:47,2848,1179,28.4
2026-06-09 17:02:49,2850,1180,24.6
2026-06-09 17:02:51,2852,1181,35.3
2026-06-09 17:02:53,2854,1182,32.7
2026-06-09 17:02:55,2856,1183,41.0
2026-06-09 17:02:57,2858,1184,45.0
2026-06-09 17:02:59,2860,1185,56.5
2026-06-09 17:03:01,2862,1186,44.2
2026-06-09 17:03:03,2864,1187,32.4
2026-06-09 17:03:05,2866,1188,17.7
2026-06-09 17:03:07,2868,1189,169
2026-06-09 17:03:09,2870,1190,217
2026-06-09 17:03:11,2872,1191,44.9
2026-06-09 17:03:13,2874,1192,30.0
2026-06-09 17:03:15,2876,1193,32.2
2026-06-09 17:03:17,2878,1194,32.2
2026-06-09 17:03:19,2880,1195,34.7
2026-06-09 17:03:21,2882,1196,35.3
2026-06-09 17:03:23,2884,1197,48.0
2026-06-09 17:03:25,2886,1198,48.7
2026-06-09 17:03:27,2888,1199,37.9
2026-06-09 17:03:29,2890,1200,39.0
2026-06-09 17:03:31,2892,1201,47.8
2026-06-09 17:03:33,2894,1202,53.6
2026-06-09 17:03:35,2896,1203,32.2
2026-06-09 17:03:37,2898,1204,34.0
2026-06-09 17:03:39,2900,1205,31.8
2026-06-09 17:03:41,2902,1206,36.5
2026-06-09 17:03:42,2903,1207,39.1
2026-06-09 17:03:44,2905,1208,36.2
2026-06-09 17:03:46,2907,1209,31.6
2026-06-09 17:03:48,2909,1210,34.2
2026-06-09 17:03:50,2911,1211,28.6
2026-06-09 17:03:52,2913,1212,42.6
2026-06-09 17:03:54,2915,1213,39.8
2026-06-09 17:03:56,2917,1214,46.8
2026-06-09 17:03:58,2919,1215,43.4
2026-06-09 17:04:00,2921,1216,31.3
2026-06-09 17:04:02,2923,1217,39.9
2026-06-09 17:04:04,2925,1218,120
2026-06-09 17:04:06,2927,1219,36.5
2026-06-09 17:04:08,2929,1220,53.7
2026-06-09 17:04:10,2931,1221,28.6
2026-06-09 17:04:12,2933,1222,45.0
2026-06-09 17:04:14,2935,1223,33.3
2026-06-09 17:04:16,2937,1224,52.6
2026-06-09 17:04:17,2938,1225,29.4
2026-06-09 17:04:19,2940,1226,44.8
2026-06-09 17:04:21,2942,1227,35.8
2026-06-09 17:04:23,2944,1228,57.2
2026-06-09 17:04:25,2946,1229,27.6
2026-06-09 17:04:27,2948,1230,41.2
2026-06-09 17:04:29,2950,1231,110
2026-06-09 17:04:31,2952,1232,28.9
2026-06-09 17:04:33,2954,1233,30.6
2026-06-09 17:04:35,2956,1234,27.1
2026-06-09 17:04:37,2958,1235,154
2026-06-09 17:04:39,2960,1236,32.4
2026-06-09 17:04:41,2962,1237,41.8
2026-06-09 17:04:43,2964,1238,30.0
2026-06-09 17:04:45,2966,1239,44.3
2026-06-09 17:04:47,2968,1240,48.5
2026-06-09 17:04:49,2970,1241,44.2
2026-06-09 17:04:51,2972,1242,34.8
2026-06-09 17:04:53,2974,1243,41.4
2026-06-09 17:04:55,2976,1244,37.2
2026-06-09 17:04:57,2978,1245,46.5
2026-06-09 17:04:59,2980,1246,44.9
2026-06-09 17:05:01,2982,1247,29.9
2026-06-09 17:05:03,2984,1248,37.1
2026-06-09 17:05:05,2986,1249,26.9
2026-06-09 17:05:07,2988,1250,56.8
2026-06-09 17:05:09,2990,1251,42.2
2026-06-09 17:05:10,2991,1252,24.2
2026-06-09 17:05:12,2993,1253,35.3
2026-06-09 17:05:14,2995,1254,33.0
2026-06-09 17:05:16,2997,1255,35.4
2026-06-09 17:05:18,2999,1256,37.7
2026-06-09 17:05:20,3001,1257,27.8
2026-06-09 17:05:22,3003,1258,27.1
2026-06-09 17:05:24,3005,1259,30.7
2026-06-09 17:05:26,3007,1260,42.6
2026-06-09 17:05:28,3009,1261,33.3
2026-06-09 17:05:30,3011,1262,47.4
2026-06-09 17:05:32,3013,1263,51.7
2026-06-09 17:05:34,3015,1264,29.8
2026-06-09 17:05:36,3017,1265,31.6
2026-06-09 17:05:38,3019,1266,37.9
2026-06-09 17:05:40,3021,1267,28.5
2026-06-09 17:05:42,3023,1268,51.4
2026-06-09 17:05:44,3025,1269,39.2
2026-06-09 17:05:46,3027,1270,33.5
2026-06-09 17:05:47,3028,1271,27.9
2026-06-09 17:05:49,3030,1272,54.3
2026-06-09 17:05:51,3032,1273,37.8
2026-06-09 17:05:53,3034,1274,25.3
2026-06-09 17:05:55,3036,1275,35.2
2026-06-09 17:05:57,3038,1276,42.6
2026-06-09 17:05:59,3040,1277,36.6
2026-06-09 17:06:01,3042,1278,50.8
2026-06-09 17:06:03,3044,1279,41.2
2026-06-09 17:06:05,3046,1280,34.1
2026-06-09 17:06:07,3048,1281,28.4
2026-06-09 17:06:09,3050,1282,38.7
2026-06-09 17:06:11,3052,1283,29.5
2026-06-09 17:06:13,3054,1284,34.0
2026-06-09 17:06:15,3056,1285,40.4
2026-06-09 17:06:17,3058,1286,38.4
2026-06-09 17:06:19,3060,1287,38.5
2026-06-09 17:06:21,3062,1288,50.2
2026-06-09 17:06:23,3064,1289,65.2
2026-06-09 17:06:25,3066,1290,31.1
2026-06-09 17:06:27,3068,1291,194
2026-06-09 17:06:29,3070,1292,41.7
2026-06-09 17:06:31,3072,1293,35.0
2026-06-09 17:06:32,3073,1294,29.0
2026-06-09 17:06:34,3075,1295,36.2
2026-06-09 17:06:36,3077,1296,25.6
2026-06-09 17:06:38,3079,1297,43.0
2026-06-09 17:06:40,3081,1298,31.7
2026-06-09 17:06:42,3083,1299,35.9
2026-06-09 17:06:44,3085,1300,42.3
2026-06-09 17:06:46,3087,1301,37.9
2026-06-09 17:06:48,3089,1302,40.4
2026-06-09 17:06:50,3091,1303,30.1
2026-06-09 17:06:52,3093,1304,39.0
2026-06-09 17:06:54,3095,1305,27.7
2026-06-09 17:06:56,3097,1306,34.7
2026-06-09 17:06:58,3099,1307,37.1
2026-06-09 17:07:00,3101,1308,31.0
2026-06-09 17:07:01,3102,1309,30.6
2026-06-09 17:07:03,3104,1310,36.5
2026-06-09 17:07:05,3106,1311,37.9
2026-06-09 17:07:07,3108,1312,52.1
2026-06-09 17:07:09,3110,1313,32.3
2026-06-09 17:07:11,3112,1314,30.8
2026-06-09 17:07:13,3114,1315,42.9
2026-06-09 17:07:15,3116,1316,56.2
2026-06-09 17:07:17,3118,1317,31.9
2026-06-09 17:07:19,3120,1318,30.3
2026-06-09 17:07:21,3122,1319,22.6
2026-06-09 17:07:23,3124,1320,33.5
2026-06-09 17:07:25,3126,1321,50.3
2026-06-09 17:07:27,3128,1322,45.2
2026-06-09 17:07:29,3130,1323,49.8
2026-06-09 17:07:31,3132,1324,32.2
2026-06-09 17:07:33,3134,1325,40.9
2026-06-09 17:07:35,3136,1326,54.0
2026-06-09 17:07:37,3138,1327,38.5
2026-06-09 17:07:39,3140,1328,35.9
2026-06-09 17:07:41,3142,1329,33.2
2026-06-09 17:07:43,3144,1330,41.3
2026-06-09 17:07:45,3146,1331,139
2026-06-09 17:07:47,3148,1332,37.1
2026-06-09 17:07:49,3150,1333,33.0
2026-06-09 17:07:51,3152,1334,47.8
2026-06-09 17:07:53,3154,1335,30.2
2026-06-09 17:07:54,3155,1336,34.1
2026-06-09 17:07:56,3157,1337,30.5
2026-06-09 17:07:58,3159,1338,41.3
2026-06-09 17:08:00,3161,1339,29.7
2026-06-09 17:08:02,3163,1340,19.1
2026-06-09 17:08:04,3165,1341,49.5
2026-06-09 17:08:06,3167,1342,33.0
2026-06-09 17:08:08,3169,1343,41.6
2026-06-09 17:08:10,3171,1344,44.1
2026-06-09 17:08:12,3173,1345,46.7
2026-06-09 17:08:14,3175,1346,39.6
2026-06-09 17:08:16,3177,1347,36.2
2026-06-09 17:08:18,3179,1348,37.4
2026-06-09 17:08:20,3181,1349,37.4
2026-06-09 17:08:22,3183,1350,41.4
2026-06-09 17:08:24,3185,1351,42.9
2026-06-09 17:08:26,3187,1352,38.5
2026-06-09 17:08:27,3188,1353,39.2
2026-06-09 17:08:29,3190,1354,63.7
2026-06-09 17:08:31,3192,1355,50.1
2026-06-09 17:08:33,3194,1356,39.1
2026-06-09 17:08:35,3196,1357,42.3
2026-06-09 17:08:37,3198,1358,132
2026-06-09 17:08:39,3200,1359,37.1
2026-06-09 17:08:41,3202,1360,23.6
2026-06-09 17:08:43,3204,1361,37.7
2026-06-09 17:08:45,3206,1362,26.4
2026-06-09 17:08:47,3208,1363,53.1
2026-06-09 17:08:49,3210,1364,38.4
2026-06-09 17:08:51,3212,1365,44.6
2026-06-09 17:08:53,3214,1366,34.7
2026-06-09 17:08:55,3216,1367,37.0
2026-06-09 17:08:57,3218,1368,23.3
2026-06-09 17:08:59,3220,1369,411
2026-06-09 17:09:01,3222,1370,235
2026-06-09 17:09:03,3224,1371,19.3
2026-06-09 17:09:05,3226,1372,35.2
2026-06-09 17:09:07,3228,1373,32.9
2026-06-09 17:09:09,3230,1374,28.5
2026-06-09 17:09:11,3232,1375,46.0
2026-06-09 17:09:13,3234,1376,37.9
2026-06-09 17:09:15,3236,1377,40.3
2026-06-09 17:09:17,3238,1378,31.2
2026-06-09 17:09:19,3240,1379,30.9
2026-06-09 17:09:21,3242,1380,44.4
2026-06-09 17:09:23,3244,1381,43.7
2026-06-09 17:09:25,3246,1382,41.0
2026-06-09 17:09:27,3248,1383,26.8
2026-06-09 17:09:29,3250,1384,41.1
2026-06-09 17:09:31,3252,1385,38.5
2026-06-09 17:09:33,3254,1386,52.9
2026-06-09 17:09:35,3256,1387,50.8
2026-06-09 17:09:37,3258,1388,15.9
2026-06-09 17:09:39,3260,1389,46.2
2026-06-09 17:09:41,3262,1390,36.6
2026-06-09 17:09:43,3264,1391,22.4
2026-06-09 17:09:45,3266,1392,32.2
2026-06-09 17:09:47,3268,1393,44.7
2026-06-09 17:09:49,3270,1394,30.7
2026-06-09 17:09:51,3272,1395,35.8
2026-06-09 17:09:52,3273,1396,31.8
2026-06-09 17:09:54,3275,1397,32.7
2026-06-09 17:09:56,3277,1398,48.9
2026-06-09 17:09:58,3279,1399,25.5
2026-06-09 17:10:00,3281,1400,35.9
2026-06-09 17:10:02,3283,1401,32.1
2026-06-09 17:10:04,3285,1402,33.8
2026-06-09 17:10:06,3287,1403,31.3
2026-06-09 17:10:08,3289,1404,48.5
2026-06-09 17:10:10,3291,1405,44.8
2026-06-09 17:10:12,3293,1406,32.8
2026-06-09 17:10:14,3295,1407,35.6
2026-06-09 17:10:16,3297,1408,31.9
2026-06-09 17:10:18,3299,1409,26.4
2026-06-09 17:10:20,3301,1410,22.1
2026-06-09 17:10:22,3303,1411,44.3
2026-06-09 17:10:24,3305,1412,30.2
2026-06-09 17:10:26,3307,1413,27.4
2026-06-09 17:10:28,3309,1414,35.2
2026-06-09 17:10:30,3311,1415,105
2026-06-09 17:10:32,3313,1416,36.9
2026-06-09 17:10:34,3315,1417,131
2026-06-09 17:10:36,3317,1418,43.3
2026-06-09 17:10:38,3319,1419,59.9
2026-06-09 17:10:40,3321,1420,35.7
2026-06-09 17:10:42,3323,1421,336
2026-06-09 17:10:44,3325,1422,53.5
2026-06-09 17:10:46,3327,1423,35.2
2026-06-09 17:10:48,3329,1424,30.4
2026-06-09 17:10:50,3331,1425,37.4
2026-06-09 17:10:51,3332,1426,38.2
2026-06-09 17:10:53,3334,1427,36.5
2026-06-09 17:10:55,3336,1428,43.4
2026-06-09 17:10:57,3338,1429,48.0
2026-06-09 17:10:59,3340,1430,50.2
2026-06-09 17:11:01,3342,1431,55.7
2026-06-09 17:11:03,3344,1432,62.8
2026-06-09 17:11:05,3346,1433,29.1
2026-06-09 17:11:07,3348,1434,51.0
2026-06-09 17:11:09,3350,1435,38.1
2026-06-09 17:11:11,3352,1436,23.3
2026-06-09 17:11:13,3354,1437,41.1
2026-06-09 17:11:15,3356,1438,27.8
2026-06-09 17:11:17,3358,1439,30.3
2026-06-09 17:11:19,3360,1440,28.4
2026-06-09 17:11:21,3362,1441,51.9
2026-06-09 17:11:22,3363,1442,34.5
2026-06-09 17:11:24,3365,1443,40.9
2026-06-09 17:11:26,3367,1444,58.9
2026-06-09 17:11:28,3369,1445,36.8
2026-06-09 17:11:30,3371,1446,37.9
2026-06-09 17:11:32,3373,1447,36.9
2026-06-09 17:11:34,3375,1448,45.7
2026-06-09 17:11:36,3377,1449,39.6
2026-06-09 17:11:38,3379,1450,55.5
2026-06-09 17:11:40,3381,1451,31.2
2026-06-09 17:11:42,3383,1452,15.9
2026-06-09 17:11:44,3385,1453,44.0
2026-06-09 17:11:46,3387,1454,57.9
2026-06-09 17:11:48,3389,1455,35.2
2026-06-09 17:11:50,3391,1456,36.4
2026-06-09 17:11:52,3393,1457,22.7
2026-06-09 17:11:54,3395,1458,29.6
2026-06-09 17:11:55,3396,1459,45.1
2026-06-09 17:11:58,3399,1460,47.4
2026-06-09 17:12:00,3401,1461,42.5
2026-06-09 17:12:02,3403,1462,26.7
2026-06-09 17:12:04,3405,1463,38.0
2026-06-09 17:12:06,3407,1464,53.9
2026-06-09 17:12:08,3409,1465,41.2
2026-06-09 17:12:10,3411,1466,46.4
2026-06-09 17:12:12,3413,1467,27.2
2026-06-09 17:12:14,3415,1468,35.7
2026-06-09 17:12:15,3416,1469,157
2026-06-09 17:12:18,3419,1470,62.7
2026-06-09 17:12:20,3421,1471,213
2026-06-09 17:12:22,3423,1472,38.2
2026-06-09 17:12:24,3425,1473,33.7
2026-06-09 17:12:26,3427,1474,41.2
2026-06-09 17:12:28,3429,1475,37.9
2026-06-09 17:12:30,3431,1476,47.5
2026-06-09 17:12:32,3433,1477,25.4
2026-06-09 17:12:34,3435,1478,47.5
2026-06-09 17:12:36,3437,1479,51.1
2026-06-09 17:12:38,3439,1480,65.3
2026-06-09 17:12:41,3441,1481,37.7
2026-06-09 17:12:42,3443,1482,52.4
2026-06-09 17:12:44,3445,1483,26.0
2026-06-09 17:12:47,3448,1484,47.1
2026-06-09 17:12:49,3450,1485,55.5
2026-06-09 17:12:50,3451,1486,51.8
2026-06-09 17:12:52,3453,1487,86.2
2026-06-09 17:12:54,3455,1488,47.8
2026-06-09 17:12:56,3457,1489,32.2
2026-06-09 17:12:58,3459,1490,49.8
2026-06-09 17:13:00,3461,1491,44.9
2026-06-09 17:13:02,3463,1492,61.1
2026-06-09 17:13:04,3465,1493,47.9
2026-06-09 17:13:06,3467,1494,39.0
2026-06-09 17:13:08,3469,1495,22.4
2026-06-09 17:13:10,3471,1496,34.7
2026-06-09 17:13:12,3473,1497,54.5
2026-06-09 17:13:14,3475,1498,45.9
2026-06-09 17:13:16,3477,1499,45.5
2026-06-09 17:13:18,3479,1500,37.9
2026-06-09 17:13:20,3481,1501,38.4
2026-06-09 17:13:22,3483,1502,71.2
2026-06-09 17:13:24,3485,1503,39.0
2026-06-09 17:13:26,3487,1504,47.9
2026-06-09 17:13:28,3489,1505,44.3
2026-06-09 17:13:30,3491,1506,56.2
2026-06-09 17:13:32,3493,1507,37.3
2026-06-09 17:13:34,3495,1508,28.6
2026-06-09 17:13:36,3497,1509,59.7
2026-06-09 17:13:37,3498,1510,50.9
2026-06-09 17:13:39,3500,1511,38.7
2026-06-09 17:13:41,3502,1512,55.2
2026-06-09 17:13:43,3504,1513,40.3
2026-06-09 17:13:45,3506,1514,345
2026-06-09 17:13:47,3508,1515,150
2026-06-09 17:13:50,3511,1516,260
2026-06-09 17:13:52,3513,1517,226
2026-06-09 17:13:54,3515,1518,43.2
2026-06-09 17:13:56,3517,1519,40.9
2026-06-09 17:13:58,3519,1520,33.2
2026-06-09 17:14:00,3521,1521,33.4
2026-06-09 17:14:02,3523,1522,41.4
2026-06-09 17:14:04,3525,1523,30.9
2026-06-09 17:14:06,3527,1524,37.4
2026-06-09 17:14:08,3529,1525,33.2
2026-06-09 17:14:10,3531,1526,41.3
2026-06-09 17:14:12,3533,1527,59.2
2026-06-09 17:14:14,3535,1528,39.9
2026-06-09 17:14:16,3537,1529,55.0
2026-06-09 17:14:18,3539,1530,41.5
2026-06-09 17:14:20,3541,1531,35.9
2026-06-09 17:14:22,3543,1532,54.2
2026-06-09 17:14:24,3545,1533,41.9
2026-06-09 17:14:26,3547,1534,56.4
2026-06-09 17:14:28,3549,1535,38.2
2026-06-09 17:14:30,3551,1536,57.9
2026-06-09 17:14:32,3553,1537,40.3
2026-06-09 17:14:34,3555,1538,37.4
2026-06-09 17:14:36,3557,1539,30.2
2026-06-09 17:14:38,3559,1540,36.2
2026-06-09 17:14:39,3560,1541,43.9
2026-06-09 17:14:41,3562,1542,45.8
2026-06-09 17:14:43,3564,1543,39.4
2026-06-09 17:14:45,3566,1544,37.5
2026-06-09 17:14:47,3568,1545,32.4
2026-06-09 17:14:49,3570,1546,59.5
2026-06-09 17:14:51,3572,1547,38.4
2026-06-09 17:14:53,3574,1548,32.4
2026-06-09 17:14:55,3576,1549,44.4
2026-06-09 17:14:57,3578,1550,34.0
2026-06-09 17:14:59,3580,1551,42.9
2026-06-09 17:15:01,3582,1552,48.3
2026-06-09 17:15:03,3584,1553,21.0
2026-06-09 17:15:05,3586,1554,74.6
2026-06-09 17:15:07,3588,1555,159
2026-06-09 17:15:09,3590,1556,62.4
2026-06-09 17:15:11,3592,1557,21.9
2026-06-09 17:15:13,3594,1558,31.4
2026-06-09 17:15:15,3596,1559,37.6
2026-06-09 17:15:17,3598,1560,25.1
2026-06-09 17:15:20,3601,1561,52.8
2026-06-09 17:15:22,3603,1562,42.9
2026-06-09 17:15:24,3605,1563,38.3
2026-06-09 17:15:26,3607,1564,38.2
2026-06-09 17:15:28,3609,1565,51.9
2026-06-09 17:15:30,3611,1566,38.8
2026-06-09 17:15:32,3613,1567,45.2
2026-06-09 17:15:34,3615,1568,48.6
2026-06-09 17:15:36,3617,1569,38.2
2026-06-09 17:15:38,3619,1570,45.1
2026-06-09 17:15:40,3621,1571,228
2026-06-09 17:15:42,3623,1572,36.2
2026-06-09 17:15:44,3625,1573,43.9
2026-06-09 17:15:46,3627,1574,46.9
2026-06-09 17:15:47,3628,1575,37.2
2026-06-09 17:15:49,3630,1576,31.4
2026-06-09 17:15:51,3632,1577,36.5
2026-06-09 17:15:53,3634,1578,35.4
2026-06-09 17:15:55,3636,1579,34.2
2026-06-09 17:15:57,3638,1580,37.5
2026-06-09 17:15:59,3640,1581,43.6
2026-06-09 17:16:01,3642,1582,46.4
2026-06-09 17:16:03,3644,1583,28.0
2026-06-09 17:16:05,3646,1584,40.5
2026-06-09 17:16:07,3648,1585,49.3
2026-06-09 17:16:09,3650,1586,52.8
2026-06-09 17:16:11,3652,1587,54.0
2026-06-09 17:16:13,3654,1588,64.1
2026-06-09 17:16:15,3656,1589,252
2026-06-09 17:16:17,3658,1590,29.9
2026-06-09 17:16:19,3660,1591,33.7
2026-06-09 17:16:21,3662,1592,42.2
2026-06-09 17:16:23,3664,1593,43.6
2026-06-09 17:16:25,3666,1594,31.0
2026-06-09 17:16:27,3668,1595,61.1
2026-06-09 17:16:29,3670,1596,59.0
2026-06-09 17:16:31,3672,1597,60.4
2026-06-09 17:16:33,3674,1598,29.1
2026-06-09 17:16:35,3676,1599,33.3
2026-06-09 17:16:37,3678,1600,33.6
2026-06-09 17:16:39,3680,1601,32.1
2026-06-09 17:16:42,3683,1602,40.2
2026-06-09 17:16:44,3685,1603,31.0
2026-06-09 17:16:45,3686,1604,59.3
2026-06-09 17:16:48,3689,1605,37.1
2026-06-09 17:16:50,3691,1606,32.6
2026-06-09 17:16:52,3693,1607,33.5
2026-06-09 17:16:54,3695,1608,35.8
2026-06-09 17:16:56,3697,1609,37.0
2026-06-09 17:16:58,3699,1610,36.8
2026-06-09 17:16:59,3700,1611,41.0
2026-06-09 17:17:01,3702,1612,33.6
2026-06-09 17:17:03,3704,1613,34.5
2026-06-09 17:17:05,3706,1614,25.5
2026-06-09 17:17:07,3708,1615,54.8
2026-06-09 17:17:09,3710,1616,27.2
2026-06-09 17:17:11,3712,1617,54.8
2026-06-09 17:17:13,3714,1618,29.1
2026-06-09 17:17:15,3716,1619,27.7
2026-06-09 17:17:17,3718,1620,47.9
2026-06-09 17:17:19,3720,1621,43.8
2026-06-09 17:17:21,3722,1622,44.2
2026-06-09 17:17:23,3724,1623,50.0
2026-06-09 17:17:25,3726,1624,27.5
2026-06-09 17:17:27,3728,1625,47.6
2026-06-09 17:17:29,3730,1626,50.6
2026-06-09 17:17:31,3732,1627,34.0
2026-06-09 17:17:33,3734,1628,43.4
2026-06-09 17:17:35,3736,1629,47.7
2026-06-09 17:17:37,3738,1630,40.8
2026-06-09 17:17:39,3740,1631,53.2
2026-06-09 17:17:41,3742,1632,39.8
2026-06-09 17:17:43,3744,1633,48.0
2026-06-09 17:17:45,3746,1634,40.1
2026-06-09 17:17:47,3748,1635,157
2026-06-09 17:17:49,3750,1636,32.5
2026-06-09 17:17:51,3752,1637,44.2
2026-06-09 17:17:52,3753,1638,42.0
2026-06-09 17:17:54,3755,1639,23.3
2026-06-09 17:17:56,3757,1640,38.5
2026-06-09 17:17:58,3759,1641,29.2
2026-06-09 17:18:00,3761,1642,22.9
2026-06-09 17:18:02,3763,1643,127
2026-06-09 17:18:05,3766,1644,53.5
2026-06-09 17:18:07,3768,1645,35.9
2026-06-09 17:18:09,3770,1646,49.4
2026-06-09 17:18:11,3772,1647,39.7
2026-06-09 17:18:13,3774,1648,51.0
2026-06-09 17:18:15,3776,1649,50.8
2026-06-09 17:18:17,3778,1650,48.5
2026-06-09 17:18:19,3780,1651,39.7
2026-06-09 17:18:21,3782,1652,42.7
2026-06-09 17:18:23,3784,1653,28.8
2026-06-09 17:18:25,3786,1654,52.0
2026-06-09 17:18:27,3788,1655,39.6
2026-06-09 17:18:29,3790,1656,42.5
2026-06-09 17:18:31,3792,1657,33.6
2026-06-09 17:18:33,3794,1658,47.2
2026-06-09 17:18:35,3796,1659,36.6
2026-06-09 17:18:37,3798,1660,43.3
2026-06-09 17:18:39,3800,1661,42.3
2026-06-09 17:18:41,3802,1662,61.2
2026-06-09 17:18:43,3804,1663,32.4
2026-06-09 17:18:45,3806,1664,45.7
2026-06-09 17:18:47,3808,1665,49.8
2026-06-09 17:18:49,3810,1666,47.0
2026-06-09 17:18:51,3812,1667,45.1
2026-06-09 17:18:53,3814,1668,40.2
2026-06-09 17:18:55,3816,1669,34.3
2026-06-09 17:18:57,3818,1670,32.4
2026-06-09 17:18:59,3820,1671,33.2
2026-06-09 17:19:01,3822,1672,36.8
2026-06-09 17:19:03,3823,1673,48.2
2026-06-09 17:19:05,3826,1674,38.6
2026-06-09 17:19:07,3827,1675,40.4
2026-06-09 17:19:08,3829,1676,33.5
2026-06-09 17:19:10,3831,1677,29.7
2026-06-09 17:19:12,3833,1678,34.1
2026-06-09 17:19:14,3835,1679,32.1
2026-06-09 17:19:16,3837,1680,48.6
2026-06-09 17:19:18,3839,1681,53.8
2026-06-09 17:19:20,3841,1682,39.8
2026-06-09 17:19:22,3843,1683,382
2026-06-09 17:19:24,3845,1684,31.1
2026-06-09 17:19:26,3847,1685,41.1
2026-06-09 17:19:28,3849,1686,61.3
2026-06-09 17:19:30,3851,1687,42.4
2026-06-09 17:19:32,3853,1688,36.2
2026-06-09 17:19:34,3855,1689,37.8
2026-06-09 17:19:36,3857,1690,42.2
2026-06-09 17:19:38,3859,1691,32.3
2026-06-09 17:19:40,3861,1692,33.4
2026-06-09 17:19:42,3863,1693,37.3
2026-06-09 17:19:44,3865,1694,64.4
2026-06-09 17:19:46,3867,1695,51.3
2026-06-09 17:19:48,3869,1696,36.6
2026-06-09 17:19:50,3871,1697,35.0
2026-06-09 17:19:52,3873,1698,27.1
2026-06-09 17:19:54,3875,1699,100
2026-06-09 17:19:56,3877,1700,55.4
2026-06-09 17:19:59,3880,1701,27.7
2026-06-09 17:20:01,3882,1702,41.2
2026-06-09 17:20:03,3884,1703,41.2
2026-06-09 17:20:05,3886,1704,35.7
2026-06-09 17:20:07,3888,1705,29.9
2026-06-09 17:20:09,3890,1706,64.1
2026-06-09 17:20:11,3892,1707,38.3
2026-06-09 17:20:13,3894,1708,40.3
2026-06-09 17:20:15,3896,1709,37.1
2026-06-09 17:20:17,3898,1710,43.0
2026-06-09 17:20:19,3900,1711,49.8
2026-06-09 17:20:21,3902,1712,45.0
2026-06-09 17:20:23,3904,1713,46.7
2026-06-09 17:20:25,3906,1714,43.7
2026-06-09 17:20:27,3908,1715,43.7
2026-06-09 17:20:29,3910,1716,45.4
2026-06-09 17:20:31,3912,1717,42.5
2026-06-09 17:20:33,3914,1718,38.6
2026-06-09 17:20:35,3916,1719,39.5
2026-06-09 17:20:37,3918,1720,30.5
2026-06-09 17:20:39,3920,1721,39.8
2026-06-09 17:20:41,3922,1722,33.5
2026-06-09 17:20:43,3924,1723,42.7
2026-06-09 17:20:45,3926,1724,39.1
2026-06-09 17:20:47,3928,1725,46.4
2026-06-09 17:20:49,3930,1726,43.7
2026-06-09 17:20:51,3932,1727,35.3
2026-06-09 17:20:53,3934,1728,58.4
2026-06-09 17:20:55,3936,1729,38.9
2026-06-09 17:20:57,3938,1730,40.4
2026-06-09 17:20:59,3940,1731,41.0
2026-06-09 17:21:01,3942,1732,39.0
2026-06-09 17:21:03,3944,1733,25.3
2026-06-09 17:21:05,3946,1734,33.9
2026-06-09 17:21:07,3948,1735,38.5
2026-06-09 17:21:09,3950,1736,40.1
2026-06-09 17:21:10,3951,1737,50.2
2026-06-09 17:21:12,3953,1738,42.1
2026-06-09 17:21:14,3955,1739,42.5
2026-06-09 17:21:16,3957,1740,25.7
2026-06-09 17:21:18,3959,1741,45.9
2026-06-09 17:21:20,3961,1742,36.4
2026-06-09 17:21:22,3963,1743,40.1
2026-06-09 17:21:24,3965,1744,141
2026-06-09 17:21:27,3968,1745,24.5
2026-06-09 17:21:29,3970,1746,44.6
2026-06-09 17:21:31,3972,1747,27.6
2026-06-09 17:21:33,3974,1748,45.9
2026-06-09 17:21:35,3976,1749,46.1
2026-06-09 17:21:37,3978,1750,40.1
2026-06-09 17:21:39,3980,1751,47.7
2026-06-09 17:21:41,3982,1752,29.6
2026-06-09 17:21:43,3984,1753,48.8
2026-06-09 17:21:45,3986,1754,50.6
2026-06-09 17:21:47,3988,1755,57.8
2026-06-09 17:21:49,3990,1756,42.0
2026-06-09 17:21:51,3992,1757,44.1
2026-06-09 17:21:53,3994,1758,29.2
2026-06-09 17:21:55,3996,1759,48.5
2026-06-09 17:21:57,3998,1760,25.5
2026-06-09 17:21:59,4000,1761,34.8
2026-06-09 17:22:01,4002,1762,32.4
2026-06-09 17:22:03,4004,1763,60.0
2026-06-09 17:22:05,4006,1764,39.1
2026-06-09 17:22:07,4008,1765,45.3
2026-06-09 17:22:09,4010,1766,47.6
2026-06-09 17:22:11,4012,1767,39.8
2026-06-09 17:22:13,4014,1768,40.0
2026-06-09 17:22:15,4016,1769,46.1
2026-06-09 17:22:17,4018,1770,60.9
2026-06-09 17:22:19,4020,1771,33.3
2026-06-09 17:22:21,4022,1772,38.0
2026-06-09 17:22:23,4024,1773,57.9
2026-06-09 17:22:25,4026,1774,25.0
2026-06-09 17:22:27,4028,1775,44.1
2026-06-09 17:22:29,4030,1776,38.9
2026-06-09 17:22:31,4032,1777,38.5
2026-06-09 17:22:33,4034,1778,39.7
2026-06-09 17:22:35,4036,1779,50.8
2026-06-09 17:22:37,4038,1780,43.7
2026-06-09 17:22:39,4040,1781,36.3
2026-06-09 17:22:41,4042,1782,43.2
2026-06-09 17:22:43,4044,1783,46.6
2026-06-09 17:22:45,4046,1784,38.7
2026-06-09 17:22:47,4048,1785,36.9
2026-06-09 17:22:49,4050,1786,209
2026-06-09 17:22:51,4052,1787,31.4
2026-06-09 17:22:53,4054,1788,49.9
2026-06-09 17:22:55,4056,1789,50.9
2026-06-09 17:22:57,4058,1790,41.1
2026-06-09 17:22:59,4060,1791,40.7
2026-06-09 17:23:01,4062,1792,34.0
2026-06-09 17:23:03,4064,1793,43.1
2026-06-09 17:23:05,4066,1794,42.3
2026-06-09 17:23:07,4068,1795,19.3
2026-06-09 17:23:09,4070,1796,38.1
2026-06-09 17:23:11,4072,1797,41.6
2026-06-09 17:23:13,4074,1798,33.9
2026-06-09 17:23:15,4076,1799,32.7
2026-06-09 17:23:17,4078,1800,47.2
2026-06-09 17:23:19,4080,1801,35.9
2026-06-09 17:23:21,4082,1802,39.7
2026-06-09 17:23:23,4084,1803,48.6
2026-06-09 17:23:25,4086,1804,191
2026-06-09 17:23:27,4088,1805,35.2
2026-06-09 17:23:29,4090,1806,36.9
2026-06-09 17:23:31,4092,1807,34.2
2026-06-09 17:23:33,4094,1808,42.8
2026-06-09 17:23:35,4096,1809,38.1
2026-06-09 17:23:37,4098,1810,53.9
2026-06-09 17:23:39,4100,1811,50.1
2026-06-09 17:23:41,4102,1812,50.8
2026-06-09 17:23:43,4104,1813,54.6
2026-06-09 17:23:45,4106,1814,43.0
2026-06-09 17:23:47,4108,1815,44.5
2026-06-09 17:23:49,4110,1816,55.3
2026-06-09 17:23:51,4112,1817,16.3
2026-06-09 17:23:53,4114,1818,37.0
2026-06-09 17:23:55,4116,1819,35.0
2026-06-09 17:23:57,4118,1820,36.5
2026-06-09 17:23:59,4120,1821,41.8
2026-06-09 17:24:01,4122,1822,37.8
2026-06-09 17:24:03,4124,1823,40.9
2026-06-09 17:24:05,4126,1824,46.8
2026-06-09 17:24:07,4128,1825,40.2
2026-06-09 17:24:09,4130,1826,45.5
2026-06-09 17:24:11,4132,1827,33.1
2026-06-09 17:24:13,4134,1828,37.2
2026-06-09 17:24:15,4136,1829,179
2026-06-09 17:24:17,4138,1830,33.5
2026-06-09 17:24:19,4140,1831,31.7
2026-06-09 17:24:21,4142,1832,34.8
2026-06-09 17:24:23,4144,1833,36.2
2026-06-09 17:24:25,4146,1834,39.2
2026-06-09 17:24:27,4148,1835,37.8
2026-06-09 17:24:29,4150,1836,28.9
2026-06-09 17:24:31,4152,1837,32.3
2026-06-09 17:24:33,4154,1838,41.6
2026-06-09 17:24:35,4156,1839,30.9
2026-06-09 17:24:37,4158,1840,44.1
2026-06-09 17:24:39,4160,1841,39.1
2026-06-09 17:24:41,4162,1842,33.5
2026-06-09 17:24:43,4164,1843,23.2
2026-06-09 17:24:45,4166,1844,38.8
2026-06-09 17:24:47,4168,1845,47.8
2026-06-09 17:24:49,4170,1846,47.2
2026-06-09 17:24:51,4172,1847,21.5
2026-06-09 17:24:53,4174,1848,85.5
2026-06-09 17:24:55,4176,1849,37.6
2026-06-09 17:24:57,4178,1850,35.6
2026-06-09 17:24:59,4180,1851,44.0
2026-06-09 17:25:01,4182,1852,46.6
2026-06-09 17:25:03,4184,1853,45.2
2026-06-09 17:25:05,4186,1854,36.7
2026-06-09 17:25:07,4188,1855,37.7
2026-06-09 17:25:09,4190,1856,27.9
2026-06-09 17:25:11,4192,1857,34.5
2026-06-09 17:25:13,4194,1858,47.9
2026-06-09 17:25:15,4196,1859,41.8
2026-06-09 17:25:17,4198,1860,57.1
2026-06-09 17:25:19,4200,1861,25.7
2026-06-09 17:25:21,4202,1862,37.4
2026-06-09 17:25:23,4204,1863,34.3
2026-06-09 17:25:25,4206,1864,56.1
2026-06-09 17:25:27,4208,1865,41.6
2026-06-09 17:25:29,4210,1866,37.1
2026-06-09 17:25:31,4212,1867,36.9
2026-06-09 17:25:33,4214,1868,36.7
2026-06-09 17:25:35,4216,1869,40.7
2026-06-09 17:25:37,4218,1870,57.9
2026-06-09 17:25:38,4219,1871,40.0
2026-06-09 17:25:40,4221,1872,54.8
2026-06-09 17:25:42,4223,1873,39.1
2026-06-09 17:25:44,4225,1874,32.8
2026-06-09 17:25:46,4227,1875,34.2
2026-06-09 17:25:48,4229,1876,35.2
2026-06-09 17:25:50,4231,1877,28.2
2026-06-09 17:25:52,4233,1878,44.3
2026-06-09 17:25:54,4235,1879,38.6
2026-06-09 17:25:56,4237,1880,29.8
2026-06-09 17:25:58,4239,1881,35.6
2026-06-09 17:26:00,4241,1882,32.0
2026-06-09 17:26:02,4243,1883,31.8
2026-06-09 17:26:04,4245,1884,52.0
2026-06-09 17:26:06,4247,1885,39.5
2026-06-09 17:26:08,4249,1886,36.7
2026-06-09 17:26:10,4251,1887,253
2026-06-09 17:26:12,4253,1888,98.2
2026-06-09 17:26:14,4255,1889,78.3
2026-06-09 17:26:16,4257,1890,31.2
2026-06-09 17:26:18,4259,1891,40.8
2026-06-09 17:26:20,4261,1892,36.0
2026-06-09 17:26:22,4263,1893,40.9
2026-06-09 17:26:25,4266,1894,39.8
2026-06-09 17:26:27,4268,1895,42.6
2026-06-09 17:26:29,4270,1896,44.4
2026-06-09 17:26:31,4272,1897,48.5
2026-06-09 17:26:33,4274,1898,43.6
2026-06-09 17:26:35,4276,1899,42.2
2026-06-09 17:26:37,4278,1900,44.4
2026-06-09 17:26:39,4280,1901,55.7
2026-06-09 17:26:41,4282,1902,39.7
2026-06-09 17:26:43,4284,1903,31.1
2026-06-09 17:26:45,4286,1904,34.6
2026-06-09 17:26:47,4288,1905,36.0
2026-06-09 17:26:49,4290,1906,30.1
2026-06-09 17:26:51,4292,1907,36.3
2026-06-09 17:26:52,4293,1908,47.9
2026-06-09 17:26:54,4295,1909,58.2
2026-06-09 17:26:56,4297,1910,30.3
2026-06-09 17:26:58,4299,1911,62.5
2026-06-09 17:27:00,4301,1912,52.3
2026-06-09 17:27:02,4303,1913,67.5
2026-06-09 17:27:04,4305,1914,42.4
2026-06-09 17:27:06,4307,1915,47.4
2026-06-09 17:27:08,4309,1916,45.6
2026-06-09 17:27:10,4311,1917,39.5
2026-06-09 17:27:12,4313,1918,57.3
2026-06-09 17:27:14,4315,1919,33.5
2026-06-09 17:27:16,4317,1920,38.1
2026-06-09 17:27:18,4319,1921,43.5
2026-06-09 17:27:20,4321,1922,43.9
2026-06-09 17:27:22,4323,1923,58.0
2026-06-09 17:27:24,4325,1924,29.8
2026-06-09 17:27:26,4327,1925,52.9
2026-06-09 17:27:28,4329,1926,40.4
2026-06-09 17:27:30,4331,1927,44.7
2026-06-09 17:27:32,4333,1928,29.6
2026-06-09 17:27:34,4335,1929,32.2
2026-06-09 17:27:36,4337,1930,30.0
2026-06-09 17:27:38,4339,1931,270
2026-06-09 17:27:40,4341,1932,78.3
2026-06-09 17:27:42,4343,1933,83.2
2026-06-09 17:27:45,4346,1934,29.3
2026-06-09 17:27:47,4348,1935,171
2026-06-09 17:27:49,4350,1936,44.4
2026-06-09 17:27:51,4352,1937,37.2
2026-06-09 17:27:53,4354,1938,244
2026-06-09 17:27:55,4356,1939,255
2026-06-09 17:27:57,4358,1940,244
2026-06-09 17:27:59,4360,1941,230
2026-06-09 17:28:01,4362,1942,228
2026-06-09 17:28:03,4364,1943,255
2026-06-09 17:28:05,4366,1944,202
2026-06-09 17:28:07,4368,1945,229
2026-06-09 17:28:10,4371,1946,433
2026-06-09 17:28:12,4373,1947,214
2026-06-09 17:28:14,4375,1948,256
2026-06-09 17:28:16,4377,1949,214
2026-06-09 17:28:18,4379,1950,35.2
2026-06-09 17:28:20,4381,1951,69.0
2026-06-09 17:28:23,4384,1952,245
2026-06-09 17:28:26,4387,1953,45.6
2026-06-09 17:28:28,4389,1954,111
2026-06-09 17:28:31,4392,1955,30.8
2026-06-09 17:28:34,4395,1956,75.2
2026-06-09 17:28:37,4398,1957,51.1
2026-06-09 17:28:40,4401,1958,109
2026-06-09 17:28:42,4403,1959,34.6
2026-06-09 17:28:45,4406,1960,34.3
2026-06-09 17:28:47,4408,1961,30.2
2026-06-09 17:28:50,4411,1962,107
2026-06-09 17:28:53,4414,1963,47.4
2026-06-09 17:28:56,4417,1964,59.1
2026-06-09 17:28:58,4419,1965,488
2026-06-09 17:29:01,4422,1966,315
2026-06-09 17:29:04,4425,1967,32.2
2026-06-09 17:29:06,4427,1968,97.5
2026-06-09 17:29:08,4429,1969,208
2026-06-09 17:29:10,4431,1970,32.3
2026-06-09 17:29:13,4434,1971,40.9
2026-06-09 17:29:15,4436,1972,37.5
2026-06-09 17:29:17,4438,1973,40.1
2026-06-09 17:29:19,4440,1974,41.1
2026-06-09 17:29:21,4442,1975,29.9
2026-06-09 17:29:23,4444,1976,28.2
2026-06-09 17:29:25,4446,1977,37.3
2026-06-09 17:29:27,4448,1978,41.4
2026-06-09 17:29:29,4450,1979,53.2
2026-06-09 17:29:31,4452,1980,32.0
2026-06-09 17:29:33,4454,1981,19.8
2026-06-09 17:29:36,4457,1982,24.3
2026-06-09 17:29:38,4459,1983,32.2
2026-06-09 17:29:40,4461,1984,41.2
2026-06-09 17:29:42,4463,1985,57.3
2026-06-09 17:29:44,4465,1986,24.1
2026-06-09 17:29:46,4467,1987,20.9
2026-06-09 17:29:48,4469,1988,39.3
2026-06-09 17:29:50,4471,1989,31.6
2026-06-09 17:29:52,4473,1990,31.8
2026-06-09 17:29:54,4475,1991,40.5
2026-06-09 17:29:56,4477,1992,35.6
2026-06-09 17:29:58,4479,1993,48.8
2026-06-09 17:30:00,4481,1994,42.4
2026-06-09 17:30:02,4483,1995,36.9
2026-06-09 17:30:04,4485,1996,45.8
2026-06-09 17:30:06,4487,1997,56.7
2026-06-09 17:30:08,4489,1998,34.0
2026-06-09 17:30:10,4491,1999,24.2
2026-06-09 17:30:12,4493,2000,40.8
2026-06-09 17:30:14,4495,2001,35.3
2026-06-09 17:30:16,4497,2002,48.2
2026-06-09 17:30:18,4499,2003,39.4
2026-06-09 17:30:21,4502,2004,37.0
2026-06-09 17:30:23,4504,2005,32.4
2026-06-09 17:30:25,4506,2006,26.1
2026-06-09 17:30:27,4508,2007,53.2
2026-06-09 17:30:29,4510,2008,32.3
2026-06-09 17:30:31,4512,2009,49.2
2026-06-09 17:30:33,4514,2010,33.8
2026-06-09 17:30:35,4516,2011,45.8
2026-06-09 17:30:37,4518,2012,48.7
2026-06-09 17:30:39,4520,2013,38.7
2026-06-09 17:30:41,4522,2014,20.2
2026-06-09 17:30:43,4524,2015,25.7
2026-06-09 17:30:45,4526,2016,17.4
2026-06-09 17:30:47,4528,2017,29.9
2026-06-09 17:30:49,4530,2018,25.5
2026-06-09 17:30:51,4532,2019,30.0
2026-06-09 17:30:53,4534,2020,20.8
2026-06-09 17:30:55,4536,2021,39.2
2026-06-09 17:30:58,4539,2022,141
2026-06-09 17:31:00,4541,2023,343
2026-06-09 17:31:02,4543,2024,47.3
2026-06-09 17:31:04,4545,2025,41.8
2026-06-09 17:31:06,4547,2026,18.2
2026-06-09 17:31:08,4549,2027,35.9
2026-06-09 17:31:10,4551,2028,32.8
2026-06-09 17:31:12,4553,2029,32.9
2026-06-09 17:31:14,4555,2030,30.8
2026-06-09 17:31:16,4557,2031,15.8
2026-06-09 17:31:19,4560,2032,34.2
2026-06-09 17:31:21,4562,2033,47.1
2026-06-09 17:31:23,4564,2034,48.3
2026-06-09 17:31:25,4566,2035,19.4
2026-06-09 17:31:27,4568,2036,32.0
2026-06-09 17:31:29,4570,2037,37.6
2026-06-09 17:31:31,4572,2038,37.3
2026-06-09 17:31:33,4574,2039,36.2
2026-06-09 17:31:35,4576,2040,14.9
2026-06-09 17:31:37,4578,2041,29.5
2026-06-09 17:31:39,4580,2042,31.6
2026-06-09 17:31:41,4582,2043,37.7
2026-06-09 17:31:43,4584,2044,34.9
2026-06-09 17:31:45,4586,2045,12.3
2026-06-09 17:31:47,4588,2046,71.3
2026-06-09 17:31:49,4590,2047,29.1
2026-06-09 17:31:51,4592,2048,42.5
2026-06-09 17:31:53,4594,2049,33.1
2026-06-09 17:31:55,4596,2050,34.7
2026-06-09 17:31:57,4598,2051,70.1
2026-06-09 17:31:59,4600,2052,39.7
2026-06-09 17:32:01,4602,2053,19.0
2026-06-09 17:32:03,4604,2054,34.1
2026-06-09 17:32:05,4606,2055,11.4
2026-06-09 17:32:07,4608,2056,29.7
2026-06-09 17:32:09,4610,2057,33.1
2026-06-09 17:32:11,4612,2058,29.2
2026-06-09 17:32:13,4614,2059,24.8
2026-06-09 17:32:15,4616,2060,24.9
2026-06-09 17:32:17,4618,2061,24.9
2026-06-09 17:32:19,4620,2062,35.0
2026-06-09 17:32:21,4622,2063,26.4
2026-06-09 17:32:23,4624,2064,24.6
2026-06-09 17:32:25,4626,2065,40.2
2026-06-09 17:32:27,4628,2066,30.6
2026-06-09 17:32:29,4630,2067,33.5
2026-06-09 17:32:31,4632,2068,33.9
2026-06-09 17:32:33,4634,2069,214
2026-06-09 17:32:35,4636,2070,33.7
2026-06-09 17:32:37,4638,2071,34.3
2026-06-09 17:32:39,4640,2072,39.9
2026-06-09 17:32:41,4642,2073,41.1
2026-06-09 17:32:43,4644,2074,54.3
2026-06-09 17:32:45,4646,2075,45.9
2026-06-09 17:32:47,4648,2076,22.7
2026-06-09 17:32:49,4650,2077,24.7
2026-06-09 17:32:51,4652,2078,28.6
2026-06-09 17:32:53,4654,2079,30.8
2026-06-09 17:32:55,4656,2080,45.8
2026-06-09 17:32:57,4658,2081,43.7
2026-06-09 17:32:59,4660,2082,33.0
2026-06-09 17:33:01,4662,2083,20.2
2026-06-09 17:33:03,4664,2084,48.1
2026-06-09 17:33:05,4666,2085,30.6
2026-06-09 17:33:07,4668,2086,41.3
2026-06-09 17:33:09,4670,2087,205
2026-06-09 17:33:11,4672,2088,34.5
2026-06-09 17:33:13,4674,2089,51.8
2026-06-09 17:33:15,4676,2090,55.0
2026-06-09 17:33:17,4678,2091,55.5
2026-06-09 17:33:19,4680,2092,33.6
2026-06-09 17:33:21,4682,2093,31.5
2026-06-09 17:33:23,4684,2094,28.2
2026-06-09 17:33:25,4686,2095,28.7
2026-06-09 17:33:27,4688,2096,24.7
2026-06-09 17:33:29,4690,2097,27.4
2026-06-09 17:33:31,4692,2098,19.1
2026-06-09 17:33:33,4694,2099,35.8
2026-06-09 17:33:35,4696,2100,39.4
2026-06-09 17:33:37,4698,2101,44.8
2026-06-09 17:33:39,4700,2102,33.7
2026-06-09 17:33:41,4702,2103,37.0
2026-06-09 17:33:43,4704,2104,26.8
2026-06-09 17:33:45,4706,2105,40.4
2026-06-09 17:33:47,4708,2106,29.5
2026-06-09 17:33:49,4710,2107,31.1
2026-06-09 17:33:51,4712,2108,39.7
2026-06-09 17:33:53,4714,2109,28.9
2026-06-09 17:33:55,4716,2110,43.5
2026-06-09 17:33:57,4718,2111,30.4
2026-06-09 17:33:59,4720,2112,34.3
2026-06-09 17:34:01,4722,2113,35.5
2026-06-09 17:34:03,4724,2114,21.0
2026-06-09 17:34:05,4726,2115,25.9
2026-06-09 17:34:07,4728,2116,29.1
2026-06-09 17:34:09,4730,2117,38.0
2026-06-09 17:34:11,4732,2118,42.9
2026-06-09 17:34:13,4734,2119,41.7
2026-06-09 17:34:15,4736,2120,30.5
2026-06-09 17:34:17,4738,2121,26.9
2026-06-09 17:34:19,4740,2122,29.6
2026-06-09 17:34:21,4742,2123,174
2026-06-09 17:34:23,4744,2124,33.7
2026-06-09 17:34:25,4746,2125,41.5
2026-06-09 17:34:27,4748,2126,47.6
2026-06-09 17:34:29,4750,2127,34.5
2026-06-09 17:34:31,4752,2128,33.5
2026-06-09 17:34:33,4754,2129,25.6
2026-06-09 17:34:35,4756,2130,37.8
2026-06-09 17:34:37,4758,2131,40.0
2026-06-09 17:34:39,4760,2132,42.3
2026-06-09 17:34:41,4762,2133,30.1
2026-06-09 17:34:43,4764,2134,43.9
2026-06-09 17:34:45,4766,2135,33.8
2026-06-09 17:34:47,4768,2136,27.1
2026-06-09 17:34:49,4770,2137,30.1
2026-06-09 17:34:51,4772,2138,53.2
2026-06-09 17:34:53,4774,2139,40.2
2026-06-09 17:34:55,4776,2140,27.4
2026-06-09 17:34:57,4778,2141,30.7
2026-06-09 17:34:59,4780,2142,35.4
2026-06-09 17:35:01,4782,2143,30.0
2026-06-09 17:35:02,4783,2144,47.0
2026-06-09 17:35:04,4785,2145,45.6
2026-06-09 17:35:06,4787,2146,24.3
2026-06-09 17:35:08,4789,2147,21.7
2026-06-09 17:35:10,4791,2148,31.2
2026-06-09 17:35:12,4793,2149,28.9
2026-06-09 17:35:14,4795,2150,113
2026-06-09 17:35:17,4798,2151,37.3
2026-06-09 17:35:19,4800,2152,89.7
2026-06-09 17:35:21,4802,2153,81.6
2026-06-09 17:35:23,4804,2154,361
2026-06-09 17:35:25,4806,2155,33.9
2026-06-09 17:35:28,4809,2156,74.6
2026-06-09 17:35:30,4811,2157,15.9
2026-06-09 17:35:32,4813,2158,37.5
2026-06-09 17:35:34,4815,2159,215
2026-06-09 17:35:36,4817,2160,216
2026-06-09 17:35:38,4819,2161,215
2026-06-09 17:35:40,4821,2162,215
2026-06-09 17:35:42,4823,2163,219
2026-06-09 17:35:44,4825,2164,194
2026-06-09 17:35:46,4827,2165,392
2026-06-09 17:35:49,4830,2166,198
2026-06-09 17:35:51,4832,2167,132
2026-06-09 17:35:53,4834,2168,185
2026-06-09 17:35:55,4836,2169,237
2026-06-09 17:35:57,4838,2170,40.5
2026-06-09 17:35:59,4840,2171,48.3
2026-06-09 17:36:02,4843,2172,239
2026-06-09 17:36:04,4845,2173,21.3
2026-06-09 17:36:07,4848,2174,66.1
2026-06-09 17:36:10,4851,2175,40.1
2026-06-09 17:36:12,4853,2176,46.5
2026-06-09 17:36:15,4856,2177,43.0
2026-06-09 17:36:18,4859,2178,263
2026-06-09 17:36:21,4862,2179,155
2026-06-09 17:36:24,4865,2180,40.4
2026-06-09 17:36:26,4867,2181,26.0
2026-06-09 17:36:30,4871,2182,47.6
2026-06-09 17:36:32,4873,2183,31.6
2026-06-09 17:36:35,4876,2184,57.9
2026-06-09 17:36:38,4879,2185,550
2026-06-09 17:36:40,4881,2186,445
2026-06-09 17:36:43,4884,2187,32.5
2026-06-09 17:36:45,4886,2188,23.2
2026-06-09 17:36:47,4888,2189,37.0
2026-06-09 17:36:49,4890,2190,34.4
2026-06-09 17:36:52,4893,2191,31.7
2026-06-09 17:36:54,4895,2192,45.8
2026-06-09 17:36:56,4897,2193,28.5
2026-06-09 17:36:58,4899,2194,33.3
2026-06-09 17:37:00,4901,2195,33.7
2026-06-09 17:37:02,4903,2196,44.6
2026-06-09 17:37:04,4905,2197,42.8
2026-06-09 17:37:07,4908,2198,43.9
2026-06-09 17:37:09,4910,2199,53.5
2026-06-09 17:37:11,4912,2200,32.4
2026-06-09 17:37:13,4914,2201,46.7
2026-06-09 17:37:15,4916,2202,35.7
2026-06-09 17:37:17,4918,2203,56.9
2026-06-09 17:37:19,4920,2204,45.7
2026-06-09 17:37:21,4922,2205,49.9
2026-06-09 17:37:23,4924,2206,39.6
2026-06-09 17:37:25,4926,2207,44.0
2026-06-09 17:37:27,4928,2208,49.2
2026-06-09 17:37:29,4930,2209,40.0
2026-06-09 17:37:31,4932,2210,20.0
2026-06-09 17:37:33,4934,2211,29.6
2026-06-09 17:37:35,4936,2212,40.9
2026-06-09 17:37:37,4938,2213,48.3
2026-06-09 17:37:39,4940,2214,35.5
2026-06-09 17:37:41,4942,2215,48.2
2026-06-09 17:37:43,4944,2216,16.3
2026-06-09 17:37:45,4946,2217,37.4
2026-06-09 17:37:47,4948,2218,30.6
2026-06-09 17:37:49,4950,2219,36.4
2026-06-09 17:37:51,4952,2220,33.5
2026-06-09 17:37:53,4954,2221,40.0
2026-06-09 17:37:55,4956,2222,42.8
2026-06-09 17:37:57,4958,2223,38.4
2026-06-09 17:37:59,4960,2224,50.5
2026-06-09 17:38:01,4962,2225,47.5
2026-06-09 17:38:03,4964,2226,28.9
2026-06-09 17:38:06,4967,2227,37.1
2026-06-09 17:38:07,4968,2228,29.6
2026-06-09 17:38:10,4971,2229,43.5
2026-06-09 17:38:12,4973,2230,76.7
2026-06-09 17:38:14,4975,2231,24.8
2026-06-09 17:38:16,4977,2232,42.0
2026-06-09 17:38:18,4979,2233,45.2
2026-06-09 17:38:20,4981,2234,32.4
2026-06-09 17:38:22,4983,2235,136
2026-06-09 17:38:24,4985,2236,37.4
2026-06-09 17:38:26,4987,2237,39.6
2026-06-09 17:38:28,4989,2238,19.8
2026-06-09 17:38:30,4991,2239,37.0
2026-06-09 17:38:32,4993,2240,25.4
2026-06-09 17:38:34,4995,2241,39.4
2026-06-09 17:38:36,4997,2242,44.9
2026-06-09 17:38:38,4999,2243,44.9
2026-06-09 17:38:40,5001,2244,26.7
2026-06-09 17:38:42,5003,2245,29.5
2026-06-09 17:38:44,5005,2246,27.0
2026-06-09 17:38:46,5007,2247,26.9
2026-06-09 17:38:48,5009,2248,38.2
2026-06-09 17:38:50,5011,2249,45.5
2026-06-09 17:38:52,5013,2250,37.5
2026-06-09 17:38:54,5015,2251,24.6
2026-06-09 17:38:56,5017,2252,35.5
2026-06-09 17:38:58,5019,2253,29.8
2026-06-09 17:39:00,5021,2254,57.6
2026-06-09 17:39:03,5024,2255,45.2
2026-06-09 17:39:05,5026,2256,27.7
2026-06-09 17:39:07,5028,2257,44.0
2026-06-09 17:39:09,5030,2258,39.8
2026-06-09 17:39:11,5032,2259,43.5
2026-06-09 17:39:13,5034,2260,28.7
2026-06-09 17:39:14,5035,2261,29.1
2026-06-09 17:39:17,5037,2262,30.3
2026-06-09 17:39:18,5039,2263,36.4
2026-06-09 17:39:20,5041,2264,27.8
2026-06-09 17:39:23,5044,2265,25.6
2026-06-09 17:39:25,5046,2266,57.2
2026-06-09 17:39:27,5048,2267,41.2
2026-06-09 17:39:29,5050,2268,40.9
2026-06-09 17:39:31,5052,2269,11.8
2026-06-09 17:39:33,5054,2270,25.3
2026-06-09 17:39:35,5056,2271,37.3
2026-06-09 17:39:37,5058,2272,44.2
2026-06-09 17:39:39,5060,2273,33.7
2026-06-09 17:39:41,5062,2274,101
2026-06-09 17:39:43,5064,2275,59.3
2026-06-09 17:39:45,5066,2276,23.0
2026-06-09 17:39:47,5068,2277,24.7
2026-06-09 17:39:49,5070,2278,44.6
2026-06-09 17:39:51,5072,2279,43.9
2026-06-09 17:39:53,5074,2280,54.4
2026-06-09 17:39:54,5075,2281,53.5
2026-06-09 17:39:56,5077,2282,45.8
2026-06-09 17:39:58,5079,2283,28.9
2026-06-09 17:40:00,5081,2284,32.4
2026-06-09 17:40:02,5083,2285,34.2
2026-06-09 17:40:05,5086,2286,33.5
2026-06-09 17:40:07,5088,2287,40.3
2026-06-09 17:40:09,5090,2288,15.1
2026-06-09 17:40:11,5092,2289,39.0
2026-06-09 17:40:13,5094,2290,33.5
2026-06-09 17:40:15,5096,2291,23.8
2026-06-09 17:40:17,5098,2292,25.1
2026-06-09 17:40:19,5100,2293,47.8
2026-06-09 17:40:21,5102,2294,49.8
2026-06-09 17:40:23,5104,2295,28.5
2026-06-09 17:40:25,5106,2296,33.5
2026-06-09 17:40:27,5108,2297,35.1
2026-06-09 17:40:29,5110,2298,60.2
2026-06-09 17:40:31,5112,2299,53.3
2026-06-09 17:40:33,5114,2300,51.2
2026-06-09 17:40:35,5116,2301,36.5
2026-06-09 17:40:37,5118,2302,38.3
2026-06-09 17:40:39,5120,2303,69.0
2026-06-09 17:40:41,5122,2304,40.3
2026-06-09 17:40:43,5124,2305,30.8
2026-06-09 17:40:45,5126,2306,52.7
2026-06-09 17:40:47,5128,2307,31.0
2026-06-09 17:40:49,5130,2308,40.9
2026-06-09 17:40:51,5132,2309,26.2
2026-06-09 17:40:53,5134,2310,27.1
2026-06-09 17:40:55,5136,2311,33.4
2026-06-09 17:40:57,5138,2312,45.9
2026-06-09 17:40:59,5140,2313,28.3
2026-06-09 17:41:01,5142,2314,47.7
2026-06-09 17:41:03,5144,2315,26.6
2026-06-09 17:41:05,5146,2316,43.9
2026-06-09 17:41:07,5148,2317,24.7
2026-06-09 17:41:09,5150,2318,38.0
2026-06-09 17:41:11,5152,2319,20.4
2026-06-09 17:41:13,5154,2320,29.9
2026-06-09 17:41:15,5156,2321,25.1
2026-06-09 17:41:17,5158,2322,53.2
2026-06-09 17:41:19,5160,2323,52.8
2026-06-09 17:41:21,5162,2324,16.5
2026-06-09 17:41:23,5164,2325,40.0
2026-06-09 17:41:25,5166,2326,48.0
2026-06-09 17:41:27,5168,2327,64.1
2026-06-09 17:41:29,5170,2328,46.0
2026-06-09 17:41:31,5172,2329,25.8
2026-06-09 17:41:33,5174,2330,29.2
2026-06-09 17:41:35,5176,2331,29.1
2026-06-09 17:41:37,5178,2332,55.8
2026-06-09 17:41:39,5180,2333,32.0
2026-06-09 17:41:41,5182,2334,51.3
2026-06-09 17:41:43,5184,2335,54.7
2026-06-09 17:41:45,5186,2336,47.3
2026-06-09 17:41:47,5188,2337,43.8
2026-06-09 17:41:49,5190,2338,30.0
2026-06-09 17:41:51,5192,2339,26.2
2026-06-09 17:41:53,5194,2340,22.6
2026-06-09 17:41:55,5196,2341,53.3
2026-06-09 17:41:57,5198,2342,33.0
2026-06-09 17:41:59,5200,2343,33.1
2026-06-09 17:42:01,5202,2344,37.3
2026-06-09 17:42:03,5204,2345,28.1
2026-06-09 17:42:05,5206,2346,51.1
2026-06-09 17:42:07,5208,2347,37.8
2026-06-09 17:42:08,5209,2348,38.1
2026-06-09 17:42:10,5211,2349,45.6
2026-06-09 17:42:12,5213,2350,25.6
2026-06-09 17:42:15,5216,2351,31.7
2026-06-09 17:42:16,5217,2352,30.9
2026-06-09 17:42:19,5220,2353,15.0
2026-06-09 17:42:21,5222,2354,29.5
2026-06-09 17:42:23,5224,2355,38.9
2026-06-09 17:42:25,5226,2356,40.8
2026-06-09 17:42:27,5228,2357,23.8
2026-06-09 17:42:29,5230,2358,33.2
2026-06-09 17:42:31,5232,2359,32.2
2026-06-09 17:42:33,5234,2360,20.3
2026-06-09 17:42:35,5236,2361,31.4
2026-06-09 17:42:37,5238,2362,30.5
2026-06-09 17:42:39,5240,2363,32.2
2026-06-09 17:42:41,5242,2364,27.4
2026-06-09 17:42:43,5244,2365,37.0
2026-06-09 17:42:45,5246,2366,40.9
2026-06-09 17:42:47,5248,2367,22.2
2026-06-09 17:42:49,5250,2368,203
2026-06-09 17:42:51,5252,2369,33.6
2026-06-09 17:42:53,5254,2370,172
2026-06-09 17:42:55,5256,2371,34.6
2026-06-09 17:42:57,5258,2372,57.4
2026-06-09 17:42:59,5260,2373,33.8
2026-06-09 17:43:01,5262,2374,45.3
2026-06-09 17:43:03,5264,2375,56.9
2026-06-09 17:43:05,5266,2376,46.5
2026-06-09 17:43:07,5268,2377,44.1
2026-06-09 17:43:09,5270,2378,44.7
2026-06-09 17:43:11,5272,2379,50.4
2026-06-09 17:43:13,5274,2380,27.9
2026-06-09 17:43:15,5276,2381,34.1
2026-06-09 17:43:17,5278,2382,35.5
2026-06-09 17:43:19,5280,2383,86.2
2026-06-09 17:43:21,5282,2384,29.6
2026-06-09 17:43:23,5284,2385,31.2
2026-06-09 17:43:25,5286,2386,51.9
2026-06-09 17:43:27,5288,2387,41.4
2026-06-09 17:43:29,5290,2388,223
2026-06-09 17:43:31,5292,2389,48.9
2026-06-09 17:43:33,5294,2390,27.8
2026-06-09 17:43:35,5296,2391,39.1
2026-06-09 17:43:37,5298,2392,33.3
2026-06-09 17:43:39,5300,2393,40.5
2026-06-09 17:43:41,5302,2394,43.0
2026-06-09 17:43:43,5304,2395,31.9
2026-06-09 17:43:45,5306,2396,41.1
2026-06-09 17:43:47,5308,2397,39.5
2026-06-09 17:43:49,5310,2398,34.5
2026-06-09 17:43:51,5312,2399,43.3
2026-06-09 17:43:53,5314,2400,62.8
2026-06-09 17:43:55,5316,2401,46.4
2026-06-09 17:43:57,5318,2402,34.2
2026-06-09 17:43:59,5320,2403,34.5
2026-06-09 17:44:01,5322,2404,41.5
2026-06-09 17:44:03,5324,2405,34.1
2026-06-09 17:44:05,5326,2406,36.5
2026-06-09 17:44:07,5328,2407,47.0
2026-06-09 17:44:09,5330,2408,25.9
2026-06-09 17:44:11,5332,2409,21.5
2026-06-09 17:44:12,5333,2410,28.6
2026-06-09 17:44:14,5335,2411,29.3
2026-06-09 17:44:16,5337,2412,44.5
2026-06-09 17:44:18,5339,2413,29.0
2026-06-09 17:44:20,5341,2414,41.0
2026-06-09 17:44:22,5343,2415,33.9
2026-06-09 17:44:24,5345,2416,30.5
2026-06-09 17:44:26,5347,2417,35.8
2026-06-09 17:44:28,5349,2418,45.2
2026-06-09 17:44:30,5351,2419,39.8
2026-06-09 17:44:32,5353,2420,31.0
2026-06-09 17:44:34,5355,2421,36.1
2026-06-09 17:44:36,5357,2422,54.9
2026-06-09 17:44:38,5359,2423,62.0
2026-06-09 17:44:40,5361,2424,39.7
2026-06-09 17:44:42,5363,2425,39.0
2026-06-09 17:44:44,5365,2426,44.3
2026-06-09 17:44:46,5367,2427,33.6
2026-06-09 17:44:48,5369,2428,25.2
2026-06-09 17:44:50,5371,2429,56.9
2026-06-09 17:44:52,5373,2430,38.0
2026-06-09 17:44:54,5375,2431,41.9
2026-06-09 17:44:56,5377,2432,227
2026-06-09 17:44:58,5379,2433,27.5
2026-06-09 17:45:00,5381,2434,43.8
2026-06-09 17:45:02,5383,2435,34.2
2026-06-09 17:45:03,5384,2436,35.6
2026-06-09 17:45:05,5386,2437,51.7
2026-06-09 17:45:07,5388,2438,28.2
2026-06-09 17:45:09,5390,2439,49.4
2026-06-09 17:45:11,5392,2440,75.3
2026-06-09 17:45:13,5394,2441,35.5
2026-06-09 17:45:15,5396,2442,54.9
2026-06-09 17:45:17,5398,2443,31.6
2026-06-09 17:45:19,5400,2444,44.4
2026-06-09 17:45:21,5402,2445,240
2026-06-09 17:45:23,5404,2446,33.4
2026-06-09 17:45:25,5406,2447,36.4
2026-06-09 17:45:27,5408,2448,17.6
2026-06-09 17:45:29,5410,2449,34.3
2026-06-09 17:45:31,5412,2450,39.8
2026-06-09 17:45:33,5414,2451,35.3
2026-06-09 17:45:35,5416,2452,32.4
2026-06-09 17:45:37,5418,2453,52.3
2026-06-09 17:45:39,5420,2454,31.1
2026-06-09 17:45:41,5422,2455,50.9
2026-06-09 17:45:43,5424,2456,21.6
2026-06-09 17:45:45,5426,2457,37.9
2026-06-09 17:45:47,5428,2458,213
2026-06-09 17:45:49,5430,2459,54.9
2026-06-09 17:45:51,5432,2460,40.1
2026-06-09 17:45:52,5433,2461,37.0
2026-06-09 17:45:54,5435,2462,25.6
2026-06-09 17:45:56,5437,2463,37.1
2026-06-09 17:45:58,5439,2464,33.2
2026-06-09 17:46:00,5441,2465,43.3
2026-06-09 17:46:02,5443,2466,49.1
2026-06-09 17:46:04,5445,2467,40.5
2026-06-09 17:46:06,5447,2468,39.1
2026-06-09 17:46:08,5449,2469,50.9
2026-06-09 17:46:10,5451,2470,50.4
2026-06-09 17:46:12,5453,2471,253
2026-06-09 17:46:14,5455,2472,43.3
2026-06-09 17:46:16,5457,2473,52.1
2026-06-09 17:46:18,5459,2474,49.4
2026-06-09 17:46:20,5461,2475,29.1
2026-06-09 17:46:22,5463,2476,32.4
2026-06-09 17:46:24,5465,2477,29.7
2026-06-09 17:46:26,5467,2478,52.0
2026-06-09 17:46:28,5469,2479,34.6
2026-06-09 17:46:30,5471,2480,31.4
2026-06-09 17:46:32,5473,2481,30.8
2026-06-09 17:46:34,5475,2482,47.6
2026-06-09 17:46:36,5476,2483,29.2
2026-06-09 17:46:37,5478,2484,144
2026-06-09 17:46:39,5480,2485,37.6
2026-06-09 17:46:41,5482,2486,39.2
2026-06-09 17:46:43,5484,2487,32.8
2026-06-09 17:46:45,5486,2488,37.5
2026-06-09 17:46:47,5488,2489,40.2
2026-06-09 17:46:49,5490,2490,40.3
2026-06-09 17:46:51,5492,2491,25.0
2026-06-09 17:46:53,5494,2492,36.9
2026-06-09 17:46:55,5496,2493,44.9
2026-06-09 17:46:57,5498,2494,58.4
2026-06-09 17:46:59,5500,2495,29.6
2026-06-09 17:47:01,5502,2496,34.3
2026-06-09 17:47:03,5504,2497,80.5
2026-06-09 17:47:05,5506,2498,513
2026-06-09 17:47:07,5508,2499,315
2026-06-09 17:47:09,5510,2500,32.6
2026-06-09 17:47:11,5512,2501,151
2026-06-09 17:47:14,5515,2502,47.7
2026-06-09 17:47:16,5517,2503,397
2026-06-09 17:47:18,5519,2504,29.3
2026-06-09 17:47:20,5521,2505,97.1
2026-06-09 17:47:22,5523,2506,41.4
2026-06-09 17:47:24,5525,2507,33.9
2026-06-09 17:47:26,5527,2508,278
2026-06-09 17:47:28,5529,2509,263
2026-06-09 17:47:31,5532,2510,277
2026-06-09 17:47:33,5534,2511,257
2026-06-09 17:47:35,5536,2512,242
2026-06-09 17:47:37,5538,2513,258
2026-06-09 17:47:39,5540,2514,244
2026-06-09 17:47:41,5542,2515,237
2026-06-09 17:47:43,5544,2516,275
2026-06-09 17:47:45,5546,2517,258
2026-06-09 17:47:47,5548,2518,261
2026-06-09 17:47:49,5550,2519,38.5
2026-06-09 17:47:51,5552,2520,25.8
2026-06-09 17:47:53,5554,2521,267
2026-06-09 17:47:56,5557,2522,25.2
2026-06-09 17:47:59,5560,2523,81.8
2026-06-09 17:48:01,5562,2524,46.1
2026-06-09 17:48:04,5565,2525,25.5
2026-06-09 17:48:07,5568,2526,60.1
2026-06-09 17:48:09,5570,2527,82.4
2026-06-09 17:48:12,5573,2528,181
2026-06-09 17:48:15,5576,2529,38.1
2026-06-09 17:48:17,5578,2530,49.6
2026-06-09 17:48:20,5581,2531,42.9
2026-06-09 17:48:22,5583,2532,39.7
2026-06-09 17:48:25,5586,2533,57.6
2026-06-09 17:48:27,5588,2534,304
2026-06-09 17:48:30,5591,2535,444
2026-06-09 17:48:33,5594,2536,585
2026-06-09 17:48:35,5596,2537,48.9
2026-06-09 17:48:37,5598,2538,245
2026-06-09 17:48:40,5601,2539,29.3
2026-06-09 17:48:42,5603,2540,25.7
2026-06-09 17:48:44,5605,2541,107
2026-06-09 17:48:46,5607,2542,34.3
2026-06-09 17:48:48,5609,2543,31.8
2026-06-09 17:48:50,5611,2544,46.9
2026-06-09 17:48:52,5613,2545,44.1
2026-06-09 17:48:54,5615,2546,23.5
2026-06-09 17:48:56,5617,2547,35.5
2026-06-09 17:48:58,5619,2548,29.5
2026-06-09 17:49:00,5621,2549,20.5
2026-06-09 17:49:02,5623,2550,40.1
2026-06-09 17:49:04,5625,2551,41.2
2026-06-09 17:49:06,5627,2552,31.7
2026-06-09 17:49:08,5629,2553,45.4
2026-06-09 17:49:11,5632,2554,33.5
2026-06-09 17:49:13,5634,2555,38.9
2026-06-09 17:49:15,5636,2556,32.2
2026-06-09 17:49:17,5638,2557,38.1
2026-06-09 17:49:19,5640,2558,38.4
2026-06-09 17:49:21,5642,2559,32.8
2026-06-09 17:49:23,5644,2560,38.3
2026-06-09 17:49:25,5646,2561,36.7
2026-06-09 17:49:27,5648,2562,26.6
2026-06-09 17:49:29,5650,2563,33.1
2026-06-09 17:49:31,5652,2564,28.2
2026-06-09 17:49:33,5654,2565,30.2
2026-06-09 17:49:35,5656,2566,30.0
2026-06-09 17:49:37,5658,2567,32.0
2026-06-09 17:49:39,5660,2568,187
2026-06-09 17:49:41,5662,2569,53.3
2026-06-09 17:49:43,5664,2570,25.0
2026-06-09 17:49:45,5666,2571,27.7
2026-06-09 17:49:47,5668,2572,55.5
2026-06-09 17:49:49,5670,2573,42.6
2026-06-09 17:49:51,5672,2574,37.2
2026-06-09 17:49:53,5674,2575,28.2
2026-06-09 17:49:55,5676,2576,29.8
2026-06-09 17:49:57,5678,2577,40.1
2026-06-09 17:49:59,5680,2578,25.8
2026-06-09 17:50:01,5682,2579,25.0
2026-06-09 17:50:03,5684,2580,36.9
2026-06-09 17:50:05,5686,2581,32.6
2026-06-09 17:50:07,5688,2582,35.0
2026-06-09 17:50:09,5690,2583,28.8
2026-06-09 17:50:11,5692,2584,20.8
2026-06-09 17:50:13,5694,2585,39.2
2026-06-09 17:50:15,5696,2586,28.5
2026-06-09 17:50:17,5698,2587,31.4
2026-06-09 17:50:19,5700,2588,18.5
2026-06-09 17:50:21,5702,2589,54.7
2026-06-09 17:50:23,5704,2590,79.9
2026-06-09 17:50:25,5706,2591,27.0
2026-06-09 17:50:27,5708,2592,43.5
2026-06-09 17:50:29,5710,2593,33.5
2026-06-09 17:50:31,5712,2594,23.7
2026-06-09 17:50:33,5714,2595,27.2
2026-06-09 17:50:35,5716,2596,155
2026-06-09 17:50:37,5718,2597,13.6
2026-06-09 17:50:39,5720,2598,30.7
2026-06-09 17:50:41,5722,2599,45.0
2026-06-09 17:50:43,5724,2600,40.0
2026-06-09 17:50:45,5726,2601,39.0
2026-06-09 17:50:47,5728,2602,33.3
2026-06-09 17:50:49,5730,2603,54.4
2026-06-09 17:50:51,5732,2604,37.7
2026-06-09 17:50:53,5734,2605,45.8
2026-06-09 17:50:55,5736,2606,26.9
2026-06-09 17:50:57,5738,2607,39.8
2026-06-09 17:50:59,5740,2608,30.4
2026-06-09 17:51:01,5742,2609,25.3
2026-06-09 17:51:03,5744,2610,41.2
2026-06-09 17:51:05,5746,2611,33.0
2026-06-09 17:51:07,5748,2612,34.3
2026-06-09 17:51:09,5750,2613,41.5
2026-06-09 17:51:11,5752,2614,52.1
2026-06-09 17:51:13,5754,2615,35.0
2026-06-09 17:51:15,5756,2616,37.3
2026-06-09 17:51:17,5758,2617,31.2
2026-06-09 17:51:19,5760,2618,32.3
2026-06-09 17:51:21,5762,2619,205
2026-06-09 17:51:23,5764,2620,44.9
2026-06-09 17:51:25,5766,2621,44.1
2026-06-09 17:51:27,5768,2622,24.2
2026-06-09 17:51:29,5770,2623,39.8
2026-06-09 17:51:31,5772,2624,43.2
2026-06-09 17:51:33,5774,2625,34.4
2026-06-09 17:51:35,5776,2626,23.8
2026-06-09 17:51:38,5778,2627,42.3
2026-06-09 17:51:40,5781,2628,49.7
2026-06-09 17:51:42,5783,2629,47.1
2026-06-09 17:51:44,5785,2630,27.6
2026-06-09 17:51:46,5787,2631,21.7
2026-06-09 17:51:48,5789,2632,31.4
2026-06-09 17:51:50,5791,2633,30.4
2026-06-09 17:51:52,5793,2634,28.7
2026-06-09 17:51:54,5795,2635,49.2
2026-06-09 17:51:56,5797,2636,30.9
2026-06-09 17:51:58,5799,2637,21.8
2026-06-09 17:52:00,5801,2638,49.1
2026-06-09 17:52:02,5803,2639,24.8
2026-06-09 17:52:04,5805,2640,37.3
2026-06-09 17:52:06,5807,2641,23.1
2026-06-09 17:52:08,5809,2642,28.0
2026-06-09 17:52:10,5811,2643,49.2
2026-06-09 17:52:12,5813,2644,42.7
2026-06-09 17:52:14,5815,2645,36.5
2026-06-09 17:52:16,5817,2646,33.9
2026-06-09 17:52:18,5819,2647,204
2026-06-09 17:52:20,5821,2648,29.0
2026-06-09 17:52:22,5823,2649,63.8
2026-06-09 17:52:24,5825,2650,31.0
2026-06-09 17:52:26,5827,2651,29.0
2026-06-09 17:52:28,5829,2652,51.7
2026-06-09 17:52:30,5831,2653,16.8
2026-06-09 17:52:32,5833,2654,50.2
2026-06-09 17:52:34,5835,2655,25.2
2026-06-09 17:52:36,5837,2656,41.8
2026-06-09 17:52:38,5839,2657,29.1
2026-06-09 17:52:40,5841,2658,36.5
2026-06-09 17:52:42,5843,2659,46.9
2026-06-09 17:52:44,5845,2660,37.6
2026-06-09 17:52:46,5847,2661,24.9
2026-06-09 17:52:48,5849,2662,27.3
2026-06-09 17:52:50,5851,2663,37.4
2026-06-09 17:52:52,5853,2664,15.6
2026-06-09 17:52:54,5855,2665,22.9
2026-06-09 17:52:56,5857,2666,30.1
2026-06-09 17:52:58,5859,2667,26.1
2026-06-09 17:53:00,5861,2668,25.0
2026-06-09 17:53:02,5863,2669,32.7
2026-06-09 17:53:04,5865,2670,50.4
2026-06-09 17:53:06,5867,2671,42.6
2026-06-09 17:53:08,5869,2672,99.2
2026-06-09 17:53:10,5871,2673,33.4
2026-06-09 17:53:12,5873,2674,33.8
2026-06-09 17:53:14,5875,2675,49.4
2026-06-09 17:53:16,5877,2676,NA
2026-06-09 17:53:18,5879,2677,81.3
2026-06-09 17:53:20,5881,2678,39.3
2026-06-09 17:53:22,5883,2679,197
2026-06-09 17:53:25,5885,2680,29.0
2026-06-09 17:53:27,5888,2681,40.7
2026-06-09 17:53:29,5890,2682,59.2
2026-06-09 17:53:31,5892,2683,20.9
2026-06-09 17:53:33,5894,2684,29.0
2026-06-09 17:53:34,5895,2685,28.4
2026-06-09 17:53:37,5898,2686,36.1
2026-06-09 17:53:38,5899,2687,44.5
2026-06-09 17:53:40,5901,2688,29.0
2026-06-09 17:53:42,5903,2689,32.4
2026-06-09 17:53:44,5905,2690,35.6
2026-06-09 17:53:46,5907,2691,50.6
2026-06-09 17:53:48,5909,2692,49.2
2026-06-09 17:53:50,5911,2693,36.2
2026-06-09 17:53:52,5913,2694,51.0
2026-06-09 17:53:54,5915,2695,49.0
2026-06-09 17:53:56,5917,2696,29.6
2026-06-09 17:53:58,5919,2697,26.9
2026-06-09 17:54:01,5922,2698,34.2
2026-06-09 17:54:02,5923,2699,37.0
2026-06-09 17:54:04,5925,2700,57.9
2026-06-09 17:54:06,5927,2701,46.9
2026-06-09 17:54:08,5929,2702,32.8
2026-06-09 17:54:10,5931,2703,34.2
2026-06-09 17:54:12,5933,2704,47.8
2026-06-09 17:54:14,5935,2705,38.5
2026-06-09 17:54:16,5937,2706,31.3
2026-06-09 17:54:18,5939,2707,35.7
2026-06-09 17:54:20,5941,2708,54.4
2026-06-09 17:54:22,5943,2709,22.5
2026-06-09 17:54:24,5945,2710,41.2
2026-06-09 17:54:26,5947,2711,39.5
2026-06-09 17:54:28,5949,2712,46.7
2026-06-09 17:54:30,5951,2713,36.7
2026-06-09 17:54:32,5953,2714,40.9
2026-06-09 17:54:34,5955,2715,61.7
2026-06-09 17:54:36,5957,2716,35.7
2026-06-09 17:54:38,5959,2717,58.8
2026-06-09 17:54:40,5961,2718,59.6
2026-06-09 17:54:42,5963,2719,44.1
2026-06-09 17:54:44,5965,2720,35.6
2026-06-09 17:54:46,5967,2721,61.8
2026-06-09 17:54:48,5969,2722,35.6
2026-06-09 17:54:50,5971,2723,40.6
2026-06-09 17:54:52,5973,2724,49.2
2026-06-09 17:54:54,5975,2725,45.0
2026-06-09 17:54:56,5977,2726,151
2026-06-09 17:54:58,5979,2727,54.1
2026-06-09 17:55:00,5981,2728,56.6
2026-06-09 17:55:02,5983,2729,41.6
2026-06-09 17:55:04,5985,2730,55.7
2026-06-09 17:55:06,5987,2731,28.5
2026-06-09 17:55:08,5989,2732,34.2
2026-06-09 17:55:10,5991,2733,28.7
2026-06-09 17:55:12,5993,2734,47.3
2026-06-09 17:55:14,5995,2735,49.9
2026-06-09 17:55:16,5997,2736,40.5
2026-06-09 17:55:17,5998,2737,33.5
2026-06-09 17:55:19,6000,2738,50.5
2026-06-09 17:55:21,6002,2739,23.6
2026-06-09 17:55:23,6004,2740,29.7
2026-06-09 17:55:25,6006,2741,34.1
2026-06-09 17:55:27,6008,2742,27.7
2026-06-09 17:55:29,6010,2743,41.5
2026-06-09 17:55:31,6012,2744,31.1
2026-06-09 17:55:33,6014,2745,32.9
2026-06-09 17:55:35,6016,2746,41.9
2026-06-09 17:55:37,6018,2747,50.3
2026-06-09 17:55:39,6020,2748,34.1
2026-06-09 17:55:41,6022,2749,36.8
2026-06-09 17:55:43,6024,2750,33.4
2026-06-09 17:55:45,6026,2751,50.3
2026-06-09 17:55:47,6028,2752,16.1
2026-06-09 17:55:49,6030,2753,32.4
2026-06-09 17:55:51,6032,2754,45.8
2026-06-09 17:55:53,6034,2755,42.8
2026-06-09 17:55:55,6036,2756,41.1
2026-06-09 17:55:57,6038,2757,203
2026-06-09 17:55:59,6040,2758,72.6
2026-06-09 17:56:01,6042,2759,35.2
2026-06-09 17:56:03,6044,2760,23.7
2026-06-09 17:56:05,6046,2761,45.1
2026-06-09 17:56:07,6048,2762,47.9
2026-06-09 17:56:09,6050,2763,26.2
2026-06-09 17:56:11,6052,2764,41.3
2026-06-09 17:56:13,6054,2765,31.7
2026-06-09 17:56:15,6056,2766,40.8
2026-06-09 17:56:17,6058,2767,26.5
2026-06-09 17:56:19,6060,2768,35.7
2026-06-09 17:56:21,6062,2769,41.5
2026-06-09 17:56:23,6064,2770,41.3
2026-06-09 17:56:25,6066,2771,43.2
2026-06-09 17:56:27,6068,2772,65.4
2026-06-09 17:56:29,6070,2773,27.5
2026-06-09 17:56:31,6072,2774,32.0
2026-06-09 17:56:32,6073,2775,35.2
2026-06-09 17:56:34,6075,2776,35.1
2026-06-09 17:56:36,6077,2777,27.7
2026-06-09 17:56:38,6079,2778,35.7
2026-06-09 17:56:40,6081,2779,65.5
2026-06-09 17:56:42,6083,2780,42.3
2026-06-09 17:56:44,6085,2781,30.5
2026-06-09 17:56:46,6087,2782,56.3
2026-06-09 17:56:48,6089,2783,28.9
2026-06-09 17:56:50,6091,2784,31.4
2026-06-09 17:56:52,6093,2785,47.9
2026-06-09 17:56:54,6095,2786,55.3
2026-06-09 17:56:56,6097,2787,50.1
2026-06-09 17:56:58,6099,2788,43.1
2026-06-09 17:57:00,6101,2789,42.8
2026-06-09 17:57:02,6103,2790,36.9
2026-06-09 17:57:04,6105,2791,29.8
2026-06-09 17:57:06,6107,2792,31.7
2026-06-09 17:57:08,6109,2793,44.8
2026-06-09 17:57:10,6111,2794,26.5
2026-06-09 17:57:12,6113,2795,44.7
2026-06-09 17:57:14,6115,2796,32.7
2026-06-09 17:57:16,6117,2797,36.3
2026-06-09 17:57:18,6119,2798,27.2
2026-06-09 17:57:20,6121,2799,36.9
2026-06-09 17:57:21,6122,2800,33.3
2026-06-09 17:57:23,6124,2801,36.2
2026-06-09 17:57:25,6126,2802,19.7
2026-06-09 17:57:27,6128,2803,37.3
2026-06-09 17:57:29,6130,2804,32.7
2026-06-09 17:57:31,6132,2805,290
2026-06-09 17:57:34,6135,2806,237
2026-06-09 17:57:36,6137,2807,37.2
2026-06-09 17:57:38,6139,2808,39.5
2026-06-09 17:57:40,6141,2809,30.6
2026-06-09 17:57:42,6143,2810,31.0
2026-06-09 17:57:44,6145,2811,34.8
2026-06-09 17:57:45,6146,2812,35.0
2026-06-09 17:57:47,6148,2813,37.0
2026-06-09 17:57:49,6150,2814,36.2
2026-06-09 17:57:51,6152,2815,30.0
2026-06-09 17:57:53,6154,2816,36.5
2026-06-09 17:57:55,6156,2817,53.2
2026-06-09 17:57:57,6158,2818,34.5
2026-06-09 17:57:59,6160,2819,55.4
2026-06-09 17:58:01,6162,2820,35.1
2026-06-09 17:58:03,6164,2821,30.4
2026-06-09 17:58:05,6166,2822,31.4
2026-06-09 17:58:07,6168,2823,32.2
2026-06-09 17:58:09,6170,2824,21.4
2026-06-09 17:58:11,6172,2825,42.3
2026-06-09 17:58:13,6174,2826,25.0
2026-06-09 17:58:15,6176,2827,31.0
2026-06-09 17:58:17,6178,2828,28.0
2026-06-09 17:58:19,6180,2829,44.8
2026-06-09 17:58:21,6182,2830,27.7
2026-06-09 17:58:23,6184,2831,27.3
2026-06-09 17:58:25,6186,2832,42.5
2026-06-09 17:58:27,6188,2833,43.2
2026-06-09 17:58:29,6190,2834,50.7
2026-06-09 17:58:31,6192,2835,38.6
2026-06-09 17:58:33,6194,2836,63.1
2026-06-09 17:58:35,6196,2837,34.4
2026-06-09 17:58:37,6198,2838,37.7
2026-06-09 17:58:39,6200,2839,39.4
2026-06-09 17:58:41,6202,2840,47.3
2026-06-09 17:58:43,6204,2841,28.6
2026-06-09 17:58:45,6206,2842,32.7
2026-06-09 17:58:47,6208,2843,30.3
2026-06-09 17:58:48,6209,2844,42.1
2026-06-09 17:58:51,6212,2845,25.5
2026-06-09 17:58:52,6213,2846,48.4
2026-06-09 17:58:55,6216,2847,28.5
2026-06-09 17:58:56,6217,2848,39.2
2026-06-09 17:58:58,6219,2849,40.7
2026-06-09 17:59:00,6221,2850,34.4
2026-06-09 17:59:02,6223,2851,54.0
2026-06-09 17:59:04,6225,2852,24.3
2026-06-09 17:59:06,6227,2853,72.2
2026-06-09 17:59:08,6229,2854,36.9
2026-06-09 17:59:10,6231,2855,38.4
2026-06-09 17:59:12,6233,2856,50.4
2026-06-09 17:59:14,6235,2857,44.4
2026-06-09 17:59:16,6237,2858,25.4
2026-06-09 17:59:18,6239,2859,48.0
2026-06-09 17:59:20,6241,2860,43.5
2026-06-09 17:59:22,6243,2861,22.9
2026-06-09 17:59:24,6245,2862,32.1
2026-06-09 17:59:26,6247,2863,22.2
2026-06-09 17:59:28,6249,2864,52.7
2026-06-09 17:59:30,6251,2865,45.6
2026-06-09 17:59:32,6253,2866,33.8
2026-06-09 17:59:34,6255,2867,41.2
2026-06-09 17:59:36,6257,2868,37.9
2026-06-09 17:59:38,6259,2869,25.3
2026-06-09 17:59:40,6261,2870,39.2
2026-06-09 17:59:42,6263,2871,53.2
2026-06-09 17:59:44,6265,2872,23.9
2026-06-09 17:59:46,6267,2873,62.9
2026-06-09 17:59:48,6269,2874,32.5
2026-06-09 17:59:50,6271,2875,28.2
2026-06-09 17:59:52,6273,2876,30.8
2026-06-09 17:59:54,6275,2877,28.9
2026-06-09 17:59:56,6277,2878,59.6
2026-06-09 17:59:58,6279,2879,38.5
2026-06-09 18:00:00,6281,2880,35.0
2026-06-09 18:00:02,6283,2881,40.8
2026-06-09 18:00:04,6285,2882,222
2026-06-09 18:00:06,6287,2883,38.7
2026-06-09 18:00:08,6289,2884,22.2
2026-06-09 18:00:10,6291,2885,44.3
2026-06-09 18:00:12,6293,2886,39.8
2026-06-09 18:00:14,6295,2887,45.2
2026-06-09 18:00:16,6297,2888,42.7
2026-06-09 18:00:18,6299,2889,40.2
2026-06-09 18:00:20,6301,2890,50.9
2026-06-09 18:00:22,6303,2891,27.1
2026-06-09 18:00:24,6305,2892,37.5
2026-06-09 18:00:26,6307,2893,46.0
2026-06-09 18:00:28,6309,2894,42.4
2026-06-09 18:00:30,6311,2895,32.7
2026-06-09 18:00:32,6313,2896,36.1
2026-06-09 18:00:34,6315,2897,36.9
2026-06-09 18:00:36,6317,2898,35.6
2026-06-09 18:00:38,6319,2899,39.8
2026-06-09 18:00:40,6321,2900,47.5
2026-06-09 18:00:42,6323,2901,29.4
2026-06-09 18:00:44,6325,2902,46.6
2026-06-09 18:00:45,6326,2903,26.5
2026-06-09 18:00:47,6328,2904,29.9
2026-06-09 18:00:49,6330,2905,36.8
2026-06-09 18:00:51,6332,2906,27.8
2026-06-09 18:00:53,6334,2907,49.6
2026-06-09 18:00:55,6336,2908,50.2
2026-06-09 18:00:57,6338,2909,46.2
2026-06-09 18:00:59,6340,2910,44.4
2026-06-09 18:01:01,6342,2911,37.1
2026-06-09 18:01:03,6344,2912,43.3
2026-06-09 18:01:05,6346,2913,29.0
2026-06-09 18:01:07,6348,2914,35.2
2026-06-09 18:01:09,6350,2915,32.5
2026-06-09 18:01:11,6352,2916,44.0
2026-06-09 18:01:13,6354,2917,35.5
2026-06-09 18:01:15,6356,2918,70.1
2026-06-09 18:01:17,6358,2919,38.8
2026-06-09 18:01:19,6360,2920,33.4
2026-06-09 18:01:21,6362,2921,31.0
2026-06-09 18:01:23,6364,2922,36.4
2026-06-09 18:01:25,6366,2923,30.2
2026-06-09 18:01:27,6368,2924,39.4
2026-06-09 18:01:29,6370,2925,48.8
2026-06-09 18:01:31,6372,2926,35.8
2026-06-09 18:01:33,6374,2927,41.6
2026-06-09 18:01:35,6376,2928,31.7
2026-06-09 18:01:36,6377,2929,29.2
2026-06-09 18:01:38,6379,2930,40.8
2026-06-09 18:01:40,6381,2931,31.3
2026-06-09 18:01:42,6383,2932,38.1
2026-06-09 18:01:44,6385,2933,31.3
2026-06-09 18:01:46,6387,2934,33.7
2026-06-09 18:01:48,6389,2935,280
2026-06-09 18:01:50,6391,2936,182
2026-06-09 18:01:52,6393,2937,167
2026-06-09 18:01:55,6396,2938,94.0
2026-06-09 18:01:57,6398,2939,467
2026-06-09 18:01:59,6400,2940,45.5
2026-06-09 18:02:01,6402,2941,32.4
2026-06-09 18:02:03,6404,2942,31.5
2026-06-09 18:02:05,6406,2943,29.8
2026-06-09 18:02:07,6408,2944,226
2026-06-09 18:02:10,6411,2945,359
2026-06-09 18:02:12,6413,2946,276
2026-06-09 18:02:14,6415,2947,260
2026-06-09 18:02:16,6417,2948,228
2026-06-09 18:02:18,6419,2949,257
2026-06-09 18:02:20,6421,2950,225
2026-06-09 18:02:22,6423,2951,259
2026-06-09 18:02:24,6425,2952,253
2026-06-09 18:02:26,6427,2953,243
2026-06-09 18:02:28,6429,2954,244
2026-06-09 18:02:30,6431,2955,165
2026-06-09 18:02:32,6433,2956,47.7
2026-06-09 18:02:34,6435,2957,635
2026-06-09 18:02:37,6438,2958,25.6
2026-06-09 18:02:40,6441,2959,33.4
2026-06-09 18:02:42,6443,2960,62.6
2026-06-09 18:02:45,6446,2961,55.6
2026-06-09 18:02:48,6449,2962,71.2
2026-06-09 18:02:50,6451,2963,58.7
2026-06-09 18:02:52,6453,2964,24.2
2026-06-09 18:02:55,6456,2965,48.8
2026-06-09 18:02:58,6459,2966,33.4
2026-06-09 18:03:01,6462,2967,37.7
2026-06-09 18:03:04,6465,2968,40.0
2026-06-09 18:03:06,6467,2969,83.8
2026-06-09 18:03:09,6470,2970,46.5
2026-06-09 18:03:11,6472,2971,518
2026-06-09 18:03:14,6475,2972,401
2026-06-09 18:03:17,6478,2973,495
2026-06-09 18:03:19,6480,2974,145
2026-06-09 18:03:22,6483,2975,139
2026-06-09 18:03:24,6485,2976,41.1
2026-06-09 18:03:26,6487,2977,36.0
2026-06-09 18:03:28,6489,2978,45.0
2026-06-09 18:03:30,6491,2979,34.0
2026-06-09 18:03:32,6493,2980,24.7
2026-06-09 18:03:34,6495,2981,34.6
2026-06-09 18:03:36,6497,2982,14.0
2026-06-09 18:03:39,6500,2983,36.3
2026-06-09 18:03:41,6502,2984,36.6
2026-06-09 18:03:43,6504,2985,14.4
2026-06-09 18:03:45,6506,2986,29.7
2026-06-09 18:03:47,6508,2987,45.1
2026-06-09 18:03:49,6510,2988,20.3
2026-06-09 18:03:51,6512,2989,34.6
2026-06-09 18:03:53,6514,2990,23.3
2026-06-09 18:03:55,6516,2991,39.8
2026-06-09 18:03:57,6518,2992,119
2026-06-09 18:03:59,6520,2993,57.3
2026-06-09 18:04:01,6522,2994,30.4
2026-06-09 18:04:03,6524,2995,41.4
2026-06-09 18:04:05,6526,2996,35.3
2026-06-09 18:04:07,6528,2997,90.0
2026-06-09 18:04:09,6530,2998,14.7
2026-06-09 18:04:11,6532,2999,25.3
2026-06-09 18:04:13,6534,3000,42.9
2026-06-09 18:04:15,6536,3001,53.0
2026-06-09 18:04:17,6538,3002,50.5
2026-06-09 18:04:19,6540,3003,35.1
2026-06-09 18:04:21,6542,3004,22.3
2026-06-09 18:04:23,6544,3005,31.5
2026-06-09 18:04:25,6546,3006,27.5
2026-06-09 18:04:27,6548,3007,32.7
2026-06-09 18:04:29,6550,3008,32.4
2026-06-09 18:04:31,6552,3009,38.6
2026-06-09 18:04:33,6554,3010,19.0
2026-06-09 18:04:35,6556,3011,42.2
2026-06-09 18:04:37,6558,3012,24.4
2026-06-09 18:04:39,6560,3013,14.4
2026-06-09 18:04:42,6563,3014,27.8
2026-06-09 18:04:44,6565,3015,45.4
2026-06-09 18:04:46,6567,3016,27.7
2026-06-09 18:04:48,6569,3017,17.0
2026-06-09 18:04:50,6571,3018,33.3
2026-06-09 18:04:52,6573,3019,28.4
2026-06-09 18:04:54,6575,3020,21.4
2026-06-09 18:04:56,6577,3021,26.2
2026-06-09 18:04:58,6579,3022,21.8
2026-06-09 18:05:00,6581,3023,25.9
2026-06-09 18:05:02,6583,3024,36.3
2026-06-09 18:05:04,6585,3025,24.6
2026-06-09 18:05:06,6587,3026,23.4
2026-06-09 18:05:07,6588,3027,40.3
2026-06-09 18:05:09,6590,3028,23.5
2026-06-09 18:05:11,6592,3029,23.8
2026-06-09 18:05:13,6594,3030,31.1
2026-06-09 18:05:16,6597,3031,35.1
2026-06-09 18:05:17,6598,3032,36.8
2026-06-09 18:05:19,6600,3033,30.4
2026-06-09 18:05:21,6602,3034,50.2
2026-06-09 18:05:23,6604,3035,29.5
2026-06-09 18:05:25,6606,3036,30.0
2026-06-09 18:05:27,6608,3037,39.6
2026-06-09 18:05:29,6610,3038,28.9
2026-06-09 18:05:31,6612,3039,30.4
2026-06-09 18:05:33,6614,3040,31.3
2026-06-09 18:05:35,6616,3041,27.2
2026-06-09 18:05:37,6618,3042,27.7
2026-06-09 18:05:39,6620,3043,291
2026-06-09 18:05:41,6622,3044,29.6
2026-06-09 18:05:43,6624,3045,52.1
2026-06-09 18:05:45,6626,3046,30.9
2026-06-09 18:05:47,6628,3047,38.4
2026-06-09 18:05:49,6630,3048,27.5
2026-06-09 18:05:51,6632,3049,18.4
2026-06-09 18:05:53,6634,3050,26.4
2026-06-09 18:05:55,6636,3051,32.6
2026-06-09 18:05:56,6637,3052,19.7
2026-06-09 18:05:58,6639,3053,40.4
2026-06-09 18:06:00,6641,3054,25.4
2026-06-09 18:06:02,6643,3055,54.4
2026-06-09 18:06:04,6645,3056,25.1
2026-06-09 18:06:06,6647,3057,26.2
2026-06-09 18:06:08,6649,3058,34.4
2026-06-09 18:06:10,6651,3059,34.7
2026-06-09 18:06:12,6653,3060,28.4
2026-06-09 18:06:14,6655,3061,24.8
2026-06-09 18:06:16,6657,3062,28.0
2026-06-09 18:06:18,6659,3063,40.9
2026-06-09 18:06:20,6661,3064,260
2026-06-09 18:06:22,6663,3065,33.3
2026-06-09 18:06:24,6665,3066,28.0
2026-06-09 18:06:26,6667,3067,35.8
2026-06-09 18:06:28,6669,3068,46.6
2026-06-09 18:06:30,6671,3069,38.6
2026-06-09 18:06:31,6672,3070,37.9
2026-06-09 18:06:33,6674,3071,43.3
2026-06-09 18:06:35,6676,3072,30.0
2026-06-09 18:06:37,6678,3073,43.4
2026-06-09 18:06:39,6680,3074,28.3
2026-06-09 18:06:41,6682,3075,35.2
2026-06-09 18:06:43,6684,3076,36.2
2026-06-09 18:06:45,6686,3077,33.8
2026-06-09 18:06:47,6688,3078,38.8
2026-06-09 18:06:49,6690,3079,35.8
2026-06-09 18:06:51,6692,3080,27.2
2026-06-09 18:06:53,6694,3081,30.4
2026-06-09 18:06:55,6696,3082,43.6
2026-06-09 18:06:57,6698,3083,29.6
2026-06-09 18:06:59,6700,3084,32.5
2026-06-09 18:07:01,6702,3085,28.4
2026-06-09 18:07:03,6704,3086,26.3
2026-06-09 18:07:04,6705,3087,28.7
2026-06-09 18:07:06,6707,3088,40.9
2026-06-09 18:07:08,6709,3089,26.3
2026-06-09 18:07:10,6711,3090,33.8
2026-06-09 18:07:12,6713,3091,29.5
2026-06-09 18:07:14,6715,3092,33.7
2026-06-09 18:07:16,6717,3093,26.1
2026-06-09 18:07:18,6719,3094,36.8
2026-06-09 18:07:20,6721,3095,35.5
2026-06-09 18:07:22,6723,3096,24.9
2026-06-09 18:07:24,6725,3097,38.5
2026-06-09 18:07:26,6727,3098,43.9
2026-06-09 18:07:28,6729,3099,33.1
2026-06-09 18:07:30,6731,3100,33.4
2026-06-09 18:07:32,6733,3101,42.5
2026-06-09 18:07:34,6735,3102,44.7
2026-06-09 18:07:36,6737,3103,200
2026-06-09 18:07:38,6739,3104,56.3
2026-06-09 18:07:40,6741,3105,36.0
2026-06-09 18:07:42,6743,3106,33.3
2026-06-09 18:07:44,6745,3107,36.3
2026-06-09 18:07:46,6747,3108,42.7
2026-06-09 18:07:48,6749,3109,30.4
2026-06-09 18:07:50,6751,3110,37.5
2026-06-09 18:07:52,6753,3111,27.4
2026-06-09 18:07:53,6754,3112,37.5
2026-06-09 18:07:56,6757,3113,26.3
2026-06-09 18:07:58,6759,3114,79.8
2026-06-09 18:08:00,6761,3115,83.8
2026-06-09 18:08:02,6763,3116,219
2026-06-09 18:08:04,6765,3117,47.0
2026-06-09 18:08:06,6767,3118,24.2
2026-06-09 18:08:08,6769,3119,33.3
2026-06-09 18:08:10,6771,3120,37.8
2026-06-09 18:08:12,6773,3121,122
2026-06-09 18:08:14,6775,3122,254
2026-06-09 18:08:16,6777,3123,239
2026-06-09 18:08:18,6779,3124,110
2026-06-09 18:08:21,6782,3125,261
2026-06-09 18:08:23,6784,3126,266
2026-06-09 18:08:25,6786,3127,254
2026-06-09 18:08:27,6788,3128,234
2026-06-09 18:08:29,6790,3129,175
2026-06-09 18:08:31,6792,3130,243
2026-06-09 18:08:33,6794,3131,219
2026-06-09 18:08:35,6796,3132,200
2026-06-09 18:08:37,6798,3133,96.0
2026-06-09 18:08:40,6801,3134,60.9
2026-06-09 18:08:42,6803,3135,17.0
2026-06-09 18:08:45,6806,3136,80.3
2026-06-09 18:08:47,6808,3137,53.4
2026-06-09 18:08:50,6811,3138,26.2
2026-06-09 18:08:53,6814,3139,48.1
2026-06-09 18:08:55,6816,3140,346
2026-06-09 18:08:58,6819,3141,213
2026-06-09 18:09:01,6822,3142,28.6
2026-06-09 18:09:04,6825,3143,53.4
2026-06-09 18:09:07,6828,3144,45.5
2026-06-09 18:09:10,6831,3145,30.9
2026-06-09 18:09:13,6834,3146,63.1
2026-06-09 18:09:15,6836,3147,502
2026-06-09 18:09:18,6839,3148,283
2026-06-09 18:09:20,6841,3149,132
2026-06-09 18:09:23,6844,3150,38.4
2026-06-09 18:09:25,6846,3151,25.4
2026-06-09 18:09:28,6849,3152,38.3
2026-06-09 18:09:30,6851,3153,146
2026-06-09 18:09:32,6853,3154,557
2026-06-09 18:09:34,6855,3155,158
2026-06-09 18:09:36,6857,3156,38.7
2026-06-09 18:09:38,6859,3157,45.8
2026-06-09 18:09:40,6861,3158,217
2026-06-09 18:09:42,6863,3159,22.6
2026-06-09 18:09:45,6866,3160,25.7
2026-06-09 18:09:47,6868,3161,26.7
2026-06-09 18:09:49,6870,3162,14.7
2026-06-09 18:09:51,6872,3163,37.2
2026-06-09 18:09:53,6874,3164,39.0
2026-06-09 18:09:55,6876,3165,27.2
2026-06-09 18:09:57,6878,3166,29.7
2026-06-09 18:09:59,6880,3167,46.2
2026-06-09 18:10:01,6882,3168,32.7
2026-06-09 18:10:03,6884,3169,41.0
2026-06-09 18:10:05,6886,3170,28.8
2026-06-09 18:10:07,6888,3171,28.9
2026-06-09 18:10:09,6890,3172,25.8
2026-06-09 18:10:11,6892,3173,41.5
2026-06-09 18:10:13,6894,3174,34.6
2026-06-09 18:10:15,6896,3175,30.8
2026-06-09 18:10:17,6898,3176,28.3
2026-06-09 18:10:19,6900,3177,32.6
2026-06-09 18:10:21,6902,3178,29.7
2026-06-09 18:10:23,6904,3179,34.3
2026-06-09 18:10:25,6906,3180,69.2
2026-06-09 18:10:27,6908,3181,42.1
2026-06-09 18:10:29,6910,3182,15.6
2026-06-09 18:10:31,6912,3183,35.3
2026-06-09 18:10:33,6914,3184,50.2
2026-06-09 18:10:35,6916,3185,29.7
2026-06-09 18:10:37,6918,3186,14.2
2026-06-09 18:10:39,6920,3187,34.7
2026-06-09 18:10:41,6922,3188,202
2026-06-09 18:10:43,6924,3189,38.4
2026-06-09 18:10:45,6926,3190,41.0
2026-06-09 18:10:47,6928,3191,37.6
2026-06-09 18:10:49,6930,3192,28.4
2026-06-09 18:10:51,6932,3193,38.1
2026-06-09 18:10:53,6934,3194,55.3
2026-06-09 18:10:55,6936,3195,43.5
2026-06-09 18:10:57,6938,3196,31.0
2026-06-09 18:10:59,6940,3197,30.9
2026-06-09 18:11:01,6942,3198,32.7
2026-06-09 18:11:03,6944,3199,34.3
2026-06-09 18:11:05,6946,3200,35.7
2026-06-09 18:11:07,6948,3201,28.4
2026-06-09 18:11:09,6950,3202,36.9
2026-06-09 18:11:11,6952,3203,58.5
2026-06-09 18:11:13,6954,3204,31.7
2026-06-09 18:11:15,6956,3205,43.8
2026-06-09 18:11:17,6958,3206,30.3
2026-06-09 18:11:19,6960,3207,49.8
2026-06-09 18:11:21,6962,3208,30.0
2026-06-09 18:11:23,6964,3209,32.2
2026-06-09 18:11:25,6966,3210,32.0
2026-06-09 18:11:27,6968,3211,30.5
2026-06-09 18:11:29,6970,3212,32.2
2026-06-09 18:11:31,6972,3213,28.3
2026-06-09 18:11:33,6974,3214,37.8
2026-06-09 18:11:35,6976,3215,25.7
2026-06-09 18:11:37,6978,3216,31.7
2026-06-09 18:11:39,6980,3217,47.0
2026-06-09 18:11:41,6982,3218,34.7
2026-06-09 18:11:43,6984,3219,51.9
2026-06-09 18:11:45,6986,3220,38.7
2026-06-09 18:11:47,6988,3221,24.1
2026-06-09 18:11:49,6990,3222,40.9
2026-06-09 18:11:51,6992,3223,39.9
2026-06-09 18:11:53,6994,3224,27.5
2026-06-09 18:11:55,6996,3225,37.2
2026-06-09 18:11:57,6998,3226,37.5
2026-06-09 18:11:59,7000,3227,22.2
2026-06-09 18:12:01,7002,3228,26.3
2026-06-09 18:12:03,7004,3229,56.3
2026-06-09 18:12:05,7006,3230,21.3
2026-06-09 18:12:07,7008,3231,33.3
2026-06-09 18:12:09,7010,3232,32.2
2026-06-09 18:12:11,7012,3233,41.0
2026-06-09 18:12:13,7014,3234,27.9
2026-06-09 18:12:15,7016,3235,76.9
2026-06-09 18:12:17,7018,3236,40.4
2026-06-09 18:12:19,7020,3237,35.1
2026-06-09 18:12:21,7022,3238,36.1
2026-06-09 18:12:23,7024,3239,40.9
2026-06-09 18:12:25,7026,3240,27.3
2026-06-09 18:12:27,7028,3241,27.2
2026-06-09 18:12:29,7030,3242,29.7
2026-06-09 18:12:31,7032,3243,28.3
2026-06-09 18:12:33,7034,3244,22.5
2026-06-09 18:12:35,7036,3245,33.2
2026-06-09 18:12:37,7038,3246,38.0
2026-06-09 18:12:39,7040,3247,47.5
2026-06-09 18:12:41,7042,3248,37.4
2026-06-09 18:12:43,7044,3249,36.6
2026-06-09 18:12:45,7046,3250,30.4
2026-06-09 18:12:47,7048,3251,23.5
2026-06-09 18:12:49,7050,3252,20.3
2026-06-09 18:12:51,7052,3253,46.1
2026-06-09 18:12:53,7054,3254,21.6
2026-06-09 18:12:55,7056,3255,24.5
2026-06-09 18:12:57,7058,3256,27.5
2026-06-09 18:12:59,7060,3257,40.6
2026-06-09 18:13:01,7062,3258,49.7
2026-06-09 18:13:03,7064,3259,29.8
2026-06-09 18:13:05,7066,3260,38.4
2026-06-09 18:13:07,7068,3261,34.8
2026-06-09 18:13:09,7070,3262,21.0
2026-06-09 18:13:11,7072,3263,27.8
2026-06-09 18:13:13,7074,3264,60.3
2026-06-09 18:13:15,7076,3265,36.1
2026-06-09 18:13:17,7078,3266,30.0
2026-06-09 18:13:19,7080,3267,30.7
2026-06-09 18:13:21,7082,3268,31.4
2026-06-09 18:13:23,7084,3269,34.6
2026-06-09 18:13:25,7086,3270,38.5
2026-06-09 18:13:27,7088,3271,30.2
2026-06-09 18:13:29,7090,3272,44.7
2026-06-09 18:13:31,7092,3273,42.7
2026-06-09 18:13:33,7094,3274,31.9
2026-06-09 18:13:35,7096,3275,213
2026-06-09 18:13:37,7098,3276,333
2026-06-09 18:13:39,7100,3277,354
2026-06-09 18:13:42,7103,3278,19.9
2026-06-09 18:13:44,7105,3279,61.1
2026-06-09 18:13:46,7107,3280,140
2026-06-09 18:13:48,7109,3281,41.8
2026-06-09 18:13:50,7111,3282,35.7
2026-06-09 18:13:52,7113,3283,37.0
2026-06-09 18:13:54,7115,3284,58.5
2026-06-09 18:13:56,7117,3285,56.3
2026-06-09 18:13:58,7119,3286,33.6
2026-06-09 18:14:00,7121,3287,627
2026-06-09 18:14:02,7123,3288,46.7
2026-06-09 18:14:04,7125,3289,47.3
2026-06-09 18:14:07,7128,3290,115
2026-06-09 18:14:09,7130,3291,103
2026-06-09 18:14:11,7132,3292,341
2026-06-09 18:14:13,7134,3293,49.5
2026-06-09 18:14:15,7136,3294,266
2026-06-09 18:14:17,7138,3295,37.7
2026-06-09 18:14:19,7140,3296,38.7
2026-06-09 18:14:21,7142,3297,143
2026-06-09 18:14:24,7145,3298,217
2026-06-09 18:14:26,7147,3299,235
2026-06-09 18:14:28,7149,3300,231
2026-06-09 18:14:30,7151,3301,204
2026-06-09 18:14:32,7153,3302,175
2026-06-09 18:14:34,7155,3303,216
2026-06-09 18:14:36,7157,3304,211
2026-06-09 18:14:38,7159,3305,454
2026-06-09 18:14:40,7161,3306,211
2026-06-09 18:14:42,7163,3307,137
2026-06-09 18:14:44,7165,3308,150
2026-06-09 18:14:46,7167,3309,31.0
2026-06-09 18:14:49,7170,3310,51.0
2026-06-09 18:14:51,7172,3311,80.8
2026-06-09 18:14:54,7175,3312,108
2026-06-09 18:14:56,7177,3313,41.4
2026-06-09 18:14:59,7180,3314,21.1
2026-06-09 18:15:01,7182,3315,25.2
2026-06-09 18:15:04,7185,3316,55.4
2026-06-09 18:15:06,7187,3317,348
2026-06-09 18:15:09,7190,3318,299
2026-06-09 18:15:12,7193,3319,41.0
2026-06-09 18:15:15,7196,3320,27.6
2026-06-09 18:15:17,7198,3321,65.8
2026-06-09 18:15:20,7201,3322,43.4
2026-06-09 18:15:22,7203,3323,42.9
2026-06-09 18:15:25,7206,3324,110
2026-06-09 18:15:27,7208,3325,460
2026-06-09 18:15:30,7211,3326,149
2026-06-09 18:15:32,7213,3327,47.4
2026-06-09 18:15:35,7216,3328,23.7
2026-06-09 18:15:37,7218,3329,93.1
2026-06-09 18:15:39,7220,3330,37.1
2026-06-09 18:15:41,7222,3331,281
2026-06-09 18:15:43,7224,3332,21.9
2026-06-09 18:15:46,7227,3333,24.6
2026-06-09 18:15:48,7229,3334,313
2026-06-09 18:15:50,7231,3335,186
2026-06-09 18:15:52,7233,3336,90.5
2026-06-09 18:15:54,7235,3337,195
2026-06-09 18:15:56,7237,3338,189
2026-06-09 18:15:59,7240,3339,245
2026-06-09 18:16:01,7242,3340,204
2026-06-09 18:16:03,7244,3341,217
2026-06-09 18:16:05,7246,3342,166
2026-06-09 18:16:07,7248,3343,223
2026-06-09 18:16:09,7250,3344,238
2026-06-09 18:16:12,7253,3345,237
2026-06-09 18:16:14,7255,3346,229
2026-06-09 18:16:16,7257,3347,193
2026-06-09 18:16:18,7259,3348,230
2026-06-09 18:16:20,7261,3349,36.9
2026-06-09 18:16:22,7263,3350,100
2026-06-09 18:16:25,7266,3351,422
2026-06-09 18:16:28,7269,3352,32.0
2026-06-09 18:16:30,7271,3353,10.9
2026-06-09 18:16:33,7274,3354,55.3
2026-06-09 18:16:36,7277,3355,58.9
2026-06-09 18:16:38,7279,3356,17.0
2026-06-09 18:16:41,7282,3357,55.8
2026-06-09 18:16:44,7285,3358,243
2026-06-09 18:16:46,7287,3359,37.6
2026-06-09 18:16:49,7290,3360,62.5
2026-06-09 18:16:51,7292,3361,15.5
2026-06-09 18:16:54,7295,3362,38.8
2026-06-09 18:16:57,7298,3363,33.4
2026-06-09 18:16:59,7300,3364,63.7
2026-06-09 18:17:02,7303,3365,474
2026-06-09 18:17:04,7305,3366,320
2026-06-09 18:17:07,7308,3367,437
2026-06-09 18:17:10,7311,3368,38.3
2026-06-09 18:17:12,7313,3369,167
2026-06-09 18:17:14,7315,3370,100
2026-06-09 18:17:16,7317,3371,63.4
2026-06-09 18:17:18,7319,3372,379
2026-06-09 18:17:21,7322,3373,38.1
2026-06-09 18:17:23,7324,3374,25.7
2026-06-09 18:17:26,7327,3375,42.4
2026-06-09 18:17:28,7329,3376,18.8
2026-06-09 18:17:30,7331,3377,218
2026-06-09 18:17:32,7333,3378,243
2026-06-09 18:17:34,7335,3379,160
2026-06-09 18:17:36,7337,3380,239
2026-06-09 18:17:38,7339,3381,254
2026-06-09 18:17:41,7342,3382,215
2026-06-09 18:17:43,7344,3383,234
2026-06-09 18:17:45,7346,3384,230
2026-06-09 18:17:47,7348,3385,220
2026-06-09 18:17:49,7350,3386,229
2026-06-09 18:17:51,7352,3387,191
2026-06-09 18:17:54,7355,3388,42.1
2026-06-09 18:17:56,7357,3389,27.8
2026-06-09 18:17:58,7359,3390,86.0
2026-06-09 18:18:00,7361,3391,215
2026-06-09 18:18:03,7364,3392,40.3
2026-06-09 18:18:05,7366,3393,37.9
2026-06-09 18:18:08,7369,3394,33.7
2026-06-09 18:18:11,7372,3395,39.4
2026-06-09 18:18:13,7374,3396,39.4
2026-06-09 18:18:16,7377,3397,72.1
2026-06-09 18:18:19,7380,3398,183
2026-06-09 18:18:21,7382,3399,69.3
2026-06-09 18:18:23,7384,3400,36.2
2026-06-09 18:18:26,7387,3401,61.6
2026-06-09 18:18:29,7390,3402,69.6
2026-06-09 18:18:32,7393,3403,46.7
2026-06-09 18:18:35,7396,3404,73.4
2026-06-09 18:18:37,7398,3405,466
2026-06-09 18:18:39,7400,3406,339
2026-06-09 18:18:42,7403,3407,46.8
2026-06-09 18:18:44,7405,3408,93.0
2026-06-09 18:18:47,7408,3409,39.4
2026-06-09 18:18:49,7410,3410,95.7
2026-06-09 18:18:51,7412,3411,79.7
2026-06-09 18:18:53,7414,3412,48.8
2026-06-09 18:18:55,7416,3413,543
2026-06-09 18:18:57,7418,3414,67.0
2026-06-09 18:18:59,7420,3415,37.3
2026-06-09 18:19:01,7422,3416,137
2026-06-09 18:19:03,7424,3417,80.8
2026-06-09 18:19:06,7427,3418,26.5
2026-06-09 18:19:08,7429,3419,349
2026-06-09 18:19:10,7431,3420,85.5
2026-06-09 18:19:12,7433,3421,101
2026-06-09 18:19:14,7435,3422,43.8
2026-06-09 18:19:16,7437,3423,109
2026-06-09 18:19:18,7439,3424,378
2026-06-09 18:19:21,7442,3425,58.0
2026-06-09 18:19:23,7444,3426,229
2026-06-09 18:19:26,7447,3427,36.9
2026-06-09 18:19:28,7449,3428,39.4
2026-06-09 18:19:30,7451,3429,217
2026-06-09 18:19:32,7453,3430,229
2026-06-09 18:19:34,7455,3431,208
2026-06-09 18:19:36,7457,3432,218
2026-06-09 18:19:39,7460,3433,222
2026-06-09 18:19:41,7462,3434,194
2026-06-09 18:19:43,7464,3435,221
2026-06-09 18:19:45,7466,3436,195
2026-06-09 18:19:47,7468,3437,205
2026-06-09 18:19:49,7470,3438,241
2026-06-09 18:19:51,7472,3439,236
2026-06-09 18:19:54,7475,3440,206
2026-06-09 18:19:56,7477,3441,40.3
2026-06-09 18:19:58,7479,3442,142
2026-06-09 18:20:01,7482,3443,91.0
2026-06-09 18:20:03,7484,3444,47.0
2026-06-09 18:20:05,7486,3445,34.7
2026-06-09 18:20:08,7489,3446,44.5
2026-06-09 18:20:11,7492,3447,54.2
2026-06-09 18:20:13,7494,3448,40.1
2026-06-09 18:20:16,7497,3449,187
2026-06-09 18:20:19,7500,3450,162
2026-06-09 18:20:22,7503,3451,32.3
2026-06-09 18:20:24,7505,3452,179
2026-06-09 18:20:27,7508,3453,52.9
2026-06-09 18:20:30,7511,3454,48.4
2026-06-09 18:20:33,7514,3455,33.3
2026-06-09 18:20:35,7516,3456,429
2026-06-09 18:20:38,7519,3457,633
2026-06-09 18:20:41,7522,3458,470
2026-06-09 18:20:43,7524,3459,204
2026-06-09 18:20:46,7527,3460,64.9
2026-06-09 18:20:48,7529,3461,98.7
2026-06-09 18:20:50,7531,3462,20.7
2026-06-09 18:20:52,7533,3463,22.1
2026-06-09 18:20:55,7536,3464,66.0
2026-06-09 18:20:58,7539,3465,25.2
2026-06-09 18:21:01,7542,3466,91.9
2026-06-09 18:21:04,7545,3467,46.0
2026-06-09 18:21:07,7548,3468,172
2026-06-09 18:21:10,7551,3469,57.6
2026-06-09 18:21:13,7554,3470,114
2026-06-09 18:21:16,7557,3471,25.1
2026-06-09 18:21:19,7560,3472,80.4
2026-06-09 18:21:22,7563,3473,43.9
2026-06-09 18:21:25,7566,3474,59.4
2026-06-09 18:21:28,7569,3475,53.6
2026-06-09 18:21:31,7572,3476,81.0
2026-06-09 18:21:34,7575,3477,89.4
2026-06-09 18:21:38,7579,3478,115
2026-06-09 18:21:41,7582,3479,176
2026-06-09 18:21:44,7585,3480,91.8
2026-06-09 18:21:47,7588,3481,20.4
2026-06-09 18:21:50,7591,3482,201
2026-06-09 18:21:53,7594,3483,117
2026-06-09 18:21:56,7597,3484,56.6
2026-06-09 18:21:59,7600,3485,16.7
2026-06-09 18:22:02,7603,3486,26.8
2026-06-09 18:22:05,7606,3487,26.5
2026-06-09 18:22:08,7609,3488,36.3
2026-06-09 18:22:11,7612,3489,15.3
2026-06-09 18:22:14,7615,3490,87.8
2026-06-09 18:22:17,7618,3491,125
2026-06-09 18:22:20,7621,3492,174
2026-06-09 18:22:23,7624,3493,67.5
2026-06-09 18:22:27,7628,3494,48.8
2026-06-09 18:22:30,7631,3495,22.2
2026-06-09 18:22:33,7634,3496,51.2
2026-06-09 18:22:36,7637,3497,14.4
2026-06-09 18:22:39,7640,3498,143
2026-06-09 18:22:42,7643,3499,161
2026-06-09 18:22:45,7646,3500,120
2026-06-09 18:22:48,7649,3501,61.7
2026-06-09 18:22:51,7652,3502,35.4
2026-06-09 18:22:54,7655,3503,155
2026-06-09 18:22:57,7658,3504,161
2026-06-09 18:23:00,7661,3505,30.1
2026-06-09 18:23:03,7664,3506,70.9
2026-06-09 18:23:06,7667,3507,101
2026-06-09 18:23:09,7670,3508,34.3
2026-06-09 18:23:12,7673,3509,45.0
2026-06-09 18:23:15,7676,3510,73.7
2026-06-09 18:23:18,7679,3511,30.9
2026-06-09 18:23:21,7682,3512,79.6
2026-06-09 18:23:24,7685,3513,51.3
2026-06-09 18:23:27,7688,3514,38.4
2026-06-09 18:23:30,7691,3515,73.5
2026-06-09 18:23:33,7694,3516,189
2026-06-09 18:23:36,7697,3517,62.7
2026-06-09 18:23:39,7700,3518,38.7
2026-06-09 18:23:42,7703,3519,89.7
2026-06-09 18:23:45,7706,3520,33.8
2026-06-09 18:23:48,7709,3521,158
2026-06-09 18:23:51,7712,3522,34.0
2026-06-09 18:23:54,7715,3523,148
2026-06-09 18:23:57,7718,3524,36.9
2026-06-09 18:24:00,7721,3525,69.1
2026-06-09 18:24:03,7724,3526,38.1
2026-06-09 18:24:06,7727,3527,52.4
2026-06-09 18:24:09,7730,3528,34.1
2026-06-09 18:24:12,7733,3529,85.0
2026-06-09 18:24:15,7736,3530,98.6
2026-06-09 18:24:18,7739,3531,105
2026-06-09 18:24:21,7742,3532,66.2
2026-06-09 18:24:24,7745,3533,162
2026-06-09 18:24:28,7749,3534,33.0
2026-06-09 18:24:31,7752,3535,65.4
2026-06-09 18:24:34,7755,3536,106
2026-06-09 18:24:37,7758,3537,132
2026-06-09 18:24:40,7761,3538,74.4
2026-06-09 18:24:43,7764,3539,140
2026-06-09 18:24:46,7767,3540,106
2026-06-09 18:24:49,7770,3541,91.0
2026-06-09 18:24:52,7773,3542,66.8
2026-06-09 18:24:56,7777,3543,17.1
2026-06-09 18:24:59,7780,3544,101
2026-06-09 18:25:02,7783,3545,94.1
2026-06-09 18:25:05,7786,3546,67.5
2026-06-09 18:25:08,7789,3547,174
2026-06-09 18:25:11,7792,3548,25.2
2026-06-09 18:25:14,7795,3549,174
2026-06-09 18:25:17,7798,3550,45.3
2026-06-09 18:25:20,7801,3551,63.4
2026-06-09 18:25:24,7805,3552,101
2026-06-09 18:25:27,7808,3553,28.5
2026-06-09 18:25:30,7811,3554,108
2026-06-09 18:25:33,7814,3555,198
2026-06-09 18:25:36,7817,3556,113
2026-06-09 18:25:39,7820,3557,37.5
2026-06-09 18:25:42,7823,3558,104
2026-06-09 18:25:45,7826,3559,145
2026-06-09 18:25:48,7829,3560,242
2026-06-09 18:25:52,7833,3561,59.8
2026-06-09 18:25:55,7836,3562,73.1
2026-06-09 18:25:58,7839,3563,82.1
2026-06-09 18:26:01,7842,3564,80.3
2026-06-09 18:26:04,7845,3565,123
2026-06-09 18:26:07,7848,3566,35.2
2026-06-09 18:26:10,7851,3567,44.6
2026-06-09 18:26:13,7854,3568,125
2026-06-09 18:26:16,7857,3569,31.4
2026-06-09 18:26:19,7860,3570,231
2026-06-09 18:26:21,7862,3571,25.1
2026-06-09 18:26:24,7865,3572,20.1
2026-06-09 18:26:27,7868,3573,57.7
2026-06-09 18:26:30,7871,3574,24.5
2026-06-09 18:26:33,7874,3575,25.0
2026-06-09 18:26:36,7877,3576,104
2026-06-09 18:26:39,7880,3577,74.0
2026-06-09 18:26:42,7883,3578,15.4
2026-06-09 18:26:45,7886,3579,260
2026-06-09 18:26:48,7889,3580,168
2026-06-09 18:26:51,7892,3581,95.5
2026-06-09 18:26:54,7895,3582,201
2026-06-09 18:26:57,7898,3583,52.5
2026-06-09 18:27:00,7901,3584,89.9
2026-06-09 18:27:03,7904,3585,264
2026-06-09 18:27:06,7907,3586,20.9
2026-06-09 18:27:09,7910,3587,25.2
2026-06-09 18:27:13,7914,3588,45.3
2026-06-09 18:27:16,7917,3589,131
2026-06-09 18:27:19,7920,3590,120
2026-06-09 18:27:22,7923,3591,142
2026-06-09 18:27:25,7926,3592,16.9
2026-06-09 18:27:28,7929,3593,113
2026-06-09 18:27:31,7932,3594,51.5
2026-06-09 18:27:34,7935,3595,210
2026-06-09 18:27:37,7938,3596,30.4
2026-06-09 18:27:41,7942,3597,101
2026-06-09 18:27:44,7945,3598,25.5
2026-06-09 18:27:47,7948,3599,131
2026-06-09 18:27:50,7951,3600,86.4
2026-06-09 18:27:53,7954,3601,53.8
2026-06-09 18:27:56,7957,3602,224
2026-06-09 18:27:59,7960,3603,26.2
2026-06-09 18:28:02,7963,3604,33.5
2026-06-09 18:28:05,7966,3605,26.9
2026-06-09 18:28:08,7969,3606,29.4
2026-06-09 18:28:11,7972,3607,53.8
2026-06-09 18:28:14,7975,3608,219
2026-06-09 18:28:17,7978,3609,134
2026-06-09 18:28:20,7981,3610,156
2026-06-09 18:28:23,7984,3611,113
2026-06-09 18:28:27,7988,3612,37.8
2026-06-09 18:28:30,7991,3613,171
2026-06-09 18:28:32,7993,3614,105
2026-06-09 18:28:35,7996,3615,71.6
2026-06-09 18:28:38,7999,3616,68.8
2026-06-09 18:28:41,8002,3617,303
2026-06-09 18:28:44,8005,3618,69.9
2026-06-09 18:28:48,8009,3619,74.9
2026-06-09 18:28:51,8012,3620,108
2026-06-09 18:28:54,8015,3621,132
2026-06-09 18:28:57,8018,3622,236
2026-06-09 18:28:59,8020,3623,109
2026-06-09 18:29:02,8023,3624,49.2
2026-06-09 18:29:05,8026,3625,148
2026-06-09 18:29:08,8029,3626,156
2026-06-09 18:29:11,8032,3627,68.4
2026-06-09 18:29:14,8035,3628,318
2026-06-09 18:29:17,8038,3629,41.5
2026-06-09 18:29:20,8041,3630,120
2026-06-09 18:29:23,8044,3631,15.1
2026-06-09 18:29:26,8047,3632,195
2026-06-09 18:29:29,8050,3633,124
2026-06-09 18:29:32,8053,3634,121
2026-06-09 18:29:35,8056,3635,99.3
2026-06-09 18:29:38,8059,3636,67.8
2026-06-09 18:29:41,8062,3637,287
2026-06-09 18:29:44,8065,3638,126
2026-06-09 18:29:47,8068,3639,61.2
2026-06-09 18:29:49,8070,3640,34.1
2026-06-09 18:29:52,8073,3641,64.9
2026-06-09 18:29:55,8076,3642,38.5
2026-06-09 18:29:57,8078,3643,160
2026-06-09 18:30:00,8081,3644,34.9
2026-06-09 18:30:03,8084,3645,143
2026-06-09 18:30:06,8087,3646,53.8
2026-06-09 18:30:09,8090,3647,30.0
2026-06-09 18:30:12,8093,3648,34.0
2026-06-09 18:30:15,8096,3649,280
2026-06-09 18:30:18,8099,3650,145
2026-06-09 18:30:21,8102,3651,112
2026-06-09 18:30:24,8105,3652,106
2026-06-09 18:30:27,8108,3653,98.3
2026-06-09 18:30:30,8111,3654,55.8
2026-06-09 18:30:34,8115,3655,22.5
2026-06-09 18:30:36,8117,3656,16.0
2026-06-09 18:30:39,8120,3657,22.5
2026-06-09 18:30:42,8123,3658,140
2026-06-09 18:30:45,8126,3659,30.5
2026-06-09 18:30:49,8130,3660,289
2026-06-09 18:30:52,8133,3661,28.1
2026-06-09 18:30:54,8135,3662,201
2026-06-09 18:30:57,8138,3663,168
2026-06-09 18:30:59,8140,3664,95.5
2026-06-09 18:31:01,8142,3665,108
2026-06-09 18:31:03,8144,3666,184
2026-06-09 18:31:06,8147,3667,24.7
2026-06-09 18:31:08,8149,3668,154
2026-06-09 18:31:11,8152,3669,113
2026-06-09 18:31:14,8155,3670,57.5
2026-06-09 18:31:16,8157,3671,116
2026-06-09 18:31:19,8160,3672,92.8
2026-06-09 18:31:22,8163,3673,119
2026-06-09 18:31:25,8166,3674,352
2026-06-09 18:31:28,8169,3675,154
2026-06-09 18:31:31,8172,3676,42.8
2026-06-09 18:31:34,8175,3677,35.8
2026-06-09 18:31:37,8178,3678,17.7
2026-06-09 18:31:40,8181,3679,129
2026-06-09 18:31:44,8185,3680,65.8
2026-06-09 18:31:46,8187,3681,131
2026-06-09 18:31:50,8191,3682,159
2026-06-09 18:31:53,8194,3683,82.8
2026-06-09 18:31:56,8197,3684,22.6
2026-06-09 18:31:59,8200,3685,29.4
2026-06-09 18:32:02,8203,3686,108
2026-06-09 18:32:05,8206,3687,30.9
2026-06-09 18:32:08,8209,3688,63.9
2026-06-09 18:32:11,8212,3689,132
2026-06-09 18:32:14,8215,3690,184
2026-06-09 18:32:17,8218,3691,13.2
2026-06-09 18:32:20,8221,3692,105
2026-06-09 18:32:23,8224,3693,172
2026-06-09 18:32:26,8227,3694,12.5
2026-06-09 18:32:29,8230,3695,177
2026-06-09 18:32:32,8233,3696,94.0
2026-06-09 18:32:35,8236,3697,65.1
2026-06-09 18:32:38,8239,3698,112
2026-06-09 18:32:41,8242,3699,238
2026-06-09 18:32:45,8246,3700,103
2026-06-09 18:32:48,8249,3701,53.6
2026-06-09 18:32:51,8252,3702,180
2026-06-09 18:32:54,8255,3703,74.3
2026-06-09 18:32:56,8257,3704,59.9
2026-06-09 18:32:59,8260,3705,99.1
2026-06-09 18:33:02,8263,3706,248
2026-06-09 18:33:05,8266,3707,58.1
2026-06-09 18:33:08,8269,3708,65.8
2026-06-09 18:33:11,8272,3709,38.0
2026-06-09 18:33:14,8275,3710,53.2
2026-06-09 18:33:17,8278,3711,25.1
2026-06-09 18:33:20,8281,3712,169
2026-06-09 18:33:23,8284,3713,65.9
2026-06-09 18:33:26,8287,3714,112
2026-06-09 18:33:30,8291,3715,278
2026-06-09 18:33:33,8294,3716,96.0
2026-06-09 18:33:36,8297,3717,160
2026-06-09 18:33:39,8300,3718,79.8
2026-06-09 18:33:42,8303,3719,115
2026-06-09 18:33:45,8306,3720,48.6
2026-06-09 18:33:49,8310,3721,43.4
2026-06-09 18:33:52,8313,3722,75.3
2026-06-09 18:33:55,8316,3723,46.0
2026-06-09 18:33:57,8318,3724,90.8
2026-06-09 18:34:00,8321,3725,140
2026-06-09 18:34:03,8324,3726,36.9
2026-06-09 18:34:07,8328,3727,163
2026-06-09 18:34:10,8331,3728,57.1
2026-06-09 18:34:13,8334,3729,79.1
2026-06-09 18:34:16,8337,3730,146
2026-06-09 18:34:19,8340,3731,111
2026-06-09 18:34:22,8343,3732,28.0
2026-06-09 18:34:25,8346,3733,59.3
2026-06-09 18:34:28,8349,3734,14.2
2026-06-09 18:34:32,8353,3735,200
2026-06-09 18:34:35,8356,3736,194
2026-06-09 18:34:38,8359,3737,195
2026-06-09 18:34:41,8362,3738,76.1
2026-06-09 18:34:44,8365,3739,26.1
2026-06-09 18:34:46,8367,3740,40.4
2026-06-09 18:34:50,8371,3741,69.7
2026-06-09 18:34:53,8374,3742,88.1
2026-06-09 18:34:56,8377,3743,247
2026-06-09 18:34:59,8380,3744,118
2026-06-09 18:35:02,8383,3745,47.9
2026-06-09 18:35:05,8386,3746,16.4
2026-06-09 18:35:08,8389,3747,15.1
2026-06-09 18:35:11,8392,3748,25.2
2026-06-09 18:35:13,8394,3749,142
2026-06-09 18:35:16,8397,3750,23.8
2026-06-09 18:35:19,8400,3751,105
2026-06-09 18:35:22,8403,3752,33.5
2026-06-09 18:35:25,8406,3753,253
2026-06-09 18:35:28,8409,3754,25.3
2026-06-09 18:35:31,8412,3755,42.0
2026-06-09 18:35:34,8415,3756,161
2026-06-09 18:35:37,8418,3757,85.6
2026-06-09 18:35:40,8421,3758,140
2026-06-09 18:35:43,8424,3759,145
2026-06-09 18:35:45,8426,3760,136
2026-06-09 18:35:48,8429,3761,92.0
2026-06-09 18:35:51,8432,3762,225
2026-06-09 18:35:54,8435,3763,60.8
2026-06-09 18:35:57,8438,3764,97.0
2026-06-09 18:36:00,8441,3765,179
2026-06-09 18:36:03,8444,3766,65.9
2026-06-09 18:36:06,8447,3767,39.0
2026-06-09 18:36:09,8450,3768,163
2026-06-09 18:36:12,8453,3769,70.7
2026-06-09 18:36:15,8456,3770,138
2026-06-09 18:36:18,8459,3771,60.7
2026-06-09 18:36:21,8462,3772,59.1
2026-06-09 18:36:24,8465,3773,74.6
2026-06-09 18:36:27,8468,3774,327
2026-06-09 18:36:30,8471,3775,17.1
2026-06-09 18:36:33,8474,3776,58.9
2026-06-09 18:36:36,8477,3777,82.5
2026-06-09 18:36:39,8480,3778,15.4
2026-06-09 18:36:42,8483,3779,86.1
2026-06-09 18:36:45,8486,3780,46.0
2026-06-09 18:36:48,8489,3781,22.2
2026-06-09 18:36:51,8492,3782,117
2026-06-09 18:36:54,8495,3783,192
2026-06-09 18:36:57,8498,3784,77.8
2026-06-09 18:37:00,8501,3785,31.6
2026-06-09 18:37:03,8504,3786,13.2
2026-06-09 18:37:06,8507,3787,77.7
2026-06-09 18:37:09,8510,3788,63.6
2026-06-09 18:37:12,8513,3789,37.7
2026-06-09 18:37:15,8516,3790,36.2
2026-06-09 18:37:18,8519,3791,38.2
2026-06-09 18:37:21,8522,3792,203
2026-06-09 18:37:23,8524,3793,66.7
2026-06-09 18:37:26,8527,3794,71.8
2026-06-09 18:37:29,8530,3795,42.1
2026-06-09 18:37:32,8533,3796,85.6
2026-06-09 18:37:35,8536,3797,23.9
2026-06-09 18:37:38,8539,3798,82.5
2026-06-09 18:37:41,8542,3799,115
2026-06-09 18:37:44,8545,3800,235
2026-06-09 18:37:47,8548,3801,81.3
2026-06-09 18:37:50,8551,3802,44.9
2026-06-09 18:37:53,8554,3803,89.8
2026-06-09 18:37:56,8557,3804,75.4
2026-06-09 18:37:59,8560,3805,30.3
2026-06-09 18:38:02,8563,3806,51.1
2026-06-09 18:38:05,8566,3807,87.0
2026-06-09 18:38:08,8569,3808,55.6
2026-06-09 18:38:12,8573,3809,130
2026-06-09 18:38:14,8575,3810,21.0
2026-06-09 18:38:17,8578,3811,28.6
2026-06-09 18:38:20,8581,3812,164
2026-06-09 18:38:23,8584,3813,34.8
2026-06-09 18:38:26,8587,3814,90.8
2026-06-09 18:38:29,8590,3815,127
2026-06-09 18:38:32,8593,3816,13.3
2026-06-09 18:38:35,8596,3817,85.2
2026-06-09 18:38:38,8599,3818,109
2026-06-09 18:38:41,8602,3819,69.9
2026-06-09 18:38:44,8605,3820,34.0
2026-06-09 18:38:47,8608,3821,107
2026-06-09 18:38:51,8612,3822,106
2026-06-09 18:38:54,8615,3823,93.6
2026-06-09 18:38:57,8618,3824,245
2026-06-09 18:39:00,8621,3825,16.9
2026-06-09 18:39:03,8624,3826,154
2026-06-09 18:39:06,8627,3827,141
2026-06-09 18:39:08,8629,3828,216
2026-06-09 18:39:11,8632,3829,111
2026-06-09 18:39:14,8635,3830,123
2026-06-09 18:39:17,8638,3831,32.2
2026-06-09 18:39:20,8641,3832,127
2026-06-09 18:39:23,8644,3833,133
2026-06-09 18:39:26,8647,3834,232
2026-06-09 18:39:29,8650,3835,46.2
2026-06-09 18:39:32,8653,3836,207
2026-06-09 18:39:34,8655,3837,105
2026-06-09 18:39:37,8658,3838,167
2026-06-09 18:39:40,8661,3839,197
2026-06-09 18:39:43,8664,3840,98.1
2026-06-09 18:39:46,8667,3841,154
2026-06-09 18:39:49,8670,3842,33.8
2026-06-09 18:39:52,8673,3843,27.3
2026-06-09 18:39:55,8676,3844,38.1
2026-06-09 18:39:58,8679,3845,148
2026-06-09 18:40:01,8682,3846,13.0
2026-06-09 18:40:04,8685,3847,44.1
2026-06-09 18:40:07,8688,3848,25.3
2026-06-09 18:40:10,8691,3849,94.6
2026-06-09 18:40:13,8694,3850,199
2026-06-09 18:40:16,8697,3851,33.1
2026-06-09 18:40:19,8700,3852,35.2
2026-06-09 18:40:22,8703,3853,54.1
2026-06-09 18:40:25,8706,3854,80.3
2026-06-09 18:40:28,8709,3855,273
2026-06-09 18:40:31,8712,3856,10.1
2026-06-09 18:40:34,8715,3857,207
2026-06-09 18:40:37,8718,3858,20.5
2026-06-09 18:40:39,8720,3859,32.4
2026-06-09 18:40:43,8724,3860,40.8
2026-06-09 18:40:46,8727,3861,31.3
2026-06-09 18:40:48,8729,3862,31.1
2026-06-09 18:40:50,8731,3863,89.9
2026-06-09 18:40:53,8734,3864,43.9
2026-06-09 18:40:55,8736,3865,148
2026-06-09 18:40:57,8738,3866,154
2026-06-09 18:40:59,8740,3867,413
2026-06-09 18:41:01,8742,3868,37.3
2026-06-09 18:41:04,8745,3869,21.8
2026-06-09 18:41:06,8747,3870,35.7
2026-06-09 18:41:08,8749,3871,45.4
2026-06-09 18:41:10,8751,3872,218
2026-06-09 18:41:12,8753,3873,228
2026-06-09 18:41:15,8756,3874,216
2026-06-09 18:41:17,8758,3875,200
2026-06-09 18:41:19,8760,3876,209
2026-06-09 18:41:21,8762,3877,211
2026-06-09 18:41:23,8764,3878,216
2026-06-09 18:41:25,8766,3879,194
2026-06-09 18:41:27,8768,3880,233
2026-06-09 18:41:30,8771,3881,214
2026-06-09 18:41:32,8773,3882,221
2026-06-09 18:41:34,8775,3883,185
2026-06-09 18:41:36,8777,3884,179
2026-06-09 18:41:38,8779,3885,51.9
2026-06-09 18:41:41,8782,3886,120
2026-06-09 18:41:43,8784,3887,230
2026-06-09 18:41:46,8787,3888,55.9
2026-06-09 18:41:48,8789,3889,140
2026-06-09 18:41:51,8792,3890,63.2
2026-06-09 18:41:53,8794,3891,17.3
2026-06-09 18:41:56,8797,3892,25.3
2026-06-09 18:41:59,8800,3893,75.6
2026-06-09 18:42:02,8803,3894,214
2026-06-09 18:42:04,8805,3895,57.5
2026-06-09 18:42:07,8808,3896,53.3
2026-06-09 18:42:09,8810,3897,58.5
2026-06-09 18:42:12,8813,3898,75.2
2026-06-09 18:42:15,8816,3899,50.5
2026-06-09 18:42:18,8819,3900,18.1
2026-06-09 18:42:20,8821,3901,454
2026-06-09 18:42:23,8824,3902,363
2026-06-09 18:42:25,8826,3903,38.1
2026-06-09 18:42:28,8829,3904,250
2026-06-09 18:42:30,8831,3905,182
2026-06-09 18:42:32,8833,3906,194
2026-06-09 18:42:35,8836,3907,311
2026-06-09 18:42:37,8838,3908,148
2026-06-09 18:42:39,8840,3909,31.2
2026-06-09 18:42:41,8842,3910,35.4
2026-06-09 18:42:43,8844,3911,40.0
2026-06-09 18:42:46,8847,3912,50.8
2026-06-09 18:42:49,8850,3913,91.7
2026-06-09 18:42:52,8853,3914,42.9
2026-06-09 18:42:55,8856,3915,67.3
2026-06-09 18:42:58,8859,3916,72.2
2026-06-09 18:43:01,8862,3917,211
2026-06-09 18:43:04,8865,3918,93.3
2026-06-09 18:43:07,8868,3919,168
2026-06-09 18:43:10,8871,3920,152
2026-06-09 18:43:13,8874,3921,37.6
2026-06-09 18:43:16,8877,3922,39.6
2026-06-09 18:43:19,8880,3923,84.4
2026-06-09 18:43:22,8883,3924,24.0
2026-06-09 18:43:25,8886,3925,265
2026-06-09 18:43:28,8889,3926,103
2026-06-09 18:43:31,8892,3927,76.3
2026-06-09 18:43:34,8895,3928,26.6
2026-06-09 18:43:37,8898,3929,29.3
2026-06-09 18:43:40,8901,3930,177
2026-06-09 18:43:43,8904,3931,83.2
2026-06-09 18:43:46,8907,3932,81.3
2026-06-09 18:43:49,8910,3933,92.8
2026-06-09 18:43:52,8913,3934,42.7
2026-06-09 18:43:55,8916,3935,197
2026-06-09 18:43:58,8919,3936,145
2026-06-09 18:44:01,8922,3937,168
2026-06-09 18:44:04,8925,3938,26.2
2026-06-09 18:44:07,8928,3939,50.0
2026-06-09 18:44:10,8931,3940,48.7
2026-06-09 18:44:13,8934,3941,138
2026-06-09 18:44:16,8937,3942,295
2026-06-09 18:44:19,8940,3943,84.7
2026-06-09 18:44:22,8943,3944,31.7
2026-06-09 18:44:25,8946,3945,139
2026-06-09 18:44:28,8949,3946,133
2026-06-09 18:44:31,8952,3947,40.5
2026-06-09 18:44:34,8955,3948,98.3
2026-06-09 18:44:37,8958,3949,172
2026-06-09 18:44:40,8961,3950,331
2026-06-09 18:44:44,8965,3951,46.7
2026-06-09 18:44:47,8968,3952,33.0
2026-06-09 18:44:50,8971,3953,11.8
2026-06-09 18:44:52,8973,3954,194
2026-06-09 18:44:55,8976,3955,126
2026-06-09 18:44:58,8979,3956,57.5
2026-06-09 18:45:01,8982,3957,129
2026-06-09 18:45:04,8985,3958,96.1
2026-06-09 18:45:07,8988,3959,73.8
2026-06-09 18:45:10,8991,3960,287
2026-06-09 18:45:13,8994,3961,44.0
2026-06-09 18:45:16,8997,3962,20.3
2026-06-09 18:45:19,9000,3963,53.3
2026-06-09 18:45:22,9003,3964,20.3
2026-06-09 18:45:25,9006,3965,82.1
2026-06-09 18:45:29,9010,3966,120
2026-06-09 18:45:32,9013,3967,330
2026-06-09 18:45:35,9016,3968,19.0
2026-06-09 18:45:38,9019,3969,54.5
2026-06-09 18:45:40,9021,3970,327
2026-06-09 18:45:43,9024,3971,110
2026-06-09 18:45:46,9027,3972,82.5
2026-06-09 18:45:50,9031,3973,148
2026-06-09 18:45:53,9034,3974,32.0
2026-06-09 18:45:56,9037,3975,354
2026-06-09 18:45:59,9040,3976,107
2026-06-09 18:46:02,9043,3977,21.5
2026-06-09 18:46:05,9046,3978,78.3
2026-06-09 18:46:08,9049,3979,128
2026-06-09 18:46:11,9052,3980,76.7
2026-06-09 18:46:14,9055,3981,35.0
2026-06-09 18:46:17,9058,3982,149
2026-06-09 18:46:20,9061,3983,228
2026-06-09 18:46:23,9064,3984,22.0
2026-06-09 18:46:26,9067,3985,189
2026-06-09 18:46:29,9070,3986,110
2026-06-09 18:46:32,9073,3987,324
2026-06-09 18:46:35,9076,3988,79.7
2026-06-09 18:46:38,9079,3989,237
2026-06-09 18:46:41,9082,3990,79.6
2026-06-09 18:46:44,9085,3991,45.6
2026-06-09 18:46:47,9088,3992,63.4
2026-06-09 18:46:49,9090,3993,44.0
2026-06-09 18:46:52,9093,3994,79.3
2026-06-09 18:46:55,9096,3995,172
2026-06-09 18:46:58,9099,3996,86.4
2026-06-09 18:47:01,9102,3997,10.3
2026-06-09 18:47:04,9105,3998,115
2026-06-09 18:47:07,9108,3999,59.3
2026-06-09 18:47:10,9111,4000,32.0
2026-06-09 18:47:13,9114,4001,78.1
2026-06-09 18:47:16,9117,4002,138
2026-06-09 18:47:19,9120,4003,50.3
2026-06-09 18:47:22,9123,4004,64.7
2026-06-09 18:47:24,9125,4005,171
2026-06-09 18:47:27,9128,4006,103
2026-06-09 18:47:30,9131,4007,44.7
2026-06-09 18:47:33,9134,4008,29.5
2026-06-09 18:47:36,9137,4009,29.1
2026-06-09 18:47:40,9141,4010,49.7
2026-06-09 18:47:42,9143,4011,89.1
2026-06-09 18:47:45,9146,4012,45.1
2026-06-09 18:47:48,9149,4013,161
2026-06-09 18:47:51,9152,4014,46.0
2026-06-09 18:47:54,9155,4015,30.7
2026-06-09 18:47:58,9159,4016,65.6
2026-06-09 18:48:01,9162,4017,67.5
2026-06-09 18:48:04,9165,4018,26.0
2026-06-09 18:48:07,9168,4019,131
2026-06-09 18:48:10,9171,4020,25.4
2026-06-09 18:48:13,9174,4021,43.1
2026-06-09 18:48:16,9177,4022,128
2026-06-09 18:48:19,9180,4023,206
2026-06-09 18:48:22,9183,4024,60.3
2026-06-09 18:48:25,9186,4025,188
2026-06-09 18:48:28,9189,4026,101
2026-06-09 18:48:30,9191,4027,15.5
2026-06-09 18:48:34,9195,4028,147
2026-06-09 18:48:36,9197,4029,43.1
2026-06-09 18:48:40,9201,4030,88.7
2026-06-09 18:48:43,9204,4031,87.8
2026-06-09 18:48:46,9207,4032,128
2026-06-09 18:48:49,9210,4033,15.1
2026-06-09 18:48:52,9213,4034,31.6
2026-06-09 18:48:54,9215,4035,25.3
2026-06-09 18:48:57,9218,4036,93.1
2026-06-09 18:49:01,9222,4037,82.7
2026-06-09 18:49:03,9224,4038,28.4
2026-06-09 18:49:05,9226,4039,176
2026-06-09 18:49:08,9229,4040,27.4
2026-06-09 18:49:10,9231,4041,113
2026-06-09 18:49:12,9233,4042,149
2026-06-09 18:49:14,9235,4043,280
2026-06-09 18:49:16,9237,4044,211
2026-06-09 18:49:18,9239,4045,446
2026-06-09 18:49:20,9241,4046,136
2026-06-09 18:49:23,9244,4047,124
2026-06-09 18:49:25,9246,4048,35.7
2026-06-09 18:49:27,9248,4049,191
2026-06-09 18:49:29,9250,4050,265
2026-06-09 18:49:32,9253,4051,161
2026-06-09 18:49:34,9255,4052,160
2026-06-09 18:49:37,9258,4053,142
2026-06-09 18:49:40,9261,4054,174
2026-06-09 18:49:43,9264,4055,61.1
2026-06-09 18:49:46,9267,4056,29.3
2026-06-09 18:49:48,9269,4057,90.7
2026-06-09 18:49:51,9272,4058,163
2026-06-09 18:49:55,9276,4059,85.7
2026-06-09 18:49:57,9278,4060,169
2026-06-09 18:50:00,9281,4061,22.8
2026-06-09 18:50:03,9284,4062,63.7
2026-06-09 18:50:06,9287,4063,79.8
2026-06-09 18:50:09,9290,4064,31.4
2026-06-09 18:50:12,9293,4065,341
2026-06-09 18:50:15,9296,4066,40.3
2026-06-09 18:50:18,9299,4067,111
2026-06-09 18:50:21,9302,4068,127
2026-06-09 18:50:24,9305,4069,33.3
2026-06-09 18:50:27,9308,4070,15.6
2026-06-09 18:50:30,9311,4071,134
2026-06-09 18:50:33,9314,4072,209
2026-06-09 18:50:36,9317,4073,83.0
2026-06-09 18:50:39,9320,4074,50.4
2026-06-09 18:50:42,9323,4075,63.1
2026-06-09 18:50:45,9326,4076,21.5
2026-06-09 18:50:48,9329,4077,113
2026-06-09 18:50:51,9332,4078,52.3
2026-06-09 18:50:54,9335,4079,110
2026-06-09 18:50:57,9338,4080,293
2026-06-09 18:51:00,9341,4081,209
2026-06-09 18:51:02,9343,4082,120
2026-06-09 18:51:06,9347,4083,41.9
2026-06-09 18:51:09,9350,4084,25.5
2026-06-09 18:51:12,9353,4085,42.6
2026-06-09 18:51:15,9356,4086,48.6
2026-06-09 18:51:17,9358,4087,154
2026-06-09 18:51:20,9361,4088,21.4
2026-06-09 18:51:23,9364,4089,109
2026-06-09 18:51:26,9367,4090,14.0
2026-06-09 18:51:29,9370,4091,50.5
2026-06-09 18:51:32,9373,4092,130
2026-06-09 18:51:35,9376,4093,40.3
2026-06-09 18:51:38,9379,4094,119
2026-06-09 18:51:41,9382,4095,15.1
2026-06-09 18:51:45,9386,4096,23.9
2026-06-09 18:51:47,9388,4097,43.5
2026-06-09 18:51:50,9391,4098,99.6
2026-06-09 18:51:53,9394,4099,311
2026-06-09 18:51:56,9397,4100,89.8
2026-06-09 18:51:59,9400,4101,267
2026-06-09 18:52:01,9402,4102,55.3
2026-06-09 18:52:04,9405,4103,58.4
2026-06-09 18:52:07,9408,4104,30.6
2026-06-09 18:52:10,9411,4105,78.4
2026-06-09 18:52:13,9414,4106,101
2026-06-09 18:52:16,9417,4107,137
2026-06-09 18:52:19,9420,4108,142
2026-06-09 18:52:22,9423,4109,238
2026-06-09 18:52:24,9425,4110,261
2026-06-09 18:52:27,9428,4111,223
2026-06-09 18:52:30,9431,4112,158
2026-06-09 18:52:33,9434,4113,102
2026-06-09 18:52:35,9436,4114,77.5
2026-06-09 18:52:38,9439,4115,128
2026-06-09 18:52:41,9442,4116,28.7
2026-06-09 18:52:43,9444,4117,123
2026-06-09 18:52:46,9447,4118,30.0
2026-06-09 18:52:49,9450,4119,290
2026-06-09 18:52:52,9453,4120,139
2026-06-09 18:52:54,9455,4121,46.1
2026-06-09 18:52:57,9458,4122,196
2026-06-09 18:53:00,9461,4123,68.0
2026-06-09 18:53:03,9464,4124,81.9
2026-06-09 18:53:06,9467,4125,97.9
2026-06-09 18:53:09,9470,4126,93.7
2026-06-09 18:53:12,9473,4127,9.10
2026-06-09 18:53:14,9475,4128,38.6
2026-06-09 18:53:17,9478,4129,16.9
2026-06-09 18:53:20,9481,4130,32.6
2026-06-09 18:53:23,9484,4131,122
2026-06-09 18:53:26,9487,4132,135
2026-06-09 18:53:29,9490,4133,25.4
2026-06-09 18:53:32,9493,4134,38.2
2026-06-09 18:53:34,9495,4135,43.7
2026-06-09 18:53:37,9498,4136,14.4
2026-06-09 18:53:40,9501,4137,104
2026-06-09 18:53:43,9504,4138,26.8
2026-06-09 18:53:46,9507,4139,145
2026-06-09 18:53:49,9510,4140,158
2026-06-09 18:53:52,9513,4141,40.0
2026-06-09 18:53:55,9516,4142,27.0
2026-06-09 18:53:58,9519,4143,15.9
2026-06-09 18:54:01,9522,4144,72.1
2026-06-09 18:54:04,9525,4145,96.1
2026-06-09 18:54:07,9528,4146,21.8
2026-06-09 18:54:10,9531,4147,10.4
2026-06-09 18:54:13,9534,4148,127
2026-06-09 18:54:16,9537,4149,148
2026-06-09 18:54:19,9540,4150,269
2026-06-09 18:54:22,9543,4151,112
2026-06-09 18:54:25,9546,4152,151
2026-06-09 18:54:28,9549,4153,41.2
2026-06-09 18:54:30,9551,4154,37.8
2026-06-09 18:54:33,9554,4155,58.6
2026-06-09 18:54:37,9558,4156,127
2026-06-09 18:54:40,9561,4157,58.2
2026-06-09 18:54:43,9564,4158,43.9
2026-06-09 18:54:45,9566,4159,104
2026-06-09 18:54:48,9569,4160,209
2026-06-09 18:54:51,9572,4161,104
2026-06-09 18:54:54,9575,4162,26.1
2026-06-09 18:54:57,9578,4163,72.9
2026-06-09 18:54:59,9580,4164,67.2
2026-06-09 18:55:02,9583,4165,21.4
2026-06-09 18:55:05,9586,4166,245
2026-06-09 18:55:08,9589,4167,151
2026-06-09 18:55:11,9592,4168,138
2026-06-09 18:55:14,9595,4169,268
2026-06-09 18:55:17,9598,4170,28.1
2026-06-09 18:55:20,9601,4171,61.2
2026-06-09 18:55:23,9604,4172,69.4
2026-06-09 18:55:26,9607,4173,66.8
2026-06-09 18:55:29,9610,4174,101
2026-06-09 18:55:32,9613,4175,87.4
2026-06-09 18:55:35,9616,4176,61.1
2026-06-09 18:55:38,9619,4177,88.3
2026-06-09 18:55:40,9621,4178,68.0
2026-06-09 18:55:43,9624,4179,49.7
2026-06-09 18:55:46,9627,4180,141
2026-06-09 18:55:49,9630,4181,16.9
2026-06-09 18:55:52,9633,4182,46.1
2026-06-09 18:55:55,9636,4183,33.4
2026-06-09 18:55:58,9639,4184,67.7
2026-06-09 18:56:01,9642,4185,126
2026-06-09 18:56:04,9645,4186,97.4
2026-06-09 18:56:07,9648,4187,49.4
2026-06-09 18:56:10,9651,4188,58.9
2026-06-09 18:56:12,9653,4189,19.2
2026-06-09 18:56:16,9657,4190,39.4
2026-06-09 18:56:19,9660,4191,59.0
2026-06-09 18:56:22,9663,4192,37.4
2026-06-09 18:56:25,9666,4193,165
2026-06-09 18:56:28,9669,4194,150
2026-06-09 18:56:30,9671,4195,22.8
2026-06-09 18:56:34,9675,4196,70.1
2026-06-09 18:56:37,9678,4197,43.0
2026-06-09 18:56:40,9681,4198,153
2026-06-09 18:56:43,9684,4199,25.3
2026-06-09 18:56:46,9687,4200,24.5
2026-06-09 18:56:49,9690,4201,161
2026-06-09 18:56:52,9693,4202,44.2
2026-06-09 18:56:55,9696,4203,224
2026-06-09 18:56:58,9699,4204,134
2026-06-09 18:57:01,9702,4205,31.0
2026-06-09 18:57:04,9705,4206,101
2026-06-09 18:57:07,9708,4207,39.1
2026-06-09 18:57:10,9711,4208,23.9
2026-06-09 18:57:13,9714,4209,63.3
2026-06-09 18:57:16,9717,4210,57.3
2026-06-09 18:57:19,9720,4211,86.4
2026-06-09 18:57:22,9723,4212,111
2026-06-09 18:57:25,9726,4213,126
2026-06-09 18:57:28,9729,4214,97.9
2026-06-09 18:57:30,9731,4215,125
2026-06-09 18:57:34,9735,4216,69.0
2026-06-09 18:57:37,9738,4217,52.3
2026-06-09 18:57:39,9740,4218,95.5
2026-06-09 18:57:42,9743,4219,63.2
2026-06-09 18:57:45,9746,4220,47.5
2026-06-09 18:57:48,9749,4221,157
2026-06-09 18:57:51,9752,4222,96.2
2026-06-09 18:57:53,9754,4223,74.8
2026-06-09 18:57:56,9757,4224,40.8
2026-06-09 18:57:59,9760,4225,45.9
2026-06-09 18:58:02,9763,4226,67.2
2026-06-09 18:58:05,9766,4227,14.1
2026-06-09 18:58:08,9769,4228,91.3
2026-06-09 18:58:11,9772,4229,35.5
2026-06-09 18:58:14,9775,4230,50.1
2026-06-09 18:58:17,9778,4231,296
2026-06-09 18:58:20,9781,4232,178
2026-06-09 18:58:23,9784,4233,117
2026-06-09 18:58:26,9787,4234,103
2026-06-09 18:58:29,9790,4235,127
2026-06-09 18:58:32,9793,4236,38.5
2026-06-09 18:58:35,9796,4237,204
2026-06-09 18:58:38,9799,4238,90.5
2026-06-09 18:58:40,9801,4239,115
2026-06-09 18:58:43,9804,4240,70.7
2026-06-09 18:58:46,9807,4241,27.8
2026-06-09 18:58:48,9809,4242,143
2026-06-09 18:58:51,9812,4243,282
2026-06-09 18:58:53,9814,4244,83.5
2026-06-09 18:58:55,9816,4245,133
2026-06-09 18:58:57,9818,4246,180
2026-06-09 18:58:59,9820,4247,26.7
2026-06-09 18:59:02,9823,4248,147
2026-06-09 18:59:05,9826,4249,60.6
2026-06-09 18:59:08,9829,4250,97.9
2026-06-09 18:59:11,9832,4251,100
2026-06-09 18:59:14,9835,4252,76.4
2026-06-09 18:59:17,9838,4253,139
2026-06-09 18:59:20,9841,4254,192
2026-06-09 18:59:23,9844,4255,72.7
2026-06-09 18:59:26,9847,4256,76.3
2026-06-09 18:59:29,9850,4257,206
2026-06-09 18:59:32,9853,4258,45.8
2026-06-09 18:59:35,9856,4259,198
2026-06-09 18:59:38,9859,4260,58.6
2026-06-09 18:59:41,9862,4261,60.5
2026-06-09 18:59:44,9865,4262,129
2026-06-09 18:59:46,9867,4263,170
2026-06-09 18:59:49,9870,4264,164
2026-06-09 18:59:52,9873,4265,48.5
2026-06-09 18:59:55,9876,4266,31.5
2026-06-09 18:59:58,9879,4267,42.6
2026-06-09 19:00:01,9882,4268,76.4
2026-06-09 19:00:04,9885,4269,94.5
2026-06-09 19:00:07,9888,4270,100
2026-06-09 19:00:10,9891,4271,30.2
2026-06-09 19:00:13,9894,4272,52.7
2026-06-09 19:00:16,9897,4273,158
2026-06-09 19:00:19,9900,4274,174
2026-06-09 19:00:22,9903,4275,183
2026-06-09 19:00:25,9906,4276,190
2026-06-09 19:00:28,9909,4277,252
2026-06-09 19:00:30,9911,4278,34.8
2026-06-09 19:00:33,9914,4279,25.3
2026-06-09 19:00:36,9917,4280,212
2026-06-09 19:00:39,9920,4281,45.8
2026-06-09 19:00:41,9922,4282,25.8
2026-06-09 19:00:44,9925,4283,46.2
2026-06-09 19:00:47,9928,4284,41.7
2026-06-09 19:00:49,9930,4285,63.0
2026-06-09 19:00:52,9933,4286,18.3
2026-06-09 19:00:55,9936,4287,35.9
2026-06-09 19:00:57,9938,4288,63.8
2026-06-09 19:01:00,9941,4289,24.8
2026-06-09 19:01:03,9944,4290,69.0
2026-06-09 19:01:06,9947,4291,171
2026-06-09 19:01:09,9950,4292,43.3
2026-06-09 19:01:12,9953,4293,55.2
2026-06-09 19:01:15,9956,4294,40.6
2026-06-09 19:01:18,9959,4295,118
2026-06-09 19:01:21,9962,4296,69.0
2026-06-09 19:01:24,9965,4297,188
2026-06-09 19:01:27,9968,4298,30.2
2026-06-09 19:01:29,9970,4299,178
2026-06-09 19:01:32,9973,4300,16.0
2026-06-09 19:01:35,9976,4301,33.1
2026-06-09 19:01:38,9979,4302,113
2026-06-09 19:01:41,9982,4303,129
2026-06-09 19:01:44,9985,4304,107
2026-06-09 19:01:47,9988,4305,86.8
2026-06-09 19:01:50,9991,4306,238
2026-06-09 19:01:53,9994,4307,63.2
2026-06-09 19:01:56,9997,4308,125
2026-06-09 19:01:58,9999,4309,48.8
2026-06-09 19:02:01,10002,4310,191
2026-06-09 19:02:04,10005,4311,117
2026-06-09 19:02:07,10008,4312,25.2
2026-06-09 19:02:10,10011,4313,82.5
2026-06-09 19:02:13,10014,4314,79.3
2026-06-09 19:02:16,10017,4315,74.7
2026-06-09 19:02:19,10020,4316,105
2026-06-09 19:02:22,10023,4317,69.1
2026-06-09 19:02:25,10026,4318,26.5
2026-06-09 19:02:27,10028,4319,38.3
2026-06-09 19:02:30,10031,4320,157
2026-06-09 19:02:33,10034,4321,81.3
2026-06-09 19:02:36,10037,4322,226
2026-06-09 19:02:39,10040,4323,77.9
2026-06-09 19:02:42,10043,4324,304
2026-06-09 19:02:45,10046,4325,71.8
2026-06-09 19:02:48,10049,4326,250
2026-06-09 19:02:51,10052,4327,20.9
2026-06-09 19:02:54,10055,4328,84.8
2026-06-09 19:02:56,10057,4329,33.1
2026-06-09 19:02:59,10060,4330,21.0
2026-06-09 19:03:02,10063,4331,38.1
2026-06-09 19:03:05,10066,4332,169
2026-06-09 19:03:08,10069,4333,61.4
2026-06-09 19:03:11,10072,4334,34.4
2026-06-09 19:03:14,10075,4335,150
2026-06-09 19:03:17,10078,4336,375
2026-06-09 19:03:19,10080,4337,60.1
2026-06-09 19:03:22,10083,4338,78.0
2026-06-09 19:03:25,10086,4339,41.5
2026-06-09 19:03:27,10088,4340,47.5
2026-06-09 19:03:30,10091,4341,24.5
2026-06-09 19:03:33,10094,4342,31.0
2026-06-09 19:03:37,10098,4343,149
2026-06-09 19:03:39,10100,4344,101
2026-06-09 19:03:42,10103,4345,84.6
2026-06-09 19:03:45,10106,4346,91.7
2026-06-09 19:03:48,10109,4347,235
2026-06-09 19:03:51,10112,4348,35.5
2026-06-09 19:03:54,10115,4349,16.8
2026-06-09 19:03:57,10118,4350,39.6
2026-06-09 19:04:00,10121,4351,66.5
2026-06-09 19:04:03,10124,4352,176
2026-06-09 19:04:06,10127,4353,67.3
2026-06-09 19:04:09,10130,4354,180
2026-06-09 19:04:12,10133,4355,25.2
2026-06-09 19:04:15,10136,4356,157
2026-06-09 19:04:18,10139,4357,55.4
2026-06-09 19:04:21,10142,4358,17.1
2026-06-09 19:04:24,10145,4359,29.5
2026-06-09 19:04:27,10148,4360,98.9
2026-06-09 19:04:30,10151,4361,31.8
2026-06-09 19:04:33,10154,4362,49.3
2026-06-09 19:04:36,10157,4363,26.2
2026-06-09 19:04:39,10160,4364,70.3
2026-06-09 19:04:42,10163,4365,51.8
2026-06-09 19:04:45,10166,4366,77.0
2026-06-09 19:04:48,10169,4367,92.3
2026-06-09 19:04:51,10172,4368,275
2026-06-09 19:04:54,10175,4369,91.6
2026-06-09 19:04:56,10177,4370,89.4
2026-06-09 19:04:59,10180,4371,65.1
2026-06-09 19:05:02,10183,4372,138
2026-06-09 19:05:05,10186,4373,65.1
2026-06-09 19:05:08,10189,4374,15.5
2026-06-09 19:05:11,10192,4375,106
2026-06-09 19:05:15,10196,4376,33.7
2026-06-09 19:05:17,10198,4377,27.1
2026-06-09 19:05:19,10200,4378,180
2026-06-09 19:05:22,10203,4379,206
2026-06-09 19:05:24,10205,4380,266
2026-06-09 19:05:26,10207,4381,105
2026-06-09 19:05:28,10209,4382,117
2026-06-09 19:05:31,10212,4383,24.1
2026-06-09 19:05:33,10214,4384,29.0
2026-06-09 19:05:35,10216,4385,63.3
2026-06-09 19:05:38,10219,4386,61.5
2026-06-09 19:05:41,10222,4387,150
2026-06-09 19:05:43,10224,4388,17.0
2026-06-09 19:05:46,10227,4389,65.0
2026-06-09 19:05:49,10230,4390,48.3
2026-06-09 19:05:52,10233,4391,150
2026-06-09 19:05:55,10236,4392,48.5
2026-06-09 19:05:58,10239,4393,99.3
2026-06-09 19:06:01,10242,4394,114
2026-06-09 19:06:04,10245,4395,128
2026-06-09 19:06:07,10248,4396,22.2
2026-06-09 19:06:10,10251,4397,25.3
2026-06-09 19:06:13,10254,4398,45.0
2026-06-09 19:06:16,10257,4399,48.2
2026-06-09 19:06:19,10260,4400,89.2
2026-06-09 19:06:22,10263,4401,30.0
2026-06-09 19:06:25,10266,4402,125
2026-06-09 19:06:28,10269,4403,73.4
2026-06-09 19:06:31,10272,4404,44.8
2026-06-09 19:06:34,10275,4405,103
2026-06-09 19:06:37,10278,4406,196
2026-06-09 19:06:41,10282,4407,73.0
2026-06-09 19:06:43,10284,4408,75.6
2026-06-09 19:06:46,10287,4409,132
2026-06-09 19:06:49,10290,4410,98.5
2026-06-09 19:06:52,10293,4411,119
2026-06-09 19:06:54,10295,4412,93.7
2026-06-09 19:06:57,10298,4413,24.1
2026-06-09 19:07:00,10301,4414,130
2026-06-09 19:07:03,10304,4415,122
2026-06-09 19:07:06,10307,4416,182
2026-06-09 19:07:09,10310,4417,47.9
2026-06-09 19:07:12,10313,4418,118
2026-06-09 19:07:15,10316,4419,71.0
2026-06-09 19:07:18,10319,4420,24.1
2026-06-09 19:07:21,10322,4421,136
2026-06-09 19:07:24,10325,4422,132
2026-06-09 19:07:26,10327,4423,108
2026-06-09 19:07:29,10330,4424,106
2026-06-09 19:07:32,10333,4425,157
2026-06-09 19:07:35,10336,4426,130
2026-06-09 19:07:38,10339,4427,65.5
2026-06-09 19:07:41,10342,4428,131
2026-06-09 19:07:44,10345,4429,117
2026-06-09 19:07:47,10348,4430,28.5
2026-06-09 19:07:50,10351,4431,186
2026-06-09 19:07:53,10354,4432,111
2026-06-09 19:07:56,10357,4433,70.5
2026-06-09 19:07:59,10360,4434,97.8
2026-06-09 19:08:02,10363,4435,160
2026-06-09 19:08:05,10366,4436,86.0
2026-06-09 19:08:08,10369,4437,67.4
2026-06-09 19:08:11,10372,4438,146
2026-06-09 19:08:14,10375,4439,77.0
2026-06-09 19:08:17,10378,4440,145
2026-06-09 19:08:20,10381,4441,98.0
2026-06-09 19:08:23,10384,4442,145
2026-06-09 19:08:26,10387,4443,77.6
2026-06-09 19:08:29,10390,4444,57.9
2026-06-09 19:08:32,10393,4445,44.3
2026-06-09 19:08:35,10396,4446,39.1
2026-06-09 19:08:37,10398,4447,141
2026-06-09 19:08:40,10401,4448,37.7
2026-06-09 19:08:43,10404,4449,40.4
2026-06-09 19:08:47,10408,4450,38.4
2026-06-09 19:08:50,10411,4451,150
2026-06-09 19:08:53,10414,4452,37.6
2026-06-09 19:08:56,10417,4453,92.5
2026-06-09 19:08:59,10420,4454,189
2026-06-09 19:09:02,10423,4455,35.8
2026-06-09 19:09:05,10426,4456,126
2026-06-09 19:09:08,10429,4457,162
2026-06-09 19:09:11,10432,4458,39.6
2026-06-09 19:09:14,10435,4459,33.8
2026-06-09 19:09:17,10438,4460,102
2026-06-09 19:09:20,10441,4461,149
2026-06-09 19:09:23,10444,4462,79.1
2026-06-09 19:09:26,10447,4463,200
2026-06-09 19:09:29,10450,4464,40.6
2026-06-09 19:09:32,10453,4465,42.9
2026-06-09 19:09:35,10456,4466,84.4
2026-06-09 19:09:38,10459,4467,165
2026-06-09 19:09:41,10462,4468,161
2026-06-09 19:09:44,10465,4469,50.0
2026-06-09 19:09:47,10468,4470,211
2026-06-09 19:09:50,10471,4471,89.0
2026-06-09 19:09:53,10474,4472,129
2026-06-09 19:09:56,10477,4473,21.3
2026-06-09 19:09:59,10480,4474,22.9
2026-06-09 19:10:02,10483,4475,38.3
2026-06-09 19:10:05,10486,4476,216
2026-06-09 19:10:08,10489,4477,136
2026-06-09 19:10:11,10492,4478,40.1
2026-06-09 19:10:14,10495,4479,136
2026-06-09 19:10:17,10498,4480,225
2026-06-09 19:10:20,10501,4481,19.6
2026-06-09 19:10:23,10504,4482,80.2
2026-06-09 19:10:26,10507,4483,70.8
2026-06-09 19:10:29,10510,4484,32.9
2026-06-09 19:10:32,10513,4485,19.8
2026-06-09 19:10:35,10516,4486,135
2026-06-09 19:10:38,10519,4487,35.4
2026-06-09 19:10:41,10522,4488,20.4
2026-06-09 19:10:44,10525,4489,117
2026-06-09 19:10:47,10528,4490,72.8
2026-06-09 19:10:50,10531,4491,94.7
2026-06-09 19:10:53,10534,4492,340
2026-06-09 19:10:56,10537,4493,136
2026-06-09 19:10:58,10539,4494,107
2026-06-09 19:11:01,10542,4495,113
2026-06-09 19:11:04,10545,4496,121
2026-06-09 19:11:07,10548,4497,101
2026-06-09 19:11:10,10551,4498,186
2026-06-09 19:11:13,10554,4499,45.5
2026-06-09 19:11:16,10557,4500,21.3
2026-06-09 19:11:19,10560,4501,15.1
2026-06-09 19:11:22,10563,4502,61.1
2026-06-09 19:11:25,10566,4503,280
2026-06-09 19:11:28,10569,4504,56.3
2026-06-09 19:11:31,10572,4505,20.9
2026-06-09 19:11:34,10575,4506,32.8
2026-06-09 19:11:37,10578,4507,119
2026-06-09 19:11:40,10581,4508,32.2
2026-06-09 19:11:43,10584,4509,92.3
2026-06-09 19:11:47,10588,4510,34.8
2026-06-09 19:11:50,10591,4511,293
2026-06-09 19:11:53,10594,4512,97.9
2026-06-09 19:11:56,10597,4513,68.8
2026-06-09 19:11:59,10600,4514,51.7
2026-06-09 19:12:02,10603,4515,66.7
2026-06-09 19:12:05,10606,4516,34.6
2026-06-09 19:12:08,10609,4517,120
2026-06-09 19:12:11,10612,4518,35.6
2026-06-09 19:12:14,10615,4519,28.1
2026-06-09 19:12:17,10618,4520,136
2026-06-09 19:12:20,10621,4521,85.6
2026-06-09 19:12:23,10624,4522,151
2026-06-09 19:12:25,10626,4523,60.0
2026-06-09 19:12:29,10630,4524,43.7
2026-06-09 19:12:31,10632,4525,176
2026-06-09 19:12:34,10635,4526,229
2026-06-09 19:12:37,10638,4527,112
2026-06-09 19:12:40,10641,4528,109
2026-06-09 19:12:42,10643,4529,65.5
2026-06-09 19:12:45,10646,4530,15.3
2026-06-09 19:12:48,10649,4531,151
2026-06-09 19:12:51,10652,4532,152
2026-06-09 19:12:53,10654,4533,71.6
2026-06-09 19:12:56,10657,4534,179
2026-06-09 19:12:59,10660,4535,145
2026-06-09 19:13:02,10663,4536,156
2026-06-09 19:13:05,10666,4537,174
2026-06-09 19:13:08,10669,4538,275
2026-06-09 19:13:11,10672,4539,132
2026-06-09 19:13:14,10675,4540,118
2026-06-09 19:13:17,10678,4541,17.9
2026-06-09 19:13:20,10681,4542,197
2026-06-09 19:13:23,10684,4543,352
2026-06-09 19:13:26,10687,4544,226
2026-06-09 19:13:28,10689,4545,86.1
2026-06-09 19:13:31,10692,4546,91.2
2026-06-09 19:13:34,10695,4547,17.7
2026-06-09 19:13:37,10698,4548,113
2026-06-09 19:13:40,10701,4549,35.8
2026-06-09 19:13:43,10704,4550,267
2026-06-09 19:13:45,10706,4551,49.1
2026-06-09 19:13:48,10709,4552,137
2026-06-09 19:13:51,10712,4553,77.4
2026-06-09 19:13:54,10715,4554,25.3
2026-06-09 19:13:57,10718,4555,142
2026-06-09 19:14:00,10721,4556,34.0
2026-06-09 19:14:03,10724,4557,110
2026-06-09 19:14:06,10727,4558,56.8
2026-06-09 19:14:09,10730,4559,87.3
2026-06-09 19:14:12,10733,4560,64.2
2026-06-09 19:14:14,10735,4561,109
2026-06-09 19:14:17,10738,4562,37.8
2026-06-09 19:14:20,10741,4563,224
2026-06-09 19:14:23,10744,4564,67.3
2026-06-09 19:14:25,10746,4565,81.7
2026-06-09 19:14:28,10749,4566,188
2026-06-09 19:14:31,10752,4567,122
2026-06-09 19:14:34,10755,4568,139
2026-06-09 19:14:37,10758,4569,49.8
2026-06-09 19:14:40,10761,4570,71.4
2026-06-09 19:14:42,10763,4571,119
2026-06-09 19:14:45,10766,4572,304
2026-06-09 19:14:48,10769,4573,18.9
2026-06-09 19:14:51,10772,4574,131
2026-06-09 19:14:55,10776,4575,142
2026-06-09 19:14:58,10779,4576,13.1
2026-06-09 19:15:01,10782,4577,28.5
2026-06-09 19:15:04,10785,4578,51.9
2026-06-09 19:15:07,10788,4579,91.5
2026-06-09 19:15:10,10791,4580,63.7
2026-06-09 19:15:13,10794,4581,17.7
2026-06-09 19:15:15,10796,4582,126
2026-06-09 19:15:17,10798,4583,222
2026-06-09 19:15:20,10801,4584,109
2026-06-09 19:15:22,10803,4585,38.3
2026-06-09 19:15:24,10805,4586,85.5
2026-06-09 19:15:27,10807,4587,48.4
2026-06-09 19:15:29,10810,4588,41.6
2026-06-09 19:15:31,10812,4589,110
2026-06-09 19:15:34,10815,4590,177
2026-06-09 19:15:37,10818,4591,195
2026-06-09 19:15:40,10821,4592,84.7
2026-06-09 19:15:43,10824,4593,23.9
2026-06-09 19:15:46,10827,4594,142
2026-06-09 19:15:49,10830,4595,28.6
2026-06-09 19:15:52,10833,4596,33.6
2026-06-09 19:15:56,10837,4597,137
2026-06-09 19:15:59,10840,4598,123
2026-06-09 19:16:02,10843,4599,76.5
2026-06-09 19:16:05,10846,4600,122
2026-06-09 19:16:09,10849,4601,35.0
2026-06-09 19:16:11,10852,4602,222
2026-06-09 19:16:14,10855,4603,87.4
2026-06-09 19:16:18,10859,4604,62.0
2026-06-09 19:16:20,10861,4605,290
2026-06-09 19:16:24,10865,4606,64.7
2026-06-09 19:16:27,10868,4607,87.9
2026-06-09 19:16:30,10871,4608,117
2026-06-09 19:16:33,10874,4609,102
2026-06-09 19:16:36,10877,4610,130
2026-06-09 19:16:39,10880,4611,105
2026-06-09 19:16:42,10883,4612,58.1
2026-06-09 19:16:45,10886,4613,105
2026-06-09 19:16:48,10889,4614,150
2026-06-09 19:16:51,10892,4615,35.7
2026-06-09 19:16:54,10895,4616,38.1
2026-06-09 19:16:57,10898,4617,60.0
2026-06-09 19:17:00,10901,4618,41.9
2026-06-09 19:17:04,10905,4619,75.8
2026-06-09 19:17:07,10908,4620,128
2026-06-09 19:17:10,10911,4621,101
2026-06-09 19:17:13,10914,4622,36.8
2026-06-09 19:17:16,10917,4623,206
2026-06-09 19:17:19,10920,4624,27.0
2026-06-09 19:17:22,10923,4625,198
2026-06-09 19:17:24,10925,4626,223
2026-06-09 19:17:27,10928,4627,72.4
2026-06-09 19:17:30,10931,4628,145
2026-06-09 19:17:33,10934,4629,160
2026-06-09 19:17:36,10937,4630,135
2026-06-09 19:17:38,10939,4631,176
2026-06-09 19:17:41,10942,4632,198
2026-06-09 19:17:44,10945,4633,146
2026-06-09 19:17:47,10948,4634,26.5
2026-06-09 19:17:50,10951,4635,95.3
2026-06-09 19:17:53,10954,4636,147
2026-06-09 19:17:56,10957,4637,41.7
2026-06-09 19:17:59,10960,4638,227
2026-06-09 19:18:02,10963,4639,98.5
2026-06-09 19:18:05,10966,4640,70.5
2026-06-09 19:18:08,10969,4641,158
2026-06-09 19:18:10,10971,4642,31.9
2026-06-09 19:18:13,10974,4643,83.8
2026-06-09 19:18:17,10978,4644,138
2026-06-09 19:18:20,10981,4645,203
2026-06-09 19:18:23,10984,4646,280
2026-06-09 19:18:26,10987,4647,118
2026-06-09 19:18:28,10989,4648,123
2026-06-09 19:18:32,10993,4649,120
2026-06-09 19:18:35,10996,4650,220
2026-06-09 19:18:37,10998,4651,319
2026-06-09 19:18:40,11001,4652,280
2026-06-09 19:18:43,11004,4653,47.4
2026-06-09 19:18:46,11007,4654,163
2026-06-09 19:18:49,11010,4655,50.1
2026-06-09 19:18:53,11014,4656,91.9
2026-06-09 19:18:56,11017,4657,104
2026-06-09 19:18:59,11020,4658,17.7
2026-06-09 19:19:02,11023,4659,80.9
2026-06-09 19:19:05,11026,4660,9.67
2026-06-09 19:19:08,11029,4661,150
2026-06-09 19:19:11,11032,4662,94.3
2026-06-09 19:19:14,11035,4663,260
2026-06-09 19:19:17,11038,4664,31.7
2026-06-09 19:19:20,11041,4665,55.3
2026-06-09 19:19:22,11043,4666,38.2
2026-06-09 19:19:26,11047,4667,160
2026-06-09 19:19:29,11050,4668,147
2026-06-09 19:19:32,11053,4669,65.9
2026-06-09 19:19:35,11056,4670,188
2026-06-09 19:19:38,11059,4671,70.8
2026-06-09 19:19:41,11062,4672,147
2026-06-09 19:19:44,11065,4673,50.2
2026-06-09 19:19:47,11068,4674,40.0
2026-06-09 19:19:50,11071,4675,272
2026-06-09 19:19:52,11073,4676,129
2026-06-09 19:19:55,11076,4677,62.5
2026-06-09 19:19:58,11079,4678,102
2026-06-09 19:20:01,11082,4679,41.7
2026-06-09 19:20:04,11085,4680,102
2026-06-09 19:20:07,11088,4681,90.0
2026-06-09 19:20:10,11091,4682,105
2026-06-09 19:20:14,11095,4683,28.8
2026-06-09 19:20:17,11098,4684,281
2026-06-09 19:20:20,11101,4685,122
2026-06-09 19:20:23,11104,4686,47.5
2026-06-09 19:20:26,11107,4687,138
2026-06-09 19:20:29,11110,4688,59.0
2026-06-09 19:20:32,11113,4689,36.2
2026-06-09 19:20:35,11116,4690,25.5
2026-06-09 19:20:38,11119,4691,169
2026-06-09 19:20:41,11122,4692,100
2026-06-09 19:20:44,11125,4693,107
2026-06-09 19:20:47,11128,4694,310
2026-06-09 19:20:50,11131,4695,210
2026-06-09 19:20:53,11134,4696,67.5
2026-06-09 19:20:55,11136,4697,35.3
2026-06-09 19:20:58,11139,4698,27.2
2026-06-09 19:21:01,11142,4699,169
2026-06-09 19:21:04,11145,4700,68.1
2026-06-09 19:21:07,11148,4701,112
2026-06-09 19:21:10,11151,4702,25.2
2026-06-09 19:21:13,11154,4703,82.8
2026-06-09 19:21:16,11157,4704,157
2026-06-09 19:21:19,11160,4705,174
2026-06-09 19:21:22,11163,4706,79.0
2026-06-09 19:21:26,11167,4707,43.9
2026-06-09 19:21:28,11169,4708,95.4
2026-06-09 19:21:31,11172,4709,230
2026-06-09 19:21:34,11175,4710,39.2
2026-06-09 19:21:37,11178,4711,67.4
2026-06-09 19:21:40,11181,4712,55.0
2026-06-09 19:21:43,11184,4713,192
2026-06-09 19:21:45,11186,4714,36.1
2026-06-09 19:21:48,11189,4715,123
2026-06-09 19:21:51,11192,4716,74.4
2026-06-09 19:21:54,11195,4717,69.5
2026-06-09 19:21:57,11198,4718,104
2026-06-09 19:22:01,11202,4719,19.7
2026-06-09 19:22:04,11205,4720,101
2026-06-09 19:22:07,11208,4721,89.9
2026-06-09 19:22:10,11211,4722,327
2026-06-09 19:22:13,11214,4723,38.2
2026-06-09 19:22:17,11218,4724,169
2026-06-09 19:22:20,11221,4725,51.1
2026-06-09 19:22:23,11224,4726,51.0
2026-06-09 19:22:26,11227,4727,214
2026-06-09 19:22:30,11231,4728,69.7
2026-06-09 19:22:33,11234,4729,122
2026-06-09 19:22:36,11237,4730,44.9
2026-06-09 19:22:38,11239,4731,126
2026-06-09 19:22:42,11243,4732,33.2
2026-06-09 19:22:45,11246,4733,12.7
2026-06-09 19:22:48,11249,4734,54.5
2026-06-09 19:22:51,11252,4735,167
2026-06-09 19:22:54,11255,4736,129
2026-06-09 19:22:57,11258,4737,44.1
2026-06-09 19:23:00,11261,4738,12.7
2026-06-09 19:23:03,11264,4739,60.5
2026-06-09 19:23:06,11267,4740,86.0
2026-06-09 19:23:09,11270,4741,45.0
2026-06-09 19:23:12,11273,4742,26.5
2026-06-09 19:23:15,11276,4743,27.3
2026-06-09 19:23:18,11279,4744,33.5
2026-06-09 19:23:21,11282,4745,53.4
2026-06-09 19:23:23,11284,4746,58.6
2026-06-09 19:23:27,11288,4747,107
2026-06-09 19:23:30,11291,4748,40.8
2026-06-09 19:23:33,11294,4749,72.3
2026-06-09 19:23:36,11297,4750,52.8
2026-06-09 19:23:39,11300,4751,35.7
2026-06-09 19:23:42,11303,4752,10.5
2026-06-09 19:23:45,11306,4753,37.4
2026-06-09 19:23:48,11309,4754,72.1
2026-06-09 19:23:51,11312,4755,99.8
2026-06-09 19:23:54,11315,4756,54.4
2026-06-09 19:23:57,11318,4757,76.2
2026-06-09 19:24:00,11321,4758,22.7
2026-06-09 19:24:03,11324,4759,78.6
2026-06-09 19:24:06,11327,4760,363
2026-06-09 19:24:09,11330,4761,92.3
2026-06-09 19:24:13,11334,4762,43.4
2026-06-09 19:24:15,11336,4763,104
2026-06-09 19:24:19,11340,4764,42.7
2026-06-09 19:24:22,11343,4765,93.6
2026-06-09 19:24:25,11346,4766,44.3
2026-06-09 19:24:28,11349,4767,94.2
2026-06-09 19:24:31,11352,4768,173
2026-06-09 19:24:34,11355,4769,14.1
2026-06-09 19:24:37,11358,4770,120
2026-06-09 19:24:40,11361,4771,25.3
2026-06-09 19:24:43,11364,4772,29.0
2026-06-09 19:24:47,11368,4773,190
2026-06-09 19:24:50,11371,4774,102
2026-06-09 19:24:53,11374,4775,79.9
2026-06-09 19:24:56,11377,4776,90.1
2026-06-09 19:24:59,11380,4777,55.5
2026-06-09 19:25:02,11383,4778,25.1
2026-06-09 19:25:05,11386,4779,121
2026-06-09 19:25:08,11389,4780,44.4
2026-06-09 19:25:11,11392,4781,69.2
2026-06-09 19:25:14,11395,4782,60.3
2026-06-09 19:25:17,11398,4783,54.7
2026-06-09 19:25:21,11402,4784,127
2026-06-09 19:25:23,11404,4785,207
2026-06-09 19:25:26,11407,4786,198
2026-06-09 19:25:29,11410,4787,30.8
2026-06-09 19:25:32,11413,4788,60.9
2026-06-09 19:25:34,11415,4789,41.1
2026-06-09 19:25:36,11417,4790,15.9
2026-06-09 19:25:38,11419,4791,255
2026-06-09 19:25:41,11422,4792,28.6
2026-06-09 19:25:43,11424,4793,189
2026-06-09 19:25:45,11426,4794,95.5
2026-06-09 19:25:47,11428,4795,50.6
2026-06-09 19:25:49,11430,4796,33.3
2026-06-09 19:25:52,11433,4797,211
2026-06-09 19:25:54,11435,4798,128
2026-06-09 19:25:56,11437,4799,140
2026-06-09 19:25:59,11440,4800,67.9
2026-06-09 19:26:02,11443,4801,157
2026-06-09 19:26:05,11446,4802,162
2026-06-09 19:26:07,11448,4803,45.4
2026-06-09 19:26:11,11452,4804,132
2026-06-09 19:26:14,11455,4805,46.9
2026-06-09 19:26:17,11458,4806,25.3
2026-06-09 19:26:20,11461,4807,109
2026-06-09 19:26:23,11464,4808,162
2026-06-09 19:26:26,11467,4809,260
2026-06-09 19:26:29,11470,4810,59.7
2026-06-09 19:26:32,11473,4811,96.4
2026-06-09 19:26:35,11476,4812,20.4
2026-06-09 19:26:38,11479,4813,139
2026-06-09 19:26:41,11482,4814,32.1
2026-06-09 19:26:44,11485,4815,212
2026-06-09 19:26:47,11488,4816,81.6
2026-06-09 19:26:50,11491,4817,232
2026-06-09 19:26:53,11494,4818,53.1
2026-06-09 19:26:55,11496,4819,49.4
2026-06-09 19:26:58,11499,4820,141
2026-06-09 19:27:01,11502,4821,73.6
2026-06-09 19:27:04,11505,4822,52.5
2026-06-09 19:27:07,11508,4823,25.5
2026-06-09 19:27:10,11511,4824,202
2026-06-09 19:27:13,11514,4825,25.4
2026-06-09 19:27:16,11517,4826,187
2026-06-09 19:27:19,11520,4827,157
2026-06-09 19:27:22,11523,4828,306
2026-06-09 19:27:25,11526,4829,41.5
2026-06-09 19:27:28,11529,4830,10.2
2026-06-09 19:27:31,11532,4831,54.5
2026-06-09 19:27:34,11535,4832,25.2
2026-06-09 19:27:37,11538,4833,34.5
2026-06-09 19:27:39,11540,4834,135
2026-06-09 19:27:42,11543,4835,25.2
2026-06-09 19:27:45,11546,4836,136
2026-06-09 19:27:48,11549,4837,139
2026-06-09 19:27:51,11552,4838,115
2026-06-09 19:27:54,11555,4839,68.3
2026-06-09 19:27:57,11558,4840,142
2026-06-09 19:28:00,11561,4841,253
2026-06-09 19:28:03,11564,4842,37.0
2026-06-09 19:28:05,11566,4843,29.3
2026-06-09 19:28:09,11570,4844,37.6
2026-06-09 19:28:12,11573,4845,122
2026-06-09 19:28:15,11576,4846,31.5
2026-06-09 19:28:18,11579,4847,149
2026-06-09 19:28:21,11582,4848,44.1
2026-06-09 19:28:24,11585,4849,268
2026-06-09 19:28:27,11588,4850,122
2026-06-09 19:28:30,11591,4851,25.8
2026-06-09 19:28:33,11594,4852,25.6
2026-06-09 19:28:36,11597,4853,101
2026-06-09 19:28:39,11600,4854,53.7
2026-06-09 19:28:42,11603,4855,117
2026-06-09 19:28:45,11606,4856,87.2
2026-06-09 19:28:48,11609,4857,26.8
2026-06-09 19:28:51,11612,4858,63.0
2026-06-09 19:28:54,11615,4859,101
2026-06-09 19:28:57,11618,4860,204
2026-06-09 19:29:00,11621,4861,73.3
2026-06-09 19:29:03,11624,4862,74.8
2026-06-09 19:29:06,11627,4863,231
2026-06-09 19:29:09,11630,4864,106
2026-06-09 19:29:12,11633,4865,191
2026-06-09 19:29:15,11636,4866,252
2026-06-09 19:29:18,11639,4867,48.2
2026-06-09 19:29:21,11642,4868,21.3
2026-06-09 19:29:24,11645,4869,31.2
2026-06-09 19:29:27,11648,4870,151
2026-06-09 19:29:30,11651,4871,87.5
2026-06-09 19:29:33,11654,4872,55.6
2026-06-09 19:29:35,11656,4873,96.9
2026-06-09 19:29:38,11659,4874,27.7
2026-06-09 19:29:41,11662,4875,26.2
2026-06-09 19:29:44,11665,4876,121
2026-06-09 19:29:47,11668,4877,29.0
2026-06-09 19:29:50,11671,4878,134
2026-06-09 19:29:53,11674,4879,102
2026-06-09 19:29:56,11677,4880,165
2026-06-09 19:29:58,11679,4881,238
2026-06-09 19:30:01,11682,4882,106
2026-06-09 19:30:04,11685,4883,37.6
2026-06-09 19:30:07,11688,4884,196
2026-06-09 19:30:10,11691,4885,21.1
2026-06-09 19:30:13,11694,4886,165
2026-06-09 19:30:16,11697,4887,177
2026-06-09 19:30:19,11700,4888,278
2026-06-09 19:30:22,11703,4889,145
2026-06-09 19:30:25,11706,4890,87.1
2026-06-09 19:30:28,11709,4891,85.1
2026-06-09 19:30:31,11712,4892,37.4
2026-06-09 19:30:34,11715,4893,113
2026-06-09 19:30:37,11718,4894,124
2026-06-09 19:30:40,11721,4895,88.0
2026-06-09 19:30:43,11724,4896,129
2026-06-09 19:30:46,11727,4897,68.4
2026-06-09 19:30:48,11729,4898,50.1
2026-06-09 19:30:51,11732,4899,149
2026-06-09 19:30:55,11736,4900,51.9
2026-06-09 19:30:58,11739,4901,93.0
2026-06-09 19:31:01,11742,4902,179
2026-06-09 19:31:04,11745,4903,29.4
2026-06-09 19:31:06,11747,4904,191
2026-06-09 19:31:09,11750,4905,41.1
2026-06-09 19:31:12,11753,4906,90.7
2026-06-09 19:31:15,11756,4907,83.4
2026-06-09 19:31:17,11758,4908,29.0
2026-06-09 19:31:20,11761,4909,13.0
2026-06-09 19:31:23,11764,4910,114
2026-06-09 19:31:26,11767,4911,50.2
2026-06-09 19:31:28,11769,4912,36.8
2026-06-09 19:31:31,11772,4913,88.7
2026-06-09 19:31:34,11775,4914,30.7
2026-06-09 19:31:37,11778,4915,213
2026-06-09 19:31:40,11781,4916,96.3
2026-06-09 19:31:43,11784,4917,114
2026-06-09 19:31:46,11787,4918,127
2026-06-09 19:31:49,11790,4919,152
2026-06-09 19:31:52,11793,4920,75.3
2026-06-09 19:31:55,11796,4921,30.1
2026-06-09 19:31:58,11799,4922,45.3
2026-06-09 19:32:01,11802,4923,85.3
2026-06-09 19:32:04,11805,4924,158
2026-06-09 19:32:07,11808,4925,108
2026-06-09 19:32:10,11811,4926,203
2026-06-09 19:32:13,11814,4927,25.3
2026-06-09 19:32:16,11817,4928,30.8
2026-06-09 19:32:19,11820,4929,40.8
2026-06-09 19:32:22,11823,4930,44.3
2026-06-09 19:32:24,11825,4931,49.6
2026-06-09 19:32:27,11828,4932,64.2
2026-06-09 19:32:30,11831,4933,100
2026-06-09 19:32:33,11834,4934,137
2026-06-09 19:32:36,11837,4935,139
2026-06-09 19:32:39,11839,4936,58.1
2026-06-09 19:32:41,11842,4937,85.4
2026-06-09 19:32:45,11846,4938,16.7
2026-06-09 19:32:48,11849,4939,78.6
2026-06-09 19:32:51,11852,4940,38.1
2026-06-09 19:32:53,11854,4941,55.2
2026-06-09 19:32:56,11857,4942,117
2026-06-09 19:32:59,11860,4943,91.3
2026-06-09 19:33:02,11863,4944,28.7
2026-06-09 19:33:05,11866,4945,26.6
2026-06-09 19:33:08,11869,4946,116
2026-06-09 19:33:11,11872,4947,112
2026-06-09 19:33:14,11875,4948,60.4
2026-06-09 19:33:17,11878,4949,86.4
2026-06-09 19:33:20,11881,4950,24.5
2026-06-09 19:33:23,11884,4951,116
2026-06-09 19:33:26,11887,4952,46.6
2026-06-09 19:33:29,11890,4953,87.3
2026-06-09 19:33:32,11893,4954,42.3
2026-06-09 19:33:35,11896,4955,64.1
2026-06-09 19:33:38,11899,4956,138
2026-06-09 19:33:41,11902,4957,103
2026-06-09 19:33:43,11904,4958,88.3
2026-06-09 19:33:46,11907,4959,20.4
2026-06-09 19:33:49,11910,4960,204
2026-06-09 19:33:52,11913,4961,169
2026-06-09 19:33:54,11915,4962,19.6
2026-06-09 19:33:57,11918,4963,118
2026-06-09 19:34:00,11921,4964,17.1
2026-06-09 19:34:03,11924,4965,110
2026-06-09 19:34:06,11927,4966,101
2026-06-09 19:34:09,11930,4967,35.3
2026-06-09 19:34:12,11933,4968,131
2026-06-09 19:34:15,11936,4969,42.1
2026-06-09 19:34:18,11939,4970,67.4
2026-06-09 19:34:22,11943,4971,10.9
2026-06-09 19:34:24,11945,4972,163
2026-06-09 19:34:27,11948,4973,40.5
2026-06-09 19:34:30,11951,4974,10.2
2026-06-09 19:34:33,11954,4975,337
2026-06-09 19:34:36,11957,4976,28.6
2026-06-09 19:34:39,11960,4977,28.0
2026-06-09 19:34:42,11963,4978,33.3
2026-06-09 19:34:45,11966,4979,82.6
2026-06-09 19:34:48,11969,4980,64.0
2026-06-09 19:34:51,11972,4981,190
2026-06-09 19:34:54,11975,4982,95.7
2026-06-09 19:34:57,11978,4983,100
2026-06-09 19:35:00,11981,4984,22.7
2026-06-09 19:35:03,11984,4985,46.4
2026-06-09 19:35:06,11987,4986,10.6
2026-06-09 19:35:09,11990,4987,72.9
2026-06-09 19:35:12,11993,4988,239
2026-06-09 19:35:15,11996,4989,80.2
2026-06-09 19:35:18,11999,4990,153
2026-06-09 19:35:21,12002,4991,24.1
2026-06-09 19:35:23,12004,4992,707
2026-06-09 19:35:25,12006,4993,198
2026-06-09 19:35:28,12009,4994,55.0
2026-06-09 19:35:30,12011,4995,104
2026-06-09 19:35:32,12013,4996,226
2026-06-09 19:35:34,12015,4997,143
2026-06-09 19:35:37,12018,4998,357
2026-06-09 19:35:40,12021,4999,28.4
2026-06-09 19:35:43,12024,5000,39.3
2026-06-09 19:35:46,12027,5001,13.0
2026-06-09 19:35:49,12030,5002,32.8
2026-06-09 19:35:52,12033,5003,82.0
2026-06-09 19:35:55,12036,5004,43.5
2026-06-09 19:35:58,12039,5005,91.0
2026-06-09 19:36:01,12042,5006,79.9
2026-06-09 19:36:04,12045,5007,150
2026-06-09 19:36:07,12048,5008,45.2
2026-06-09 19:36:10,12051,5009,195
2026-06-09 19:36:13,12054,5010,56.2
2026-06-09 19:36:15,12056,5011,146
2026-06-09 19:36:18,12059,5012,79.9
2026-06-09 19:36:21,12062,5013,122
2026-06-09 19:36:24,12065,5014,183
2026-06-09 19:36:27,12068,5015,172
2026-06-09 19:36:30,12071,5016,71.4
2026-06-09 19:36:33,12074,5017,25.8
2026-06-09 19:36:35,12076,5018,111
2026-06-09 19:36:39,12080,5019,77.0
2026-06-09 19:36:42,12083,5020,37.3
2026-06-09 19:36:45,12086,5021,67.1
2026-06-09 19:36:47,12088,5022,101
2026-06-09 19:36:50,12091,5023,130
2026-06-09 19:36:53,12094,5024,41.0
2026-06-09 19:36:56,12097,5025,18.7
2026-06-09 19:36:59,12100,5026,62.9
2026-06-09 19:37:02,12103,5027,105
2026-06-09 19:37:05,12106,5028,34.4
2026-06-09 19:37:08,12109,5029,150
2026-06-09 19:37:11,12112,5030,43.4
2026-06-09 19:37:14,12115,5031,62.1
2026-06-09 19:37:17,12118,5032,26.6
2026-06-09 19:37:20,12121,5033,57.3
2026-06-09 19:37:23,12124,5034,229
2026-06-09 19:37:26,12127,5035,149
2026-06-09 19:37:29,12130,5036,60.4
2026-06-09 19:37:31,12132,5037,27.9
2026-06-09 19:37:34,12135,5038,164
2026-06-09 19:37:37,12138,5039,59.3
2026-06-09 19:37:40,12141,5040,142
2026-06-09 19:37:43,12144,5041,334
2026-06-09 19:37:46,12147,5042,127
2026-06-09 19:37:49,12150,5043,113
2026-06-09 19:37:52,12153,5044,70.1
2026-06-09 19:37:55,12156,5045,88.2
2026-06-09 19:37:58,12159,5046,25.9
2026-06-09 19:38:01,12162,5047,53.6
2026-06-09 19:38:04,12165,5048,66.6
2026-06-09 19:38:07,12168,5049,26.2
2026-06-09 19:38:10,12171,5050,71.4
2026-06-09 19:38:13,12174,5051,67.2
2026-06-09 19:38:16,12177,5052,116
2026-06-09 19:38:19,12180,5053,25.6
2026-06-09 19:38:22,12183,5054,45.3
2026-06-09 19:38:24,12185,5055,116
2026-06-09 19:38:27,12188,5056,23.8
2026-06-09 19:38:30,12191,5057,95.1
2026-06-09 19:38:33,12194,5058,20.9
2026-06-09 19:38:36,12197,5059,49.0
2026-06-09 19:38:39,12200,5060,30.5
2026-06-09 19:38:42,12203,5061,157
2026-06-09 19:38:44,12205,5062,31.6
2026-06-09 19:38:47,12208,5063,145
2026-06-09 19:38:50,12211,5064,47.3
2026-06-09 19:38:53,12214,5065,37.4
2026-06-09 19:38:56,12217,5066,194
2026-06-09 19:38:59,12220,5067,149
2026-06-09 19:39:02,12223,5068,79.6
2026-06-09 19:39:05,12226,5069,33.0
2026-06-09 19:39:08,12229,5070,47.2
2026-06-09 19:39:11,12232,5071,139
2026-06-09 19:39:14,12235,5072,232
2026-06-09 19:39:17,12238,5073,76.3
2026-06-09 19:39:20,12241,5074,52.8
2026-06-09 19:39:23,12244,5075,226
2026-06-09 19:39:26,12247,5076,20.6
2026-06-09 19:39:29,12250,5077,67.2
2026-06-09 19:39:32,12253,5078,176
2026-06-09 19:39:35,12256,5079,143
2026-06-09 19:39:38,12259,5080,87.5
2026-06-09 19:39:40,12261,5081,110
2026-06-09 19:39:44,12265,5082,111
2026-06-09 19:39:46,12267,5083,171
2026-06-09 19:39:49,12270,5084,122
2026-06-09 19:39:52,12273,5085,166
2026-06-09 19:39:55,12276,5086,129
2026-06-09 19:39:58,12279,5087,81.6
2026-06-09 19:40:01,12282,5088,146
2026-06-09 19:40:04,12285,5089,132
2026-06-09 19:40:07,12288,5090,107
2026-06-09 19:40:10,12291,5091,61.3
2026-06-09 19:40:13,12294,5092,8.56
2026-06-09 19:40:16,12297,5093,30.3
2026-06-09 19:40:19,12300,5094,126
2026-06-09 19:40:22,12303,5095,10.4
2026-06-09 19:40:25,12306,5096,47.8
2026-06-09 19:40:28,12309,5097,45.0
2026-06-09 19:40:31,12312,5098,129
2026-06-09 19:40:34,12315,5099,97.3
2026-06-09 19:40:37,12318,5100,125
2026-06-09 19:40:40,12321,5101,39.8
2026-06-09 19:40:42,12323,5102,54.3
2026-06-09 19:40:46,12327,5103,103
2026-06-09 19:40:49,12330,5104,131
2026-06-09 19:40:52,12333,5105,187
2026-06-09 19:40:55,12336,5106,131
2026-06-09 19:40:58,12339,5107,176
2026-06-09 19:41:01,12342,5108,31.6
2026-06-09 19:41:04,12345,5109,129
2026-06-09 19:41:07,12348,5110,150
2026-06-09 19:41:10,12351,5111,101
2026-06-09 19:41:13,12354,5112,231
2026-06-09 19:41:16,12357,5113,77.6
2026-06-09 19:41:19,12360,5114,37.0
2026-06-09 19:41:22,12363,5115,276
2026-06-09 19:41:25,12366,5116,108
2026-06-09 19:41:28,12369,5117,83.2
2026-06-09 19:41:32,12373,5118,88.8
2026-06-09 19:41:35,12376,5119,101
2026-06-09 19:41:38,12379,5120,56.0
2026-06-09 19:41:41,12382,5121,65.8
2026-06-09 19:41:44,12385,5122,83.3
2026-06-09 19:41:46,12387,5123,181
2026-06-09 19:41:49,12390,5124,146
2026-06-09 19:41:51,12392,5125,112
2026-06-09 19:41:53,12394,5126,42.6
2026-06-09 19:41:55,12396,5127,31.7
2026-06-09 19:41:57,12398,5128,163
2026-06-09 19:42:00,12401,5129,32.7
2026-06-09 19:42:04,12405,5130,117
2026-06-09 19:42:07,12408,5131,76.4
2026-06-09 19:42:10,12411,5132,142
2026-06-09 19:42:12,12413,5133,135
2026-06-09 19:42:15,12416,5134,146
2026-06-09 19:42:18,12419,5135,20.0
2026-06-09 19:42:21,12422,5136,208
2026-06-09 19:42:24,12425,5137,99.9
2026-06-09 19:42:27,12428,5138,107
2026-06-09 19:42:30,12431,5139,49.6
2026-06-09 19:42:33,12434,5140,62.4
2026-06-09 19:42:36,12437,5141,127
2026-06-09 19:42:39,12440,5142,186
2026-06-09 19:42:42,12443,5143,170
2026-06-09 19:42:45,12446,5144,27.4
2026-06-09 19:42:48,12449,5145,25.4
2026-06-09 19:42:51,12452,5146,83.3
2026-06-09 19:42:54,12455,5147,44.8
2026-06-09 19:42:57,12458,5148,226
2026-06-09 19:43:00,12461,5149,85.1
2026-06-09 19:43:03,12464,5150,125
2026-06-09 19:43:06,12467,5151,59.3
2026-06-09 19:43:09,12470,5152,129
2026-06-09 19:43:12,12473,5153,43.5
2026-06-09 19:43:15,12476,5154,164
2026-06-09 19:43:18,12479,5155,40.7
2026-06-09 19:43:21,12482,5156,131
2026-06-09 19:43:24,12485,5157,210
2026-06-09 19:43:27,12488,5158,47.5
2026-06-09 19:43:30,12491,5159,105
2026-06-09 19:43:34,12495,5160,30.2
2026-06-09 19:43:37,12498,5161,75.9
2026-06-09 19:43:40,12501,5162,108
2026-06-09 19:43:43,12504,5163,94.5
2026-06-09 19:43:46,12507,5164,10.1
2026-06-09 19:43:49,12510,5165,67.8
2026-06-09 19:43:52,12513,5166,113
2026-06-09 19:43:56,12517,5167,135
2026-06-09 19:43:58,12519,5168,43.0
2026-06-09 19:44:01,12522,5169,77.7
2026-06-09 19:44:04,12525,5170,53.8
2026-06-09 19:44:08,12529,5171,119
2026-06-09 19:44:11,12532,5172,25.3
2026-06-09 19:44:14,12535,5173,70.0
2026-06-09 19:44:17,12538,5174,114
2026-06-09 19:44:20,12541,5175,235
2026-06-09 19:44:23,12544,5176,203
2026-06-09 19:44:26,12547,5177,88.3
2026-06-09 19:44:29,12550,5178,133
2026-06-09 19:44:32,12553,5179,103
2026-06-09 19:44:34,12555,5180,21.9
2026-06-09 19:44:38,12559,5181,48.5
2026-06-09 19:44:41,12562,5182,123
2026-06-09 19:44:44,12565,5183,142
2026-06-09 19:44:47,12568,5184,93.1
2026-06-09 19:44:50,12571,5185,142
2026-06-09 19:44:53,12574,5186,38.8
2026-06-09 19:44:56,12577,5187,34.0
2026-06-09 19:44:59,12580,5188,10.4
2026-06-09 19:45:02,12583,5189,78.7
2026-06-09 19:45:05,12586,5190,96.7
2026-06-09 19:45:08,12589,5191,20.8
2026-06-09 19:45:11,12592,5192,69.9
2026-06-09 19:45:14,12595,5193,25.0
2026-06-09 19:45:16,12597,5194,124
2026-06-09 19:45:20,12601,5195,196
2026-06-09 19:45:23,12604,5196,59.1
2026-06-09 19:45:25,12606,5197,87.0
2026-06-09 19:45:28,12609,5198,133
2026-06-09 19:45:31,12612,5199,102
2026-06-09 19:45:34,12615,5200,29.3
2026-06-09 19:45:37,12618,5201,256
2026-06-09 19:45:40,12621,5202,20.4
2026-06-09 19:45:43,12624,5203,128
2026-06-09 19:45:46,12627,5204,118
2026-06-09 19:45:49,12630,5205,47.0
2026-06-09 19:45:52,12633,5206,148
2026-06-09 19:45:55,12636,5207,38.3
2026-06-09 19:45:58,12639,5208,82.2
2026-06-09 19:46:01,12642,5209,189
2026-06-09 19:46:03,12644,5210,58.9
2026-06-09 19:46:06,12647,5211,31.6
2026-06-09 19:46:09,12650,5212,64.8
2026-06-09 19:46:12,12653,5213,98.2
2026-06-09 19:46:15,12656,5214,215
2026-06-09 19:46:18,12659,5215,118
2026-06-09 19:46:21,12662,5216,171
2026-06-09 19:46:24,12665,5217,136
2026-06-09 19:46:27,12668,5218,64.1
2026-06-09 19:46:30,12671,5219,117
2026-06-09 19:46:33,12674,5220,70.7
2026-06-09 19:46:36,12677,5221,153
2026-06-09 19:46:39,12680,5222,53.3
2026-06-09 19:46:42,12683,5223,178
2026-06-09 19:46:45,12686,5224,58.7
2026-06-09 19:46:48,12689,5225,112
2026-06-09 19:46:51,12692,5226,102
2026-06-09 19:46:54,12695,5227,83.2
2026-06-09 19:46:57,12698,5228,146
2026-06-09 19:47:00,12701,5229,35.3
2026-06-09 19:47:03,12704,5230,30.8
2026-06-09 19:47:06,12707,5231,109
2026-06-09 19:47:09,12710,5232,168
2026-06-09 19:47:12,12713,5233,94.8
2026-06-09 19:47:15,12716,5234,93.2
2026-06-09 19:47:18,12719,5235,38.2
2026-06-09 19:47:21,12722,5236,34.1
2026-06-09 19:47:24,12725,5237,218
2026-06-09 19:47:27,12728,5238,108
2026-06-09 19:47:31,12732,5239,135
2026-06-09 19:47:34,12735,5240,116
2026-06-09 19:47:37,12738,5241,74.2
2026-06-09 19:47:40,12741,5242,124
2026-06-09 19:47:42,12743,5243,65.3
2026-06-09 19:47:46,12747,5244,95.4
2026-06-09 19:47:49,12750,5245,101
2026-06-09 19:47:52,12753,5246,198
2026-06-09 19:47:54,12755,5247,256
2026-06-09 19:47:57,12758,5248,207
2026-06-09 19:48:00,12761,5249,22.1
2026-06-09 19:48:03,12764,5250,43.1
2026-06-09 19:48:06,12767,5251,55.2
2026-06-09 19:48:09,12770,5252,59.4
2026-06-09 19:48:13,12774,5253,70.3
2026-06-09 19:48:16,12777,5254,101
2026-06-09 19:48:19,12780,5255,125
2026-06-09 19:48:21,12782,5256,105
2026-06-09 19:48:24,12785,5257,162
2026-06-09 19:48:27,12788,5258,20.9
2026-06-09 19:48:30,12791,5259,20.3
2026-06-09 19:48:33,12794,5260,119
2026-06-09 19:48:36,12797,5261,64.0
2026-06-09 19:48:39,12800,5262,43.1
2026-06-09 19:48:42,12803,5263,132
2026-06-09 19:48:45,12806,5264,66.6
2026-06-09 19:48:48,12809,5265,296
2026-06-09 19:48:51,12812,5266,24.3
2026-06-09 19:48:54,12815,5267,38.0
2026-06-09 19:48:57,12818,5268,17.0
2026-06-09 19:49:00,12821,5269,89.5
2026-06-09 19:49:03,12824,5270,165
2026-06-09 19:49:06,12827,5271,147
2026-06-09 19:49:09,12830,5272,44.4
2026-06-09 19:49:12,12833,5273,144
2026-06-09 19:49:14,12835,5274,30.3
2026-06-09 19:49:17,12838,5275,133
2026-06-09 19:49:21,12842,5276,44.9
2026-06-09 19:49:23,12844,5277,178
2026-06-09 19:49:26,12847,5278,62.2
2026-06-09 19:49:29,12850,5279,92.6
2026-06-09 19:49:32,12853,5280,161
2026-06-09 19:49:35,12856,5281,41.7
2026-06-09 19:49:38,12859,5282,78.6
2026-06-09 19:49:41,12862,5283,122
2026-06-09 19:49:45,12866,5284,169
2026-06-09 19:49:48,12869,5285,101
2026-06-09 19:49:50,12871,5286,143
2026-06-09 19:49:53,12874,5287,19.6
2026-06-09 19:49:56,12877,5288,30.1
2026-06-09 19:49:59,12880,5289,19.5
2026-06-09 19:50:02,12883,5290,64.5
2026-06-09 19:50:05,12886,5291,103
2026-06-09 19:50:08,12889,5292,150
2026-06-09 19:50:11,12892,5293,35.2
2026-06-09 19:50:14,12895,5294,19.0
2026-06-09 19:50:17,12898,5295,55.1
2026-06-09 19:50:20,12901,5296,33.1
2026-06-09 19:50:23,12904,5297,97.8
2026-06-09 19:50:26,12907,5298,150
2026-06-09 19:50:29,12910,5299,20.4
2026-06-09 19:50:32,12913,5300,148
2026-06-09 19:50:35,12916,5301,117
2026-06-09 19:50:38,12919,5302,34.1
2026-06-09 19:50:41,12922,5303,238
2026-06-09 19:50:45,12926,5304,150
2026-06-09 19:50:48,12929,5305,89.6
2026-06-09 19:50:51,12932,5306,24.9
2026-06-09 19:50:54,12935,5307,87.0
2026-06-09 19:50:57,12938,5308,214
2026-06-09 19:51:00,12941,5309,116
2026-06-09 19:51:03,12944,5310,296
2026-06-09 19:51:06,12947,5311,57.8
2026-06-09 19:51:09,12950,5312,87.4
2026-06-09 19:51:12,12953,5313,62.1
2026-06-09 19:51:15,12956,5314,77.2
2026-06-09 19:51:18,12959,5315,358
2026-06-09 19:51:21,12962,5316,27.9
2026-06-09 19:51:23,12964,5317,226
2026-06-09 19:51:26,12967,5318,143
2026-06-09 19:51:28,12969,5319,70.8
2026-06-09 19:51:30,12971,5320,173
2026-06-09 19:51:32,12973,5321,22.7
2026-06-09 19:51:35,12976,5322,35.6
2026-06-09 19:51:37,12978,5323,63.2
2026-06-09 19:51:40,12981,5324,38.6
2026-06-09 19:51:43,12984,5325,80.1
2026-06-09 19:51:46,12987,5326,41.7
2026-06-09 19:51:49,12990,5327,87.8
2026-06-09 19:51:52,12993,5328,139
2026-06-09 19:51:55,12996,5329,71.6
2026-06-09 19:51:58,12999,5330,80.3
2026-06-09 19:52:01,13002,5331,30.5
2026-06-09 19:52:04,13005,5332,140
2026-06-09 19:52:08,13009,5333,128
2026-06-09 19:52:11,13012,5334,92.8
2026-06-09 19:52:14,13015,5335,74.0
2026-06-09 19:52:16,13017,5336,68.9
2026-06-09 19:52:19,13020,5337,112
2026-06-09 19:52:22,13023,5338,45.0
2026-06-09 19:52:25,13026,5339,169
2026-06-09 19:52:28,13029,5340,52.4
2026-06-09 19:52:31,13032,5341,116
2026-06-09 19:52:34,13035,5342,20.4
2026-06-09 19:52:37,13038,5343,42.8
2026-06-09 19:52:40,13041,5344,25.2
2026-06-09 19:52:43,13044,5345,90.3
2026-06-09 19:52:46,13047,5346,43.5
2026-06-09 19:52:49,13050,5347,163
2026-06-09 19:52:53,13054,5348,17.3
2026-06-09 19:52:55,13056,5349,247
2026-06-09 19:52:58,13059,5350,166
2026-06-09 19:53:01,13062,5351,178
2026-06-09 19:53:04,13065,5352,13.0
2026-06-09 19:53:07,13068,5353,87.3
2026-06-09 19:53:10,13071,5354,164
2026-06-09 19:53:13,13074,5355,45.3
2026-06-09 19:53:16,13077,5356,82.5
2026-06-09 19:53:19,13080,5357,109
2026-06-09 19:53:22,13083,5358,174
2026-06-09 19:53:25,13086,5359,44.9
2026-06-09 19:53:28,13089,5360,29.1
2026-06-09 19:53:31,13092,5361,75.4
2026-06-09 19:53:34,13095,5362,178
2026-06-09 19:53:37,13098,5363,74.9
2026-06-09 19:53:40,13101,5364,74.3
2026-06-09 19:53:43,13104,5365,41.3
2026-06-09 19:53:46,13107,5366,119
2026-06-09 19:53:49,13110,5367,106
2026-06-09 19:53:52,13113,5368,156
2026-06-09 19:53:55,13116,5369,202
2026-06-09 19:53:58,13119,5370,67.2
2026-06-09 19:54:01,13122,5371,68.1
2026-06-09 19:54:03,13124,5372,72.3
2026-06-09 19:54:06,13127,5373,123
2026-06-09 19:54:09,13130,5374,65.0
2026-06-09 19:54:12,13133,5375,92.6
2026-06-09 19:54:15,13136,5376,266
2026-06-09 19:54:18,13139,5377,127
2026-06-09 19:54:21,13142,5378,71.3
2026-06-09 19:54:24,13145,5379,195
2026-06-09 19:54:27,13148,5380,53.7
2026-06-09 19:54:30,13151,5381,13.3
2026-06-09 19:54:33,13154,5382,97.2
2026-06-09 19:54:36,13157,5383,34.2
2026-06-09 19:54:39,13160,5384,166
2026-06-09 19:54:42,13163,5385,151
2026-06-09 19:54:45,13166,5386,87.8
2026-06-09 19:54:47,13168,5387,98.9
2026-06-09 19:54:50,13171,5388,33.0
2026-06-09 19:54:53,13174,5389,141
2026-06-09 19:54:56,13177,5390,26.7
2026-06-09 19:54:59,13180,5391,29.3
2026-06-09 19:55:01,13182,5392,25.4
2026-06-09 19:55:04,13185,5393,35.4
2026-06-09 19:55:07,13188,5394,78.2
2026-06-09 19:55:10,13191,5395,42.7
2026-06-09 19:55:13,13194,5396,177
2026-06-09 19:55:16,13197,5397,83.7
2026-06-09 19:55:19,13200,5398,17.2
2026-06-09 19:55:22,13203,5399,73.7
2026-06-09 19:55:24,13205,5400,57.5
2026-06-09 19:55:27,13208,5401,35.3
2026-06-09 19:55:30,13211,5402,193
2026-06-09 19:55:33,13214,5403,141
2026-06-09 19:55:35,13216,5404,157
2026-06-09 19:55:38,13219,5405,150
2026-06-09 19:55:41,13222,5406,25.3
2026-06-09 19:55:43,13224,5407,12.3
2026-06-09 19:55:46,13227,5408,342
2026-06-09 19:55:49,13230,5409,33.5
2026-06-09 19:55:51,13232,5410,30.2
2026-06-09 19:55:54,13235,5411,191
2026-06-09 19:55:57,13238,5412,103
2026-06-09 19:55:59,13240,5413,88.9
2026-06-09 19:56:02,13243,5414,134
2026-06-09 19:56:05,13246,5415,80.6
2026-06-09 19:56:08,13249,5416,153
2026-06-09 19:56:11,13252,5417,279
2026-06-09 19:56:14,13255,5418,64.2
2026-06-09 19:56:17,13258,5419,26.9
2026-06-09 19:56:20,13261,5420,187
2026-06-09 19:56:23,13264,5421,203
2026-06-09 19:56:26,13267,5422,77.8
2026-06-09 19:56:29,13270,5423,186
2026-06-09 19:56:32,13273,5424,35.6
2026-06-09 19:56:34,13275,5425,68.9
2026-06-09 19:56:37,13278,5426,122
2026-06-09 19:56:40,13281,5427,62.6
2026-06-09 19:56:43,13284,5428,59.9
2026-06-09 19:56:46,13287,5429,86.4
2026-06-09 19:56:49,13290,5430,124
2026-06-09 19:56:52,13293,5431,135
2026-06-09 19:56:55,13296,5432,31.5
2026-06-09 19:56:58,13299,5433,231
2026-06-09 19:57:01,13302,5434,132
2026-06-09 19:57:04,13305,5435,77.2
2026-06-09 19:57:06,13307,5436,52.7
2026-06-09 19:57:09,13310,5437,13.0
2026-06-09 19:57:12,13313,5438,34.7
2026-06-09 19:57:15,13316,5439,241
2026-06-09 19:57:18,13319,5440,197
2026-06-09 19:57:21,13322,5441,115
2026-06-09 19:57:24,13325,5442,17.0
2026-06-09 19:57:26,13327,5443,66.7
2026-06-09 19:57:29,13330,5444,73.3
2026-06-09 19:57:32,13333,5445,33.6
2026-06-09 19:57:35,13336,5446,76.4
2026-06-09 19:57:38,13339,5447,78.5
2026-06-09 19:57:41,13342,5448,226
2026-06-09 19:57:44,13345,5449,48.5
2026-06-09 19:57:47,13348,5450,122
2026-06-09 19:57:50,13351,5451,25.3
2026-06-09 19:57:53,13354,5452,41.9
2026-06-09 19:57:56,13357,5453,61.2
2026-06-09 19:57:59,13360,5454,68.1
2026-06-09 19:58:02,13363,5455,122
2026-06-09 19:58:04,13365,5456,72.6
2026-06-09 19:58:07,13368,5457,50.0
2026-06-09 19:58:10,13371,5458,136
2026-06-09 19:58:13,13374,5459,164
2026-06-09 19:58:15,13376,5460,52.5
2026-06-09 19:58:18,13379,5461,49.5
2026-06-09 19:58:21,13382,5462,27.0
2026-06-09 19:58:24,13385,5463,145
2026-06-09 19:58:27,13388,5464,201
2026-06-09 19:58:30,13391,5465,83.2
2026-06-09 19:58:33,13394,5466,110
2026-06-09 19:58:36,13397,5467,57.3
2026-06-09 19:58:38,13399,5468,70.7
2026-06-09 19:58:41,13402,5469,103
2026-06-09 19:58:44,13405,5470,46.4
2026-06-09 19:58:47,13408,5471,50.3
2026-06-09 19:58:50,13411,5472,138
2026-06-09 19:58:53,13414,5473,37.4
2026-06-09 19:58:56,13417,5474,103
2026-06-09 19:58:59,13420,5475,168
2026-06-09 19:59:02,13423,5476,34.3
2026-06-09 19:59:05,13426,5477,41.0
2026-06-09 19:59:08,13429,5478,61.4
2026-06-09 19:59:11,13432,5479,115
2026-06-09 19:59:14,13435,5480,106
2026-06-09 19:59:17,13438,5481,126
2026-06-09 19:59:20,13441,5482,26.0
2026-06-09 19:59:23,13444,5483,197
2026-06-09 19:59:26,13447,5484,21.2
2026-06-09 19:59:29,13450,5485,85.7
2026-06-09 19:59:32,13453,5486,83.2
2026-06-09 19:59:35,13456,5487,25.2
2026-06-09 19:59:38,13459,5488,143
2026-06-09 19:59:41,13462,5489,154
2026-06-09 19:59:44,13465,5490,61.6
2026-06-09 19:59:47,13468,5491,127
2026-06-09 19:59:50,13471,5492,80.3
2026-06-09 19:59:53,13474,5493,140
2026-06-09 19:59:56,13477,5494,111
2026-06-09 19:59:58,13479,5495,70.2
2026-06-09 20:00:01,13482,5496,15.3
2026-06-09 20:00:04,13485,5497,92.6
2026-06-09 20:00:08,13489,5498,149
2026-06-09 20:00:11,13492,5499,138
2026-06-09 20:00:14,13495,5500,80.3
2026-06-09 20:00:16,13497,5501,105
2026-06-09 20:00:19,13500,5502,64.0
2026-06-09 20:00:22,13503,5503,59.8
2026-06-09 20:00:25,13506,5504,44.2
2026-06-09 20:00:28,13509,5505,117
2026-06-09 20:00:31,13512,5506,93.0
2026-06-09 20:00:34,13515,5507,44.0
2026-06-09 20:00:37,13518,5508,188
2026-06-09 20:00:39,13520,5509,73.4
2026-06-09 20:00:42,13523,5510,57.9
2026-06-09 20:00:45,13526,5511,37.5
2026-06-09 20:00:48,13529,5512,124
2026-06-09 20:00:51,13532,5513,40.5
2026-06-09 20:00:54,13535,5514,69.9
2026-06-09 20:00:56,13537,5515,19.0
2026-06-09 20:00:59,13540,5516,21.5
2026-06-09 20:01:02,13543,5517,76.1
2026-06-09 20:01:05,13546,5518,83.7
2026-06-09 20:01:07,13548,5519,164
2026-06-09 20:01:09,13550,5520,151
2026-06-09 20:01:11,13552,5521,157
2026-06-09 20:01:14,13555,5522,131
2026-06-09 20:01:16,13557,5523,80.3
2026-06-09 20:01:18,13559,5524,177
2026-06-09 20:01:21,13562,5525,138
2026-06-09 20:01:23,13564,5526,308
2026-06-09 20:01:25,13566,5527,43.8
2026-06-09 20:01:27,13568,5528,76.4
2026-06-09 20:01:30,13571,5529,31.3
2026-06-09 20:01:33,13574,5530,84.7
2026-06-09 20:01:36,13577,5531,20.1
2026-06-09 20:01:39,13580,5532,89.4
2026-06-09 20:01:42,13583,5533,269
2026-06-09 20:01:45,13586,5534,176
2026-06-09 20:01:48,13589,5535,40.1
2026-06-09 20:01:51,13592,5536,136
2026-06-09 20:01:54,13595,5537,23.2
2026-06-09 20:01:57,13598,5538,47.5
2026-06-09 20:01:59,13600,5539,27.9
2026-06-09 20:02:02,13603,5540,33.9
2026-06-09 20:02:05,13606,5541,50.3
2026-06-09 20:02:08,13609,5542,102
2026-06-09 20:02:11,13612,5543,85.1
2026-06-09 20:02:14,13615,5544,56.2
2026-06-09 20:02:17,13618,5545,79.9
2026-06-09 20:02:20,13621,5546,14.9
2026-06-09 20:02:23,13624,5547,104
2026-06-09 20:02:26,13627,5548,43.6
2026-06-09 20:02:29,13630,5549,219
2026-06-09 20:02:32,13633,5550,134
2026-06-09 20:02:35,13636,5551,30.8
2026-06-09 20:02:38,13639,5552,95.8
2026-06-09 20:02:41,13642,5553,66.1
2026-06-09 20:02:44,13645,5554,43.1
2026-06-09 20:02:47,13648,5555,76.3
2026-06-09 20:02:50,13651,5556,52.9
2026-06-09 20:02:53,13654,5557,61.8
2026-06-09 20:02:56,13657,5558,94.1
2026-06-09 20:02:59,13660,5559,86.5
2026-06-09 20:03:02,13663,5560,101
2026-06-09 20:03:05,13666,5561,25.1
2026-06-09 20:03:08,13669,5562,87.9
2026-06-09 20:03:11,13672,5563,82.4
2026-06-09 20:03:14,13675,5564,104
2026-06-09 20:03:17,13678,5565,17.7
2026-06-09 20:03:20,13681,5566,39.9
2026-06-09 20:03:23,13684,5567,309
2026-06-09 20:03:25,13686,5568,100
2026-06-09 20:03:28,13689,5569,86.2
2026-06-09 20:03:31,13692,5570,83.9
2026-06-09 20:03:34,13695,5571,175
2026-06-09 20:03:37,13698,5572,67.4
2026-06-09 20:03:40,13701,5573,30.1
2026-06-09 20:03:43,13704,5574,89.0
2026-06-09 20:03:46,13707,5575,99.5
2026-06-09 20:03:48,13709,5576,52.1
2026-06-09 20:03:51,13712,5577,69.6
2026-06-09 20:03:54,13715,5578,42.3
2026-06-09 20:03:58,13719,5579,27.6
2026-06-09 20:04:01,13722,5580,39.0
2026-06-09 20:04:03,13724,5581,60.3
2026-06-09 20:04:06,13727,5582,91.5
2026-06-09 20:04:10,13731,5583,218
2026-06-09 20:04:13,13734,5584,25.2
2026-06-09 20:04:16,13737,5585,66.7
2026-06-09 20:04:18,13739,5586,36.6
2026-06-09 20:04:21,13742,5587,154
2026-06-09 20:04:24,13745,5588,270
2026-06-09 20:04:27,13748,5589,108
2026-06-09 20:04:29,13750,5590,94.8
2026-06-09 20:04:32,13753,5591,143
2026-06-09 20:04:35,13756,5592,43.4
2026-06-09 20:04:38,13759,5593,116
2026-06-09 20:04:40,13761,5594,131
2026-06-09 20:04:43,13764,5595,129
2026-06-09 20:04:46,13767,5596,47.7
2026-06-09 20:04:49,13770,5597,89.1
2026-06-09 20:04:52,13773,5598,77.6
2026-06-09 20:04:56,13777,5599,29.1
2026-06-09 20:04:58,13779,5600,96.3
2026-06-09 20:05:01,13782,5601,55.0
2026-06-09 20:05:04,13785,5602,276
2026-06-09 20:05:07,13788,5603,233
2026-06-09 20:05:10,13791,5604,13.6
2026-06-09 20:05:13,13794,5605,24.1
2026-06-09 20:05:15,13796,5606,50.0
2026-06-09 20:05:18,13799,5607,300
2026-06-09 20:05:21,13802,5608,137
2026-06-09 20:05:24,13805,5609,184
2026-06-09 20:05:27,13808,5610,12.7
2026-06-09 20:05:30,13811,5611,25.8
2026-06-09 20:05:33,13814,5612,297
2026-06-09 20:05:36,13817,5613,122
2026-06-09 20:05:39,13820,5614,29.0
2026-06-09 20:05:41,13822,5615,115
2026-06-09 20:05:44,13825,5616,19.2
2026-06-09 20:05:47,13828,5617,48.6
2026-06-09 20:05:50,13831,5618,54.2
2026-06-09 20:05:54,13835,5619,60.1
2026-06-09 20:05:57,13838,5620,20.2
2026-06-09 20:06:00,13841,5621,109
2026-06-09 20:06:03,13844,5622,307
2026-06-09 20:06:05,13846,5623,86.5
2026-06-09 20:06:08,13849,5624,19.3
2026-06-09 20:06:11,13852,5625,78.0
2026-06-09 20:06:15,13856,5626,33.6
2026-06-09 20:06:18,13859,5627,157
2026-06-09 20:06:21,13862,5628,219
2026-06-09 20:06:23,13864,5629,108
2026-06-09 20:06:26,13867,5630,64.6
2026-06-09 20:06:29,13870,5631,97.3
2026-06-09 20:06:32,13873,5632,66.2
2026-06-09 20:06:35,13876,5633,28.4
2026-06-09 20:06:38,13879,5634,87.0
2026-06-09 20:06:41,13882,5635,131
2026-06-09 20:06:44,13885,5636,213
2026-06-09 20:06:47,13888,5637,149
2026-06-09 20:06:50,13891,5638,69.0
2026-06-09 20:06:53,13894,5639,146
2026-06-09 20:06:56,13897,5640,95.1
2026-06-09 20:06:59,13900,5641,25.0
2026-06-09 20:07:02,13903,5642,180
2026-06-09 20:07:05,13906,5643,33.3
2026-06-09 20:07:08,13909,5644,70.4
2026-06-09 20:07:11,13912,5645,52.7
2026-06-09 20:07:15,13916,5646,29.5
2026-06-09 20:07:18,13919,5647,96.7
2026-06-09 20:07:21,13922,5648,34.3
2026-06-09 20:07:23,13924,5649,36.8
2026-06-09 20:07:26,13927,5650,206
2026-06-09 20:07:30,13931,5651,28.0
2026-06-09 20:07:33,13934,5652,128
2026-06-09 20:07:36,13937,5653,93.1
2026-06-09 20:07:38,13939,5654,68.1
2026-06-09 20:07:41,13942,5655,94.1
2026-06-09 20:07:44,13945,5656,45.1
2026-06-09 20:07:47,13948,5657,96.9
2026-06-09 20:07:50,13951,5658,287
2026-06-09 20:07:53,13954,5659,129
2026-06-09 20:07:56,13957,5660,39.7
2026-06-09 20:07:59,13960,5661,172
2026-06-09 20:08:02,13963,5662,117
2026-06-09 20:08:05,13966,5663,159
2026-06-09 20:08:08,13969,5664,47.2
2026-06-09 20:08:11,13972,5665,28.6
2026-06-09 20:08:14,13975,5666,25.2
2026-06-09 20:08:17,13978,5667,40.2
2026-06-09 20:08:20,13981,5668,25.3
2026-06-09 20:08:23,13984,5669,117
2026-06-09 20:08:26,13987,5670,126
2026-06-09 20:08:29,13990,5671,67.8
2026-06-09 20:08:32,13993,5672,37.2
2026-06-09 20:08:35,13996,5673,197
2026-06-09 20:08:38,13999,5674,58.9
2026-06-09 20:08:41,14002,5675,45.9
2026-06-09 20:08:44,14005,5676,57.3
2026-06-09 20:08:47,14008,5677,87.3
2026-06-09 20:08:50,14011,5678,73.8
2026-06-09 20:08:53,14014,5679,196
2026-06-09 20:08:56,14017,5680,37.9
2026-06-09 20:08:59,14020,5681,16.0
2026-06-09 20:09:02,14023,5682,197
2026-06-09 20:09:05,14026,5683,132
2026-06-09 20:09:08,14029,5684,171
2026-06-09 20:09:11,14032,5685,143
2026-06-09 20:09:14,14035,5686,243
2026-06-09 20:09:17,14038,5687,29.1
2026-06-09 20:09:20,14041,5688,32.4
2026-06-09 20:09:23,14044,5689,104
2026-06-09 20:09:26,14047,5690,43.3
2026-06-09 20:09:29,14050,5691,108
2026-06-09 20:09:32,14053,5692,43.1
2026-06-09 20:09:35,14056,5693,46.1
2026-06-09 20:09:38,14059,5694,120
2026-06-09 20:09:41,14062,5695,113
2026-06-09 20:09:44,14065,5696,29.9
2026-06-09 20:09:47,14068,5697,103
2026-06-09 20:09:50,14071,5698,115
2026-06-09 20:09:53,14074,5699,22.0
2026-06-09 20:09:56,14077,5700,162
2026-06-09 20:09:59,14080,5701,198
2026-06-09 20:10:02,14083,5702,74.6
2026-06-09 20:10:05,14086,5703,211
2026-06-09 20:10:08,14089,5704,89.5
2026-06-09 20:10:11,14092,5705,114
2026-06-09 20:10:14,14095,5706,45.9
2026-06-09 20:10:17,14098,5707,162
2026-06-09 20:10:20,14101,5708,26.8
2026-06-09 20:10:23,14104,5709,32.8
2026-06-09 20:10:26,14107,5710,80.3
2026-06-09 20:10:29,14110,5711,101
2026-06-09 20:10:32,14113,5712,45.3
2026-06-09 20:10:35,14116,5713,19.5
2026-06-09 20:10:38,14119,5714,47.2
2026-06-09 20:10:41,14122,5715,62.9
2026-06-09 20:10:44,14125,5716,129
2026-06-09 20:10:47,14128,5717,42.4
2026-06-09 20:10:50,14131,5718,109
2026-06-09 20:10:53,14134,5719,211
2026-06-09 20:10:56,14137,5720,40.0
2026-06-09 20:10:59,14140,5721,33.6
2026-06-09 20:11:01,14142,5722,144
2026-06-09 20:11:03,14144,5723,147
2026-06-09 20:11:05,14146,5724,31.2
2026-06-09 20:11:07,14148,5725,248
2026-06-09 20:11:09,14150,5726,17.0
2026-06-09 20:11:12,14153,5727,73.0
2026-06-09 20:11:15,14156,5728,165
2026-06-09 20:11:18,14159,5729,42.5
2026-06-09 20:11:21,14162,5730,115
2026-06-09 20:11:23,14164,5731,86.5
2026-06-09 20:11:26,14167,5732,51.1
2026-06-09 20:11:29,14170,5733,93.8
2026-06-09 20:11:32,14173,5734,98.6
2026-06-09 20:11:35,14176,5735,169
2026-06-09 20:11:38,14179,5736,144
2026-06-09 20:11:41,14182,5737,132
2026-06-09 20:11:43,14184,5738,222
2026-06-09 20:11:46,14187,5739,110
2026-06-09 20:11:49,14190,5740,62.9
2026-06-09 20:11:52,14193,5741,154
2026-06-09 20:11:55,14196,5742,60.0
2026-06-09 20:11:58,14199,5743,97.2
2026-06-09 20:12:01,14202,5744,372
2026-06-09 20:12:04,14205,5745,115
2026-06-09 20:12:07,14208,5746,104
2026-06-09 20:12:10,14211,5747,21.5
2026-06-09 20:12:13,14214,5748,36.3
2026-06-09 20:12:16,14217,5749,178
2026-06-09 20:12:19,14220,5750,26.0
2026-06-09 20:12:22,14223,5751,96.4
2026-06-09 20:12:25,14226,5752,29.0
2026-06-09 20:12:28,14229,5753,254
2026-06-09 20:12:30,14231,5754,224
2026-06-09 20:12:33,14234,5755,248
2026-06-09 20:12:36,14237,5756,35.2
2026-06-09 20:12:39,14240,5757,140
2026-06-09 20:12:42,14243,5758,85.6
2026-06-09 20:12:45,14246,5759,42.9
2026-06-09 20:12:48,14249,5760,132
2026-06-09 20:12:51,14252,5761,247
2026-06-09 20:12:54,14255,5762,47.3
2026-06-09 20:12:57,14258,5763,97.4
2026-06-09 20:12:59,14260,5764,35.7
2026-06-09 20:13:03,14264,5765,47.9
2026-06-09 20:13:06,14267,5766,141
2026-06-09 20:13:09,14270,5767,152
2026-06-09 20:13:12,14273,5768,26.1
2026-06-09 20:13:14,14275,5769,34.8
2026-06-09 20:13:17,14278,5770,47.8
2026-06-09 20:13:20,14281,5771,95.2
2026-06-09 20:13:23,14284,5772,53.0
2026-06-09 20:13:26,14287,5773,190
2026-06-09 20:13:29,14290,5774,111
2026-06-09 20:13:32,14293,5775,143
2026-06-09 20:13:34,14295,5776,27.6
2026-06-09 20:13:37,14298,5777,83.6
2026-06-09 20:13:40,14301,5778,108
2026-06-09 20:13:43,14304,5779,207
2026-06-09 20:13:46,14307,5780,93.5
2026-06-09 20:13:49,14310,5781,116
2026-06-09 20:13:52,14313,5782,25.6
2026-06-09 20:13:55,14316,5783,226
2026-06-09 20:13:58,14319,5784,183
2026-06-09 20:14:01,14322,5785,168
2026-06-09 20:14:04,14325,5786,113
2026-06-09 20:14:07,14328,5787,63.3
2026-06-09 20:14:10,14331,5788,71.8
2026-06-09 20:14:13,14334,5789,50.8
2026-06-09 20:14:16,14337,5790,143
2026-06-09 20:14:19,14340,5791,123
2026-06-09 20:14:22,14343,5792,66.8
2026-06-09 20:14:25,14346,5793,36.8
2026-06-09 20:14:27,14348,5794,67.7
2026-06-09 20:14:30,14351,5795,157
2026-06-09 20:14:33,14354,5796,107
2026-06-09 20:14:37,14358,5797,22.9
2026-06-09 20:14:39,14360,5798,64.3
2026-06-09 20:14:42,14363,5799,75.1
2026-06-09 20:14:45,14366,5800,62.4
2026-06-09 20:14:48,14369,5801,68.4
2026-06-09 20:14:51,14372,5802,143
2026-06-09 20:14:54,14375,5803,25.4
2026-06-09 20:14:56,14377,5804,37.8
2026-06-09 20:14:59,14380,5805,83.8
2026-06-09 20:15:02,14383,5806,24.0
2026-06-09 20:15:05,14386,5807,21.0
2026-06-09 20:15:08,14389,5808,54.5
2026-06-09 20:15:11,14392,5809,82.2
2026-06-09 20:15:14,14395,5810,74.8
2026-06-09 20:15:17,14398,5811,74.0
2026-06-09 20:15:19,14400,5812,131
2026-06-09 20:15:22,14403,5813,20.6
2026-06-09 20:15:24,14405,5814,152
2026-06-09 20:15:27,14408,5815,50.1
2026-06-09 20:15:30,14411,5816,96.5
2026-06-09 20:15:33,14414,5817,71.0
2026-06-09 20:15:36,14417,5818,25.1
2026-06-09 20:15:39,14420,5819,175
2026-06-09 20:15:42,14423,5820,95.7
2026-06-09 20:15:45,14426,5821,57.8
2026-06-09 20:15:48,14429,5822,99.1
2026-06-09 20:15:51,14432,5823,98.2
2026-06-09 20:15:53,14434,5824,37.7
2026-06-09 20:15:56,14437,5825,13.3
2026-06-09 20:15:59,14440,5826,117
2026-06-09 20:16:02,14443,5827,24.3
2026-06-09 20:16:05,14446,5828,21.6
2026-06-09 20:16:08,14449,5829,160
2026-06-09 20:16:11,14452,5830,155
2026-06-09 20:16:14,14455,5831,86.5
2026-06-09 20:16:17,14458,5832,98.9
2026-06-09 20:16:20,14461,5833,57.3
2026-06-09 20:16:22,14463,5834,41.8
2026-06-09 20:16:25,14466,5835,21.7
2026-06-09 20:16:28,14469,5836,25.3
2026-06-09 20:16:31,14472,5837,59.7
2026-06-09 20:16:34,14475,5838,74.2
2026-06-09 20:16:37,14478,5839,239
2026-06-09 20:16:40,14481,5840,38.0
2026-06-09 20:16:43,14484,5841,36.1
2026-06-09 20:16:46,14487,5842,25.3
2026-06-09 20:16:49,14490,5843,119
2026-06-09 20:16:52,14493,5844,29.3
2026-06-09 20:16:55,14496,5845,134
2026-06-09 20:16:58,14499,5846,23.5
2026-06-09 20:17:01,14502,5847,151
2026-06-09 20:17:04,14505,5848,31.2
2026-06-09 20:17:07,14508,5849,38.3
2026-06-09 20:17:09,14510,5850,94.9
2026-06-09 20:17:12,14513,5851,87.2
2026-06-09 20:17:15,14516,5852,261
2026-06-09 20:17:17,14518,5853,101
2026-06-09 20:17:20,14521,5854,98.1
2026-06-09 20:17:23,14524,5855,18.6
2026-06-09 20:17:25,14526,5856,25.5
2026-06-09 20:17:28,14529,5857,25.4
2026-06-09 20:17:31,14532,5858,57.1
2026-06-09 20:17:34,14535,5859,148
2026-06-09 20:17:37,14538,5860,220
2026-06-09 20:17:40,14541,5861,99.7
2026-06-09 20:17:43,14544,5862,22.7
2026-06-09 20:17:47,14548,5863,39.4
2026-06-09 20:17:50,14551,5864,129
2026-06-09 20:17:52,14553,5865,220
2026-06-09 20:17:55,14556,5866,65.6
2026-06-09 20:17:58,14559,5867,111
2026-06-09 20:18:01,14562,5868,39.2
2026-06-09 20:18:04,14565,5869,43.1
2026-06-09 20:18:07,14568,5870,45.5
2026-06-09 20:18:10,14571,5871,105
2026-06-09 20:18:13,14574,5872,200
2026-06-09 20:18:16,14577,5873,85.8
2026-06-09 20:18:19,14580,5874,29.3
2026-06-09 20:18:22,14583,5875,131
2026-06-09 20:18:25,14586,5876,129
2026-06-09 20:18:28,14589,5877,30.2
2026-06-09 20:18:31,14592,5878,36.5
2026-06-09 20:18:34,14595,5879,89.6
2026-06-09 20:18:37,14598,5880,175
2026-06-09 20:18:40,14601,5881,200
2026-06-09 20:18:43,14604,5882,105
2026-06-09 20:18:46,14607,5883,146
2026-06-09 20:18:49,14610,5884,86.5
2026-06-09 20:18:52,14613,5885,93.7
2026-06-09 20:18:55,14616,5886,216
2026-06-09 20:18:58,14619,5887,194
2026-06-09 20:19:01,14622,5888,20.6
2026-06-09 20:19:04,14625,5889,23.6
2026-06-09 20:19:07,14628,5890,312
2026-06-09 20:19:10,14631,5891,61.9
2026-06-09 20:19:13,14634,5892,150
2026-06-09 20:19:16,14637,5893,35.5
2026-06-09 20:19:19,14640,5894,31.4
2026-06-09 20:19:22,14643,5895,10.4
2026-06-09 20:19:25,14646,5896,10.2
2026-06-09 20:19:28,14649,5897,55.6
2026-06-09 20:19:31,14652,5898,119
2026-06-09 20:19:34,14655,5899,166
2026-06-09 20:19:37,14658,5900,167
2026-06-09 20:19:40,14661,5901,18.1
2026-06-09 20:19:43,14664,5902,84.1
2026-06-09 20:19:46,14667,5903,59.4
2026-06-09 20:19:49,14670,5904,138
2026-06-09 20:19:52,14673,5905,177
2026-06-09 20:19:54,14675,5906,150
2026-06-09 20:19:57,14678,5907,25.0
2026-06-09 20:20:00,14681,5908,122
2026-06-09 20:20:03,14684,5909,65.4
2026-06-09 20:20:05,14686,5910,155
2026-06-09 20:20:08,14689,5911,30.1
2026-06-09 20:20:11,14692,5912,85.8
2026-06-09 20:20:14,14695,5913,232
2026-06-09 20:20:17,14698,5914,385
2026-06-09 20:20:20,14701,5915,156
2026-06-09 20:20:23,14704,5916,141
2026-06-09 20:20:26,14707,5917,126
2026-06-09 20:20:28,14709,5918,198
2026-06-09 20:20:31,14712,5919,54.4
2026-06-09 20:20:33,14714,5920,185
2026-06-09 20:20:36,14717,5921,62.4
2026-06-09 20:20:38,14719,5922,62.2
2026-06-09 20:20:40,14721,5923,71.0
2026-06-09 20:20:42,14723,5924,18.2
2026-06-09 20:20:44,14725,5925,126
2026-06-09 20:20:47,14728,5926,31.6
2026-06-09 20:20:51,14732,5927,15.4
2026-06-09 20:20:54,14735,5928,87.7
2026-06-09 20:20:56,14737,5929,87.9
2026-06-09 20:20:59,14740,5930,171
2026-06-09 20:21:02,14743,5931,120
2026-06-09 20:21:05,14746,5932,442
2026-06-09 20:21:07,14748,5933,208
2026-06-09 20:21:10,14751,5934,57.5
2026-06-09 20:21:13,14754,5935,29.7
2026-06-09 20:21:16,14757,5936,24.6
2026-06-09 20:21:19,14760,5937,61.4
2026-06-09 20:21:22,14763,5938,159
2026-06-09 20:21:26,14767,5939,20.4
2026-06-09 20:21:28,14769,5940,259
2026-06-09 20:21:31,14772,5941,52.1
2026-06-09 20:21:34,14775,5942,43.7
2026-06-09 20:21:37,14778,5943,143
2026-06-09 20:21:40,14781,5944,93.6
2026-06-09 20:21:43,14784,5945,257
2026-06-09 20:21:46,14787,5946,228
2026-06-09 20:21:49,14790,5947,29.4
2026-06-09 20:21:52,14793,5948,36.4
2026-06-09 20:21:56,14797,5949,151
2026-06-09 20:21:59,14800,5950,29.6
2026-06-09 20:22:02,14803,5951,155
2026-06-09 20:22:05,14806,5952,191
2026-06-09 20:22:08,14809,5953,282
2026-06-09 20:22:11,14812,5954,151
2026-06-09 20:22:14,14815,5955,28.4
2026-06-09 20:22:17,14818,5956,73.8
2026-06-09 20:22:20,14821,5957,32.7
2026-06-09 20:22:23,14824,5958,85.3
2026-06-09 20:22:26,14827,5959,87.1
2026-06-09 20:22:29,14830,5960,86.6
2026-06-09 20:22:32,14833,5961,111
2026-06-09 20:22:35,14836,5962,127
2026-06-09 20:22:38,14839,5963,43.6
2026-06-09 20:22:41,14842,5964,97.9
2026-06-09 20:22:44,14845,5965,229
2026-06-09 20:22:47,14848,5966,53.6
2026-06-09 20:22:50,14851,5967,28.6
2026-06-09 20:22:53,14854,5968,89.3
2026-06-09 20:22:56,14857,5969,186
2026-06-09 20:22:59,14860,5970,219
2026-06-09 20:23:02,14863,5971,37.8
2026-06-09 20:23:05,14866,5972,104
2026-06-09 20:23:08,14869,5973,70.6
2026-06-09 20:23:10,14871,5974,114
2026-06-09 20:23:13,14874,5975,103
2026-06-09 20:23:17,14878,5976,49.2
2026-06-09 20:23:20,14881,5977,107
2026-06-09 20:23:23,14884,5978,104
2026-06-09 20:23:26,14887,5979,89.7
2026-06-09 20:23:28,14889,5980,15.9
2026-06-09 20:23:31,14892,5981,78.7
2026-06-09 20:23:34,14895,5982,73.8
2026-06-09 20:23:38,14899,5983,85.4
2026-06-09 20:23:41,14902,5984,80.7
2026-06-09 20:23:44,14905,5985,90.3
2026-06-09 20:23:47,14908,5986,161
2026-06-09 20:23:50,14911,5987,82.3
2026-06-09 20:23:53,14914,5988,133
2026-06-09 20:23:56,14917,5989,76.7
2026-06-09 20:23:59,14920,5990,127
2026-06-09 20:24:02,14923,5991,37.7
2026-06-09 20:24:05,14926,5992,131
2026-06-09 20:24:08,14929,5993,139
2026-06-09 20:24:11,14932,5994,115
2026-06-09 20:24:14,14935,5995,182
2026-06-09 20:24:17,14938,5996,72.7
2026-06-09 20:24:20,14941,5997,89.8
2026-06-09 20:24:23,14944,5998,230
2026-06-09 20:24:26,14947,5999,25.2
2026-06-09 20:24:29,14950,6000,95.7
2026-06-09 20:24:32,14953,6001,23.7
2026-06-09 20:24:35,14956,6002,25.6
2026-06-09 20:24:38,14959,6003,116
2026-06-09 20:24:41,14962,6004,64.7
2026-06-09 20:24:44,14965,6005,157
2026-06-09 20:24:47,14968,6006,21.2
2026-06-09 20:24:50,14971,6007,171
2026-06-09 20:24:53,14974,6008,166
2026-06-09 20:24:56,14977,6009,120
2026-06-09 20:24:59,14980,6010,16.8
2026-06-09 20:25:02,14983,6011,184
2026-06-09 20:25:05,14986,6012,65.5
2026-06-09 20:25:08,14989,6013,142
2026-06-09 20:25:11,14992,6014,50.0
2026-06-09 20:25:14,14995,6015,217
2026-06-09 20:25:16,14997,6016,130
2026-06-09 20:25:19,15000,6017,123
2026-06-09 20:25:23,15004,6018,74.6
2026-06-09 20:25:26,15007,6019,91.2
2026-06-09 20:25:29,15010,6020,116
2026-06-09 20:25:32,15013,6021,76.1
2026-06-09 20:25:35,15016,6022,121
2026-06-09 20:25:37,15018,6023,14.9
2026-06-09 20:25:40,15021,6024,45.2
2026-06-09 20:25:43,15024,6025,35.1
2026-06-09 20:25:46,15027,6026,66.2
2026-06-09 20:25:49,15030,6027,33.4
2026-06-09 20:25:52,15033,6028,99.4
2026-06-09 20:25:55,15036,6029,128
2026-06-09 20:25:58,15039,6030,81.9
2026-06-09 20:26:01,15042,6031,201
2026-06-09 20:26:04,15045,6032,48.6
2026-06-09 20:26:07,15048,6033,199
2026-06-09 20:26:10,15051,6034,85.6
2026-06-09 20:26:13,15054,6035,87.2
2026-06-09 20:26:16,15057,6036,99.6
2026-06-09 20:26:19,15060,6037,25.4
2026-06-09 20:26:22,15063,6038,125
2026-06-09 20:26:25,15066,6039,234
2026-06-09 20:26:28,15069,6040,19.5
2026-06-09 20:26:31,15072,6041,79.9
2026-06-09 20:26:34,15075,6042,36.1
2026-06-09 20:26:37,15078,6043,113
2026-06-09 20:26:40,15081,6044,130
2026-06-09 20:26:43,15084,6045,17.3
2026-06-09 20:26:46,15087,6046,206
2026-06-09 20:26:49,15090,6047,84.9
2026-06-09 20:26:52,15093,6048,193
2026-06-09 20:26:55,15096,6049,40.5
2026-06-09 20:26:58,15099,6050,246
2026-06-09 20:27:01,15102,6051,146
2026-06-09 20:27:04,15105,6052,61.2
2026-06-09 20:27:07,15108,6053,117
2026-06-09 20:27:10,15111,6054,38.4
2026-06-09 20:27:13,15114,6055,104
2026-06-09 20:27:16,15117,6056,325
2026-06-09 20:27:19,15120,6057,77.7
2026-06-09 20:27:22,15123,6058,12.2
2026-06-09 20:27:25,15126,6059,127
2026-06-09 20:27:28,15129,6060,139
2026-06-09 20:27:31,15132,6061,40.6
2026-06-09 20:27:34,15135,6062,10.1
2026-06-09 20:27:37,15138,6063,75.6
2026-06-09 20:27:40,15141,6064,114
2026-06-09 20:27:43,15144,6065,25.4
2026-06-09 20:27:46,15147,6066,37.4
2026-06-09 20:27:49,15150,6067,96.5
2026-06-09 20:27:52,15153,6068,81.7
2026-06-09 20:27:56,15157,6069,161
2026-06-09 20:27:59,15159,6070,101
2026-06-09 20:28:01,15162,6071,104
2026-06-09 20:28:04,15165,6072,120
2026-06-09 20:28:07,15168,6073,261
2026-06-09 20:28:11,15172,6074,20.9
2026-06-09 20:28:14,15175,6075,130
2026-06-09 20:28:17,15178,6076,35.2
2026-06-09 20:28:20,15181,6077,118
2026-06-09 20:28:23,15184,6078,91.8
2026-06-09 20:28:26,15187,6079,63.1
2026-06-09 20:28:29,15190,6080,27.4
2026-06-09 20:28:32,15193,6081,111
2026-06-09 20:28:35,15196,6082,58.1
2026-06-09 20:28:38,15199,6083,178
2026-06-09 20:28:41,15202,6084,38.7
2026-06-09 20:28:44,15205,6085,35.3
2026-06-09 20:28:47,15208,6086,149
2026-06-09 20:28:50,15211,6087,183
2026-06-09 20:28:53,15214,6088,42.6
2026-06-09 20:28:56,15217,6089,180
2026-06-09 20:28:59,15220,6090,75.3
2026-06-09 20:29:02,15223,6091,25.3
2026-06-09 20:29:05,15226,6092,170
2026-06-09 20:29:09,15230,6093,20.2
2026-06-09 20:29:12,15233,6094,38.5
2026-06-09 20:29:15,15236,6095,63.4
2026-06-09 20:29:18,15239,6096,113
2026-06-09 20:29:21,15242,6097,124
2026-06-09 20:29:24,15245,6098,15.2
2026-06-09 20:29:26,15247,6099,119
2026-06-09 20:29:29,15250,6100,21.1
2026-06-09 20:29:32,15253,6101,27.3
2026-06-09 20:29:35,15256,6102,181
2026-06-09 20:29:38,15259,6103,39.6
2026-06-09 20:29:42,15263,6104,148
2026-06-09 20:29:44,15265,6105,162
2026-06-09 20:29:47,15268,6106,95.6
2026-06-09 20:29:50,15271,6107,132
2026-06-09 20:29:53,15274,6108,20.5
2026-06-09 20:29:56,15277,6109,46.4
2026-06-09 20:29:59,15280,6110,51.3
2026-06-09 20:30:02,15283,6111,151
2026-06-09 20:30:05,15286,6112,137
2026-06-09 20:30:08,15289,6113,25.3
2026-06-09 20:30:10,15291,6114,145
2026-06-09 20:30:12,15293,6115,236
2026-06-09 20:30:15,15296,6116,19.4
2026-06-09 20:30:17,15298,6117,119
2026-06-09 20:30:19,15300,6118,98.2
2026-06-09 20:30:21,15302,6119,72.8
2026-06-09 20:30:23,15304,6120,170
2026-06-09 20:30:26,15307,6121,34.4
2026-06-09 20:30:28,15309,6122,41.0
2026-06-09 20:30:31,15312,6123,67.6
2026-06-09 20:30:34,15315,6124,146
2026-06-09 20:30:37,15318,6125,115
2026-06-09 20:30:40,15321,6126,115
2026-06-09 20:30:43,15324,6127,111
2026-06-09 20:30:46,15327,6128,46.1
2026-06-09 20:30:49,15330,6129,41.3
2026-06-09 20:30:52,15333,6130,70.1
2026-06-09 20:30:55,15336,6131,99.6
2026-06-09 20:30:58,15339,6132,17.1
2026-06-09 20:31:01,15342,6133,16.9
2026-06-09 20:31:04,15345,6134,311
2026-06-09 20:31:07,15348,6135,155
2026-06-09 20:31:10,15351,6136,127
2026-06-09 20:31:13,15354,6137,39.9
2026-06-09 20:31:16,15357,6138,106
2026-06-09 20:31:19,15360,6139,87.2
2026-06-09 20:31:23,15364,6140,118
2026-06-09 20:31:26,15367,6141,92.8
2026-06-09 20:31:28,15369,6142,29.1
2026-06-09 20:31:31,15372,6143,133
2026-06-09 20:31:34,15375,6144,73.1
2026-06-09 20:31:37,15378,6145,26.4
2026-06-09 20:31:40,15381,6146,25.2
2026-06-09 20:31:43,15384,6147,69.1
2026-06-09 20:31:45,15386,6148,92.2
2026-06-09 20:31:48,15389,6149,23.9
2026-06-09 20:31:51,15392,6150,8.51
2026-06-09 20:31:55,15396,6151,79.5
2026-06-09 20:31:58,15399,6152,80.6
2026-06-09 20:32:01,15402,6153,27.2
2026-06-09 20:32:04,15405,6154,96.9
2026-06-09 20:32:07,15408,6155,32.0
2026-06-09 20:32:10,15411,6156,58.2
2026-06-09 20:32:13,15414,6157,14.3
2026-06-09 20:32:16,15417,6158,53.2
2026-06-09 20:32:19,15420,6159,126
2026-06-09 20:32:22,15423,6160,19.7
2026-06-09 20:32:25,15426,6161,168
2026-06-09 20:32:28,15429,6162,59.3
2026-06-09 20:32:31,15432,6163,17.0
2026-06-09 20:32:34,15435,6164,48.9
2026-06-09 20:32:37,15438,6165,89.5
2026-06-09 20:32:40,15441,6166,70.5
2026-06-09 20:32:43,15444,6167,54.2
2026-06-09 20:32:46,15447,6168,199
2026-06-09 20:32:49,15450,6169,101
2026-06-09 20:32:51,15452,6170,145
2026-06-09 20:32:54,15455,6171,247
2026-06-09 20:32:57,15458,6172,167
2026-06-09 20:33:01,15462,6173,145
2026-06-09 20:33:04,15465,6174,119
2026-06-09 20:33:07,15468,6175,17.0
2026-06-09 20:33:10,15471,6176,37.1
2026-06-09 20:33:13,15474,6177,12.7
2026-06-09 20:33:16,15477,6178,34.7
2026-06-09 20:33:19,15480,6179,60.6
2026-06-09 20:33:22,15483,6180,237
2026-06-09 20:33:25,15486,6181,24.5
2026-06-09 20:33:28,15489,6182,39.6
2026-06-09 20:33:31,15492,6183,211
2026-06-09 20:33:34,15495,6184,21.4
2026-06-09 20:33:37,15498,6185,199
2026-06-09 20:33:40,15501,6186,40.0
2026-06-09 20:33:43,15504,6187,112
2026-06-09 20:33:46,15507,6188,33.9
2026-06-09 20:33:49,15510,6189,37.4
2026-06-09 20:33:52,15513,6190,32.5
2026-06-09 20:33:55,15516,6191,68.5
2026-06-09 20:33:58,15519,6192,80.8
2026-06-09 20:34:01,15522,6193,179
2026-06-09 20:34:04,15525,6194,285
2026-06-09 20:34:07,15528,6195,83.3
2026-06-09 20:34:10,15531,6196,104
2026-06-09 20:34:13,15534,6197,126
2026-06-09 20:34:16,15537,6198,180
2026-06-09 20:34:19,15540,6199,73.2
2026-06-09 20:34:22,15543,6200,72.9
2026-06-09 20:34:24,15545,6201,84.7
2026-06-09 20:34:27,15548,6202,86.8
2026-06-09 20:34:31,15552,6203,148
2026-06-09 20:34:34,15555,6204,137
2026-06-09 20:34:36,15557,6205,266
2026-06-09 20:34:39,15560,6206,8.37
2026-06-09 20:34:42,15563,6207,27.2
2026-06-09 20:34:45,15566,6208,67.9
2026-06-09 20:34:48,15569,6209,103
2026-06-09 20:34:51,15572,6210,102
2026-06-09 20:34:53,15574,6211,151
2026-06-09 20:34:56,15577,6212,198
2026-06-09 20:34:59,15580,6213,82.4
2026-06-09 20:35:02,15583,6214,209
2026-06-09 20:35:05,15586,6215,77.9
2026-06-09 20:35:08,15589,6216,118
2026-06-09 20:35:11,15592,6217,104
2026-06-09 20:35:14,15595,6218,188
2026-06-09 20:35:17,15598,6219,216
2026-06-09 20:35:19,15600,6220,187
2026-06-09 20:35:22,15603,6221,40.0
2026-06-09 20:35:25,15606,6222,74.2
2026-06-09 20:35:28,15609,6223,33.3
2026-06-09 20:35:31,15612,6224,84.2
2026-06-09 20:35:34,15615,6225,355
2026-06-09 20:35:37,15618,6226,45.7
2026-06-09 20:35:40,15621,6227,167
2026-06-09 20:35:43,15624,6228,25.4
2026-06-09 20:35:46,15627,6229,28.9
2026-06-09 20:35:49,15630,6230,197
2026-06-09 20:35:53,15634,6231,37.4
2026-06-09 20:35:55,15636,6232,63.4
2026-06-09 20:35:58,15639,6233,57.6
2026-06-09 20:36:02,15643,6234,92.9
2026-06-09 20:36:05,15646,6235,106
2026-06-09 20:36:07,15648,6236,25.5
2026-06-09 20:36:10,15651,6237,146
2026-06-09 20:36:14,15655,6238,95.4
2026-06-09 20:36:17,15658,6239,134
2026-06-09 20:36:20,15661,6240,48.8
2026-06-09 20:36:23,15664,6241,165
2026-06-09 20:36:26,15667,6242,233
2026-06-09 20:36:28,15669,6243,161
2026-06-09 20:36:31,15672,6244,63.4
2026-06-09 20:36:34,15675,6245,35.4
2026-06-09 20:36:38,15679,6246,40.8
2026-06-09 20:36:41,15682,6247,241
2026-06-09 20:36:43,15684,6248,34.9
2026-06-09 20:36:46,15687,6249,231
2026-06-09 20:36:49,15690,6250,58.9
2026-06-09 20:36:52,15693,6251,112
2026-06-09 20:36:55,15696,6252,144
2026-06-09 20:36:58,15699,6253,39.6
2026-06-09 20:37:01,15702,6254,60.9
2026-06-09 20:37:04,15705,6255,203
2026-06-09 20:37:07,15708,6256,20.4
2026-06-09 20:37:10,15711,6257,42.9
2026-06-09 20:37:13,15714,6258,85.5
2026-06-09 20:37:16,15717,6259,102
2026-06-09 20:37:19,15720,6260,80.6
2026-06-09 20:37:22,15723,6261,200
2026-06-09 20:37:25,15726,6262,182
2026-06-09 20:37:28,15729,6263,195
2026-06-09 20:37:31,15732,6264,20.4
2026-06-09 20:37:34,15735,6265,79.3
2026-06-09 20:37:36,15737,6266,179
2026-06-09 20:37:39,15740,6267,67.4
2026-06-09 20:37:42,15743,6268,41.4
2026-06-09 20:37:45,15746,6269,27.9
2026-06-09 20:37:49,15750,6270,191
2026-06-09 20:37:52,15753,6271,21.5
2026-06-09 20:37:54,15755,6272,32.5
2026-06-09 20:37:57,15758,6273,25.1
2026-06-09 20:38:00,15761,6274,204
2026-06-09 20:38:03,15764,6275,112
2026-06-09 20:38:06,15767,6276,120
2026-06-09 20:38:09,15770,6277,204
2026-06-09 20:38:12,15773,6278,45.1
2026-06-09 20:38:15,15776,6279,56.8
2026-06-09 20:38:18,15779,6280,218
2026-06-09 20:38:21,15782,6281,26.0
2026-06-09 20:38:25,15786,6282,47.7
2026-06-09 20:38:28,15789,6283,145
2026-06-09 20:38:31,15792,6284,101
2026-06-09 20:38:34,15795,6285,25.3
2026-06-09 20:38:37,15798,6286,157
2026-06-09 20:38:40,15801,6287,47.0
2026-06-09 20:38:43,15804,6288,103
2026-06-09 20:38:46,15807,6289,332
2026-06-09 20:38:49,15810,6290,68.9
2026-06-09 20:38:52,15813,6291,212
2026-06-09 20:38:55,15816,6292,58.1
2026-06-09 20:38:58,15819,6293,203
2026-06-09 20:39:01,15822,6294,169
2026-06-09 20:39:04,15825,6295,295
2026-06-09 20:39:07,15828,6296,79.1
2026-06-09 20:39:10,15831,6297,39.1
2026-06-09 20:39:13,15834,6298,303
2026-06-09 20:39:16,15837,6299,172
2026-06-09 20:39:18,15839,6300,274
2026-06-09 20:39:21,15842,6301,267
2026-06-09 20:39:24,15845,6302,149
2026-06-09 20:39:27,15848,6303,55.7
2026-06-09 20:39:30,15851,6304,93.0
2026-06-09 20:39:33,15854,6305,127
2026-06-09 20:39:36,15857,6306,170
2026-06-09 20:39:39,15860,6307,19.1
2026-06-09 20:39:42,15863,6308,206
2026-06-09 20:39:45,15866,6309,50.0
2026-06-09 20:39:47,15868,6310,41.1
2026-06-09 20:39:50,15871,6311,61.7
2026-06-09 20:39:53,15874,6312,18.4
2026-06-09 20:39:55,15876,6313,294
2026-06-09 20:39:57,15878,6314,96.7
2026-06-09 20:39:59,15880,6315,65.2
2026-06-09 20:40:02,15883,6316,239
2026-06-09 20:40:04,15885,6317,37.5
2026-06-09 20:40:06,15887,6318,21.3
2026-06-09 20:40:09,15890,6319,168
2026-06-09 20:40:12,15893,6320,107
2026-06-09 20:40:15,15896,6321,198
2026-06-09 20:40:18,15899,6322,80.4
2026-06-09 20:40:20,15901,6323,52.6
2026-06-09 20:40:23,15904,6324,60.1
2026-06-09 20:40:26,15907,6325,57.9
2026-06-09 20:40:29,15910,6326,148
2026-06-09 20:40:32,15913,6327,25.3
2026-06-09 20:40:35,15916,6328,97.8
2026-06-09 20:40:38,15919,6329,24.2
2026-06-09 20:40:41,15922,6330,91.8
2026-06-09 20:40:44,15925,6331,77.4
2026-06-09 20:40:47,15928,6332,125
2026-06-09 20:40:50,15931,6333,147
2026-06-09 20:40:52,15933,6334,45.1
2026-06-09 20:40:55,15936,6335,35.7
2026-06-09 20:40:58,15939,6336,85.0
2026-06-09 20:41:01,15942,6337,202
2026-06-09 20:41:04,15945,6338,78.6
2026-06-09 20:41:07,15948,6339,113
2026-06-09 20:41:10,15951,6340,193
2026-06-09 20:41:12,15953,6341,81.0
2026-06-09 20:41:15,15956,6342,63.7
2026-06-09 20:41:18,15959,6343,263
2026-06-09 20:41:21,15962,6344,22.3
2026-06-09 20:41:24,15965,6345,33.5
2026-06-09 20:41:27,15968,6346,255
2026-06-09 20:41:30,15971,6347,128
2026-06-09 20:41:32,15973,6348,147
2026-06-09 20:41:35,15976,6349,32.1
2026-06-09 20:41:38,15979,6350,207
2026-06-09 20:41:41,15982,6351,105
2026-06-09 20:41:43,15984,6352,124
2026-06-09 20:41:46,15987,6353,82.2
2026-06-09 20:41:49,15990,6354,51.3
2026-06-09 20:41:52,15993,6355,129
2026-06-09 20:41:55,15996,6356,70.4
2026-06-09 20:41:58,15999,6357,146
2026-06-09 20:42:01,16002,6358,173
2026-06-09 20:42:04,16005,6359,164
2026-06-09 20:42:07,16008,6360,37.5
2026-06-09 20:42:09,16010,6361,37.6
2026-06-09 20:42:13,16014,6362,336
2026-06-09 20:42:16,16017,6363,63.2
2026-06-09 20:42:19,16020,6364,104
2026-06-09 20:42:22,16023,6365,134
2026-06-09 20:42:24,16025,6366,82.2
2026-06-09 20:42:27,16028,6367,95.1
2026-06-09 20:42:30,16031,6368,101
2026-06-09 20:42:33,16034,6369,34.4
2026-06-09 20:42:36,16037,6370,159
2026-06-09 20:42:39,16040,6371,30.8
2026-06-09 20:42:42,16043,6372,81.1
2026-06-09 20:42:45,16046,6373,50.8
2026-06-09 20:42:48,16049,6374,77.8
2026-06-09 20:42:51,16052,6375,140
2026-06-09 20:42:53,16054,6376,20.4
2026-06-09 20:42:56,16057,6377,294
2026-06-09 20:43:00,16061,6378,97.4
2026-06-09 20:43:03,16064,6379,45.4
2026-06-09 20:43:06,16067,6380,30.0
2026-06-09 20:43:09,16070,6381,63.0
2026-06-09 20:43:12,16073,6382,102
2026-06-09 20:43:14,16075,6383,85.4
2026-06-09 20:43:17,16078,6384,87.4
2026-06-09 20:43:20,16081,6385,40.4
2026-06-09 20:43:23,16084,6386,24.9
2026-06-09 20:43:27,16088,6387,133
2026-06-09 20:43:30,16091,6388,37.6
2026-06-09 20:43:33,16094,6389,171
2026-06-09 20:43:36,16097,6390,88.0
2026-06-09 20:43:39,16100,6391,132
2026-06-09 20:43:42,16103,6392,25.3
2026-06-09 20:43:45,16106,6393,127
2026-06-09 20:43:48,16109,6394,109
2026-06-09 20:43:51,16112,6395,146
2026-06-09 20:43:54,16115,6396,98.5
2026-06-09 20:43:57,16118,6397,37.2
2026-06-09 20:44:00,16121,6398,49.6
2026-06-09 20:44:03,16124,6399,109
2026-06-09 20:44:06,16127,6400,30.6
2026-06-09 20:44:09,16130,6401,77.3
2026-06-09 20:44:12,16133,6402,12.8
2026-06-09 20:44:15,16136,6403,43.0
2026-06-09 20:44:18,16139,6404,76.0
2026-06-09 20:44:21,16142,6405,127
2026-06-09 20:44:24,16145,6406,78.7
2026-06-09 20:44:27,16148,6407,39.4
2026-06-09 20:44:30,16151,6408,197
2026-06-09 20:44:33,16154,6409,15.4
2026-06-09 20:44:36,16157,6410,17.7
2026-06-09 20:44:38,16159,6411,36.5
2026-06-09 20:44:41,16162,6412,200
2026-06-09 20:44:45,16166,6413,165
2026-06-09 20:44:48,16169,6414,205
2026-06-09 20:44:51,16172,6415,235
2026-06-09 20:44:53,16174,6416,57.2
2026-06-09 20:44:56,16177,6417,103
2026-06-09 20:44:59,16180,6418,67.1
2026-06-09 20:45:02,16183,6419,33.0
2026-06-09 20:45:05,16186,6420,63.1
2026-06-09 20:45:08,16189,6421,156
2026-06-09 20:45:11,16192,6422,94.2
2026-06-09 20:45:14,16195,6423,255
2026-06-09 20:45:17,16198,6424,29.3
2026-06-09 20:45:20,16201,6425,125
2026-06-09 20:45:23,16204,6426,41.7
2026-06-09 20:45:26,16207,6427,101
2026-06-09 20:45:28,16209,6428,57.3
2026-06-09 20:45:31,16212,6429,99.7
2026-06-09 20:45:34,16215,6430,57.3
2026-06-09 20:45:37,16218,6431,80.6
2026-06-09 20:45:40,16221,6432,58.0
2026-06-09 20:45:43,16224,6433,64.9
2026-06-09 20:45:46,16227,6434,21.6
2026-06-09 20:45:49,16230,6435,30.5
2026-06-09 20:45:51,16232,6436,12.7
2026-06-09 20:45:54,16235,6437,161
2026-06-09 20:45:57,16238,6438,48.9
2026-06-09 20:46:00,16241,6439,67.5
2026-06-09 20:46:03,16244,6440,110
2026-06-09 20:46:05,16246,6441,111
2026-06-09 20:46:08,16249,6442,77.5
2026-06-09 20:46:11,16252,6443,265
2026-06-09 20:46:14,16255,6444,72.7
2026-06-09 20:46:17,16258,6445,25.3
2026-06-09 20:46:20,16261,6446,291
2026-06-09 20:46:23,16264,6447,24.9
2026-06-09 20:46:26,16267,6448,40.5
2026-06-09 20:46:29,16270,6449,114
2026-06-09 20:46:32,16273,6450,68.1
2026-06-09 20:46:35,16276,6451,88.1
2026-06-09 20:46:38,16279,6452,98.8
2026-06-09 20:46:41,16282,6453,60.1
2026-06-09 20:46:44,16285,6454,161
2026-06-09 20:46:47,16288,6455,42.6
2026-06-09 20:46:50,16291,6456,112
2026-06-09 20:46:53,16294,6457,141
2026-06-09 20:46:56,16297,6458,210
2026-06-09 20:46:59,16300,6459,143
2026-06-09 20:47:02,16303,6460,221
2026-06-09 20:47:05,16306,6461,40.1
2026-06-09 20:47:08,16309,6462,57.1
2026-06-09 20:47:11,16312,6463,282
2026-06-09 20:47:14,16315,6464,106
2026-06-09 20:47:17,16318,6465,98.9
2026-06-09 20:47:20,16321,6466,104
2026-06-09 20:47:23,16324,6467,81.1
2026-06-09 20:47:26,16327,6468,181
2026-06-09 20:47:29,16330,6469,25.8
2026-06-09 20:47:32,16333,6470,245
2026-06-09 20:47:35,16336,6471,15.3
2026-06-09 20:47:38,16339,6472,68.8
2026-06-09 20:47:41,16342,6473,47.2
2026-06-09 20:47:44,16345,6474,18.9
2026-06-09 20:47:47,16348,6475,29.4
2026-06-09 20:47:50,16351,6476,151
2026-06-09 20:47:53,16354,6477,122
2026-06-09 20:47:56,16357,6478,268
2026-06-09 20:47:59,16360,6479,124
2026-06-09 20:48:02,16363,6480,85.6
2026-06-09 20:48:05,16366,6481,183
2026-06-09 20:48:07,16368,6482,10.4
2026-06-09 20:48:10,16371,6483,106
2026-06-09 20:48:14,16375,6484,95.2
2026-06-09 20:48:17,16378,6485,26.0
2026-06-09 20:48:20,16381,6486,137
2026-06-09 20:48:23,16384,6487,158
2026-06-09 20:48:25,16386,6488,60.5
2026-06-09 20:48:28,16389,6489,107
2026-06-09 20:48:31,16392,6490,63.5
2026-06-09 20:48:35,16396,6491,33.6
2026-06-09 20:48:38,16399,6492,45.4
2026-06-09 20:48:41,16402,6493,233
2026-06-09 20:48:44,16405,6494,220
2026-06-09 20:48:46,16407,6495,64.2
2026-06-09 20:48:49,16410,6496,93.3
2026-06-09 20:48:52,16413,6497,87.6
2026-06-09 20:48:55,16416,6498,25.3
2026-06-09 20:48:58,16419,6499,91.8
2026-06-09 20:49:01,16422,6500,78.8
2026-06-09 20:49:04,16425,6501,379
2026-06-09 20:49:07,16428,6502,63.0
2026-06-09 20:49:10,16431,6503,207
2026-06-09 20:49:13,16434,6504,28.2
2026-06-09 20:49:16,16437,6505,87.5
2026-06-09 20:49:19,16440,6506,179
2026-06-09 20:49:22,16443,6507,167
2026-06-09 20:49:25,16446,6508,67.7
2026-06-09 20:49:28,16449,6509,42.6
2026-06-09 20:49:30,16451,6510,151
2026-06-09 20:49:32,16453,6511,205
2026-06-09 20:49:34,16455,6512,118
2026-06-09 20:49:37,16458,6513,50.4
2026-06-09 20:49:39,16460,6514,95.5
2026-06-09 20:49:41,16462,6515,40.5
2026-06-09 20:49:43,16464,6516,62.8
2026-06-09 20:49:45,16466,6517,136
2026-06-09 20:49:48,16469,6518,30.3
2026-06-09 20:49:51,16472,6519,137
2026-06-09 20:49:54,16475,6520,31.4
2026-06-09 20:49:57,16478,6521,25.5
2026-06-09 20:50:00,16481,6522,25.1
2026-06-09 20:50:03,16484,6523,224
2026-06-09 20:50:06,16487,6524,158
2026-06-09 20:50:09,16490,6525,72.8
2026-06-09 20:50:12,16493,6526,20.5
2026-06-09 20:50:15,16496,6527,115
2026-06-09 20:50:18,16499,6528,379
2026-06-09 20:50:21,16502,6529,69.7
2026-06-09 20:50:24,16505,6530,252
2026-06-09 20:50:27,16508,6531,46.2
2026-06-09 20:50:30,16511,6532,55.4
2026-06-09 20:50:33,16514,6533,20.9
2026-06-09 20:50:36,16517,6534,172
2026-06-09 20:50:39,16520,6535,76.3
2026-06-09 20:50:42,16523,6536,79.7
2026-06-09 20:50:45,16526,6537,12.8
2026-06-09 20:50:47,16528,6538,64.4
2026-06-09 20:50:50,16531,6539,156
2026-06-09 20:50:53,16534,6540,12.4
2026-06-09 20:50:56,16537,6541,18.9
2026-06-09 20:50:59,16540,6542,37.5
2026-06-09 20:51:02,16543,6543,15.6
2026-06-09 20:51:05,16546,6544,193
2026-06-09 20:51:08,16549,6545,154
2026-06-09 20:51:11,16552,6546,61.3
2026-06-09 20:51:13,16554,6547,23.5
2026-06-09 20:51:16,16557,6548,200
2026-06-09 20:51:19,16560,6549,140
2026-06-09 20:51:22,16563,6550,21.6
2026-06-09 20:51:25,16566,6551,39.4
2026-06-09 20:51:28,16569,6552,101
2026-06-09 20:51:31,16572,6553,121
2026-06-09 20:51:34,16575,6554,83.6
2026-06-09 20:51:37,16578,6555,64.9
2026-06-09 20:51:40,16581,6556,73.5
2026-06-09 20:51:43,16584,6557,124
2026-06-09 20:51:45,16587,6558,167
2026-06-09 20:51:48,16589,6559,24.4
2026-06-09 20:51:51,16592,6560,38.1
2026-06-09 20:51:54,16595,6561,134
2026-06-09 20:51:57,16598,6562,224
2026-06-09 20:52:00,16601,6563,29.5
2026-06-09 20:52:03,16604,6564,88.5
2026-06-09 20:52:05,16606,6565,62.7
2026-06-09 20:52:08,16609,6566,20.4
2026-06-09 20:52:11,16612,6567,58.9
2026-06-09 20:52:14,16615,6568,52.0
2026-06-09 20:52:16,16617,6569,241
2026-06-09 20:52:19,16620,6570,46.5
2026-06-09 20:52:22,16623,6571,149
2026-06-09 20:52:25,16626,6572,40.3
2026-06-09 20:52:28,16629,6573,79.2
2026-06-09 20:52:31,16632,6574,65.4
2026-06-09 20:52:34,16635,6575,124
2026-06-09 20:52:37,16638,6576,217
2026-06-09 20:52:40,16641,6577,116
2026-06-09 20:52:43,16644,6578,143
2026-06-09 20:52:45,16646,6579,74.9
2026-06-09 20:52:48,16649,6580,22.5
2026-06-09 20:52:52,16653,6581,39.0
2026-06-09 20:52:55,16656,6582,125
2026-06-09 20:52:58,16659,6583,152
2026-06-09 20:53:01,16662,6584,275
2026-06-09 20:53:03,16664,6585,56.3
2026-06-09 20:53:06,16667,6586,25.3
2026-06-09 20:53:09,16670,6587,24.4
2026-06-09 20:53:12,16673,6588,242
2026-06-09 20:53:15,16676,6589,186
2026-06-09 20:53:18,16679,6590,118
2026-06-09 20:53:20,16681,6591,30.4
2026-06-09 20:53:24,16685,6592,63.4
2026-06-09 20:53:27,16688,6593,161
2026-06-09 20:53:30,16691,6594,167
2026-06-09 20:53:33,16694,6595,192
2026-06-09 20:53:36,16697,6596,175
2026-06-09 20:53:39,16700,6597,112
2026-06-09 20:53:42,16703,6598,96.4
2026-06-09 20:53:45,16706,6599,167
2026-06-09 20:53:48,16709,6600,108
2026-06-09 20:53:51,16712,6601,112
2026-06-09 20:53:54,16715,6602,78.6
2026-06-09 20:53:57,16718,6603,34.6
2026-06-09 20:54:00,16721,6604,163
2026-06-09 20:54:04,16725,6605,32.7
2026-06-09 20:54:07,16728,6606,121
2026-06-09 20:54:10,16731,6607,88.1
2026-06-09 20:54:13,16734,6608,180
2026-06-09 20:54:17,16738,6609,76.6
2026-06-09 20:54:20,16741,6610,149
2026-06-09 20:54:22,16743,6611,30.6
2026-06-09 20:54:25,16746,6612,136
2026-06-09 20:54:28,16749,6613,51.3
2026-06-09 20:54:31,16752,6614,20.2
2026-06-09 20:54:35,16756,6615,127
2026-06-09 20:54:38,16759,6616,58.3
2026-06-09 20:54:41,16762,6617,76.4
2026-06-09 20:54:43,16764,6618,68.4
2026-06-09 20:54:46,16767,6619,82.0
2026-06-09 20:54:49,16770,6620,183
2026-06-09 20:54:52,16773,6621,173
2026-06-09 20:54:54,16775,6622,78.8
2026-06-09 20:54:57,16778,6623,188
2026-06-09 20:55:00,16781,6624,73.3
2026-06-09 20:55:03,16784,6625,119
2026-06-09 20:55:05,16786,6626,33.7
2026-06-09 20:55:08,16789,6627,37.7
2026-06-09 20:55:11,16792,6628,211
2026-06-09 20:55:14,16795,6629,103
2026-06-09 20:55:17,16798,6630,41.8
2026-06-09 20:55:19,16800,6631,126
2026-06-09 20:55:22,16803,6632,122
2026-06-09 20:55:25,16806,6633,74.6
2026-06-09 20:55:28,16809,6634,271
2026-06-09 20:55:31,16812,6635,200
2026-06-09 20:55:34,16815,6636,40.1
2026-06-09 20:55:37,16818,6637,44.9
2026-06-09 20:55:40,16821,6638,139
2026-06-09 20:55:43,16824,6639,169
2026-06-09 20:55:46,16827,6640,260
2026-06-09 20:55:49,16830,6641,128
2026-06-09 20:55:51,16832,6642,34.8
2026-06-09 20:55:54,16835,6643,145
2026-06-09 20:55:57,16838,6644,74.0
2026-06-09 20:56:00,16841,6645,35.6
2026-06-09 20:56:02,16843,6646,26.5
2026-06-09 20:56:05,16846,6647,154
2026-06-09 20:56:08,16849,6648,91.7
2026-06-09 20:56:10,16851,6649,94.8
2026-06-09 20:56:13,16854,6650,104
2026-06-09 20:56:15,16856,6651,24.1
2026-06-09 20:56:17,16858,6652,41.1
2026-06-09 20:56:19,16860,6653,63.1
2026-06-09 20:56:22,16863,6654,52.4
2026-06-09 20:56:25,16866,6655,73.1
2026-06-09 20:56:28,16869,6656,150
2026-06-09 20:56:30,16871,6657,67.7
2026-06-09 20:56:33,16874,6658,41.3
2026-06-09 20:56:36,16877,6659,138
2026-06-09 20:56:39,16880,6660,129
2026-06-09 20:56:42,16883,6661,73.7
2026-06-09 20:56:45,16886,6662,17.1
2026-06-09 20:56:48,16889,6663,144
2026-06-09 20:56:50,16891,6664,180
2026-06-09 20:56:53,16894,6665,156
2026-06-09 20:56:56,16897,6666,52.0
2026-06-09 20:56:59,16900,6667,116
2026-06-09 20:57:01,16902,6668,175
2026-06-09 20:57:04,16905,6669,186
2026-06-09 20:57:07,16908,6670,33.5
2026-06-09 20:57:10,16911,6671,90.8
2026-06-09 20:57:13,16914,6672,45.1
2026-06-09 20:57:16,16917,6673,10.2
2026-06-09 20:57:19,16920,6674,112
2026-06-09 20:57:23,16924,6675,132
2026-06-09 20:57:25,16926,6676,174
2026-06-09 20:57:28,16929,6677,111
2026-06-09 20:57:32,16933,6678,207
2026-06-09 20:57:35,16936,6679,110
2026-06-09 20:57:38,16939,6680,64.4
2026-06-09 20:57:40,16941,6681,75.5
2026-06-09 20:57:43,16944,6682,198
2026-06-09 20:57:46,16947,6683,116
2026-06-09 20:57:49,16950,6684,151
2026-06-09 20:57:51,16952,6685,130
2026-06-09 20:57:54,16955,6686,89.7
2026-06-09 20:57:57,16958,6687,59.8
2026-06-09 20:58:00,16961,6688,153
2026-06-09 20:58:03,16964,6689,33.7
2026-06-09 20:58:06,16967,6690,42.5
2026-06-09 20:58:09,16970,6691,124
2026-06-09 20:58:11,16972,6692,57.1
2026-06-09 20:58:14,16975,6693,155
2026-06-09 20:58:17,16978,6694,161
2026-06-09 20:58:20,16981,6695,31.2
2026-06-09 20:58:22,16983,6696,114
2026-06-09 20:58:25,16986,6697,111
2026-06-09 20:58:28,16989,6698,19.2
2026-06-09 20:58:31,16992,6699,48.9
2026-06-09 20:58:34,16995,6700,281
2026-06-09 20:58:37,16998,6701,67.0
2026-06-09 20:58:40,17001,6702,120
2026-06-09 20:58:43,17004,6703,96.9
2026-06-09 20:58:46,17007,6704,67.7
2026-06-09 20:58:49,17010,6705,69.4
2026-06-09 20:58:52,17013,6706,58.2
2026-06-09 20:58:55,17016,6707,58.6
2026-06-09 20:58:58,17019,6708,65.2
2026-06-09 20:59:01,17022,6709,146
2026-06-09 20:59:04,17025,6710,104
2026-06-09 20:59:06,17027,6711,110
2026-06-09 20:59:10,17031,6712,172
2026-06-09 20:59:13,17034,6713,136
2026-06-09 20:59:16,17037,6714,121
2026-06-09 20:59:19,17040,6715,132
2026-06-09 20:59:22,17043,6716,60.0
2026-06-09 20:59:25,17046,6717,355
2026-06-09 20:59:28,17049,6718,111
2026-06-09 20:59:31,17052,6719,28.4
2026-06-09 20:59:34,17055,6720,149
2026-06-09 20:59:37,17058,6721,74.3
2026-06-09 20:59:39,17060,6722,158
2026-06-09 20:59:42,17063,6723,76.8
2026-06-09 20:59:45,17066,6724,150
2026-06-09 20:59:48,17069,6725,90.8
2026-06-09 20:59:51,17072,6726,71.5
2026-06-09 20:59:54,17075,6727,34.3
2026-06-09 20:59:57,17078,6728,143
2026-06-09 21:00:00,17081,6729,113
2026-06-09 21:00:03,17084,6730,64.5
2026-06-09 21:00:06,17087,6731,355
2026-06-09 21:00:09,17090,6732,144
2026-06-09 21:00:12,17093,6733,50.0
2026-06-09 21:00:15,17096,6734,74.5
2026-06-09 21:00:17,17098,6735,20.7
2026-06-09 21:00:20,17101,6736,126
2026-06-09 21:00:23,17104,6737,23.9
2026-06-09 21:00:26,17107,6738,106
2026-06-09 21:00:29,17110,6739,176
2026-06-09 21:00:32,17113,6740,44.6
2026-06-09 21:00:35,17116,6741,129
2026-06-09 21:00:38,17119,6742,116
2026-06-09 21:00:41,17122,6743,85.5
2026-06-09 21:00:44,17125,6744,116
2026-06-09 21:00:48,17129,6745,180
2026-06-09 21:00:51,17132,6746,99.9
2026-06-09 21:00:54,17135,6747,84.5
2026-06-09 21:00:56,17137,6748,44.3
2026-06-09 21:00:59,17140,6749,21.2
2026-06-09 21:01:02,17143,6750,122
2026-06-09 21:01:05,17146,6751,148
2026-06-09 21:01:08,17149,6752,96.1
2026-06-09 21:01:11,17152,6753,31.5
2026-06-09 21:01:14,17155,6754,224
2026-06-09 21:01:17,17158,6755,62.1
2026-06-09 21:01:20,17161,6756,245
2026-06-09 21:01:24,17165,6757,25.2
2026-06-09 21:01:26,17167,6758,16.4
2026-06-09 21:01:29,17170,6759,57.2
2026-06-09 21:01:32,17173,6760,89.5
2026-06-09 21:01:36,17177,6761,31.9
2026-06-09 21:01:39,17180,6762,98.0
2026-06-09 21:01:42,17183,6763,128
2026-06-09 21:01:45,17186,6764,28.0
2026-06-09 21:01:48,17189,6765,176
2026-06-09 21:01:51,17192,6766,24.9
2026-06-09 21:01:53,17194,6767,31.7
2026-06-09 21:01:56,17197,6768,65.0
2026-06-09 21:01:59,17200,6769,96.9
2026-06-09 21:02:02,17203,6770,28.7
2026-06-09 21:02:05,17206,6771,43.1
2026-06-09 21:02:08,17209,6772,49.1
2026-06-09 21:02:11,17212,6773,50.4
2026-06-09 21:02:15,17216,6774,114
2026-06-09 21:02:17,17218,6775,116
2026-06-09 21:02:20,17221,6776,166
2026-06-09 21:02:23,17224,6777,153
2026-06-09 21:02:26,17227,6778,328
2026-06-09 21:02:29,17230,6779,302
2026-06-09 21:02:32,17233,6780,61.3
2026-06-09 21:02:35,17236,6781,30.2
2026-06-09 21:02:38,17239,6782,61.1
2026-06-09 21:02:41,17242,6783,66.2
2026-06-09 21:02:43,17244,6784,38.8
2026-06-09 21:02:46,17247,6785,28.3
2026-06-09 21:02:49,17250,6786,191
2026-06-09 21:02:52,17253,6787,101
2026-06-09 21:02:55,17256,6788,47.4
2026-06-09 21:02:58,17259,6789,40.1
2026-06-09 21:03:02,17263,6790,82.8
2026-06-09 21:03:04,17265,6791,30.4
2026-06-09 21:03:07,17268,6792,102
2026-06-09 21:03:10,17271,6793,75.2
2026-06-09 21:03:13,17274,6794,184
2026-06-09 21:03:16,17277,6795,74.4
2026-06-09 21:03:19,17280,6796,198
2026-06-09 21:03:22,17283,6797,124
2026-06-09 21:03:25,17286,6798,113
2026-06-09 21:03:27,17288,6799,60.7
2026-06-09 21:03:30,17291,6800,47.0
2026-06-09 21:03:33,17294,6801,46.6
2026-06-09 21:03:35,17296,6802,15.7
2026-06-09 21:03:38,17299,6803,80.3
2026-06-09 21:03:41,17302,6804,153
2026-06-09 21:03:44,17305,6805,34.2
2026-06-09 21:03:47,17308,6806,38.7
2026-06-09 21:03:50,17311,6807,106
2026-06-09 21:03:53,17314,6808,85.7
2026-06-09 21:03:56,17317,6809,214
2026-06-09 21:03:59,17320,6810,200
2026-06-09 21:04:02,17323,6811,164
2026-06-09 21:04:05,17326,6812,138
2026-06-09 21:04:08,17329,6813,86.8
2026-06-09 21:04:11,17332,6814,83.6
2026-06-09 21:04:14,17335,6815,23.0
2026-06-09 21:04:16,17337,6816,129
2026-06-09 21:04:19,17340,6817,71.3
2026-06-09 21:04:22,17343,6818,118
2026-06-09 21:04:25,17346,6819,183
2026-06-09 21:04:27,17348,6820,53.7
2026-06-09 21:04:30,17351,6821,135
2026-06-09 21:04:33,17354,6822,147
2026-06-09 21:04:36,17357,6823,25.2
2026-06-09 21:04:39,17360,6824,199
2026-06-09 21:04:42,17363,6825,67.5
2026-06-09 21:04:45,17366,6826,21.0
2026-06-09 21:04:47,17368,6827,125
2026-06-09 21:04:50,17371,6828,47.9
2026-06-09 21:04:53,17374,6829,163
2026-06-09 21:04:56,17377,6830,106
2026-06-09 21:04:59,17380,6831,99.8
2026-06-09 21:05:02,17383,6832,80.5
2026-06-09 21:05:05,17386,6833,23.9
2026-06-09 21:05:08,17389,6834,142
2026-06-09 21:05:11,17392,6835,84.8
2026-06-09 21:05:15,17396,6836,57.0
2026-06-09 21:05:18,17399,6837,36.6
2026-06-09 21:05:20,17401,6838,78.7
2026-06-09 21:05:23,17404,6839,65.3
2026-06-09 21:05:26,17407,6840,83.9
2026-06-09 21:05:29,17410,6841,21.9
2026-06-09 21:05:32,17413,6842,65.1
2026-06-09 21:05:35,17416,6843,71.8
2026-06-09 21:05:38,17419,6844,58.3
2026-06-09 21:05:41,17422,6845,129
2026-06-09 21:05:44,17425,6846,173
2026-06-09 21:05:47,17428,6847,24.3
2026-06-09 21:05:50,17431,6848,103
2026-06-09 21:05:53,17434,6849,32.3
2026-06-09 21:05:56,17437,6850,80.9
2026-06-09 21:05:59,17440,6851,25.0
2026-06-09 21:06:02,17443,6852,24.0
2026-06-09 21:06:05,17446,6853,17.6
2026-06-09 21:06:08,17449,6854,136
2026-06-09 21:06:11,17452,6855,30.6
2026-06-09 21:06:13,17454,6856,235
2026-06-09 21:06:15,17456,6857,133
2026-06-09 21:06:18,17459,6858,47.4
2026-06-09 21:06:20,17461,6859,19.9
2026-06-09 21:06:22,17463,6860,28.0
2026-06-09 21:06:24,17465,6861,26.5
2026-06-09 21:06:26,17467,6862,38.5
2026-06-09 21:06:28,17469,6863,23.9
2026-06-09 21:06:30,17471,6864,44.1
2026-06-09 21:06:32,17473,6865,48.2
2026-06-09 21:06:34,17475,6866,26.6
2026-06-09 21:06:36,17477,6867,36.8
2026-06-09 21:06:38,17479,6868,33.2
2026-06-09 21:06:40,17481,6869,24.8
2026-06-09 21:06:42,17483,6870,46.6
2026-06-09 21:06:44,17485,6871,35.7
2026-06-09 21:06:46,17487,6872,41.5
2026-06-09 21:06:48,17489,6873,32.8
2026-06-09 21:06:51,17492,6874,23.8
2026-06-09 21:06:53,17494,6875,26.0
2026-06-09 21:06:55,17496,6876,33.9
2026-06-09 21:06:57,17498,6877,37.6
2026-06-09 21:06:59,17500,6878,41.3
2026-06-09 21:07:01,17502,6879,25.7
2026-06-09 21:07:03,17504,6880,41.1
2026-06-09 21:07:05,17506,6881,37.4
2026-06-09 21:07:07,17508,6882,34.7
2026-06-09 21:07:09,17510,6883,34.1
2026-06-09 21:07:11,17512,6884,24.1
2026-06-09 21:07:13,17514,6885,43.0
2026-06-09 21:07:15,17516,6886,34.0
2026-06-09 21:07:17,17518,6887,42.1
2026-06-09 21:07:19,17520,6888,54.9
2026-06-09 21:07:21,17522,6889,43.7
2026-06-09 21:07:23,17524,6890,17.8
2026-06-09 21:07:25,17526,6891,26.9
2026-06-09 21:07:28,17529,6892,17.9
2026-06-09 21:07:30,17531,6893,32.4
2026-06-09 21:07:32,17533,6894,24.3
2026-06-09 21:07:34,17535,6895,24.3
2026-06-09 21:07:36,17537,6896,98.8
2026-06-09 21:07:38,17539,6897,214
2026-06-09 21:07:41,17542,6898,105
2026-06-09 21:07:43,17544,6899,80.0
2026-06-09 21:07:45,17546,6900,25.3
2026-06-09 21:07:47,17548,6901,35.2
2026-06-09 21:07:50,17551,6902,112
2026-06-09 21:07:52,17553,6903,176
2026-06-09 21:07:55,17556,6904,146
2026-06-09 21:07:58,17559,6905,133
2026-06-09 21:08:01,17562,6906,71.9
2026-06-09 21:08:04,17565,6907,31.2
2026-06-09 21:08:07,17568,6908,36.7
2026-06-09 21:08:10,17571,6909,24.2
2026-06-09 21:08:13,17574,6910,123
2026-06-09 21:08:16,17577,6911,70.5
2026-06-09 21:08:19,17580,6912,113
2026-06-09 21:08:22,17583,6913,139
2026-06-09 21:08:25,17586,6914,42.1
2026-06-09 21:08:28,17589,6915,170
2026-06-09 21:08:31,17592,6916,16.1
2026-06-09 21:08:34,17595,6917,15.5
2026-06-09 21:08:37,17598,6918,35.3
2026-06-09 21:08:40,17601,6919,131
2026-06-09 21:08:44,17605,6920,254
2026-06-09 21:08:47,17607,6921,124
2026-06-09 21:08:49,17610,6922,358
2026-06-09 21:08:52,17613,6923,109
2026-06-09 21:08:55,17616,6924,223
2026-06-09 21:08:58,17619,6925,30.2
2026-06-09 21:09:01,17622,6926,155
2026-06-09 21:09:04,17625,6927,21.4
2026-06-09 21:09:07,17628,6928,129
2026-06-09 21:09:09,17630,6929,151
2026-06-09 21:09:12,17633,6930,66.5
2026-06-09 21:09:16,17637,6931,28.0
2026-06-09 21:09:19,17640,6932,51.5
2026-06-09 21:09:22,17643,6933,295
2026-06-09 21:09:25,17646,6934,178
2026-06-09 21:09:28,17649,6935,16.9
2026-06-09 21:09:30,17651,6936,65.4
2026-06-09 21:09:33,17654,6937,46.0
2026-06-09 21:09:36,17657,6938,28.3
2026-06-09 21:09:39,17660,6939,103
2026-06-09 21:09:42,17663,6940,29.8
2026-06-09 21:09:45,17666,6941,33.7
2026-06-09 21:09:48,17669,6942,39.9
2026-06-09 21:09:52,17673,6943,25.1
2026-06-09 21:09:55,17676,6944,144
2026-06-09 21:09:57,17678,6945,203
2026-06-09 21:10:00,17681,6946,144
2026-06-09 21:10:03,17684,6947,107
2026-06-09 21:10:06,17687,6948,258
2026-06-09 21:10:09,17690,6949,273
2026-06-09 21:10:12,17693,6950,101
2026-06-09 21:10:15,17696,6951,19.6
2026-06-09 21:10:17,17698,6952,101
2026-06-09 21:10:20,17701,6953,101
2026-06-09 21:10:23,17704,6954,33.1
2026-06-09 21:10:26,17707,6955,77.4
2026-06-09 21:10:29,17710,6956,135
2026-06-09 21:10:32,17713,6957,81.2
2026-06-09 21:10:35,17716,6958,78.4
2026-06-09 21:10:38,17719,6959,38.4
2026-06-09 21:10:41,17722,6960,39.3
2026-06-09 21:10:44,17725,6961,68.8
2026-06-09 21:10:47,17728,6962,54.7
2026-06-09 21:10:50,17731,6963,157
2026-06-09 21:10:53,17734,6964,101
2026-06-09 21:10:56,17737,6965,181
2026-06-09 21:10:59,17740,6966,19.9
2026-06-09 21:11:01,17742,6967,42.6
2026-06-09 21:11:04,17745,6968,95.2
2026-06-09 21:11:08,17749,6969,70.6
2026-06-09 21:11:11,17752,6970,65.6
2026-06-09 21:11:13,17754,6971,172
2026-06-09 21:11:16,17757,6972,119
2026-06-09 21:11:19,17760,6973,76.3
2026-06-09 21:11:22,17763,6974,66.9
2026-06-09 21:11:25,17766,6975,34.5
2026-06-09 21:11:28,17769,6976,82.1
2026-06-09 21:11:31,17772,6977,67.1
2026-06-09 21:11:35,17776,6978,102
2026-06-09 21:11:37,17778,6979,69.3
2026-06-09 21:11:40,17781,6980,44.2
2026-06-09 21:11:43,17784,6981,154
2026-06-09 21:11:46,17787,6982,113
2026-06-09 21:11:49,17790,6983,141
2026-06-09 21:11:53,17794,6984,159
2026-06-09 21:11:56,17797,6985,221
2026-06-09 21:11:59,17800,6986,83.6
2026-06-09 21:12:02,17803,6987,29.3
2026-06-09 21:12:05,17806,6988,47.7
2026-06-09 21:12:08,17809,6989,28.3
2026-06-09 21:12:10,17811,6990,25.4
2026-06-09 21:12:13,17814,6991,13.0
2026-06-09 21:12:17,17818,6992,103
2026-06-09 21:12:20,17821,6993,124
2026-06-09 21:12:23,17824,6994,51.3
2026-06-09 21:12:26,17827,6995,204
2026-06-09 21:12:29,17830,6996,25.3
2026-06-09 21:12:32,17833,6997,58.8
2026-06-09 21:12:36,17837,6998,128
2026-06-09 21:12:39,17840,6999,339
2026-06-09 21:12:42,17843,7000,88.1
2026-06-09 21:12:45,17846,7001,43.5
2026-06-09 21:12:48,17849,7002,144
2026-06-09 21:12:51,17852,7003,28.6
2026-06-09 21:12:54,17855,7004,30.8
2026-06-09 21:12:57,17858,7005,77.6
2026-06-09 21:13:00,17861,7006,130
2026-06-09 21:13:03,17864,7007,103
2026-06-09 21:13:06,17867,7008,90.0
2026-06-09 21:13:09,17870,7009,91.1
2026-06-09 21:13:12,17873,7010,154
2026-06-09 21:13:15,17876,7011,316
2026-06-09 21:13:18,17879,7012,24.0
2026-06-09 21:13:21,17882,7013,18.4
2026-06-09 21:13:24,17885,7014,84.3
2026-06-09 21:13:26,17887,7015,95.6
2026-06-09 21:13:29,17890,7016,173
2026-06-09 21:13:32,17893,7017,48.7
2026-06-09 21:13:35,17896,7018,53.2
2026-06-09 21:13:38,17899,7019,297
2026-06-09 21:13:41,17902,7020,325
2026-06-09 21:13:45,17906,7021,376
2026-06-09 21:13:48,17909,7022,75.4
2026-06-09 21:13:50,17911,7023,61.2
2026-06-09 21:13:54,17915,7024,117
2026-06-09 21:13:56,17917,7025,86.9
2026-06-09 21:13:59,17920,7026,49.7
2026-06-09 21:14:02,17923,7027,91.3
2026-06-09 21:14:05,17926,7028,143
2026-06-09 21:14:09,17930,7029,71.3
2026-06-09 21:14:12,17933,7030,78.3
2026-06-09 21:14:15,17936,7031,94.3
2026-06-09 21:14:18,17939,7032,81.4
2026-06-09 21:14:21,17942,7033,35.0
2026-06-09 21:14:24,17945,7034,125
2026-06-09 21:14:27,17948,7035,136
2026-06-09 21:14:30,17951,7036,57.9
2026-06-09 21:14:33,17954,7037,67.0
2026-06-09 21:14:36,17957,7038,73.2
2026-06-09 21:14:40,17961,7039,73.9
2026-06-09 21:14:43,17964,7040,81.7
2026-06-09 21:14:46,17967,7041,108
2026-06-09 21:14:49,17970,7042,106
2026-06-09 21:14:52,17973,7043,146
2026-06-09 21:14:54,17975,7044,68.4
2026-06-09 21:14:57,17978,7045,103
2026-06-09 21:15:00,17981,7046,35.5
2026-06-09 21:15:04,17985,7047,160
2026-06-09 21:15:07,17988,7048,29.5
2026-06-09 21:15:10,17991,7049,44.4
2026-06-09 21:15:13,17994,7050,96.9
2026-06-09 21:15:16,17997,7051,319
2026-06-09 21:15:19,18000,7052,92.9
2026-06-09 21:15:21,18002,7053,93.8
2026-06-09 21:15:25,18005,7054,25.1
2026-06-09 21:15:28,18009,7055,66.4
2026-06-09 21:15:31,18012,7056,61.8
2026-06-09 21:15:34,18015,7057,102
2026-06-09 21:15:37,18018,7058,33.2
2026-06-09 21:15:40,18021,7059,11.9
2026-06-09 21:15:43,18024,7060,147
2026-06-09 21:15:46,18027,7061,186
2026-06-09 21:15:49,18030,7062,142
2026-06-09 21:15:52,18033,7063,173
2026-06-09 21:15:55,18036,7064,38.3
2026-06-09 21:15:59,18040,7065,25.0
2026-06-09 21:16:02,18043,7066,149
2026-06-09 21:16:05,18046,7067,123
2026-06-09 21:16:08,18049,7068,83.1
2026-06-09 21:16:11,18052,7069,35.1
2026-06-09 21:16:14,18055,7070,236
2026-06-09 21:16:17,18058,7071,51.6
2026-06-09 21:16:20,18061,7072,19.6
2026-06-09 21:16:23,18064,7073,189
2026-06-09 21:16:26,18067,7074,16.9
2026-06-09 21:16:29,18070,7075,25.0
2026-06-09 21:16:32,18073,7076,67.7
2026-06-09 21:16:35,18076,7077,16.8
2026-06-09 21:16:38,18079,7078,132
2026-06-09 21:16:41,18082,7079,315
2026-06-09 21:16:45,18086,7080,87.5
2026-06-09 21:16:48,18089,7081,78.9
2026-06-09 21:16:51,18092,7082,40.8
2026-06-09 21:16:54,18095,7083,34.8
2026-06-09 21:16:56,18097,7084,29.2
2026-06-09 21:16:59,18100,7085,12.8
2026-06-09 21:17:02,18103,7086,101
2026-06-09 21:17:05,18106,7087,127
2026-06-09 21:17:08,18109,7088,126
2026-06-09 21:17:11,18112,7089,212
2026-06-09 21:17:14,18115,7090,30.2
2026-06-09 21:17:17,18118,7091,125
2026-06-09 21:17:20,18121,7092,25.5
2026-06-09 21:17:23,18124,7093,112
2026-06-09 21:17:26,18127,7094,226
2026-06-09 21:17:29,18130,7095,36.8
2026-06-09 21:17:31,18132,7096,148
2026-06-09 21:17:33,18134,7097,173
2026-06-09 21:17:36,18137,7098,129
2026-06-09 21:17:38,18139,7099,216
2026-06-09 21:17:40,18141,7100,54.7
2026-06-09 21:17:42,18143,7101,169
2026-06-09 21:17:45,18146,7102,121
2026-06-09 21:17:48,18149,7103,48.3
2026-06-09 21:17:51,18152,7104,104
2026-06-09 21:17:54,18155,7105,17.0
2026-06-09 21:17:57,18158,7106,34.0
2026-06-09 21:18:00,18161,7107,112
2026-06-09 21:18:03,18164,7108,91.9
2026-06-09 21:18:06,18167,7109,124
2026-06-09 21:18:09,18170,7110,172
2026-06-09 21:18:12,18173,7111,261
2026-06-09 21:18:15,18176,7112,62.8
2026-06-09 21:18:19,18180,7113,311
2026-06-09 21:18:21,18182,7114,80.6
2026-06-09 21:18:24,18185,7115,149
2026-06-09 21:18:27,18188,7116,145
2026-06-09 21:18:30,18191,7117,167
2026-06-09 21:18:33,18194,7118,36.5
2026-06-09 21:18:36,18197,7119,208
2026-06-09 21:18:40,18201,7120,63.5
2026-06-09 21:18:42,18203,7121,38.6
2026-06-09 21:18:46,18207,7122,22.0
2026-06-09 21:18:49,18210,7123,169
2026-06-09 21:18:52,18213,7124,195
2026-06-09 21:18:55,18216,7125,125
2026-06-09 21:18:58,18219,7126,59.4
2026-06-09 21:19:01,18222,7127,88.4
2026-06-09 21:19:04,18225,7128,126
2026-06-09 21:19:07,18228,7129,119
2026-06-09 21:19:10,18231,7130,59.2
2026-06-09 21:19:13,18234,7131,38.5
2026-06-09 21:19:16,18237,7132,177
2026-06-09 21:19:19,18240,7133,173
2026-06-09 21:19:22,18243,7134,145
2026-06-09 21:19:25,18246,7135,203
2026-06-09 21:19:28,18249,7136,110
2026-06-09 21:19:31,18252,7137,186
2026-06-09 21:19:34,18255,7138,62.8
2026-06-09 21:19:37,18258,7139,131
2026-06-09 21:19:40,18261,7140,266
2026-06-09 21:19:43,18264,7141,101
2026-06-09 21:19:46,18267,7142,93.0
2026-06-09 21:19:49,18270,7143,102
2026-06-09 21:19:52,18273,7144,68.6
2026-06-09 21:19:55,18276,7145,41.4
2026-06-09 21:19:58,18279,7146,31.3
2026-06-09 21:20:01,18282,7147,173
2026-06-09 21:20:04,18285,7148,43.1
2026-06-09 21:20:08,18289,7149,65.4
2026-06-09 21:20:11,18292,7150,107
2026-06-09 21:20:14,18295,7151,11.6
2026-06-09 21:20:16,18297,7152,109
2026-06-09 21:20:19,18300,7153,49.2
2026-06-09 21:20:22,18303,7154,334
2026-06-09 21:20:26,18307,7155,128
2026-06-09 21:20:29,18310,7156,29.1
2026-06-09 21:20:32,18313,7157,290
2026-06-09 21:20:34,18315,7158,161
2026-06-09 21:20:37,18318,7159,71.4
2026-06-09 21:20:40,18321,7160,69.5
2026-06-09 21:20:43,18324,7161,58.1
2026-06-09 21:20:45,18326,7162,187
2026-06-09 21:20:48,18329,7163,49.1
2026-06-09 21:20:51,18332,7164,31.5
2026-06-09 21:20:55,18336,7165,132
2026-06-09 21:20:57,18338,7166,188
2026-06-09 21:21:00,18341,7167,85.2
2026-06-09 21:21:03,18344,7168,83.9
2026-06-09 21:21:06,18347,7169,93.9
2026-06-09 21:21:10,18351,7170,150
2026-06-09 21:21:13,18354,7171,124
2026-06-09 21:21:16,18357,7172,143
2026-06-09 21:21:19,18360,7173,322
2026-06-09 21:21:22,18363,7174,135
2026-06-09 21:21:25,18366,7175,53.6
2026-06-09 21:21:28,18369,7176,129
2026-06-09 21:21:31,18372,7177,22.1
2026-06-09 21:21:34,18375,7178,113
2026-06-09 21:21:37,18378,7179,129
2026-06-09 21:21:40,18381,7180,29.0
2026-06-09 21:21:43,18384,7181,28.5
2026-06-09 21:21:46,18387,7182,56.7
2026-06-09 21:21:49,18390,7183,140
2026-06-09 21:21:52,18393,7184,135
2026-06-09 21:21:55,18396,7185,80.9
2026-06-09 21:21:58,18399,7186,70.7
2026-06-09 21:22:01,18402,7187,29.4
2026-06-09 21:22:04,18405,7188,54.2
2026-06-09 21:22:07,18408,7189,48.0
2026-06-09 21:22:10,18411,7190,169
2026-06-09 21:22:13,18414,7191,82.0
2026-06-09 21:22:16,18417,7192,67.4
2026-06-09 21:22:19,18420,7193,135
2026-06-09 21:22:23,18424,7194,116
2026-06-09 21:22:26,18427,7195,89.7
2026-06-09 21:22:29,18430,7196,104
2026-06-09 21:22:32,18433,7197,134
2026-06-09 21:22:35,18436,7198,136
2026-06-09 21:22:38,18439,7199,31.2
2026-06-09 21:22:41,18442,7200,92.5
2026-06-09 21:22:45,18446,7201,8.55
2026-06-09 21:22:48,18449,7202,28.7
2026-06-09 21:22:51,18452,7203,27.8
2026-06-09 21:22:54,18455,7204,290
2026-06-09 21:22:57,18458,7205,15.1
2026-06-09 21:23:00,18461,7206,39.1
2026-06-09 21:23:03,18464,7207,109
2026-06-09 21:23:06,18467,7208,27.3
2026-06-09 21:23:10,18471,7209,20.8
2026-06-09 21:23:13,18474,7210,108
2026-06-09 21:23:16,18477,7211,24.9
2026-06-09 21:23:19,18480,7212,237
2026-06-09 21:23:22,18483,7213,42.0
2026-06-09 21:23:26,18487,7214,107
2026-06-09 21:23:29,18490,7215,80.0
2026-06-09 21:23:32,18493,7216,34.9
2026-06-09 21:23:35,18496,7217,136
2026-06-09 21:23:38,18499,7218,22.8
2026-06-09 21:23:42,18503,7219,76.6
2026-06-09 21:23:45,18506,7220,93.3
2026-06-09 21:23:48,18509,7221,140
2026-06-09 21:23:51,18512,7222,70.3
2026-06-09 21:23:54,18515,7223,195
2026-06-09 21:23:57,18518,7224,168
2026-06-09 21:24:00,18521,7225,106
2026-06-09 21:24:03,18524,7226,95.8
2026-06-09 21:24:06,18527,7227,108
2026-06-09 21:24:09,18530,7228,13.0
2026-06-09 21:24:12,18533,7229,313
2026-06-09 21:24:15,18536,7230,25.0
2026-06-09 21:24:18,18539,7231,87.2
2026-06-09 21:24:21,18542,7232,287
2026-06-09 21:24:24,18545,7233,34.5
2026-06-09 21:24:27,18548,7234,250
2026-06-09 21:24:30,18551,7235,131
2026-06-09 21:24:34,18555,7236,188
2026-06-09 21:24:37,18558,7237,46.0
2026-06-09 21:24:39,18560,7238,43.7
2026-06-09 21:24:43,18564,7239,29.3
2026-06-09 21:24:46,18567,7240,17.1
2026-06-09 21:24:48,18569,7241,197
2026-06-09 21:24:51,18572,7242,121
2026-06-09 21:24:54,18575,7243,87.0
2026-06-09 21:24:57,18578,7244,76.4
2026-06-09 21:25:00,18581,7245,124
2026-06-09 21:25:04,18585,7246,36.9
2026-06-09 21:25:07,18588,7247,86.9
2026-06-09 21:25:10,18591,7248,117
2026-06-09 21:25:13,18594,7249,180
2026-06-09 21:25:16,18597,7250,90.4
2026-06-09 21:25:19,18600,7251,50.3
2026-06-09 21:25:22,18603,7252,50.6
2026-06-09 21:25:25,18606,7253,91.5
2026-06-09 21:25:28,18609,7254,25.1
2026-06-09 21:25:31,18612,7255,33.2
2026-06-09 21:25:34,18615,7256,85.5
2026-06-09 21:25:37,18618,7257,82.9
2026-06-09 21:25:40,18621,7258,137
2026-06-09 21:25:43,18624,7259,262
2026-06-09 21:25:46,18627,7260,141
2026-06-09 21:25:49,18630,7261,115
2026-06-09 21:25:52,18633,7262,25.4
2026-06-09 21:25:55,18636,7263,30.0
2026-06-09 21:25:58,18639,7264,118
2026-06-09 21:26:01,18642,7265,87.7
2026-06-09 21:26:05,18646,7266,43.3
2026-06-09 21:26:08,18649,7267,103
2026-06-09 21:26:11,18652,7268,45.9
2026-06-09 21:26:14,18655,7269,76.8
2026-06-09 21:26:17,18658,7270,88.7
2026-06-09 21:26:20,18661,7271,130
2026-06-09 21:26:23,18664,7272,33.0
2026-06-09 21:26:26,18667,7273,136
2026-06-09 21:26:29,18670,7274,129
2026-06-09 21:26:32,18673,7275,138
2026-06-09 21:26:36,18677,7276,47.3
2026-06-09 21:26:39,18680,7277,47.5
2026-06-09 21:26:41,18682,7278,49.0
2026-06-09 21:26:44,18685,7279,25.3
2026-06-09 21:26:48,18689,7280,60.5
2026-06-09 21:26:51,18692,7281,36.0
2026-06-09 21:26:54,18695,7282,153
2026-06-09 21:26:57,18698,7283,130
2026-06-09 21:27:00,18701,7284,54.8
2026-06-09 21:27:03,18704,7285,28.5
2026-06-09 21:27:05,18706,7286,189
2026-06-09 21:27:08,18709,7287,75.3
2026-06-09 21:27:10,18711,7288,21.2
2026-06-09 21:27:12,18713,7289,177
2026-06-09 21:27:14,18715,7290,33.1
2026-06-09 21:27:16,18717,7291,37.6
2026-06-09 21:27:18,18719,7292,41.3
2026-06-09 21:27:20,18721,7293,33.6
2026-06-09 21:27:22,18723,7294,32.6
2026-06-09 21:27:24,18725,7295,29.6
2026-06-09 21:27:26,18727,7296,22.5
2026-06-09 21:27:28,18729,7297,31.8
2026-06-09 21:27:30,18731,7298,28.8
2026-06-09 21:27:32,18733,7299,51.5
2026-06-09 21:27:34,18735,7300,14.9
2026-06-09 21:27:37,18738,7301,47.9
2026-06-09 21:27:39,18740,7302,54.2
2026-06-09 21:27:41,18742,7303,75.5
2026-06-09 21:27:43,18744,7304,29.3
2026-06-09 21:27:45,18746,7305,58.7
2026-06-09 21:27:47,18748,7306,122
2026-06-09 21:27:49,18750,7307,44.4
2026-06-09 21:27:51,18752,7308,24.0
2026-06-09 21:27:53,18754,7309,31.0
2026-06-09 21:27:55,18756,7310,25.6
2026-06-09 21:27:57,18758,7311,19.3
2026-06-09 21:27:59,18760,7312,44.1
2026-06-09 21:28:01,18762,7313,50.4
2026-06-09 21:28:03,18764,7314,44.6
2026-06-09 21:28:05,18766,7315,34.9
2026-06-09 21:28:07,18768,7316,38.7
2026-06-09 21:28:09,18770,7317,38.0
2026-06-09 21:28:11,18772,7318,46.6
2026-06-09 21:28:13,18774,7319,46.4
2026-06-09 21:28:15,18776,7320,59.0
2026-06-09 21:28:17,18778,7321,26.7
2026-06-09 21:28:19,18780,7322,31.8
2026-06-09 21:28:21,18782,7323,22.9
2026-06-09 21:28:23,18784,7324,48.3
2026-06-09 21:28:25,18786,7325,35.0
2026-06-09 21:28:27,18788,7326,259
2026-06-09 21:28:29,18790,7327,43.0
2026-06-09 21:28:32,18793,7328,48.6
2026-06-09 21:28:34,18795,7329,53.0
2026-06-09 21:28:36,18797,7330,18.7
2026-06-09 21:28:38,18799,7331,31.7
2026-06-09 21:28:40,18801,7332,45.6
2026-06-09 21:28:42,18803,7333,33.8
2026-06-09 21:28:44,18805,7334,31.8
2026-06-09 21:28:46,18807,7335,27.5
2026-06-09 21:28:48,18809,7336,28.6
2026-06-09 21:28:50,18811,7337,17.3
2026-06-09 21:28:52,18813,7338,53.0
2026-06-09 21:28:54,18815,7339,150
2026-06-09 21:28:56,18817,7340,49.1
2026-06-09 21:28:58,18819,7341,29.9
2026-06-09 21:29:00,18821,7342,37.1
2026-06-09 21:29:02,18823,7343,25.8
2026-06-09 21:29:04,18825,7344,26.9
2026-06-09 21:29:06,18827,7345,21.3
2026-06-09 21:29:08,18829,7346,48.0
2026-06-09 21:29:10,18831,7347,91.9
2026-06-09 21:29:12,18833,7348,39.4
2026-06-09 21:29:14,18835,7349,29.7
2026-06-09 21:29:17,18838,7350,42.8
2026-06-09 21:29:19,18840,7351,30.7
2026-06-09 21:29:21,18842,7352,40.0
2026-06-09 21:29:23,18844,7353,44.2
2026-06-09 21:29:25,18846,7354,40.7
2026-06-09 21:29:27,18848,7355,27.2
2026-06-09 21:29:29,18850,7356,73.6
2026-06-09 21:29:31,18852,7357,27.8
2026-06-09 21:29:33,18854,7358,19.6
2026-06-09 21:29:35,18856,7359,36.1
2026-06-09 21:29:37,18858,7360,18.8
2026-06-09 21:29:39,18860,7361,35.4
2026-06-09 21:29:41,18862,7362,37.0
2026-06-09 21:29:43,18864,7363,30.2
2026-06-09 21:29:45,18866,7364,47.6
2026-06-09 21:29:47,18868,7365,92.7
2026-06-09 21:29:49,18870,7366,49.4
2026-06-09 21:29:51,18872,7367,57.6
2026-06-09 21:29:53,18874,7368,29.2
2026-06-09 21:29:55,18876,7369,43.0
2026-06-09 21:29:57,18878,7370,27.4
2026-06-09 21:29:59,18880,7371,34.8
2026-06-09 21:30:01,18882,7372,22.9
2026-06-09 21:30:03,18884,7373,35.4
2026-06-09 21:30:05,18886,7374,40.8
2026-06-09 21:30:07,18888,7375,57.0
2026-06-09 21:30:09,18890,7376,31.4
2026-06-09 21:30:11,18892,7377,27.9
2026-06-09 21:30:13,18894,7378,32.6
2026-06-09 21:30:15,18896,7379,23.2
2026-06-09 21:30:17,18898,7380,26.9
2026-06-09 21:30:19,18900,7381,32.8
2026-06-09 21:30:21,18902,7382,34.1
2026-06-09 21:30:23,18904,7383,62.5
2026-06-09 21:30:25,18906,7384,36.3
2026-06-09 21:30:27,18908,7385,468
2026-06-09 21:30:30,18911,7386,270
2026-06-09 21:30:32,18913,7387,40.6
2026-06-09 21:30:34,18915,7388,40.0
2026-06-09 21:30:36,18917,7389,29.1
2026-06-09 21:30:38,18919,7390,45.9
2026-06-09 21:30:40,18921,7391,32.8
2026-06-09 21:30:42,18923,7392,25.2
2026-06-09 21:30:44,18925,7393,41.0
2026-06-09 21:30:46,18927,7394,33.4
2026-06-09 21:30:48,18929,7395,23.5
2026-06-09 21:30:50,18931,7396,31.4
2026-06-09 21:30:52,18933,7397,46.5
2026-06-09 21:30:53,18934,7398,38.3
2026-06-09 21:30:56,18937,7399,22.5
2026-06-09 21:30:58,18939,7400,29.9
2026-06-09 21:31:00,18941,7401,45.5
2026-06-09 21:31:02,18943,7402,23.4
2026-06-09 21:31:04,18945,7403,109
2026-06-09 21:31:06,18947,7404,60.1
2026-06-09 21:31:08,18949,7405,46.8
2026-06-09 21:31:10,18951,7406,162
2026-06-09 21:31:12,18953,7407,37.5
2026-06-09 21:31:14,18955,7408,47.4
2026-06-09 21:31:16,18957,7409,32.2
2026-06-09 21:31:18,18959,7410,30.0
2026-06-09 21:31:20,18961,7411,22.7
2026-06-09 21:31:22,18963,7412,37.7
2026-06-09 21:31:24,18965,7413,200
2026-06-09 21:31:26,18967,7414,52.6
2026-06-09 21:31:28,18969,7415,24.1
2026-06-09 21:31:30,18971,7416,32.7
2026-06-09 21:31:32,18973,7417,31.1
2026-06-09 21:31:34,18975,7418,29.6
2026-06-09 21:31:36,18977,7419,31.9
2026-06-09 21:31:38,18979,7420,43.2
2026-06-09 21:31:40,18981,7421,22.7
2026-06-09 21:31:42,18983,7422,117
2026-06-09 21:31:44,18985,7423,128
2026-06-09 21:31:46,18987,7424,33.3
2026-06-09 21:31:48,18989,7425,46.9
2026-06-09 21:31:50,18991,7426,43.3
2026-06-09 21:31:52,18993,7427,32.9
2026-06-09 21:31:54,18995,7428,42.3
2026-06-09 21:31:56,18997,7429,37.1
2026-06-09 21:31:58,18999,7430,40.1
2026-06-09 21:32:00,19001,7431,34.8
2026-06-09 21:32:02,19003,7432,37.5
2026-06-09 21:32:04,19005,7433,45.7
2026-06-09 21:32:06,19007,7434,46.4
2026-06-09 21:32:08,19009,7435,33.3
2026-06-09 21:32:10,19011,7436,39.1
2026-06-09 21:32:12,19013,7437,48.4
2026-06-09 21:32:14,19015,7438,47.1
2026-06-09 21:32:16,19017,7439,57.2
2026-06-09 21:32:18,19019,7440,NA
2026-06-09 21:32:20,19021,7441,301
2026-06-09 21:32:22,19023,7442,248
2026-06-09 21:32:24,19025,7443,318
2026-06-09 21:32:26,19027,7444,121
2026-06-09 21:32:28,19029,7445,44.7
2026-06-09 21:32:30,19031,7446,54.8
2026-06-09 21:32:32,19033,7447,39.3
2026-06-09 21:32:34,19035,7448,53.7
2026-06-09 21:32:36,19037,7449,36.8
2026-06-09 21:32:38,19039,7450,36.8
2026-06-09 21:32:40,19041,7451,46.0
2026-06-09 21:32:42,19043,7452,41.4
2026-06-09 21:32:44,19045,7453,46.5
2026-06-09 21:32:46,19047,7454,36.4
2026-06-09 21:32:48,19049,7455,44.5
2026-06-09 21:32:50,19051,7456,29.6
2026-06-09 21:32:52,19053,7457,53.5
2026-06-09 21:32:54,19055,7458,220
2026-06-09 21:32:56,19057,7459,290
2026-06-09 21:32:58,19059,7460,149
2026-06-09 21:33:00,19061,7461,33.6
2026-06-09 21:33:02,19063,7462,36.0
2026-06-09 21:33:04,19065,7463,36.6
2026-06-09 21:33:06,19067,7464,44.4
2026-06-09 21:33:08,19069,7465,42.8
2026-06-09 21:33:10,19071,7466,46.6
2026-06-09 21:33:12,19073,7467,46.0
2026-06-09 21:33:14,19075,7468,30.4
2026-06-09 21:33:16,19077,7469,31.4
2026-06-09 21:33:18,19079,7470,33.8
2026-06-09 21:33:20,19081,7471,43.1
2026-06-09 21:33:22,19083,7472,34.3
2026-06-09 21:33:24,19085,7473,39.7
2026-06-09 21:33:26,19087,7474,57.4
2026-06-09 21:33:28,19089,7475,34.6
2026-06-09 21:33:30,19091,7476,43.2
2026-06-09 21:33:32,19093,7477,261
2026-06-09 21:33:34,19095,7478,55.8
2026-06-09 21:33:36,19097,7479,40.6
2026-06-09 21:33:38,19099,7480,29.3
2026-06-09 21:33:40,19101,7481,21.9
2026-06-09 21:33:42,19103,7482,49.4
2026-06-09 21:33:44,19105,7483,37.6
2026-06-09 21:33:46,19107,7484,49.3
2026-06-09 21:33:48,19109,7485,40.6
2026-06-09 21:33:50,19111,7486,35.9
2026-06-09 21:33:52,19113,7487,43.7
2026-06-09 21:33:54,19115,7488,56.2
2026-06-09 21:33:56,19117,7489,31.7
2026-06-09 21:33:58,19119,7490,37.0
2026-06-09 21:34:00,19121,7491,27.6
2026-06-09 21:34:02,19123,7492,36.9
2026-06-09 21:34:04,19125,7493,36.1
2026-06-09 21:34:06,19127,7494,28.1
2026-06-09 21:34:08,19129,7495,41.6
2026-06-09 21:34:09,19130,7496,26.8
2026-06-09 21:34:12,19133,7497,88.3
2026-06-09 21:34:14,19135,7498,32.8
2026-06-09 21:34:16,19137,7499,32.1
2026-06-09 21:34:18,19139,7500,41.9
2026-06-09 21:34:20,19141,7501,32.7
2026-06-09 21:34:22,19143,7502,56.4
2026-06-09 21:34:24,19145,7503,29.0
2026-06-09 21:34:26,19147,7504,55.4
2026-06-09 21:34:28,19149,7505,36.0
2026-06-09 21:34:30,19151,7506,47.4
2026-06-09 21:34:32,19153,7507,39.2
2026-06-09 21:34:34,19155,7508,52.5
2026-06-09 21:34:36,19157,7509,34.4
2026-06-09 21:34:38,19159,7510,41.7
2026-06-09 21:34:40,19161,7511,38.4
2026-06-09 21:34:42,19163,7512,35.8
2026-06-09 21:34:43,19164,7513,41.2
2026-06-09 21:34:45,19166,7514,76.1
2026-06-09 21:34:48,19169,7515,94.2
2026-06-09 21:34:50,19171,7516,37.4
2026-06-09 21:34:52,19173,7517,37.0
2026-06-09 21:34:54,19175,7518,33.1
2026-06-09 21:34:56,19177,7519,49.4
2026-06-09 21:34:58,19179,7520,34.7
2026-06-09 21:35:00,19181,7521,48.9
2026-06-09 21:35:02,19183,7522,37.7
2026-06-09 21:35:04,19185,7523,48.8
2026-06-09 21:35:06,19187,7524,38.4
2026-06-09 21:35:08,19188,7525,44.2
2026-06-09 21:35:09,19190,7526,41.1
2026-06-09 21:35:11,19192,7527,34.1
2026-06-09 21:35:13,19194,7528,40.5
2026-06-09 21:35:15,19196,7529,38.3
2026-06-09 21:35:17,19198,7530,36.4
2026-06-09 21:35:19,19200,7531,30.7
2026-06-09 21:35:21,19202,7532,43.9
2026-06-09 21:35:23,19204,7533,57.3
2026-06-09 21:35:25,19206,7534,214
2026-06-09 21:35:27,19208,7535,53.9
2026-06-09 21:35:29,19210,7536,32.7
2026-06-09 21:35:32,19213,7537,54.8
2026-06-09 21:35:34,19215,7538,49.8
2026-06-09 21:35:36,19217,7539,44.8
2026-06-09 21:35:38,19219,7540,39.1
2026-06-09 21:35:40,19221,7541,125
2026-06-09 21:35:42,19223,7542,33.1
2026-06-09 21:35:44,19225,7543,50.3
2026-06-09 21:35:46,19227,7544,42.8
2026-06-09 21:35:48,19229,7545,42.5
2026-06-09 21:35:50,19231,7546,26.2
2026-06-09 21:35:52,19233,7547,31.4
2026-06-09 21:35:53,19234,7548,33.2
2026-06-09 21:35:55,19236,7549,40.3
2026-06-09 21:35:57,19238,7550,44.6
2026-06-09 21:35:59,19240,7551,55.6
2026-06-09 21:36:01,19242,7552,85.9
2026-06-09 21:36:03,19244,7553,81.7
2026-06-09 21:36:06,19247,7554,36.0
2026-06-09 21:36:08,19249,7555,406
2026-06-09 21:36:10,19251,7556,44.5
2026-06-09 21:36:12,19253,7557,81.9
2026-06-09 21:36:14,19255,7558,41.1
2026-06-09 21:36:16,19257,7559,57.2
2026-06-09 21:36:18,19259,7560,38.3
2026-06-09 21:36:20,19261,7561,45.8
2026-06-09 21:36:22,19263,7562,34.3
2026-06-09 21:36:24,19265,7563,36.9
2026-06-09 21:36:26,19267,7564,41.2
2026-06-09 21:36:28,19269,7565,48.1
2026-06-09 21:36:30,19271,7566,66.0
2026-06-09 21:36:31,19272,7567,30.4
2026-06-09 21:36:33,19274,7568,30.9
2026-06-09 21:36:35,19276,7569,34.7
2026-06-09 21:36:37,19278,7570,76.6
2026-06-09 21:36:40,19281,7571,98.7
2026-06-09 21:36:42,19283,7572,36.4
2026-06-09 21:36:44,19285,7573,41.9
2026-06-09 21:36:46,19287,7574,31.8
2026-06-09 21:36:48,19289,7575,38.4
2026-06-09 21:36:50,19291,7576,28.8
2026-06-09 21:36:52,19293,7577,39.0
2026-06-09 21:36:54,19295,7578,35.7
2026-06-09 21:36:56,19297,7579,35.6
2026-06-09 21:36:58,19299,7580,129
2026-06-09 21:37:00,19301,7581,26.5
2026-06-09 21:37:02,19302,7582,37.2
2026-06-09 21:37:03,19304,7583,32.9
2026-06-09 21:37:05,19306,7584,38.2
2026-06-09 21:37:07,19308,7585,33.1
2026-06-09 21:37:09,19310,7586,31.6
2026-06-09 21:37:11,19312,7587,36.9
2026-06-09 21:37:13,19314,7588,128
2026-06-09 21:37:15,19316,7589,83.5
2026-06-09 21:37:17,19318,7590,36.5
2026-06-09 21:37:19,19320,7591,31.0
2026-06-09 21:37:21,19322,7592,44.7
2026-06-09 21:37:23,19324,7593,31.1
2026-06-09 21:37:25,19326,7594,25.2
2026-06-09 21:37:27,19328,7595,21.4
2026-06-09 21:37:29,19330,7596,36.9
2026-06-09 21:37:31,19332,7597,43.1
2026-06-09 21:37:33,19334,7598,48.8
2026-06-09 21:37:35,19336,7599,35.5
2026-06-09 21:37:37,19338,7600,44.8
2026-06-09 21:37:39,19340,7601,30.0
2026-06-09 21:37:41,19342,7602,29.6
2026-06-09 21:37:43,19344,7603,37.9
2026-06-09 21:37:45,19346,7604,30.6
2026-06-09 21:37:47,19348,7605,32.4
2026-06-09 21:37:49,19350,7606,28.1
2026-06-09 21:37:51,19352,7607,41.8
2026-06-09 21:37:53,19354,7608,44.0
2026-06-09 21:37:55,19356,7609,208
2026-06-09 21:37:57,19358,7610,27.8
2026-06-09 21:37:59,19360,7611,50.1
2026-06-09 21:38:01,19362,7612,43.2
2026-06-09 21:38:03,19364,7613,29.9
2026-06-09 21:38:05,19366,7614,36.9
2026-06-09 21:38:07,19368,7615,28.3
2026-06-09 21:38:09,19370,7616,32.1
2026-06-09 21:38:11,19372,7617,30.8
2026-06-09 21:38:13,19374,7618,34.5
2026-06-09 21:38:15,19376,7619,22.8
2026-06-09 21:38:17,19378,7620,45.1
2026-06-09 21:38:19,19380,7621,39.7
2026-06-09 21:38:21,19382,7622,39.6
2026-06-09 21:38:23,19384,7623,31.5
2026-06-09 21:38:25,19386,7624,45.8
2026-06-09 21:38:27,19388,7625,38.3
2026-06-09 21:38:29,19390,7626,22.2
2026-06-09 21:38:31,19392,7627,35.3
2026-06-09 21:38:33,19394,7628,94.1
2026-06-09 21:38:35,19396,7629,30.4
2026-06-09 21:38:37,19398,7630,30.8
2026-06-09 21:38:39,19400,7631,30.3
2026-06-09 21:38:41,19402,7632,48.9
2026-06-09 21:38:43,19404,7633,36.4
2026-06-09 21:38:45,19406,7634,167
2026-06-09 21:38:47,19408,7635,87.0
2026-06-09 21:38:49,19410,7636,48.0
2026-06-09 21:38:51,19412,7637,48.4
2026-06-09 21:38:53,19414,7638,25.9
2026-06-09 21:38:55,19416,7639,42.4
2026-06-09 21:38:57,19418,7640,30.5
2026-06-09 21:38:59,19420,7641,41.6
2026-06-09 21:39:01,19422,7642,54.9
2026-06-09 21:39:03,19424,7643,40.7
2026-06-09 21:39:05,19426,7644,98.2
2026-06-09 21:39:07,19428,7645,36.5
2026-06-09 21:39:09,19430,7646,61.6
2026-06-09 21:39:11,19432,7647,60.8
2026-06-09 21:39:13,19434,7648,39.3
2026-06-09 21:39:15,19436,7649,44.7
2026-06-09 21:39:17,19438,7650,35.6
2026-06-09 21:39:19,19440,7651,63.3
2026-06-09 21:39:21,19442,7652,35.3
2026-06-09 21:39:23,19444,7653,34.2
2026-06-09 21:39:25,19446,7654,37.0
2026-06-09 21:39:27,19448,7655,22.1
2026-06-09 21:39:29,19450,7656,22.6
2026-06-09 21:39:31,19452,7657,386
2026-06-09 21:39:33,19454,7658,43.8
2026-06-09 21:39:35,19456,7659,55.3
2026-06-09 21:39:37,19458,7660,40.4
2026-06-09 21:39:39,19460,7661,33.7
2026-06-09 21:39:41,19462,7662,27.9
2026-06-09 21:39:43,19464,7663,44.1
2026-06-09 21:39:45,19466,7664,28.1
2026-06-09 21:39:48,19469,7665,33.7
2026-06-09 21:39:50,19471,7666,51.2
2026-06-09 21:39:52,19473,7667,126
2026-06-09 21:39:54,19475,7668,37.2
2026-06-09 21:39:56,19477,7669,269
2026-06-09 21:39:58,19479,7670,353
2026-06-09 21:40:00,19481,7671,217
2026-06-09 21:40:02,19483,7672,24.4
2026-06-09 21:40:04,19485,7673,40.0
2026-06-09 21:40:06,19487,7674,43.5
2026-06-09 21:40:08,19489,7675,28.2
2026-06-09 21:40:10,19491,7676,180
2026-06-09 21:40:12,19493,7677,40.3
2026-06-09 21:40:14,19495,7678,30.6
2026-06-09 21:40:16,19497,7679,31.3
2026-06-09 21:40:18,19499,7680,51.5
2026-06-09 21:40:20,19501,7681,42.0
2026-06-09 21:40:22,19503,7682,36.7
2026-06-09 21:40:24,19505,7683,49.0
2026-06-09 21:40:26,19507,7684,54.7
2026-06-09 21:40:28,19509,7685,52.4
2026-06-09 21:40:30,19511,7686,64.8
2026-06-09 21:40:32,19513,7687,38.6
2026-06-09 21:40:34,19515,7688,46.4
2026-06-09 21:40:36,19517,7689,45.3
2026-06-09 21:40:38,19519,7690,48.7
2026-06-09 21:40:40,19521,7691,34.2
2026-06-09 21:40:42,19523,7692,33.1
2026-06-09 21:40:44,19525,7693,32.7
2026-06-09 21:40:46,19527,7694,NA
2026-06-09 21:40:48,19529,7695,29.1
2026-06-09 21:40:50,19531,7696,22.4
2026-06-09 21:40:52,19533,7697,28.6
2026-06-09 21:40:54,19535,7698,33.6
2026-06-09 21:40:56,19537,7699,32.0
2026-06-09 21:40:58,19539,7700,29.3
2026-06-09 21:41:00,19541,7701,41.8
2026-06-09 21:41:02,19543,7702,41.7
2026-06-09 21:41:04,19545,7703,35.2
2026-06-09 21:41:06,19547,7704,26.1
2026-06-09 21:41:08,19549,7705,40.8
2026-06-09 21:41:10,19551,7706,36.8
2026-06-09 21:41:12,19553,7707,30.1
2026-06-09 21:41:14,19555,7708,30.4
2026-06-09 21:41:16,19557,7709,16.4
2026-06-09 21:41:18,19559,7710,44.1
2026-06-09 21:41:19,19560,7711,31.0
2026-06-09 21:41:21,19562,7712,55.8
2026-06-09 21:41:23,19564,7713,33.8
2026-06-09 21:41:25,19566,7714,30.0
2026-06-09 21:41:27,19568,7715,27.8
2026-06-09 21:41:29,19570,7716,34.1
2026-06-09 21:41:31,19572,7717,26.2
2026-06-09 21:41:33,19574,7718,48.7
2026-06-09 21:41:35,19576,7719,50.6
2026-06-09 21:41:37,19578,7720,79.2
2026-06-09 21:41:39,19580,7721,44.7
2026-06-09 21:41:41,19582,7722,34.9
2026-06-09 21:41:43,19584,7723,29.1
2026-06-09 21:41:45,19586,7724,32.5
2026-06-09 21:41:47,19588,7725,30.1
2026-06-09 21:41:49,19590,7726,28.0
2026-06-09 21:41:51,19592,7727,43.0
2026-06-09 21:41:53,19594,7728,25.9
2026-06-09 21:41:55,19596,7729,35.2
2026-06-09 21:41:57,19598,7730,53.9
2026-06-09 21:41:59,19600,7731,30.4
2026-06-09 21:42:01,19602,7732,19.1
2026-06-09 21:42:03,19604,7733,32.8
2026-06-09 21:42:05,19606,7734,28.3
2026-06-09 21:42:07,19608,7735,57.5
2026-06-09 21:42:09,19610,7736,32.4
2026-06-09 21:42:11,19612,7737,29.7
2026-06-09 21:42:13,19614,7738,39.7
2026-06-09 21:42:15,19616,7739,43.9
2026-06-09 21:42:17,19618,7740,37.3
2026-06-09 21:42:19,19620,7741,39.0
2026-06-09 21:42:21,19622,7742,36.3
2026-06-09 21:42:23,19624,7743,29.5
2026-06-09 21:42:24,19625,7744,36.8
2026-06-09 21:42:26,19627,7745,45.7
2026-06-09 21:42:28,19629,7746,55.3
2026-06-09 21:42:31,19632,7747,47.2
2026-06-09 21:42:33,19634,7748,57.5
2026-06-09 21:42:35,19636,7749,38.0
2026-06-09 21:42:37,19638,7750,82.6
2026-06-09 21:42:39,19640,7751,38.2
2026-06-09 21:42:41,19642,7752,28.4
2026-06-09 21:42:43,19644,7753,40.8
2026-06-09 21:42:45,19646,7754,25.8
2026-06-09 21:42:47,19648,7755,25.4
2026-06-09 21:42:49,19650,7756,35.8
2026-06-09 21:42:51,19652,7757,36.9
2026-06-09 21:42:53,19654,7758,34.4
2026-06-09 21:42:55,19656,7759,30.7
2026-06-09 21:42:57,19658,7760,32.5
2026-06-09 21:42:59,19660,7761,21.7
2026-06-09 21:43:01,19662,7762,32.7
2026-06-09 21:43:03,19664,7763,36.0
2026-06-09 21:43:05,19666,7764,31.0
2026-06-09 21:43:06,19667,7765,49.6
2026-06-09 21:43:08,19669,7766,36.7
2026-06-09 21:43:11,19672,7767,24.3
2026-06-09 21:43:13,19674,7768,36.3
2026-06-09 21:43:14,19675,7769,36.8
2026-06-09 21:43:16,19677,7770,39.3
2026-06-09 21:43:18,19679,7771,31.4
2026-06-09 21:43:20,19681,7772,40.7
2026-06-09 21:43:22,19683,7773,46.3
2026-06-09 21:43:24,19685,7774,31.8
2026-06-09 21:43:26,19687,7775,27.6
2026-06-09 21:43:28,19689,7776,49.0
2026-06-09 21:43:30,19691,7777,41.8
2026-06-09 21:43:32,19693,7778,33.6
2026-06-09 21:43:34,19695,7779,42.1
2026-06-09 21:43:36,19697,7780,30.9
2026-06-09 21:43:38,19699,7781,41.1
2026-06-09 21:43:40,19701,7782,34.7
2026-06-09 21:43:42,19703,7783,31.7
2026-06-09 21:43:44,19705,7784,91.7
2026-06-09 21:43:46,19707,7785,26.5
2026-06-09 21:43:48,19709,7786,20.9
2026-06-09 21:43:50,19711,7787,35.2
2026-06-09 21:43:52,19713,7788,33.3
2026-06-09 21:43:54,19715,7789,33.6
2026-06-09 21:43:56,19717,7790,37.1
2026-06-09 21:43:58,19719,7791,33.6
2026-06-09 21:44:00,19721,7792,21.2
2026-06-09 21:44:02,19723,7793,35.6
2026-06-09 21:44:04,19725,7794,25.3
2026-06-09 21:44:06,19727,7795,47.9
2026-06-09 21:44:08,19729,7796,29.3
2026-06-09 21:44:10,19731,7797,273
2026-06-09 21:44:12,19733,7798,108
2026-06-09 21:44:14,19735,7799,113
2026-06-09 21:44:16,19737,7800,28.3
2026-06-09 21:44:18,19739,7801,45.2
2026-06-09 21:44:20,19741,7802,35.9
2026-06-09 21:44:22,19743,7803,39.0
2026-06-09 21:44:24,19745,7804,33.4
2026-06-09 21:44:26,19747,7805,33.6
2026-06-09 21:44:28,19749,7806,33.6
2026-06-09 21:44:30,19751,7807,39.5
2026-06-09 21:44:32,19753,7808,50.2
2026-06-09 21:44:34,19755,7809,54.9
2026-06-09 21:44:36,19757,7810,35.0
2026-06-09 21:44:38,19759,7811,66.9
2026-06-09 21:44:40,19761,7812,22.3
2026-06-09 21:44:42,19763,7813,46.1
2026-06-09 21:44:43,19764,7814,34.8
2026-06-09 21:44:45,19766,7815,30.6
2026-06-09 21:44:47,19768,7816,32.1
2026-06-09 21:44:49,19770,7817,30.2
2026-06-09 21:44:51,19772,7818,46.9
2026-06-09 21:44:53,19774,7819,61.3
2026-06-09 21:44:55,19776,7820,127
2026-06-09 21:44:57,19778,7821,32.0
2026-06-09 21:44:59,19780,7822,28.3
2026-06-09 21:45:01,19782,7823,38.7
2026-06-09 21:45:03,19784,7824,50.5
2026-06-09 21:45:05,19786,7825,33.6
2026-06-09 21:45:07,19788,7826,52.5
2026-06-09 21:45:09,19790,7827,47.1
2026-06-09 21:45:11,19792,7828,31.0
2026-06-09 21:45:13,19794,7829,40.8
2026-06-09 21:45:15,19796,7830,28.5
2026-06-09 21:45:17,19798,7831,36.2
2026-06-09 21:45:19,19800,7832,28.0
2026-06-09 21:45:21,19802,7833,30.7
2026-06-09 21:45:23,19804,7834,32.0
2026-06-09 21:45:25,19806,7835,50.7
2026-06-09 21:45:27,19808,7836,32.2
2026-06-09 21:45:29,19810,7837,31.8
2026-06-09 21:45:31,19812,7838,43.9
2026-06-09 21:45:33,19814,7839,34.2
2026-06-09 21:45:35,19816,7840,47.8
2026-06-09 21:45:37,19818,7841,41.1
2026-06-09 21:45:39,19820,7842,44.3
2026-06-09 21:45:41,19822,7843,30.3
2026-06-09 21:45:43,19824,7844,33.8
2026-06-09 21:45:44,19825,7845,32.7
2026-06-09 21:45:46,19827,7846,36.5
2026-06-09 21:45:48,19829,7847,32.9
2026-06-09 21:45:50,19831,7848,41.2
2026-06-09 21:45:52,19833,7849,29.3
2026-06-09 21:45:54,19835,7850,70.4
2026-06-09 21:45:56,19837,7851,44.5
2026-06-09 21:45:58,19839,7852,41.3
2026-06-09 21:46:00,19841,7853,37.6
2026-06-09 21:46:02,19843,7854,38.0
2026-06-09 21:46:04,19845,7855,38.6
2026-06-09 21:46:06,19847,7856,30.3
2026-06-09 21:46:08,19849,7857,36.4
2026-06-09 21:46:11,19852,7858,46.5
2026-06-09 21:46:12,19853,7859,52.3
2026-06-09 21:46:14,19855,7860,48.7
2026-06-09 21:46:16,19857,7861,25.9
2026-06-09 21:46:18,19859,7862,48.9
2026-06-09 21:46:20,19861,7863,58.5
2026-06-09 21:46:22,19863,7864,34.4
2026-06-09 21:46:24,19865,7865,28.3
2026-06-09 21:46:27,19868,7866,31.1
2026-06-09 21:46:28,19869,7867,37.5
2026-06-09 21:46:30,19871,7868,42.1
2026-06-09 21:46:32,19873,7869,30.1
2026-06-09 21:46:34,19875,7870,41.7
2026-06-09 21:46:36,19877,7871,32.5
2026-06-09 21:46:38,19879,7872,21.6
2026-06-09 21:46:40,19881,7873,54.3
2026-06-09 21:46:42,19883,7874,64.3
2026-06-09 21:46:44,19885,7875,29.7
2026-06-09 21:46:46,19887,7876,31.2
2026-06-09 21:46:48,19889,7877,37.1
2026-06-09 21:46:50,19891,7878,40.0
2026-06-09 21:46:52,19893,7879,48.8
2026-06-09 21:46:54,19895,7880,58.3
2026-06-09 21:46:56,19897,7881,34.1
2026-06-09 21:46:58,19899,7882,26.2
2026-06-09 21:47:00,19901,7883,64.7
2026-06-09 21:47:02,19903,7884,45.1
2026-06-09 21:47:04,19905,7885,32.7
2026-06-09 21:47:06,19907,7886,30.2
2026-06-09 21:47:08,19909,7887,44.0
2026-06-09 21:47:10,19911,7888,82.6
2026-06-09 21:47:12,19913,7889,49.9
2026-06-09 21:47:14,19915,7890,64.8
2026-06-09 21:47:16,19917,7891,64.2
2026-06-09 21:47:18,19919,7892,41.3
2026-06-09 21:47:20,19921,7893,33.3
2026-06-09 21:47:22,19923,7894,25.7
2026-06-09 21:47:24,19925,7895,61.1
2026-06-09 21:47:26,19927,7896,77.4
2026-06-09 21:47:28,19929,7897,31.1
2026-06-09 21:47:30,19931,7898,40.0
2026-06-09 21:47:32,19933,7899,38.6
2026-06-09 21:47:34,19935,7900,59.5
2026-06-09 21:47:37,19938,7901,27.0
2026-06-09 21:47:39,19940,7902,104
2026-06-09 21:47:41,19942,7903,39.8
2026-06-09 21:47:43,19944,7904,42.1
2026-06-09 21:47:45,19946,7905,33.7
2026-06-09 21:47:47,19948,7906,59.7
2026-06-09 21:47:49,19950,7907,24.5
2026-06-09 21:47:51,19952,7908,26.7
2026-06-09 21:47:53,19954,7909,30.5
2026-06-09 21:47:55,19956,7910,36.5
2026-06-09 21:47:57,19958,7911,37.7
2026-06-09 21:47:59,19960,7912,48.6
2026-06-09 21:48:01,19962,7913,49.3
2026-06-09 21:48:03,19964,7914,37.6
2026-06-09 21:48:05,19966,7915,24.3
2026-06-09 21:48:07,19968,7916,21.9
2026-06-09 21:48:09,19970,7917,21.0
2026-06-09 21:48:11,19972,7918,22.8
2026-06-09 21:48:13,19974,7919,25.5
2026-06-09 21:48:15,19976,7920,45.7
2026-06-09 21:48:17,19978,7921,35.5
2026-06-09 21:48:19,19980,7922,24.3
2026-06-09 21:48:21,19982,7923,34.9
2026-06-09 21:48:23,19984,7924,46.2
2026-06-09 21:48:25,19986,7925,29.2
2026-06-09 21:48:26,19987,7926,46.3
2026-06-09 21:48:28,19989,7927,16.8
2026-06-09 21:48:30,19991,7928,26.1
2026-06-09 21:48:32,19993,7929,33.1
2026-06-09 21:48:34,19995,7930,21.7
2026-06-09 21:48:36,19997,7931,30.3
2026-06-09 21:48:38,19999,7932,30.8
2026-06-09 21:48:40,20001,7933,41.5
2026-06-09 21:48:42,20003,7934,26.6
2026-06-09 21:48:44,20005,7935,34.8
2026-06-09 21:48:46,20007,7936,33.3
2026-06-09 21:48:48,20009,7937,26.5
2026-06-09 21:48:50,20011,7938,46.6
2026-06-09 21:48:52,20013,7939,26.7
2026-06-09 21:48:54,20015,7940,147
2026-06-09 21:48:56,20017,7941,28.9
2026-06-09 21:48:58,20019,7942,29.3
2026-06-09 21:49:00,20021,7943,28.6
2026-06-09 21:49:02,20023,7944,31.6
2026-06-09 21:49:04,20025,7945,33.1
2026-06-09 21:49:06,20027,7946,37.0
2026-06-09 21:49:08,20029,7947,24.2
2026-06-09 21:49:10,20031,7948,35.6
2026-06-09 21:49:12,20033,7949,49.1
2026-06-09 21:49:14,20035,7950,44.8
2026-06-09 21:49:16,20037,7951,52.2
2026-06-09 21:49:18,20039,7952,28.6
2026-06-09 21:49:20,20041,7953,47.5
2026-06-09 21:49:22,20043,7954,31.8
2026-06-09 21:49:24,20045,7955,33.7
2026-06-09 21:49:26,20047,7956,40.5
2026-06-09 21:49:28,20049,7957,36.2
2026-06-09 21:49:30,20051,7958,20.1
2026-06-09 21:49:32,20053,7959,36.0
2026-06-09 21:49:34,20055,7960,37.4
2026-06-09 21:49:36,20057,7961,52.5
2026-06-09 21:49:38,20059,7962,35.9
2026-06-09 21:49:40,20061,7963,39.9
2026-06-09 21:49:42,20063,7964,32.1
2026-06-09 21:49:44,20065,7965,37.4
2026-06-09 21:49:46,20067,7966,33.7
2026-06-09 21:49:48,20069,7967,30.9
2026-06-09 21:49:50,20071,7968,40.5
2026-06-09 21:49:52,20073,7969,39.5
2026-06-09 21:49:54,20075,7970,40.5
2026-06-09 21:49:56,20077,7971,32.3
2026-06-09 21:49:58,20079,7972,26.3
2026-06-09 21:50:00,20081,7973,29.2
2026-06-09 21:50:02,20083,7974,31.3
2026-06-09 21:50:04,20085,7975,22.7
2026-06-09 21:50:06,20087,7976,32.0
2026-06-09 21:50:08,20089,7977,22.7
2026-06-09 21:50:10,20091,7978,27.4
2026-06-09 21:50:11,20092,7979,34.8
2026-06-09 21:50:13,20094,7980,46.4
2026-06-09 21:50:15,20096,7981,35.8
2026-06-09 21:50:17,20098,7982,16.0
2026-06-09 21:50:19,20100,7983,29.4
2026-06-09 21:50:21,20102,7984,30.0
2026-06-09 21:50:23,20104,7985,21.4
2026-06-09 21:50:25,20106,7986,41.5
2026-06-09 21:50:27,20108,7987,23.2
2026-06-09 21:50:29,20110,7988,35.8
2026-06-09 21:50:31,20112,7989,31.8
2026-06-09 21:50:33,20114,7990,42.6
2026-06-09 21:50:35,20116,7991,36.4
2026-06-09 21:50:37,20118,7992,50.5
2026-06-09 21:50:39,20120,7993,49.7
2026-06-09 21:50:41,20122,7994,27.6
2026-06-09 21:50:43,20124,7995,32.1
2026-06-09 21:50:45,20126,7996,43.7
2026-06-09 21:50:47,20128,7997,38.5
2026-06-09 21:50:49,20130,7998,36.1
2026-06-09 21:50:51,20132,7999,28.3
2026-06-09 21:50:53,20134,8000,21.3
2026-06-09 21:50:55,20136,8001,33.4
2026-06-09 21:50:57,20138,8002,32.2
2026-06-09 21:50:59,20140,8003,36.7
2026-06-09 21:51:01,20142,8004,44.6
2026-06-09 21:51:03,20144,8005,40.9
2026-06-09 21:51:05,20146,8006,38.3
2026-06-09 21:51:07,20148,8007,37.9
2026-06-09 21:51:09,20150,8008,54.1
2026-06-09 21:51:11,20152,8009,22.1
2026-06-09 21:51:13,20154,8010,39.1
2026-06-09 21:51:15,20156,8011,36.5
2026-06-09 21:51:17,20158,8012,42.9
2026-06-09 21:51:19,20160,8013,34.5
2026-06-09 21:51:21,20162,8014,29.5
2026-06-09 21:51:23,20164,8015,36.3
2026-06-09 21:51:25,20166,8016,51.8
2026-06-09 21:51:27,20168,8017,36.1
2026-06-09 21:51:28,20169,8018,28.5
2026-06-09 21:51:30,20171,8019,42.9
2026-06-09 21:51:32,20173,8020,60.9
2026-06-09 21:51:34,20175,8021,28.6
2026-06-09 21:51:36,20177,8022,25.3
2026-06-09 21:51:38,20179,8023,45.8
2026-06-09 21:51:40,20181,8024,24.5
2026-06-09 21:51:42,20183,8025,30.6
2026-06-09 21:51:44,20185,8026,43.3
2026-06-09 21:51:46,20187,8027,21.5
2026-06-09 21:51:48,20189,8028,39.3
2026-06-09 21:51:50,20191,8029,61.1
2026-06-09 21:51:52,20193,8030,40.6
2026-06-09 21:51:54,20195,8031,34.1
2026-06-09 21:51:56,20197,8032,31.9
2026-06-09 21:51:58,20199,8033,48.9
2026-06-09 21:52:00,20201,8034,62.3
2026-06-09 21:52:02,20203,8035,31.5
2026-06-09 21:52:04,20205,8036,38.9
2026-06-09 21:52:06,20207,8037,34.1
2026-06-09 21:52:08,20209,8038,44.3
2026-06-09 21:52:10,20211,8039,42.7
2026-06-09 21:52:12,20213,8040,17.6
2026-06-09 21:52:14,20215,8041,30.4
2026-06-09 21:52:16,20217,8042,36.6
2026-06-09 21:52:18,20219,8043,36.7
2026-06-09 21:52:20,20221,8044,41.1
2026-06-09 21:52:22,20223,8045,89.4
2026-06-09 21:52:24,20225,8046,45.6
2026-06-09 21:52:26,20227,8047,53.5
2026-06-09 21:52:28,20229,8048,27.0
2026-06-09 21:52:30,20231,8049,37.2
2026-06-09 21:52:32,20233,8050,27.6
2026-06-09 21:52:34,20235,8051,32.1
2026-06-09 21:52:36,20237,8052,39.1
2026-06-09 21:52:38,20239,8053,36.9
2026-06-09 21:52:40,20241,8054,51.3
2026-06-09 21:52:42,20243,8055,39.0
2026-06-09 21:52:44,20245,8056,38.2
2026-06-09 21:52:46,20247,8057,36.2
2026-06-09 21:52:48,20249,8058,45.7
2026-06-09 21:52:50,20251,8059,41.4
2026-06-09 21:52:52,20253,8060,37.9
2026-06-09 21:52:54,20255,8061,28.4
2026-06-09 21:52:56,20257,8062,46.3
2026-06-09 21:52:58,20259,8063,66.0
2026-06-09 21:53:00,20261,8064,37.4
2026-06-09 21:53:02,20263,8065,27.8
2026-06-09 21:53:04,20265,8066,45.2
2026-06-09 21:53:06,20267,8067,40.0
2026-06-09 21:53:09,20270,8068,31.1
2026-06-09 21:53:10,20271,8069,48.6
2026-06-09 21:53:12,20273,8070,29.1
2026-06-09 21:53:14,20275,8071,57.5
2026-06-09 21:53:16,20277,8072,52.8
2026-06-09 21:53:18,20279,8073,31.7
2026-06-09 21:53:20,20281,8074,35.5
2026-06-09 21:53:22,20283,8075,25.7
2026-06-09 21:53:24,20285,8076,41.2
2026-06-09 21:53:26,20287,8077,39.1
2026-06-09 21:53:28,20289,8078,38.6
2026-06-09 21:53:30,20291,8079,22.8
2026-06-09 21:53:32,20293,8080,42.0
2026-06-09 21:53:34,20295,8081,48.5
2026-06-09 21:53:36,20297,8082,36.1
2026-06-09 21:53:38,20299,8083,46.1
2026-06-09 21:53:40,20301,8084,29.2
2026-06-09 21:53:42,20303,8085,38.1
2026-06-09 21:53:44,20305,8086,44.2
2026-06-09 21:53:46,20307,8087,32.4
2026-06-09 21:53:48,20309,8088,43.9
2026-06-09 21:53:50,20311,8089,58.4
2026-06-09 21:53:52,20313,8090,39.9
2026-06-09 21:53:54,20315,8091,37.7
2026-06-09 21:53:56,20317,8092,45.7
2026-06-09 21:53:58,20319,8093,202
2026-06-09 21:54:00,20321,8094,35.3
2026-06-09 21:54:02,20323,8095,29.4
2026-06-09 21:54:04,20325,8096,38.8
2026-06-09 21:54:06,20327,8097,30.0
2026-06-09 21:54:08,20329,8098,21.6
2026-06-09 21:54:10,20331,8099,40.9
2026-06-09 21:54:12,20333,8100,35.7
2026-06-09 21:54:14,20335,8101,35.7
2026-06-09 21:54:16,20337,8102,45.9
2026-06-09 21:54:18,20339,8103,37.7
2026-06-09 21:54:20,20341,8104,66.4
2026-06-09 21:54:22,20343,8105,29.3
2026-06-09 21:54:23,20344,8106,45.9
2026-06-09 21:54:25,20346,8107,40.8
2026-06-09 21:54:27,20348,8108,37.2
2026-06-09 21:54:29,20350,8109,40.8
2026-06-09 21:54:31,20352,8110,33.5
2026-06-09 21:54:33,20354,8111,35.6
2026-06-09 21:54:35,20356,8112,33.9
2026-06-09 21:54:37,20358,8113,33.5
2026-06-09 21:54:39,20360,8114,45.2
2026-06-09 21:54:41,20362,8115,38.4
2026-06-09 21:54:43,20364,8116,30.7
2026-06-09 21:54:45,20366,8117,35.5
2026-06-09 21:54:47,20368,8118,35.8
2026-06-09 21:54:49,20370,8119,48.8
2026-06-09 21:54:51,20372,8120,49.0
2026-06-09 21:54:53,20374,8121,24.0
2026-06-09 21:54:55,20376,8122,27.2
2026-06-09 21:54:57,20378,8123,29.1
2026-06-09 21:54:59,20380,8124,39.9
2026-06-09 21:55:01,20382,8125,28.3
2026-06-09 21:55:03,20384,8126,30.1
2026-06-09 21:55:05,20386,8127,36.4
2026-06-09 21:55:07,20388,8128,36.5
2026-06-09 21:55:09,20390,8129,30.7
2026-06-09 21:55:11,20392,8130,47.5
2026-06-09 21:55:13,20394,8131,39.3
2026-06-09 21:55:15,20396,8132,29.2
2026-06-09 21:55:17,20398,8133,36.0
2026-06-09 21:55:19,20400,8134,28.8
2026-06-09 21:55:21,20402,8135,63.0
2026-06-09 21:55:23,20404,8136,45.2
2026-06-09 21:55:25,20406,8137,34.8
2026-06-09 21:55:27,20408,8138,23.1
2026-06-09 21:55:29,20410,8139,43.0
2026-06-09 21:55:31,20412,8140,27.1
2026-06-09 21:55:33,20414,8141,30.4
2026-06-09 21:55:35,20416,8142,33.7
2026-06-09 21:55:37,20418,8143,29.4
2026-06-09 21:55:39,20420,8144,32.8
2026-06-09 21:55:41,20422,8145,45.8
2026-06-09 21:55:43,20424,8146,28.4
2026-06-09 21:55:45,20426,8147,19.4
2026-06-09 21:55:47,20428,8148,18.2
2026-06-09 21:55:49,20430,8149,33.6
2026-06-09 21:55:51,20432,8150,36.8
2026-06-09 21:55:53,20434,8151,35.3
2026-06-09 21:55:55,20436,8152,31.1
2026-06-09 21:55:57,20438,8153,31.4
2026-06-09 21:55:59,20440,8154,35.5
2026-06-09 21:56:01,20442,8155,37.7
2026-06-09 21:56:03,20444,8156,33.8
2026-06-09 21:56:05,20446,8157,30.0
2026-06-09 21:56:07,20448,8158,30.7
2026-06-09 21:56:09,20450,8159,43.5
2026-06-09 21:56:11,20452,8160,35.4
2026-06-09 21:56:13,20454,8161,30.1
2026-06-09 21:56:15,20456,8162,44.6
2026-06-09 21:56:17,20458,8163,24.4
2026-06-09 21:56:19,20460,8164,37.5
2026-06-09 21:56:21,20462,8165,40.9
2026-06-09 21:56:24,20465,8166,36.2
2026-06-09 21:56:26,20467,8167,20.6
2026-06-09 21:56:28,20469,8168,46.8
2026-06-09 21:56:30,20471,8169,23.5
2026-06-09 21:56:32,20473,8170,36.4
2026-06-09 21:56:34,20475,8171,21.8
2026-06-09 21:56:36,20477,8172,43.4
2026-06-09 21:56:38,20479,8173,40.8
2026-06-09 21:56:40,20481,8174,37.9
2026-06-09 21:56:42,20483,8175,36.9
2026-06-09 21:56:44,20485,8176,39.1
2026-06-09 21:56:46,20487,8177,46.5
2026-06-09 21:56:48,20489,8178,16.2
2026-06-09 21:56:50,20491,8179,43.1
2026-06-09 21:56:52,20493,8180,36.7
2026-06-09 21:56:54,20495,8181,40.0
2026-06-09 21:56:56,20497,8182,248
2026-06-09 21:56:58,20499,8183,35.2
2026-06-09 21:57:00,20501,8184,31.4
2026-06-09 21:57:02,20503,8185,29.2
2026-06-09 21:57:04,20505,8186,39.0
2026-06-09 21:57:06,20507,8187,28.4
2026-06-09 21:57:08,20509,8188,28.0
2026-06-09 21:57:10,20511,8189,23.2
2026-06-09 21:57:12,20513,8190,49.0
2026-06-09 21:57:14,20515,8191,44.0
2026-06-09 21:57:16,20517,8192,50.3
2026-06-09 21:57:18,20519,8193,32.7
2026-06-09 21:57:20,20521,8194,43.4
2026-06-09 21:57:22,20523,8195,57.8
2026-06-09 21:57:24,20525,8196,43.2
2026-06-09 21:57:26,20527,8197,39.8
2026-06-09 21:57:28,20529,8198,32.6
2026-06-09 21:57:30,20531,8199,50.0
2026-06-09 21:57:32,20533,8200,42.1
2026-06-09 21:57:34,20535,8201,37.6
2026-06-09 21:57:36,20537,8202,46.0
2026-06-09 21:57:38,20539,8203,37.6
2026-06-09 21:57:40,20541,8204,30.6
2026-06-09 21:57:42,20543,8205,47.6
2026-06-09 21:57:44,20545,8206,47.2
2026-06-09 21:57:46,20547,8207,60.9
2026-06-09 21:57:48,20549,8208,35.9
2026-06-09 21:57:50,20551,8209,33.4
2026-06-09 21:57:52,20553,8210,42.7
2026-06-09 21:57:54,20555,8211,51.7
2026-06-09 21:57:56,20557,8212,70.8
2026-06-09 21:57:58,20559,8213,44.8
2026-06-09 21:58:00,20561,8214,45.8
2026-06-09 21:58:02,20563,8215,34.8
2026-06-09 21:58:04,20565,8216,66.7
2026-06-09 21:58:06,20567,8217,39.8
2026-06-09 21:58:07,20568,8218,35.4
2026-06-09 21:58:09,20570,8219,44.6
2026-06-09 21:58:11,20572,8220,44.7
2026-06-09 21:58:13,20574,8221,39.4
2026-06-09 21:58:15,20576,8222,32.6
2026-06-09 21:58:17,20578,8223,33.4
2026-06-09 21:58:19,20580,8224,23.4
2026-06-09 21:58:21,20582,8225,35.8
2026-06-09 21:58:23,20584,8226,53.0
2026-06-09 21:58:25,20586,8227,65.5
2026-06-09 21:58:27,20588,8228,53.2
2026-06-09 21:58:29,20590,8229,28.5
2026-06-09 21:58:31,20592,8230,69.4
2026-06-09 21:58:33,20594,8231,25.8
2026-06-09 21:58:35,20596,8232,22.9
2026-06-09 21:58:37,20598,8233,32.2
2026-06-09 21:58:39,20600,8234,37.7
2026-06-09 21:58:41,20602,8235,97.2
2026-06-09 21:58:43,20604,8236,21.6
2026-06-09 21:58:45,20606,8237,43.8
2026-06-09 21:58:47,20608,8238,41.0
2026-06-09 21:58:49,20610,8239,37.1
2026-06-09 21:58:51,20612,8240,54.7
2026-06-09 21:58:53,20614,8241,31.1
2026-06-09 21:58:55,20616,8242,32.7
2026-06-09 21:58:57,20618,8243,45.5
2026-06-09 21:58:59,20620,8244,31.2
2026-06-09 21:59:01,20622,8245,34.9
2026-06-09 21:59:03,20624,8246,91.7
2026-06-09 21:59:05,20626,8247,47.2
2026-06-09 21:59:07,20628,8248,29.9
2026-06-09 21:59:09,20630,8249,47.2
2026-06-09 21:59:11,20632,8250,31.8
2026-06-09 21:59:13,20634,8251,44.6
2026-06-09 21:59:15,20636,8252,77.0
2026-06-09 21:59:17,20638,8253,216
2026-06-09 21:59:18,20639,8254,19.8
2026-06-09 21:59:20,20641,8255,45.4
2026-06-09 21:59:22,20643,8256,16.7
2026-06-09 21:59:24,20645,8257,49.7
2026-06-09 21:59:26,20647,8258,52.0
2026-06-09 21:59:29,20650,8259,43.4
2026-06-09 21:59:31,20652,8260,52.2
2026-06-09 21:59:33,20654,8261,42.1
2026-06-09 21:59:35,20656,8262,31.2
2026-06-09 21:59:37,20658,8263,42.8
2026-06-09 21:59:39,20660,8264,43.7
2026-06-09 21:59:41,20662,8265,33.0
2026-06-09 21:59:43,20664,8266,48.1
2026-06-09 21:59:45,20666,8267,42.2
2026-06-09 21:59:47,20668,8268,50.9
2026-06-09 21:59:49,20670,8269,33.8
2026-06-09 21:59:51,20672,8270,39.1
2026-06-09 21:59:53,20674,8271,38.5
2026-06-09 21:59:55,20676,8272,58.3
2026-06-09 21:59:57,20678,8273,34.1
2026-06-09 21:59:59,20680,8274,31.8
2026-06-09 22:00:01,20682,8275,29.1
2026-06-09 22:00:03,20684,8276,22.8
2026-06-09 22:00:05,20686,8277,53.9
2026-06-09 22:00:07,20688,8278,22.6
2026-06-09 22:00:08,20689,8279,31.2
2026-06-09 22:00:10,20691,8280,41.0
2026-06-09 22:00:12,20693,8281,34.5
2026-06-09 22:00:14,20695,8282,40.9
2026-06-09 22:00:16,20697,8283,36.1
2026-06-09 22:00:18,20699,8284,37.5
2026-06-09 22:00:20,20701,8285,31.7
2026-06-09 22:00:22,20703,8286,32.3
2026-06-09 22:00:24,20705,8287,44.6
2026-06-09 22:00:26,20707,8288,26.8
2026-06-09 22:00:28,20709,8289,37.9
2026-06-09 22:00:30,20711,8290,41.4
2026-06-09 22:00:32,20713,8291,36.0
2026-06-09 22:00:34,20715,8292,27.9
2026-06-09 22:00:36,20717,8293,27.6
2026-06-09 22:00:38,20719,8294,46.6
2026-06-09 22:00:40,20721,8295,47.6
2026-06-09 22:00:42,20723,8296,36.7
2026-06-09 22:00:44,20725,8297,37.5
2026-06-09 22:00:46,20727,8298,37.0
2026-06-09 22:00:48,20729,8299,28.7
2026-06-09 22:00:50,20731,8300,36.3
2026-06-09 22:00:52,20733,8301,51.1
2026-06-09 22:00:54,20735,8302,43.5
2026-06-09 22:00:56,20737,8303,41.1
2026-06-09 22:00:58,20739,8304,37.6
2026-06-09 22:01:00,20741,8305,66.9
2026-06-09 22:01:02,20743,8306,18.7
2026-06-09 22:01:04,20745,8307,43.9
2026-06-09 22:01:06,20747,8308,29.5
2026-06-09 22:01:08,20749,8309,51.3
2026-06-09 22:01:10,20751,8310,39.1
2026-06-09 22:01:12,20753,8311,34.4
2026-06-09 22:01:14,20755,8312,45.1
2026-06-09 22:01:16,20757,8313,56.7
2026-06-09 22:01:18,20759,8314,38.7
2026-06-09 22:01:20,20761,8315,60.8
2026-06-09 22:01:22,20763,8316,41.0
2026-06-09 22:01:24,20765,8317,36.1
2026-06-09 22:01:26,20767,8318,62.6
2026-06-09 22:01:28,20769,8319,38.9
2026-06-09 22:01:30,20771,8320,37.4
2026-06-09 22:01:32,20773,8321,30.2
2026-06-09 22:01:34,20775,8322,37.5
2026-06-09 22:01:36,20777,8323,36.5
2026-06-09 22:01:38,20779,8324,32.3
2026-06-09 22:01:40,20781,8325,37.0
2026-06-09 22:01:42,20783,8326,33.9
2026-06-09 22:01:44,20785,8327,32.8
2026-06-09 22:01:46,20787,8328,51.0
2026-06-09 22:01:48,20789,8329,41.1
2026-06-09 22:01:50,20791,8330,33.7
2026-06-09 22:01:52,20793,8331,34.0
2026-06-09 22:01:54,20795,8332,31.1
2026-06-09 22:01:56,20797,8333,46.7
2026-06-09 22:01:58,20799,8334,22.9
2026-06-09 22:02:00,20801,8335,32.8
2026-06-09 22:02:02,20803,8336,27.3
2026-06-09 22:02:03,20804,8337,32.0
2026-06-09 22:02:05,20806,8338,48.1
2026-06-09 22:02:07,20808,8339,41.6
2026-06-09 22:02:09,20810,8340,46.3
2026-06-09 22:02:11,20812,8341,53.1
2026-06-09 22:02:13,20814,8342,40.2
2026-06-09 22:02:15,20816,8343,34.4
2026-06-09 22:02:17,20818,8344,30.3
2026-06-09 22:02:19,20820,8345,33.0
2026-06-09 22:02:21,20822,8346,55.9
2026-06-09 22:02:23,20824,8347,33.1
2026-06-09 22:02:25,20826,8348,34.6
2026-06-09 22:02:27,20828,8349,45.4
2026-06-09 22:02:29,20830,8350,41.1
2026-06-09 22:02:31,20832,8351,37.9
2026-06-09 22:02:33,20834,8352,31.2
2026-06-09 22:02:35,20836,8353,32.1
2026-06-09 22:02:37,20838,8354,52.6
2026-06-09 22:02:39,20840,8355,22.4
2026-06-09 22:02:41,20842,8356,42.3
2026-06-09 22:02:43,20844,8357,55.3
2026-06-09 22:02:45,20846,8358,36.9
2026-06-09 22:02:47,20848,8359,28.2
2026-06-09 22:02:49,20850,8360,75.0
2026-06-09 22:02:51,20852,8361,29.3
2026-06-09 22:02:53,20854,8362,27.9
2026-06-09 22:02:55,20856,8363,51.6
2026-06-09 22:02:57,20858,8364,45.9
2026-06-09 22:02:59,20860,8365,47.7
2026-06-09 22:03:01,20862,8366,324
2026-06-09 22:03:03,20864,8367,52.0
2026-06-09 22:03:05,20866,8368,25.2
2026-06-09 22:03:07,20868,8369,104
2026-06-09 22:03:10,20871,8370,33.4
2026-06-09 22:03:12,20873,8371,35.3
2026-06-09 22:03:14,20875,8372,40.5
2026-06-09 22:03:16,20877,8373,37.2
2026-06-09 22:03:18,20879,8374,38.9
2026-06-09 22:03:19,20880,8375,36.1
2026-06-09 22:03:21,20882,8376,32.0
2026-06-09 22:03:23,20884,8377,35.3
2026-06-09 22:03:25,20886,8378,27.2
2026-06-09 22:03:27,20888,8379,64.0
2026-06-09 22:03:29,20890,8380,29.3
2026-06-09 22:03:31,20892,8381,45.1
2026-06-09 22:03:33,20894,8382,37.8
2026-06-09 22:03:35,20896,8383,29.5
2026-06-09 22:03:37,20898,8384,28.9
2026-06-09 22:03:39,20900,8385,45.3
2026-06-09 22:03:41,20902,8386,34.6
2026-06-09 22:03:43,20904,8387,37.7
2026-06-09 22:03:45,20906,8388,37.5
2026-06-09 22:03:47,20908,8389,55.8
2026-06-09 22:03:49,20910,8390,18.7
2026-06-09 22:03:51,20912,8391,25.0
2026-06-09 22:03:53,20914,8392,42.3
2026-06-09 22:03:55,20916,8393,37.2
2026-06-09 22:03:57,20918,8394,45.0
2026-06-09 22:03:59,20920,8395,43.3
2026-06-09 22:04:01,20922,8396,58.1
2026-06-09 22:04:03,20924,8397,28.3
2026-06-09 22:04:05,20926,8398,30.3
2026-06-09 22:04:07,20928,8399,36.6
2026-06-09 22:04:09,20930,8400,34.6
2026-06-09 22:04:11,20932,8401,26.5
2026-06-09 22:04:13,20934,8402,41.6
2026-06-09 22:04:15,20936,8403,22.9
2026-06-09 22:04:17,20938,8404,22.5
2026-06-09 22:04:19,20940,8405,22.2
2026-06-09 22:04:21,20942,8406,34.7
2026-06-09 22:04:23,20944,8407,16.0
2026-06-09 22:04:25,20946,8408,31.5
2026-06-09 22:04:28,20949,8409,23.0
2026-06-09 22:04:30,20951,8410,31.6
2026-06-09 22:04:32,20953,8411,41.3
2026-06-09 22:04:34,20955,8412,29.4
2026-06-09 22:04:36,20957,8413,45.7
2026-06-09 22:04:38,20959,8414,200
2026-06-09 22:04:40,20961,8415,42.0
2026-06-09 22:04:42,20962,8416,33.9
2026-06-09 22:04:44,20965,8417,50.0
2026-06-09 22:04:46,20967,8418,22.0
2026-06-09 22:04:48,20969,8419,35.0
2026-06-09 22:04:50,20971,8420,25.8
2026-06-09 22:04:52,20973,8421,39.2
2026-06-09 22:04:54,20975,8422,24.4
2026-06-09 22:04:56,20977,8423,23.6
2026-06-09 22:04:58,20979,8424,63.0
2026-06-09 22:05:00,20981,8425,30.6
2026-06-09 22:05:02,20983,8426,28.2
2026-06-09 22:05:04,20985,8427,50.6
2026-06-09 22:05:06,20987,8428,49.6
2026-06-09 22:05:08,20989,8429,35.0
2026-06-09 22:05:10,20991,8430,39.1
2026-06-09 22:05:12,20993,8431,59.5
2026-06-09 22:05:14,20995,8432,67.2
2026-06-09 22:05:16,20997,8433,55.6
2026-06-09 22:05:18,20999,8434,31.2
2026-06-09 22:05:20,21001,8435,33.5
2026-06-09 22:05:22,21003,8436,28.7
2026-06-09 22:05:24,21005,8437,54.0
2026-06-09 22:05:26,21007,8438,55.5
2026-06-09 22:05:28,21009,8439,40.9
2026-06-09 22:05:30,21011,8440,48.0
2026-06-09 22:05:32,21013,8441,31.1
2026-06-09 22:05:34,21015,8442,30.1
2026-06-09 22:05:36,21017,8443,32.8
2026-06-09 22:05:38,21019,8444,35.1
2026-06-09 22:05:40,21021,8445,29.7
2026-06-09 22:05:42,21023,8446,32.1
2026-06-09 22:05:44,21025,8447,25.6
2026-06-09 22:05:46,21027,8448,25.8
2026-06-09 22:05:48,21029,8449,29.1
2026-06-09 22:05:50,21031,8450,28.1
2026-06-09 22:05:52,21033,8451,31.7
2026-06-09 22:05:54,21035,8452,32.4
2026-06-09 22:05:56,21037,8453,45.3
2026-06-09 22:05:58,21039,8454,45.7
2026-06-09 22:06:00,21041,8455,39.4
2026-06-09 22:06:02,21043,8456,29.5
2026-06-09 22:06:04,21044,8457,29.0
2026-06-09 22:06:06,21047,8458,39.5
2026-06-09 22:06:07,21048,8459,80.7
2026-06-09 22:06:09,21050,8460,37.7
2026-06-09 22:06:11,21052,8461,48.1
2026-06-09 22:06:13,21054,8462,36.2
2026-06-09 22:06:15,21056,8463,46.1
2026-06-09 22:06:18,21059,8464,98.8
2026-06-09 22:06:20,21061,8465,43.7
2026-06-09 22:06:22,21063,8466,33.7
2026-06-09 22:06:23,21064,8467,42.2
2026-06-09 22:06:25,21066,8468,39.2
2026-06-09 22:06:27,21068,8469,55.4
2026-06-09 22:06:29,21070,8470,45.1
2026-06-09 22:06:31,21072,8471,38.5
2026-06-09 22:06:33,21074,8472,32.9
2026-06-09 22:06:35,21076,8473,44.1
2026-06-09 22:06:37,21078,8474,30.9
2026-06-09 22:06:39,21080,8475,43.2
2026-06-09 22:06:41,21082,8476,42.7
2026-06-09 22:06:43,21084,8477,22.1
2026-06-09 22:06:45,21086,8478,30.7
2026-06-09 22:06:47,21088,8479,28.8
2026-06-09 22:06:49,21090,8480,24.9
2026-06-09 22:06:51,21092,8481,45.1
2026-06-09 22:06:53,21094,8482,61.0
2026-06-09 22:06:55,21096,8483,27.6
2026-06-09 22:06:57,21098,8484,46.7
2026-06-09 22:06:59,21100,8485,39.7
2026-06-09 22:07:01,21102,8486,47.7
2026-06-09 22:07:03,21104,8487,33.5
2026-06-09 22:07:05,21106,8488,28.7
2026-06-09 22:07:07,21108,8489,30.6
2026-06-09 22:07:09,21110,8490,29.0
2026-06-09 22:07:11,21112,8491,54.9
2026-06-09 22:07:13,21114,8492,38.1
2026-06-09 22:07:15,21116,8493,55.4
2026-06-09 22:07:16,21117,8494,60.1
2026-06-09 22:07:18,21119,8495,64.2
2026-06-09 22:07:20,21121,8496,52.3
2026-06-09 22:07:22,21123,8497,36.6
2026-06-09 22:07:24,21125,8498,26.9
2026-06-09 22:07:26,21127,8499,33.4
2026-06-09 22:07:28,21129,8500,21.5
2026-06-09 22:07:30,21131,8501,30.4
2026-06-09 22:07:32,21133,8502,33.4
2026-06-09 22:07:34,21135,8503,29.6
2026-06-09 22:07:36,21137,8504,26.8
2026-06-09 22:07:38,21139,8505,36.6
2026-06-09 22:07:40,21141,8506,28.4
2026-06-09 22:07:42,21143,8507,51.4
2026-06-09 22:07:44,21145,8508,206
2026-06-09 22:07:46,21147,8509,108
2026-06-09 22:07:48,21149,8510,205
2026-06-09 22:07:50,21151,8511,121
2026-06-09 22:07:53,21154,8512,79.6
2026-06-09 22:07:55,21156,8513,38.5
2026-06-09 22:07:57,21158,8514,31.6
2026-06-09 22:07:59,21160,8515,50.0
2026-06-09 22:08:00,21161,8516,29.1
2026-06-09 22:08:02,21163,8517,40.9
2026-06-09 22:08:05,21166,8518,29.1
2026-06-09 22:08:07,21168,8519,40.5
2026-06-09 22:08:08,21169,8520,37.8
2026-06-09 22:08:10,21171,8521,57.4
2026-06-09 22:08:12,21173,8522,69.6
2026-06-09 22:08:14,21175,8523,38.5
2026-06-09 22:08:16,21177,8524,38.4
2026-06-09 22:08:18,21179,8525,37.3
2026-06-09 22:08:20,21181,8526,35.1
2026-06-09 22:08:22,21183,8527,44.6
2026-06-09 22:08:24,21185,8528,33.5
2026-06-09 22:08:26,21187,8529,52.9
2026-06-09 22:08:28,21189,8530,30.7
2026-06-09 22:08:30,21191,8531,30.7
2026-06-09 22:08:32,21193,8532,44.5
2026-06-09 22:08:34,21195,8533,35.7
2026-06-09 22:08:36,21197,8534,28.8
2026-06-09 22:08:38,21199,8535,33.6
2026-06-09 22:08:40,21201,8536,36.9
2026-06-09 22:08:42,21203,8537,33.1
2026-06-09 22:08:44,21205,8538,31.8
2026-06-09 22:08:46,21207,8539,19.8
2026-06-09 22:08:48,21209,8540,49.0
2026-06-09 22:08:50,21211,8541,38.4
2026-06-09 22:08:52,21213,8542,48.3
2026-06-09 22:08:54,21215,8543,24.3
2026-06-09 22:08:56,21217,8544,41.2
2026-06-09 22:08:58,21219,8545,37.2
2026-06-09 22:09:00,21221,8546,24.7
2026-06-09 22:09:02,21223,8547,36.6
2026-06-09 22:09:04,21225,8548,50.8
2026-06-09 22:09:06,21227,8549,36.4
2026-06-09 22:09:08,21229,8550,30.8
2026-06-09 22:09:10,21231,8551,35.2
2026-06-09 22:09:12,21233,8552,40.3
2026-06-09 22:09:14,21235,8553,40.3
2026-06-09 22:09:16,21237,8554,70.5
2026-06-09 22:09:18,21239,8555,24.3
2026-06-09 22:09:20,21241,8556,42.5
2026-06-09 22:09:22,21243,8557,41.3
2026-06-09 22:09:24,21245,8558,28.2
2026-06-09 22:09:26,21247,8559,40.7
2026-06-09 22:09:28,21249,8560,30.7
2026-06-09 22:09:30,21251,8561,29.8
2026-06-09 22:09:32,21253,8562,29.9
2026-06-09 22:09:34,21255,8563,25.2
2026-06-09 22:09:36,21257,8564,50.8
2026-06-09 22:09:38,21259,8565,18.6
2026-06-09 22:09:40,21261,8566,40.2
2026-06-09 22:09:42,21263,8567,54.5
2026-06-09 22:09:44,21265,8568,38.7
2026-06-09 22:09:46,21267,8569,22.9
2026-06-09 22:09:48,21269,8570,35.1
2026-06-09 22:09:50,21271,8571,56.1
2026-06-09 22:09:52,21273,8572,40.6
2026-06-09 22:09:54,21275,8573,44.4
2026-06-09 22:09:56,21277,8574,35.6
2026-06-09 22:09:58,21279,8575,36.5
2026-06-09 22:10:00,21281,8576,30.5
2026-06-09 22:10:02,21283,8577,29.2
2026-06-09 22:10:04,21285,8578,45.5
2026-06-09 22:10:06,21287,8579,48.8
2026-06-09 22:10:08,21289,8580,43.2
2026-06-09 22:10:10,21291,8581,25.8
2026-06-09 22:10:12,21293,8582,33.7
2026-06-09 22:10:14,21295,8583,55.3
2026-06-09 22:10:16,21297,8584,50.5
2026-06-09 22:10:18,21299,8585,17.0
2026-06-09 22:10:20,21301,8586,26.1
2026-06-09 22:10:22,21303,8587,26.0
2026-06-09 22:10:24,21305,8588,39.2
2026-06-09 22:10:26,21307,8589,42.3
2026-06-09 22:10:28,21309,8590,25.7
2026-06-09 22:10:30,21311,8591,59.5
2026-06-09 22:10:32,21313,8592,149
2026-06-09 22:10:33,21314,8593,34.4
2026-06-09 22:10:35,21316,8594,41.8
2026-06-09 22:10:37,21318,8595,44.1
2026-06-09 22:10:39,21320,8596,42.2
2026-06-09 22:10:41,21322,8597,36.1
2026-06-09 22:10:43,21324,8598,37.2
2026-06-09 22:10:45,21326,8599,36.6
2026-06-09 22:10:47,21328,8600,23.8
2026-06-09 22:10:49,21330,8601,31.9
2026-06-09 22:10:51,21332,8602,48.8
2026-06-09 22:10:53,21334,8603,30.6
2026-06-09 22:10:55,21336,8604,52.1
2026-06-09 22:10:57,21338,8605,32.1
2026-06-09 22:10:59,21340,8606,31.9
2026-06-09 22:11:01,21342,8607,37.3
2026-06-09 22:11:03,21344,8608,29.1
2026-06-09 22:11:05,21346,8609,57.3
2026-06-09 22:11:07,21348,8610,40.5
2026-06-09 22:11:09,21350,8611,32.8
2026-06-09 22:11:11,21352,8612,29.7
2026-06-09 22:11:13,21354,8613,34.6
2026-06-09 22:11:15,21356,8614,39.8
2026-06-09 22:11:17,21358,8615,41.0
2026-06-09 22:11:19,21360,8616,25.9
2026-06-09 22:11:21,21362,8617,39.0
2026-06-09 22:11:23,21364,8618,27.6
2026-06-09 22:11:25,21366,8619,54.9
2026-06-09 22:11:27,21368,8620,35.6
2026-06-09 22:11:29,21370,8621,158
2026-06-09 22:11:31,21372,8622,344
2026-06-09 22:11:33,21374,8623,39.0
2026-06-09 22:11:36,21377,8624,28.2
2026-06-09 22:11:37,21378,8625,19.5
2026-06-09 22:11:39,21380,8626,375
2026-06-09 22:11:42,21383,8627,53.3
2026-06-09 22:11:44,21385,8628,29.7
2026-06-09 22:11:46,21387,8629,29.3
2026-06-09 22:11:48,21388,8630,30.4
2026-06-09 22:11:50,21391,8631,27.4
2026-06-09 22:11:51,21392,8632,35.6
2026-06-09 22:11:53,21394,8633,32.2
2026-06-09 22:11:55,21396,8634,29.5
2026-06-09 22:11:57,21398,8635,36.0
2026-06-09 22:11:59,21400,8636,30.9
2026-06-09 22:12:01,21402,8637,147
2026-06-09 22:12:03,21404,8638,24.6
2026-06-09 22:12:05,21406,8639,22.8
2026-06-09 22:12:07,21408,8640,55.5
2026-06-09 22:12:09,21410,8641,41.7
2026-06-09 22:12:11,21412,8642,48.2
2026-06-09 22:12:13,21414,8643,43.6
2026-06-09 22:12:15,21416,8644,31.4
2026-06-09 22:12:17,21418,8645,35.3
2026-06-09 22:12:19,21420,8646,31.7
2026-06-09 22:12:21,21422,8647,30.2
2026-06-09 22:12:23,21424,8648,39.8
2026-06-09 22:12:25,21426,8649,33.2
2026-06-09 22:12:27,21428,8650,30.2
2026-06-09 22:12:29,21430,8651,30.3
2026-06-09 22:12:31,21432,8652,48.6
2026-06-09 22:12:33,21434,8653,34.0
2026-06-09 22:12:35,21436,8654,31.8
2026-06-09 22:12:38,21439,8655,33.4
2026-06-09 22:12:40,21441,8656,31.3
2026-06-09 22:12:42,21443,8657,30.3
2026-06-09 22:12:44,21445,8658,27.3
2026-06-09 22:12:46,21447,8659,38.2
2026-06-09 22:12:48,21449,8660,24.0
2026-06-09 22:12:50,21451,8661,39.5
2026-06-09 22:12:52,21453,8662,29.2
2026-06-09 22:12:54,21455,8663,56.7
2026-06-09 22:12:56,21457,8664,36.9
2026-06-09 22:12:58,21459,8665,35.1
2026-06-09 22:13:00,21461,8666,49.4
2026-06-09 22:13:02,21463,8667,42.3
2026-06-09 22:13:04,21465,8668,34.4
2026-06-09 22:13:06,21467,8669,39.8
2026-06-09 22:13:08,21469,8670,46.3
2026-06-09 22:13:10,21471,8671,54.8
2026-06-09 22:13:12,21473,8672,22.2
2026-06-09 22:13:14,21475,8673,55.0
2026-06-09 22:13:16,21477,8674,36.0
2026-06-09 22:13:18,21479,8675,64.6
2026-06-09 22:13:20,21481,8676,23.1
2026-06-09 22:13:22,21483,8677,29.6
2026-06-09 22:13:24,21485,8678,37.7
2026-06-09 22:13:26,21487,8679,31.7
2026-06-09 22:13:28,21489,8680,41.9
2026-06-09 22:13:30,21491,8681,31.3
2026-06-09 22:13:32,21493,8682,35.6
2026-06-09 22:13:34,21495,8683,49.5
2026-06-09 22:13:36,21497,8684,32.2
2026-06-09 22:13:38,21499,8685,29.3
2026-06-09 22:13:39,21500,8686,61.2
2026-06-09 22:13:41,21502,8687,55.9
2026-06-09 22:13:43,21504,8688,37.7
2026-06-09 22:13:45,21506,8689,30.7
2026-06-09 22:13:47,21508,8690,38.1
2026-06-09 22:13:49,21510,8691,45.7
2026-06-09 22:13:51,21512,8692,36.1
2026-06-09 22:13:53,21514,8693,26.9
2026-06-09 22:13:55,21516,8694,48.9
2026-06-09 22:13:57,21518,8695,30.4
2026-06-09 22:13:59,21520,8696,29.3
2026-06-09 22:14:01,21522,8697,23.1
2026-06-09 22:14:03,21524,8698,262
2026-06-09 22:14:05,21526,8699,29.2
2026-06-09 22:14:07,21528,8700,19.6
2026-06-09 22:14:09,21530,8701,34.6
2026-06-09 22:14:11,21532,8702,42.0
2026-06-09 22:14:13,21534,8703,22.5
2026-06-09 22:14:15,21536,8704,34.2
2026-06-09 22:14:17,21538,8705,30.0
2026-06-09 22:14:19,21540,8706,171
2026-06-09 22:14:21,21542,8707,27.4
2026-06-09 22:14:23,21544,8708,27.2
2026-06-09 22:14:25,21546,8709,52.3
2026-06-09 22:14:27,21548,8710,64.4
2026-06-09 22:14:29,21550,8711,44.1
2026-06-09 22:14:31,21552,8712,41.8
2026-06-09 22:14:33,21554,8713,52.0
2026-06-09 22:14:35,21556,8714,21.2
2026-06-09 22:14:37,21558,8715,52.2
2026-06-09 22:14:39,21560,8716,246
2026-06-09 22:14:41,21562,8717,470
2026-06-09 22:14:43,21564,8718,31.0
2026-06-09 22:14:45,21566,8719,31.1
2026-06-09 22:14:47,21568,8720,41.8
2026-06-09 22:14:49,21570,8721,26.7
2026-06-09 22:14:51,21572,8722,59.7
2026-06-09 22:14:53,21574,8723,35.0
2026-06-09 22:14:55,21576,8724,189
2026-06-09 22:14:57,21578,8725,38.3
2026-06-09 22:14:59,21580,8726,36.2
2026-06-09 22:15:01,21582,8727,26.8
2026-06-09 22:15:03,21584,8728,31.6
2026-06-09 22:15:05,21586,8729,31.7
2026-06-09 22:15:07,21588,8730,28.9
2026-06-09 22:15:09,21590,8731,44.9
2026-06-09 22:15:11,21592,8732,43.4
2026-06-09 22:15:13,21594,8733,35.7
2026-06-09 22:15:15,21596,8734,47.3
2026-06-09 22:15:17,21598,8735,52.7
2026-06-09 22:15:19,21600,8736,47.0
2026-06-09 22:15:21,21602,8737,47.2
2026-06-09 22:15:23,21604,8738,28.3
2026-06-09 22:15:25,21606,8739,47.3
2026-06-09 22:15:27,21608,8740,32.8
2026-06-09 22:15:29,21610,8741,49.0
2026-06-09 22:15:31,21612,8742,45.1
2026-06-09 22:15:33,21614,8743,39.3
2026-06-09 22:15:35,21616,8744,29.1
2026-06-09 22:15:37,21618,8745,40.9
2026-06-09 22:15:38,21619,8746,68.1
2026-06-09 22:15:40,21621,8747,23.0
2026-06-09 22:15:42,21623,8748,53.8
2026-06-09 22:15:44,21625,8749,38.9
2026-06-09 22:15:46,21627,8750,40.7
2026-06-09 22:15:48,21629,8751,43.1
2026-06-09 22:15:50,21631,8752,37.0
2026-06-09 22:15:52,21633,8753,30.6
2026-06-09 22:15:54,21635,8754,36.0
2026-06-09 22:15:56,21637,8755,42.9
2026-06-09 22:15:58,21639,8756,37.4
2026-06-09 22:16:00,21641,8757,25.9
2026-06-09 22:16:02,21643,8758,46.8
2026-06-09 22:16:04,21645,8759,65.4
2026-06-09 22:16:06,21647,8760,29.7
2026-06-09 22:16:08,21649,8761,52.3
2026-06-09 22:16:10,21651,8762,32.2
2026-06-09 22:16:12,21653,8763,26.9
2026-06-09 22:16:14,21655,8764,49.1
2026-06-09 22:16:16,21657,8765,45.5
2026-06-09 22:16:17,21658,8766,29.1
2026-06-09 22:16:19,21660,8767,28.1
2026-06-09 22:16:21,21662,8768,29.2
2026-06-09 22:16:23,21664,8769,29.9
2026-06-09 22:16:25,21666,8770,31.0
2026-06-09 22:16:27,21668,8771,31.1
2026-06-09 22:16:29,21670,8772,36.1
2026-06-09 22:16:31,21672,8773,31.6
2026-06-09 22:16:33,21674,8774,23.3
2026-06-09 22:16:35,21676,8775,30.7
2026-06-09 22:16:37,21678,8776,39.8
2026-06-09 22:16:39,21680,8777,35.5
2026-06-09 22:16:41,21682,8778,380
2026-06-09 22:16:43,21684,8779,48.9
2026-06-09 22:16:45,21686,8780,43.9
2026-06-09 22:16:47,21688,8781,36.5
2026-06-09 22:16:49,21690,8782,29.2
2026-06-09 22:16:51,21692,8783,41.0
2026-06-09 22:16:53,21694,8784,30.2
2026-06-09 22:16:55,21696,8785,21.1
2026-06-09 22:16:57,21698,8786,28.0
2026-06-09 22:16:59,21700,8787,29.1
2026-06-09 22:17:01,21702,8788,38.9
2026-06-09 22:17:03,21704,8789,38.6
2026-06-09 22:17:05,21706,8790,48.8
2026-06-09 22:17:07,21708,8791,37.5
2026-06-09 22:17:09,21710,8792,38.6
2026-06-09 22:17:11,21712,8793,38.2
2026-06-09 22:17:13,21714,8794,34.8
2026-06-09 22:17:15,21716,8795,34.0
2026-06-09 22:17:17,21718,8796,30.3
2026-06-09 22:17:19,21720,8797,36.8
2026-06-09 22:17:21,21722,8798,37.8
2026-06-09 22:17:23,21724,8799,46.6
2026-06-09 22:17:25,21726,8800,25.4
2026-06-09 22:17:27,21728,8801,38.1
2026-06-09 22:17:29,21730,8802,36.3
2026-06-09 22:17:31,21732,8803,232
2026-06-09 22:17:33,21734,8804,22.0
2026-06-09 22:17:35,21736,8805,49.1
2026-06-09 22:17:37,21738,8806,30.0
2026-06-09 22:17:39,21740,8807,94.1
2026-06-09 22:17:41,21742,8808,51.6
2026-06-09 22:17:43,21744,8809,53.3
2026-06-09 22:17:45,21746,8810,34.9
2026-06-09 22:17:47,21748,8811,139
2026-06-09 22:17:49,21750,8812,40.2
2026-06-09 22:17:51,21752,8813,24.9
2026-06-09 22:17:53,21754,8814,40.4
2026-06-09 22:17:55,21756,8815,22.0
2026-06-09 22:17:57,21758,8816,33.6
2026-06-09 22:17:59,21760,8817,37.0
2026-06-09 22:18:00,21761,8818,58.4
2026-06-09 22:18:02,21763,8819,37.9
2026-06-09 22:18:04,21765,8820,47.1
2026-06-09 22:18:06,21767,8821,27.4
2026-06-09 22:18:08,21769,8822,30.0
2026-06-09 22:18:10,21771,8823,32.8
2026-06-09 22:18:12,21773,8824,36.3
2026-06-09 22:18:14,21775,8825,36.5
2026-06-09 22:18:16,21777,8826,152
2026-06-09 22:18:18,21779,8827,27.1
2026-06-09 22:18:20,21781,8828,33.3
2026-06-09 22:18:22,21783,8829,44.2
2026-06-09 22:18:24,21785,8830,42.0
2026-06-09 22:18:26,21787,8831,19.1
2026-06-09 22:18:28,21789,8832,36.1
2026-06-09 22:18:30,21791,8833,37.9
2026-06-09 22:18:32,21793,8834,29.7
2026-06-09 22:18:34,21795,8835,34.8
2026-06-09 22:18:36,21797,8836,36.2
2026-06-09 22:18:38,21799,8837,30.4
2026-06-09 22:18:40,21801,8838,26.0
2026-06-09 22:18:42,21803,8839,27.8
2026-06-09 22:18:44,21805,8840,33.7
2026-06-09 22:18:46,21807,8841,38.3
2026-06-09 22:18:48,21809,8842,32.6
2026-06-09 22:18:50,21811,8843,38.2
2026-06-09 22:18:52,21813,8844,37.0
2026-06-09 22:18:54,21815,8845,32.6
2026-06-09 22:18:56,21817,8846,37.5
2026-06-09 22:18:58,21819,8847,30.6
2026-06-09 22:19:00,21821,8848,45.2
2026-06-09 22:19:02,21823,8849,52.4
2026-06-09 22:19:04,21825,8850,24.8
2026-06-09 22:19:06,21827,8851,47.4
2026-06-09 22:19:08,21829,8852,24.0
2026-06-09 22:19:10,21831,8853,28.0
2026-06-09 22:19:12,21833,8854,39.5
2026-06-09 22:19:14,21835,8855,51.3
2026-06-09 22:19:16,21837,8856,40.1
2026-06-09 22:19:18,21839,8857,34.3
2026-06-09 22:19:20,21841,8858,33.7
2026-06-09 22:19:22,21843,8859,53.4
2026-06-09 22:19:24,21845,8860,103
2026-06-09 22:19:26,21847,8861,31.5
2026-06-09 22:19:28,21849,8862,30.1
2026-06-09 22:19:30,21851,8863,37.6
2026-06-09 22:19:32,21852,8864,38.4
2026-06-09 22:19:33,21854,8865,67.0
2026-06-09 22:19:35,21856,8866,54.8
2026-06-09 22:19:37,21858,8867,32.6
2026-06-09 22:19:39,21860,8868,38.6
2026-06-09 22:19:41,21862,8869,33.5
2026-06-09 22:19:43,21864,8870,34.4
2026-06-09 22:19:45,21866,8871,30.3
2026-06-09 22:19:47,21868,8872,51.6
2026-06-09 22:19:49,21870,8873,67.9
2026-06-09 22:19:51,21872,8874,41.0
2026-06-09 22:19:53,21874,8875,37.5
2026-06-09 22:19:55,21876,8876,15.8
2026-06-09 22:19:57,21878,8877,25.2
2026-06-09 22:19:59,21880,8878,31.1
2026-06-09 22:20:01,21882,8879,31.8
2026-06-09 22:20:03,21884,8880,32.2
2026-06-09 22:20:05,21886,8881,40.4
2026-06-09 22:20:07,21888,8882,45.6
2026-06-09 22:20:09,21890,8883,30.7
2026-06-09 22:20:11,21892,8884,39.5
2026-06-09 22:20:13,21894,8885,19.7
2026-06-09 22:20:15,21896,8886,40.7
2026-06-09 22:20:17,21898,8887,27.3
2026-06-09 22:20:18,21899,8888,38.5
2026-06-09 22:20:20,21901,8889,36.0
2026-06-09 22:20:22,21903,8890,35.5
2026-06-09 22:20:24,21905,8891,57.3
2026-06-09 22:20:26,21907,8892,25.5
2026-06-09 22:20:29,21910,8893,21.0
2026-06-09 22:20:31,21912,8894,22.1
2026-06-09 22:20:33,21914,8895,33.2
2026-06-09 22:20:35,21916,8896,27.0
2026-06-09 22:20:37,21918,8897,44.5
2026-06-09 22:20:39,21920,8898,27.2
2026-06-09 22:20:41,21922,8899,37.7
2026-06-09 22:20:43,21924,8900,54.5
2026-06-09 22:20:45,21926,8901,77.7
2026-06-09 22:20:47,21928,8902,28.7
2026-06-09 22:20:49,21930,8903,33.0
2026-06-09 22:20:51,21932,8904,51.7
2026-06-09 22:20:53,21934,8905,39.5
2026-06-09 22:20:55,21936,8906,43.7
2026-06-09 22:20:57,21938,8907,56.1
2026-06-09 22:20:59,21940,8908,56.4
2026-06-09 22:21:01,21942,8909,55.8
2026-06-09 22:21:03,21944,8910,25.1
2026-06-09 22:21:05,21946,8911,25.5
2026-06-09 22:21:07,21948,8912,36.4
2026-06-09 22:21:09,21950,8913,41.7
2026-06-09 22:21:11,21952,8914,28.0
2026-06-09 22:21:13,21954,8915,31.9
2026-06-09 22:21:14,21955,8916,39.3
2026-06-09 22:21:16,21957,8917,48.2
2026-06-09 22:21:18,21959,8918,57.2
2026-06-09 22:21:20,21961,8919,43.0
2026-06-09 22:21:22,21963,8920,53.7
2026-06-09 22:21:24,21965,8921,42.7
2026-06-09 22:21:26,21967,8922,37.2
2026-06-09 22:21:28,21969,8923,36.6
2026-06-09 22:21:30,21971,8924,26.5
2026-06-09 22:21:32,21973,8925,40.1
2026-06-09 22:21:34,21975,8926,30.5
2026-06-09 22:21:36,21977,8927,46.7
2026-06-09 22:21:38,21979,8928,48.5
2026-06-09 22:21:40,21981,8929,31.8
2026-06-09 22:21:42,21983,8930,57.4
2026-06-09 22:21:44,21985,8931,39.3
2026-06-09 22:21:46,21987,8932,48.6
2026-06-09 22:21:48,21989,8933,37.0
2026-06-09 22:21:50,21991,8934,49.6
2026-06-09 22:21:52,21993,8935,39.3
2026-06-09 22:21:54,21995,8936,38.3
2026-06-09 22:21:56,21997,8937,46.1
2026-06-09 22:21:58,21999,8938,65.8
2026-06-09 22:22:00,22001,8939,32.7
2026-06-09 22:22:02,22003,8940,23.2
2026-06-09 22:22:03,22004,8941,30.1
2026-06-09 22:22:05,22006,8942,21.6
2026-06-09 22:22:07,22008,8943,31.0
2026-06-09 22:22:09,22010,8944,32.0
2026-06-09 22:22:11,22012,8945,25.2
2026-06-09 22:22:13,22014,8946,48.0
2026-06-09 22:22:15,22016,8947,37.2
2026-06-09 22:22:17,22018,8948,43.6
2026-06-09 22:22:19,22020,8949,53.8
2026-06-09 22:22:21,22022,8950,52.1
2026-06-09 22:22:23,22024,8951,42.3
2026-06-09 22:22:25,22026,8952,31.6
2026-06-09 22:22:27,22028,8953,50.4
2026-06-09 22:22:29,22030,8954,31.3
2026-06-09 22:22:31,22032,8955,29.8
2026-06-09 22:22:33,22034,8956,44.8
2026-06-09 22:22:35,22036,8957,39.2
2026-06-09 22:22:37,22038,8958,27.9
2026-06-09 22:22:39,22040,8959,47.0
2026-06-09 22:22:41,22042,8960,31.4
2026-06-09 22:22:43,22044,8961,29.5
2026-06-09 22:22:45,22046,8962,23.1
2026-06-09 22:22:47,22048,8963,17.0
2026-06-09 22:22:49,22050,8964,35.3
2026-06-09 22:22:51,22052,8965,32.4
2026-06-09 22:22:53,22054,8966,43.3
2026-06-09 22:22:55,22056,8967,34.3
2026-06-09 22:22:57,22058,8968,38.3
2026-06-09 22:22:59,22060,8969,48.4
2026-06-09 22:23:01,22062,8970,28.0
2026-06-09 22:23:03,22064,8971,27.0
2026-06-09 22:23:05,22066,8972,38.3
2026-06-09 22:23:07,22068,8973,37.0
2026-06-09 22:23:09,22070,8974,36.2
2026-06-09 22:23:11,22072,8975,27.2
2026-06-09 22:23:13,22074,8976,44.6
2026-06-09 22:23:15,22076,8977,28.4
2026-06-09 22:23:17,22078,8978,40.2
2026-06-09 22:23:19,22080,8979,44.0
2026-06-09 22:23:21,22082,8980,36.5
2026-06-09 22:23:23,22084,8981,30.9
2026-06-09 22:23:25,22086,8982,40.6
2026-06-09 22:23:27,22088,8983,47.9
2026-06-09 22:23:29,22090,8984,25.2
2026-06-09 22:23:31,22092,8985,56.5
2026-06-09 22:23:33,22094,8986,35.3
2026-06-09 22:23:35,22096,8987,222
2026-06-09 22:23:37,22098,8988,25.0
2026-06-09 22:23:39,22100,8989,51.3
2026-06-09 22:23:41,22102,8990,37.9
2026-06-09 22:23:43,22104,8991,55.7
2026-06-09 22:23:45,22106,8992,52.7
2026-06-09 22:23:47,22108,8993,50.4
2026-06-09 22:23:49,22110,8994,225
2026-06-09 22:23:51,22112,8995,46.3
2026-06-09 22:23:53,22114,8996,33.7
2026-06-09 22:23:55,22116,8997,42.1
2026-06-09 22:23:57,22118,8998,80.8
2026-06-09 22:23:59,22120,8999,34.8
2026-06-09 22:24:01,22122,9000,40.5
2026-06-09 22:24:03,22124,9001,29.1
2026-06-09 22:24:05,22126,9002,29.1
2026-06-09 22:24:07,22128,9003,35.2
2026-06-09 22:24:09,22130,9004,31.7
2026-06-09 22:24:11,22132,9005,27.4
2026-06-09 22:24:13,22134,9006,30.3
2026-06-09 22:24:15,22136,9007,27.9
2026-06-09 22:24:17,22138,9008,59.3
2026-06-09 22:24:19,22140,9009,35.3
2026-06-09 22:24:21,22142,9010,28.3
2026-06-09 22:24:23,22144,9011,20.9
2026-06-09 22:24:25,22146,9012,36.0
2026-06-09 22:24:27,22148,9013,40.1
2026-06-09 22:24:29,22150,9014,38.5
2026-06-09 22:24:31,22152,9015,140
2026-06-09 22:24:33,22154,9016,39.1
2026-06-09 22:24:35,22156,9017,36.1
2026-06-09 22:24:37,22158,9018,26.8
2026-06-09 22:24:39,22160,9019,44.5
2026-06-09 22:24:41,22162,9020,43.0
2026-06-09 22:24:43,22164,9021,31.1
2026-06-09 22:24:45,22166,9022,29.1
2026-06-09 22:24:47,22168,9023,44.3
2026-06-09 22:24:49,22170,9024,42.0
2026-06-09 22:24:51,22172,9025,36.9
2026-06-09 22:24:53,22174,9026,39.6
2026-06-09 22:24:55,22176,9027,36.6
2026-06-09 22:24:57,22178,9028,42.7
2026-06-09 22:24:59,22180,9029,52.9
2026-06-09 22:25:01,22182,9030,28.8
2026-06-09 22:25:03,22184,9031,35.2
2026-06-09 22:25:05,22186,9032,42.3
2026-06-09 22:25:07,22188,9033,27.2
2026-06-09 22:25:09,22190,9034,36.1
2026-06-09 22:25:11,22192,9035,42.5
2026-06-09 22:25:13,22194,9036,29.7
2026-06-09 22:25:15,22196,9037,41.4
2026-06-09 22:25:16,22197,9038,36.0
2026-06-09 22:25:18,22199,9039,37.7
2026-06-09 22:25:20,22201,9040,27.5
2026-06-09 22:25:22,22203,9041,32.0
2026-06-09 22:25:24,22205,9042,24.6
2026-06-09 22:25:26,22207,9043,43.0
2026-06-09 22:25:28,22209,9044,47.5
2026-06-09 22:25:30,22211,9045,38.2
2026-06-09 22:25:32,22213,9046,38.0
2026-06-09 22:25:34,22215,9047,38.0
2026-06-09 22:25:36,22217,9048,37.0
2026-06-09 22:25:38,22219,9049,41.7
2026-06-09 22:25:40,22221,9050,30.1
2026-06-09 22:25:42,22223,9051,31.7
2026-06-09 22:25:44,22225,9052,43.3
2026-06-09 22:25:46,22227,9053,81.3
2026-06-09 22:25:48,22229,9054,39.8
2026-06-09 22:25:50,22231,9055,29.1
2026-06-09 22:25:52,22233,9056,31.2
2026-06-09 22:25:54,22235,9057,29.4
2026-06-09 22:25:56,22237,9058,22.3
2026-06-09 22:25:58,22239,9059,28.3
2026-06-09 22:25:59,22240,9060,22.3
2026-06-09 22:26:01,22242,9061,25.0
2026-06-09 22:26:03,22244,9062,36.8
2026-06-09 22:26:05,22246,9063,51.2
2026-06-09 22:26:07,22248,9064,32.3
2026-06-09 22:26:09,22250,9065,43.8
2026-06-09 22:26:11,22252,9066,37.2
2026-06-09 22:26:13,22254,9067,26.9
2026-06-09 22:26:15,22256,9068,46.9
2026-06-09 22:26:17,22258,9069,42.1
2026-06-09 22:26:19,22260,9070,27.4
2026-06-09 22:26:21,22262,9071,38.7
2026-06-09 22:26:23,22264,9072,55.9
2026-06-09 22:26:25,22266,9073,66.8
2026-06-09 22:26:27,22268,9074,34.8
2026-06-09 22:26:29,22270,9075,32.1
2026-06-09 22:26:31,22272,9076,55.0
2026-06-09 22:26:33,22274,9077,32.1
2026-06-09 22:26:35,22276,9078,44.3
2026-06-09 22:26:37,22278,9079,40.6
2026-06-09 22:26:39,22280,9080,44.2
2026-06-09 22:26:41,22282,9081,52.6
2026-06-09 22:26:43,22284,9082,37.5
2026-06-09 22:26:45,22286,9083,26.6
2026-06-09 22:26:47,22288,9084,43.4
2026-06-09 22:26:49,22290,9085,46.2
2026-06-09 22:26:51,22292,9086,26.3
2026-06-09 22:26:53,22294,9087,30.8
2026-06-09 22:26:55,22296,9088,114
2026-06-09 22:26:57,22298,9089,38.5
2026-06-09 22:26:59,22300,9090,66.1
2026-06-09 22:27:01,22302,9091,46.2
2026-06-09 22:27:03,22304,9092,32.4
2026-06-09 22:27:05,22306,9093,29.8
2026-06-09 22:27:07,22308,9094,55.7
2026-06-09 22:27:09,22310,9095,22.8
2026-06-09 22:27:10,22311,9096,48.6
2026-06-09 22:27:12,22313,9097,47.7
2026-06-09 22:27:15,22316,9098,36.3
2026-06-09 22:27:17,22318,9099,31.9
2026-06-09 22:27:19,22320,9100,36.7
2026-06-09 22:27:21,22322,9101,32.7
2026-06-09 22:27:23,22324,9102,41.9
2026-06-09 22:27:25,22326,9103,79.4
2026-06-09 22:27:28,22329,9104,53.8
2026-06-09 22:27:30,22331,9105,73.7
2026-06-09 22:27:32,22333,9106,71.9
2026-06-09 22:27:34,22335,9107,74.0
2026-06-09 22:27:36,22337,9108,49.5
2026-06-09 22:27:38,22339,9109,184
2026-06-09 22:27:41,22342,9110,28.8
2026-06-09 22:27:43,22344,9111,114
2026-06-09 22:27:45,22346,9112,35.4
2026-06-09 22:27:47,22348,9113,45.3
2026-06-09 22:27:49,22350,9114,16.1
2026-06-09 22:27:52,22353,9115,75.5
2026-06-09 22:27:54,22355,9116,44.7
2026-06-09 22:27:56,22357,9117,66.0
2026-06-09 22:27:58,22359,9118,33.9
2026-06-09 22:28:00,22361,9119,33.5
2026-06-09 22:28:02,22363,9120,24.1
2026-06-09 22:28:05,22366,9121,19.3
2026-06-09 22:28:07,22368,9122,33.8
2026-06-09 22:28:09,22370,9123,77.9
2026-06-09 22:28:11,22372,9124,33.7
2026-06-09 22:28:13,22374,9125,70.2
2026-06-09 22:28:15,22376,9126,37.5
2026-06-09 22:28:18,22379,9127,132
2026-06-09 22:28:20,22381,9128,38.8
2026-06-09 22:28:22,22383,9129,152
2026-06-09 22:28:24,22385,9130,38.8
2026-06-09 22:28:26,22387,9131,39.4
2026-06-09 22:28:28,22389,9132,52.7
2026-06-09 22:28:30,22391,9133,36.8
2026-06-09 22:28:32,22393,9134,34.9
2026-06-09 22:28:34,22395,9135,26.0
2026-06-09 22:28:37,22398,9136,46.7
2026-06-09 22:28:39,22400,9137,25.8
2026-06-09 22:28:41,22402,9138,33.7
2026-06-09 22:28:43,22404,9139,48.7
2026-06-09 22:28:45,22406,9140,45.3
2026-06-09 22:28:47,22408,9141,37.6
2026-06-09 22:28:49,22410,9142,50.1
2026-06-09 22:28:52,22413,9143,177
2026-06-09 22:28:54,22415,9144,114
2026-06-09 22:28:56,22417,9145,43.4
2026-06-09 22:28:58,22419,9146,31.8
2026-06-09 22:29:00,22421,9147,26.5
2026-06-09 22:29:02,22423,9148,27.7
2026-06-09 22:29:04,22425,9149,139
2026-06-09 22:29:06,22427,9150,32.7
2026-06-09 22:29:09,22430,9151,31.4
2026-06-09 22:29:11,22432,9152,26.7
2026-06-09 22:29:13,22434,9153,58.4
2026-06-09 22:29:15,22436,9154,33.2
2026-06-09 22:29:17,22438,9155,95.3
2026-06-09 22:29:19,22440,9156,45.1
2026-06-09 22:29:21,22442,9157,51.7
2026-06-09 22:29:23,22444,9158,55.7
2026-06-09 22:29:25,22446,9159,29.8
2026-06-09 22:29:28,22449,9160,23.5
2026-06-09 22:29:30,22451,9161,17.9
2026-06-09 22:29:32,22453,9162,47.0
2026-06-09 22:29:34,22455,9163,177
2026-06-09 22:29:36,22457,9164,24.9
2026-06-09 22:29:38,22459,9165,36.1
2026-06-09 22:29:40,22461,9166,21.3
2026-06-09 22:29:43,22464,9167,25.6
2026-06-09 22:29:45,22466,9168,39.4
2026-06-09 22:29:47,22468,9169,33.7
2026-06-09 22:29:49,22470,9170,25.0
2026-06-09 22:29:51,22472,9171,50.9
2026-06-09 22:29:53,22474,9172,46.8
2026-06-09 22:29:55,22476,9173,58.3
2026-06-09 22:29:57,22478,9174,43.4
2026-06-09 22:30:00,22481,9175,36.7
2026-06-09 22:30:02,22483,9176,54.9
2026-06-09 22:30:04,22485,9177,34.1
2026-06-09 22:30:06,22487,9178,39.1
2026-06-09 22:30:08,22489,9179,43.2
2026-06-09 22:30:10,22491,9180,45.4
2026-06-09 22:30:12,22493,9181,69.4
2026-06-09 22:30:15,22496,9182,39.4
2026-06-09 22:30:17,22498,9183,30.9
2026-06-09 22:30:19,22500,9184,39.1
2026-06-09 22:30:21,22502,9185,38.9
2026-06-09 22:30:23,22504,9186,31.9
2026-06-09 22:30:25,22506,9187,185
2026-06-09 22:30:27,22508,9188,32.7
2026-06-09 22:30:30,22511,9189,162
2026-06-09 22:30:32,22513,9190,39.1
2026-06-09 22:30:34,22515,9191,165
2026-06-09 22:30:36,22517,9192,49.9
2026-06-09 22:30:38,22519,9193,147
2026-06-09 22:30:40,22521,9194,41.4
2026-06-09 22:30:42,22523,9195,63.1
2026-06-09 22:30:44,22525,9196,35.3
2026-06-09 22:30:46,22527,9197,44.0
2026-06-09 22:30:49,22530,9198,163
2026-06-09 22:30:51,22532,9199,31.9
2026-06-09 22:30:53,22534,9200,35.1
2026-06-09 22:30:55,22536,9201,27.5
2026-06-09 22:30:57,22538,9202,40.5
2026-06-09 22:30:59,22540,9203,89.8
2026-06-09 22:31:01,22542,9204,189
2026-06-09 22:31:04,22545,9205,34.2
2026-06-09 22:31:06,22547,9206,39.7
2026-06-09 22:31:08,22549,9207,61.0
2026-06-09 22:31:10,22551,9208,152
2026-06-09 22:31:12,22553,9209,53.2
2026-06-09 22:31:14,22555,9210,199
2026-06-09 22:31:16,22557,9211,48.0
2026-06-09 22:31:18,22559,9212,62.3
2026-06-09 22:31:21,22562,9213,60.9
2026-06-09 22:31:23,22564,9214,62.7
2026-06-09 22:31:25,22566,9215,28.6
2026-06-09 22:31:27,22568,9216,159
2026-06-09 22:31:29,22570,9217,99.1
2026-06-09 22:31:31,22572,9218,117
2026-06-09 22:31:33,22574,9219,44.1
2026-06-09 22:31:36,22577,9220,85.9
2026-06-09 22:31:38,22579,9221,186
2026-06-09 22:31:40,22581,9222,180
2026-06-09 22:31:42,22583,9223,40.9
2026-06-09 22:31:44,22585,9224,37.7
2026-06-09 22:31:47,22587,9225,56.6
2026-06-09 22:31:49,22590,9226,44.6
2026-06-09 22:31:51,22592,9227,15.9
2026-06-09 22:31:53,22594,9228,125
2026-06-09 22:31:55,22596,9229,41.5
2026-06-09 22:31:57,22598,9230,149
2026-06-09 22:32:00,22601,9231,34.4
2026-06-09 22:32:02,22603,9232,29.4
2026-06-09 22:32:04,22605,9233,141
2026-06-09 22:32:06,22607,9234,56.4
2026-06-09 22:32:08,22609,9235,27.5
2026-06-09 22:32:10,22611,9236,48.5
2026-06-09 22:32:12,22613,9237,40.2
2026-06-09 22:32:14,22615,9238,39.5
2026-06-09 22:32:16,22617,9239,31.0
2026-06-09 22:32:19,22620,9240,36.7
2026-06-09 22:32:21,22622,9241,40.0
2026-06-09 22:32:23,22624,9242,194
2026-06-09 22:32:25,22626,9243,193
2026-06-09 22:32:27,22628,9244,23.2
2026-06-09 22:32:29,22630,9245,47.1
2026-06-09 22:32:31,22632,9246,84.1
2026-06-09 22:32:34,22635,9247,61.3
2026-06-09 22:32:36,22637,9248,37.0
2026-06-09 22:32:38,22639,9249,51.5
2026-06-09 22:32:40,22641,9250,149
2026-06-09 22:32:42,22643,9251,63.1
2026-06-09 22:32:44,22645,9252,178
2026-06-09 22:32:46,22647,9253,39.8
2026-06-09 22:32:49,22650,9254,27.2
2026-06-09 22:32:51,22652,9255,32.2
2026-06-09 22:32:53,22654,9256,30.3
2026-06-09 22:32:55,22656,9257,44.0
2026-06-09 22:32:57,22658,9258,133
2026-06-09 22:32:59,22660,9259,36.6
2026-06-09 22:33:01,22662,9260,26.9
2026-06-09 22:33:03,22664,9261,31.6
2026-06-09 22:33:05,22665,9262,34.4
2026-06-09 22:33:07,22668,9263,42.3
2026-06-09 22:33:09,22670,9264,24.7
2026-06-09 22:33:11,22672,9265,30.8
2026-06-09 22:33:13,22674,9266,32.7
2026-06-09 22:33:15,22676,9267,39.1
2026-06-09 22:33:17,22678,9268,34.2
2026-06-09 22:33:19,22680,9269,35.3
2026-06-09 22:33:21,22682,9270,27.7
2026-06-09 22:33:23,22684,9271,32.6
2026-06-09 22:33:25,22686,9272,40.1
2026-06-09 22:33:27,22688,9273,31.8
2026-06-09 22:33:29,22690,9274,38.9
2026-06-09 22:33:31,22692,9275,51.1
2026-06-09 22:33:33,22694,9276,42.0
2026-06-09 22:33:35,22696,9277,31.7
2026-06-09 22:33:37,22698,9278,47.4
2026-06-09 22:33:39,22700,9279,26.0
2026-06-09 22:33:41,22702,9280,26.5
2026-06-09 22:33:43,22704,9281,27.2
2026-06-09 22:33:45,22706,9282,40.2
2026-06-09 22:33:47,22708,9283,38.1
2026-06-09 22:33:49,22710,9284,34.7
2026-06-09 22:33:51,22712,9285,36.4
2026-06-09 22:33:53,22714,9286,43.9
2026-06-09 22:33:55,22716,9287,24.7
2026-06-09 22:33:57,22718,9288,58.1
2026-06-09 22:33:59,22720,9289,149
2026-06-09 22:34:01,22722,9290,27.6
2026-06-09 22:34:03,22724,9291,35.1
2026-06-09 22:34:06,22727,9292,124
2026-06-09 22:34:08,22729,9293,34.0
2026-06-09 22:34:10,22731,9294,137
2026-06-09 22:34:12,22733,9295,28.1
2026-06-09 22:34:14,22735,9296,26.7
2026-06-09 22:34:16,22737,9297,55.6
2026-06-09 22:34:18,22739,9298,28.1
2026-06-09 22:34:20,22741,9299,129
2026-06-09 22:34:23,22744,9300,34.6
2026-06-09 22:34:25,22746,9301,48.2
2026-06-09 22:34:27,22748,9302,12.9
2026-06-09 22:34:29,22750,9303,33.4
2026-06-09 22:34:31,22752,9304,155
2026-06-09 22:34:33,22754,9305,39.4
2026-06-09 22:34:35,22756,9306,22.4
2026-06-09 22:34:37,22758,9307,42.7
2026-06-09 22:34:39,22760,9308,33.9
2026-06-09 22:34:42,22763,9309,24.4
2026-06-09 22:34:44,22765,9310,94.2
2026-06-09 22:34:46,22767,9311,16.1
2026-06-09 22:34:48,22769,9312,53.2
2026-06-09 22:34:50,22771,9313,36.7
2026-06-09 22:34:52,22773,9314,35.9
2026-06-09 22:34:54,22775,9315,34.4
2026-06-09 22:34:56,22777,9316,33.9
2026-06-09 22:34:58,22779,9317,120
2026-06-09 22:35:01,22782,9318,155
2026-06-09 22:35:03,22784,9319,40.6
2026-06-09 22:35:05,22786,9320,52.9
2026-06-09 22:35:07,22788,9321,26.4
2026-06-09 22:35:09,22790,9322,159
2026-06-09 22:35:11,22792,9323,113
2026-06-09 22:35:13,22794,9324,52.0
2026-06-09 22:35:16,22797,9325,42.6
2026-06-09 22:35:18,22799,9326,42.3
2026-06-09 22:35:20,22801,9327,26.4
2026-06-09 22:35:22,22803,9328,43.8
2026-06-09 22:35:24,22805,9329,36.3
2026-06-09 22:35:26,22807,9330,26.4
2026-06-09 22:35:29,22810,9331,48.8
2026-06-09 22:35:31,22812,9332,43.3
2026-06-09 22:35:33,22814,9333,52.5
2026-06-09 22:35:35,22816,9334,32.4
2026-06-09 22:35:37,22818,9335,80.7
2026-06-09 22:35:39,22820,9336,56.5
2026-06-09 22:35:41,22822,9337,29.0
2026-06-09 22:35:43,22824,9338,20.3
2026-06-09 22:35:46,22827,9339,139
2026-06-09 22:35:48,22829,9340,57.5
2026-06-09 22:35:50,22831,9341,146
2026-06-09 22:35:52,22833,9342,151
2026-06-09 22:35:54,22835,9343,57.4
2026-06-09 22:35:56,22837,9344,57.0
2026-06-09 22:35:59,22840,9345,53.3
2026-06-09 22:36:01,22842,9346,34.4
2026-06-09 22:36:03,22844,9347,25.2
2026-06-09 22:36:05,22846,9348,36.1
2026-06-09 22:36:07,22848,9349,31.9
2026-06-09 22:36:09,22850,9350,52.9
2026-06-09 22:36:11,22852,9351,31.2
2026-06-09 22:36:13,22854,9352,47.2
2026-06-09 22:36:16,22857,9353,24.7
2026-06-09 22:36:18,22859,9354,30.4
2026-06-09 22:36:20,22861,9355,39.0
2026-06-09 22:36:22,22863,9356,31.6
2026-06-09 22:36:24,22865,9357,38.8
2026-06-09 22:36:26,22867,9358,41.1
2026-06-09 22:36:29,22870,9359,27.6
2026-06-09 22:36:31,22872,9360,22.3
2026-06-09 22:36:33,22874,9361,63.2
2026-06-09 22:36:35,22876,9362,46.9
2026-06-09 22:36:37,22878,9363,84.5
2026-06-09 22:36:40,22881,9364,17.8
2026-06-09 22:36:42,22883,9365,154
2026-06-09 22:36:44,22885,9366,28.1
2026-06-09 22:36:46,22887,9367,136
2026-06-09 22:36:48,22889,9368,112
2026-06-09 22:36:51,22892,9369,44.5
2026-06-09 22:36:53,22894,9370,28.1
2026-06-09 22:36:55,22896,9371,27.9
2026-06-09 22:36:57,22898,9372,21.6
2026-06-09 22:37:00,22901,9373,30.4
2026-06-09 22:37:02,22903,9374,115
2026-06-09 22:37:04,22905,9375,24.1
2026-06-09 22:37:06,22907,9376,38.8
2026-06-09 22:37:08,22909,9377,36.0
2026-06-09 22:37:10,22911,9378,47.1
2026-06-09 22:37:12,22913,9379,31.4
2026-06-09 22:37:14,22915,9380,47.4
2026-06-09 22:37:16,22917,9381,34.2
2026-06-09 22:37:18,22919,9382,56.9
2026-06-09 22:37:20,22921,9383,22.7
2026-06-09 22:37:22,22923,9384,44.3
2026-06-09 22:37:24,22925,9385,46.7
2026-06-09 22:37:26,22927,9386,36.7
2026-06-09 22:37:28,22929,9387,24.2
2026-06-09 22:37:30,22931,9388,43.4
2026-06-09 22:37:32,22933,9389,39.2
2026-06-09 22:37:34,22935,9390,51.4
2026-06-09 22:37:36,22937,9391,19.2
2026-06-09 22:37:39,22940,9392,32.8
2026-06-09 22:37:41,22942,9393,28.5
2026-06-09 22:37:43,22944,9394,32.1
2026-06-09 22:37:45,22946,9395,29.8
2026-06-09 22:37:47,22948,9396,32.0
2026-06-09 22:37:49,22950,9397,90.9
2026-06-09 22:37:51,22952,9398,86.3
2026-06-09 22:37:53,22954,9399,67.3
2026-06-09 22:37:55,22956,9400,41.4
2026-06-09 22:37:58,22959,9401,43.5
2026-06-09 22:38:00,22961,9402,25.5
2026-06-09 22:38:02,22963,9403,124
2026-06-09 22:38:04,22965,9404,38.1
2026-06-09 22:38:06,22967,9405,40.3
2026-06-09 22:38:08,22969,9406,60.1
2026-06-09 22:38:10,22971,9407,63.1
2026-06-09 22:38:12,22973,9408,42.5
2026-06-09 22:38:15,22976,9409,55.6
2026-06-09 22:38:17,22978,9410,150
2026-06-09 22:38:19,22980,9411,150
2026-06-09 22:38:21,22982,9412,30.6
2026-06-09 22:38:23,22984,9413,28.0
2026-06-09 22:38:25,22986,9414,35.2
2026-06-09 22:38:27,22988,9415,34.2
2026-06-09 22:38:30,22991,9416,80.0
2026-06-09 22:38:32,22993,9417,40.7
2026-06-09 22:38:34,22995,9418,32.0
2026-06-09 22:38:36,22997,9419,32.5
2026-06-09 22:38:38,22999,9420,139
2026-06-09 22:38:40,23001,9421,75.6
2026-06-09 22:38:43,23003,9422,52.5
2026-06-09 22:38:45,23006,9423,47.1
2026-06-09 22:38:47,23008,9424,36.4
2026-06-09 22:38:49,23010,9425,44.3
2026-06-09 22:38:51,23012,9426,66.6
2026-06-09 22:38:53,23014,9427,31.9
2026-06-09 22:38:56,23017,9428,43.2
2026-06-09 22:38:58,23019,9429,26.2
2026-06-09 22:39:00,23021,9430,150
2026-06-09 22:39:02,23023,9431,43.6
2026-06-09 22:39:04,23025,9432,22.5
2026-06-09 22:39:06,23027,9433,42.5
2026-06-09 22:39:09,23030,9434,37.7
2026-06-09 22:39:11,23032,9435,164
2026-06-09 22:39:13,23034,9436,30.5
2026-06-09 22:39:15,23036,9437,82.0
2026-06-09 22:39:18,23039,9438,109
2026-06-09 22:39:20,23041,9439,43.1
2026-06-09 22:39:22,23043,9440,17.7
2026-06-09 22:39:24,23045,9441,34.4
2026-06-09 22:39:26,23047,9442,38.8
2026-06-09 22:39:28,23049,9443,45.3
2026-06-09 22:39:30,23051,9444,36.2
2026-06-09 22:39:32,23053,9445,27.4
2026-06-09 22:39:34,23055,9446,35.5
2026-06-09 22:39:36,23057,9447,15.2
2026-06-09 22:39:38,23059,9448,202
2026-06-09 22:39:41,23061,9449,53.0
2026-06-09 22:39:43,23064,9450,51.7
2026-06-09 22:39:45,23066,9451,99.7
2026-06-09 22:39:47,23068,9452,28.3
2026-06-09 22:39:49,23070,9453,42.2
2026-06-09 22:39:51,23072,9454,36.8
2026-06-09 22:39:53,23074,9455,129
2026-06-09 22:39:56,23077,9456,94.2
2026-06-09 22:39:58,23079,9457,30.3
2026-06-09 22:40:00,23081,9458,32.5
2026-06-09 22:40:02,23083,9459,178
2026-06-09 22:40:04,23085,9460,54.1
2026-06-09 22:40:06,23087,9461,96.0
2026-06-09 22:40:08,23089,9462,39.5
2026-06-09 22:40:10,23091,9463,139
2026-06-09 22:40:12,23093,9464,53.4
2026-06-09 22:40:15,23096,9465,19.7
2026-06-09 22:40:17,23098,9466,40.9
2026-06-09 22:40:19,23100,9467,36.8
2026-06-09 22:40:21,23102,9468,42.1
2026-06-09 22:40:23,23104,9469,57.6
2026-06-09 22:40:25,23106,9470,131
2026-06-09 22:40:27,23108,9471,34.4
2026-06-09 22:40:29,23110,9472,141
2026-06-09 22:40:31,23112,9473,31.2
2026-06-09 22:40:33,23114,9474,27.3
2026-06-09 22:40:36,23117,9475,57.5
2026-06-09 22:40:38,23119,9476,32.3
2026-06-09 22:40:40,23121,9477,36.2
2026-06-09 22:40:42,23123,9478,39.4
2026-06-09 22:40:44,23125,9479,39.0
2026-06-09 22:40:46,23127,9480,141
2026-06-09 22:40:48,23129,9481,29.7
2026-06-09 22:40:50,23131,9482,36.1
2026-06-09 22:40:52,23133,9483,45.7
2026-06-09 22:40:55,23136,9484,150
2026-06-09 22:40:57,23138,9485,124
2026-06-09 22:40:59,23140,9486,99.4
2026-06-09 22:41:01,23142,9487,28.3
2026-06-09 22:41:03,23144,9488,45.6
2026-06-09 22:41:05,23146,9489,130
2026-06-09 22:41:07,23148,9490,30.2
2026-06-09 22:41:09,23150,9491,41.2
2026-06-09 22:41:12,23153,9492,44.2
2026-06-09 22:41:14,23155,9493,23.9
2026-06-09 22:41:16,23157,9494,25.2
2026-06-09 22:41:18,23159,9495,50.0
2026-06-09 22:41:20,23161,9496,23.8
2026-06-09 22:41:22,23163,9497,61.4
2026-06-09 22:41:24,23165,9498,26.1
2026-06-09 22:41:26,23167,9499,37.5
2026-06-09 22:41:29,23170,9500,33.0
2026-06-09 22:41:31,23172,9501,28.6
2026-06-09 22:41:33,23174,9502,24.5
2026-06-09 22:41:35,23176,9503,50.7
2026-06-09 22:41:37,23178,9504,44.7
2026-06-09 22:41:39,23180,9505,61.4
2026-06-09 22:41:41,23182,9506,26.6
2026-06-09 22:41:43,23184,9507,29.9
2026-06-09 22:41:45,23186,9508,35.6
2026-06-09 22:41:47,23188,9509,25.4
2026-06-09 22:41:49,23190,9510,45.2
2026-06-09 22:41:52,23193,9511,202
2026-06-09 22:41:54,23195,9512,21.2
2026-06-09 22:41:56,23197,9513,60.2
2026-06-09 22:41:58,23199,9514,68.3
2026-06-09 22:42:00,23201,9515,29.5
2026-06-09 22:42:02,23203,9516,71.6
2026-06-09 22:42:04,23205,9517,51.3
2026-06-09 22:42:06,23207,9518,60.1
2026-06-09 22:42:08,23209,9519,33.9
2026-06-09 22:42:10,23211,9520,106
2026-06-09 22:42:12,23213,9521,116
2026-06-09 22:42:14,23215,9522,40.5
2026-06-09 22:42:17,23218,9523,59.9
2026-06-09 22:42:19,23220,9524,103
2026-06-09 22:42:21,23222,9525,44.3
2026-06-09 22:42:23,23224,9526,32.0
2026-06-09 22:42:25,23226,9527,40.4
2026-06-09 22:42:27,23228,9528,56.0
2026-06-09 22:42:29,23230,9529,145
2026-06-09 22:42:31,23232,9530,56.7
2026-06-09 22:42:33,23234,9531,91.1
2026-06-09 22:42:35,23236,9532,90.9
2026-06-09 22:42:38,23239,9533,56.6
2026-06-09 22:42:40,23241,9534,71.3
2026-06-09 22:42:42,23243,9535,166
2026-06-09 22:42:44,23245,9536,27.3
2026-06-09 22:42:46,23247,9537,27.1
2026-06-09 22:42:48,23249,9538,45.8
2026-06-09 22:42:50,23251,9539,55.1
2026-06-09 22:42:52,23253,9540,77.3
2026-06-09 22:42:54,23255,9541,38.2
2026-06-09 22:42:56,23257,9542,92.6
2026-06-09 22:42:58,23259,9543,36.3
2026-06-09 22:43:00,23261,9544,36.5
2026-06-09 22:43:03,23264,9545,31.4
2026-06-09 22:43:05,23266,9546,46.3
2026-06-09 22:43:07,23268,9547,107
2026-06-09 22:43:09,23270,9548,33.2
2026-06-09 22:43:11,23272,9549,170
2026-06-09 22:43:13,23274,9550,56.3
2026-06-09 22:43:15,23276,9551,103
2026-06-09 22:43:17,23278,9552,27.9
2026-06-09 22:43:20,23281,9553,44.1
2026-06-09 22:43:22,23283,9554,31.4
2026-06-09 22:43:24,23285,9555,52.5
2026-06-09 22:43:26,23287,9556,40.7
2026-06-09 22:43:28,23289,9557,64.0
2026-06-09 22:43:30,23291,9558,66.4
2026-06-09 22:43:32,23293,9559,30.1
2026-06-09 22:43:34,23295,9560,39.4
2026-06-09 22:43:36,23297,9561,83.3
2026-06-09 22:43:39,23300,9562,61.5
2026-06-09 22:43:41,23302,9563,83.1
2026-06-09 22:43:43,23304,9564,65.6
2026-06-09 22:43:45,23306,9565,40.3
2026-06-09 22:43:47,23308,9566,29.1
2026-06-09 22:43:49,23310,9567,149
2026-06-09 22:43:51,23312,9568,27.1
2026-06-09 22:43:53,23314,9569,172
2026-06-09 22:43:55,23316,9570,29.0
2026-06-09 22:43:57,23318,9571,61.3
2026-06-09 22:43:59,23320,9572,109
2026-06-09 22:44:02,23323,9573,31.5
2026-06-09 22:44:04,23325,9574,146
2026-06-09 22:44:06,23327,9575,158
2026-06-09 22:44:08,23329,9576,34.1
2026-06-09 22:44:10,23331,9577,45.7
2026-06-09 22:44:12,23333,9578,29.0
2026-06-09 22:44:14,23335,9579,101
2026-06-09 22:44:16,23337,9580,125
2026-06-09 22:44:18,23339,9581,166
2026-06-09 22:44:20,23341,9582,39.5
2026-06-09 22:44:23,23344,9583,36.2
2026-06-09 22:44:25,23346,9584,156
2026-06-09 22:44:27,23348,9585,37.4
2026-06-09 22:44:29,23350,9586,47.4
2026-06-09 22:44:31,23352,9587,54.6
2026-06-09 22:44:33,23354,9588,48.8
2026-06-09 22:44:35,23356,9589,34.1
2026-06-09 22:44:38,23359,9590,31.9
2026-06-09 22:44:40,23361,9591,152
2026-06-09 22:44:42,23363,9592,154
2026-06-09 22:44:44,23365,9593,63.4
2026-06-09 22:44:46,23367,9594,45.7
2026-06-09 22:44:48,23369,9595,59.8
2026-06-09 22:44:50,23371,9596,46.0
2026-06-09 22:44:53,23374,9597,157
2026-06-09 22:44:55,23376,9598,47.0
2026-06-09 22:44:57,23378,9599,76.5
2026-06-09 22:44:59,23380,9600,32.9
2026-06-09 22:45:01,23382,9601,132
2026-06-09 22:45:03,23384,9602,143
2026-06-09 22:45:05,23386,9603,59.4
2026-06-09 22:45:08,23389,9604,114
2026-06-09 22:45:10,23391,9605,36.4
2026-06-09 22:45:12,23393,9606,51.9
2026-06-09 22:45:14,23395,9607,51.5
2026-06-09 22:45:16,23397,9608,171
2026-06-09 22:45:18,23399,9609,60.8
2026-06-09 22:45:20,23401,9610,37.9
2026-06-09 22:45:22,23403,9611,46.8
2026-06-09 22:45:25,23406,9612,68.3
2026-06-09 22:45:27,23408,9613,41.3
2026-06-09 22:45:29,23410,9614,28.4
2026-06-09 22:45:31,23412,9615,45.6
2026-06-09 22:45:33,23414,9616,26.9
2026-06-09 22:45:35,23416,9617,57.0
2026-06-09 22:45:37,23418,9618,20.1
2026-06-09 22:45:39,23420,9619,126
2026-06-09 22:45:42,23423,9620,117
2026-06-09 22:45:44,23425,9621,48.7
2026-06-09 22:45:46,23427,9622,65.5
2026-06-09 22:45:48,23429,9623,29.7
2026-06-09 22:45:50,23431,9624,46.1
2026-06-09 22:45:52,23433,9625,65.2
2026-06-09 22:45:54,23435,9626,33.5
2026-06-09 22:45:56,23437,9627,28.6
2026-06-09 22:45:58,23439,9628,151
2026-06-09 22:46:01,23442,9629,51.1
2026-06-09 22:46:03,23444,9630,35.9
2026-06-09 22:46:05,23446,9631,140
2026-06-09 22:46:07,23448,9632,46.3
2026-06-09 22:46:09,23450,9633,123
2026-06-09 22:46:11,23452,9634,31.1
2026-06-09 22:46:13,23454,9635,37.6
2026-06-09 22:46:15,23456,9636,115
2026-06-09 22:46:17,23458,9637,67.6
2026-06-09 22:46:20,23461,9638,24.0
2026-06-09 22:46:22,23463,9639,54.7
2026-06-09 22:46:24,23465,9640,59.8
2026-06-09 22:46:26,23467,9641,50.4
2026-06-09 22:46:28,23469,9642,48.3
2026-06-09 22:46:30,23471,9643,53.3
2026-06-09 22:46:32,23473,9644,56.3
2026-06-09 22:46:34,23475,9645,55.2
2026-06-09 22:46:36,23477,9646,81.5
2026-06-09 22:46:38,23479,9647,81.2
2026-06-09 22:46:41,23482,9648,19.3
2026-06-09 22:46:43,23484,9649,52.0
2026-06-09 22:46:45,23486,9650,41.1
2026-06-09 22:46:47,23488,9651,137
2026-06-09 22:46:49,23490,9652,223
2026-06-09 22:46:51,23492,9653,29.7
2026-06-09 22:46:53,23494,9654,122
2026-06-09 22:46:55,23496,9655,56.4
2026-06-09 22:46:58,23499,9656,28.0
2026-06-09 22:47:00,23501,9657,51.6
2026-06-09 22:47:02,23503,9658,45.0
2026-06-09 22:47:04,23505,9659,29.2
2026-06-09 22:47:06,23507,9660,148
2026-06-09 22:47:08,23509,9661,20.7
2026-06-09 22:47:10,23511,9662,160
2026-06-09 22:47:12,23513,9663,29.6
2026-06-09 22:47:14,23515,9664,39.3
2026-06-09 22:47:17,23518,9665,28.4
2026-06-09 22:47:19,23520,9666,26.1
2026-06-09 22:47:21,23522,9667,142
2026-06-09 22:47:23,23524,9668,41.2
2026-06-09 22:47:25,23526,9669,49.5
2026-06-09 22:47:27,23528,9670,21.6
2026-06-09 22:47:29,23530,9671,133
2026-06-09 22:47:31,23532,9672,41.7
2026-06-09 22:47:34,23535,9673,35.5
2026-06-09 22:47:36,23537,9674,43.7
2026-06-09 22:47:38,23539,9675,51.2
2026-06-09 22:47:40,23541,9676,126
2026-06-09 22:47:42,23543,9677,72.1
2026-06-09 22:47:44,23545,9678,68.0
2026-06-09 22:47:46,23547,9679,34.5
2026-06-09 22:47:48,23549,9680,104
2026-06-09 22:47:51,23552,9681,132
2026-06-09 22:47:53,23554,9682,39.0
2026-06-09 22:47:55,23556,9683,147
2026-06-09 22:47:57,23558,9684,51.3
2026-06-09 22:47:59,23560,9685,58.7
2026-06-09 22:48:01,23562,9686,28.8
2026-06-09 22:48:03,23564,9687,88.8
2026-06-09 22:48:05,23566,9688,45.4
2026-06-09 22:48:07,23568,9689,73.6
2026-06-09 22:48:09,23570,9690,30.1
2026-06-09 22:48:12,23573,9691,36.3
2026-06-09 22:48:14,23575,9692,26.6
2026-06-09 22:48:16,23577,9693,31.0
2026-06-09 22:48:18,23579,9694,33.6
2026-06-09 22:48:20,23581,9695,62.8
2026-06-09 22:48:22,23583,9696,41.3
2026-06-09 22:48:24,23585,9697,47.4
2026-06-09 22:48:26,23587,9698,31.1
2026-06-09 22:48:28,23589,9699,52.4
2026-06-09 22:48:31,23592,9700,34.5
2026-06-09 22:48:33,23594,9701,40.6
2026-06-09 22:48:35,23596,9702,36.3
2026-06-09 22:48:37,23598,9703,22.0
2026-06-09 22:48:39,23600,9704,126
2026-06-09 22:48:41,23602,9705,54.1
2026-06-09 22:48:43,23604,9706,41.7
2026-06-09 22:48:46,23607,9707,91.6
2026-06-09 22:48:48,23609,9708,50.8
2026-06-09 22:48:50,23611,9709,38.4
2026-06-09 22:48:52,23613,9710,47.8
2026-06-09 22:48:54,23615,9711,38.5
2026-06-09 22:48:56,23617,9712,49.4
2026-06-09 22:48:59,23620,9713,152
2026-06-09 22:49:01,23622,9714,37.1
2026-06-09 22:49:03,23624,9715,46.9
2026-06-09 22:49:05,23626,9716,70.5
2026-06-09 22:49:07,23628,9717,27.9
2026-06-09 22:49:09,23630,9718,42.6
2026-06-09 22:49:11,23632,9719,26.1
2026-06-09 22:49:14,23635,9720,52.3
2026-06-09 22:49:16,23637,9721,43.8
2026-06-09 22:49:18,23639,9722,40.6
2026-06-09 22:49:20,23641,9723,54.7
2026-06-09 22:49:22,23643,9724,31.5
2026-06-09 22:49:24,23645,9725,32.9
2026-06-09 22:49:26,23647,9726,33.5
2026-06-09 22:49:29,23650,9727,54.6
2026-06-09 22:49:31,23652,9728,25.0
2026-06-09 22:49:33,23654,9729,134
2026-06-09 22:49:35,23656,9730,123
2026-06-09 22:49:37,23658,9731,120
2026-06-09 22:49:39,23660,9732,47.0
2026-06-09 22:49:41,23662,9733,146
2026-06-09 22:49:43,23664,9734,19.9
2026-06-09 22:49:46,23667,9735,46.1
2026-06-09 22:49:48,23669,9736,52.1
2026-06-09 22:49:50,23671,9737,159
2026-06-09 22:49:52,23673,9738,42.1
2026-06-09 22:49:54,23675,9739,29.2
2026-06-09 22:49:56,23677,9740,48.8
2026-06-09 22:49:58,23679,9741,40.4
2026-06-09 22:50:01,23682,9742,21.5
2026-06-09 22:50:03,23684,9743,43.1
2026-06-09 22:50:05,23686,9744,54.8
2026-06-09 22:50:07,23688,9745,28.2
2026-06-09 22:50:09,23690,9746,39.0
2026-06-09 22:50:11,23692,9747,51.9
2026-06-09 22:50:13,23694,9748,92.5
2026-06-09 22:50:15,23696,9749,84.5
2026-06-09 22:50:17,23698,9750,41.3
2026-06-09 22:50:20,23701,9751,33.3
2026-06-09 22:50:22,23703,9752,32.5
2026-06-09 22:50:24,23705,9753,108
2026-06-09 22:50:26,23707,9754,81.4
2026-06-09 22:50:28,23709,9755,36.0
2026-06-09 22:50:30,23711,9756,47.1
2026-06-09 22:50:32,23713,9757,70.1
2026-06-09 22:50:35,23716,9758,50.0
2026-06-09 22:50:37,23718,9759,36.4
2026-06-09 22:50:39,23720,9760,71.6
2026-06-09 22:50:41,23722,9761,23.6
2026-06-09 22:50:43,23724,9762,38.6
2026-06-09 22:50:45,23726,9763,100
2026-06-09 22:50:48,23729,9764,144
2026-06-09 22:50:50,23731,9765,27.2
2026-06-09 22:50:52,23733,9766,54.0
2026-06-09 22:50:54,23735,9767,42.9
2026-06-09 22:50:56,23737,9768,41.8
2026-06-09 22:50:58,23739,9769,52.7
2026-06-09 22:51:00,23741,9770,43.5
2026-06-09 22:51:02,23743,9771,33.3
2026-06-09 22:51:04,23745,9772,44.0
2026-06-09 22:51:06,23747,9773,29.1
2026-06-09 22:51:08,23749,9774,21.5
2026-06-09 22:51:10,23751,9775,40.8
2026-06-09 22:51:12,23753,9776,33.5
2026-06-09 22:51:14,23755,9777,28.3
2026-06-09 22:51:16,23757,9778,42.7
2026-06-09 22:51:18,23759,9779,67.1
2026-06-09 22:51:20,23761,9780,43.6
2026-06-09 22:51:23,23764,9781,37.3
2026-06-09 22:51:25,23766,9782,47.1
2026-06-09 22:51:27,23768,9783,44.9
2026-06-09 22:51:29,23770,9784,40.8
2026-06-09 22:51:31,23772,9785,245
2026-06-09 22:51:33,23774,9786,44.7
2026-06-09 22:51:35,23776,9787,114
2026-06-09 22:51:37,23778,9788,111
2026-06-09 22:51:40,23781,9789,67.1
2026-06-09 22:51:42,23783,9790,72.1
2026-06-09 22:51:44,23785,9791,40.2
2026-06-09 22:51:46,23787,9792,179
2026-06-09 22:51:48,23789,9793,22.6
2026-06-09 22:51:50,23791,9794,24.9
2026-06-09 22:51:52,23793,9795,138
2026-06-09 22:51:55,23796,9796,25.4
2026-06-09 22:51:57,23798,9797,148
2026-06-09 22:51:59,23800,9798,40.6
2026-06-09 22:52:01,23802,9799,142
2026-06-09 22:52:03,23804,9800,36.4
2026-06-09 22:52:05,23806,9801,20.8
2026-06-09 22:52:08,23809,9802,66.0
2026-06-09 22:52:10,23811,9803,32.7
2026-06-09 22:52:12,23813,9804,35.7
2026-06-09 22:52:14,23815,9805,41.3
2026-06-09 22:52:16,23817,9806,41.9
2026-06-09 22:52:18,23819,9807,83.2
2026-06-09 22:52:21,23822,9808,50.2
2026-06-09 22:52:23,23824,9809,66.0
2026-06-09 22:52:25,23826,9810,32.3
2026-06-09 22:52:27,23828,9811,40.2
2026-06-09 22:52:29,23830,9812,28.0
2026-06-09 22:52:32,23833,9813,42.2
2026-06-09 22:52:34,23835,9814,48.0
2026-06-09 22:52:36,23837,9815,107
2026-06-09 22:52:38,23839,9816,55.4
2026-06-09 22:52:40,23841,9817,43.1
2026-06-09 22:52:43,23844,9818,27.9
2026-06-09 22:52:45,23846,9819,46.7
2026-06-09 22:52:47,23848,9820,29.7
2026-06-09 22:52:49,23850,9821,61.6
2026-06-09 22:52:51,23852,9822,25.9
2026-06-09 22:52:54,23855,9823,122
2026-06-09 22:52:56,23857,9824,19.0
2026-06-09 22:52:58,23859,9825,34.8
2026-06-09 22:53:00,23861,9826,29.3
2026-06-09 22:53:02,23863,9827,48.1
2026-06-09 22:53:04,23865,9828,48.8
2026-06-09 22:53:07,23868,9829,44.8
2026-06-09 22:53:09,23870,9830,62.5
2026-06-09 22:53:11,23872,9831,32.0
2026-06-09 22:53:13,23874,9832,69.7
2026-06-09 22:53:15,23876,9833,48.0
2026-06-09 22:53:18,23879,9834,48.0
2026-06-09 22:53:20,23881,9835,55.7
2026-06-09 22:53:22,23883,9836,87.5
2026-06-09 22:53:24,23885,9837,121
2026-06-09 22:53:26,23887,9838,71.0
2026-06-09 22:53:29,23890,9839,216
2026-06-09 22:53:31,23892,9840,46.1
2026-06-09 22:53:33,23894,9841,33.1
2026-06-09 22:53:35,23896,9842,36.7
2026-06-09 22:53:37,23898,9843,25.3
2026-06-09 22:53:39,23900,9844,23.3
2026-06-09 22:53:41,23902,9845,110
2026-06-09 22:53:43,23904,9846,29.7
2026-06-09 22:53:45,23906,9847,24.9
2026-06-09 22:53:47,23908,9848,39.3
2026-06-09 22:53:50,23911,9849,34.8
2026-06-09 22:53:52,23913,9850,161
2026-06-09 22:53:54,23915,9851,44.5
2026-06-09 22:53:56,23917,9852,31.2
2026-06-09 22:53:59,23920,9853,39.2
2026-06-09 22:54:01,23922,9854,77.7
2026-06-09 22:54:03,23924,9855,45.4
2026-06-09 22:54:05,23926,9856,25.9
2026-06-09 22:54:07,23928,9857,34.8
2026-06-09 22:54:10,23931,9858,35.8
2026-06-09 22:54:12,23933,9859,23.8
2026-06-09 22:54:14,23935,9860,45.2
2026-06-09 22:54:16,23937,9861,37.4
2026-06-09 22:54:18,23939,9862,150
2026-06-09 22:54:20,23941,9863,67.2
2026-06-09 22:54:23,23944,9864,41.4
2026-06-09 22:54:25,23946,9865,33.2
2026-06-09 22:54:27,23948,9866,58.6
2026-06-09 22:54:29,23950,9867,30.7
2026-06-09 22:54:31,23952,9868,67.8
2026-06-09 22:54:33,23954,9869,151
2026-06-09 22:54:35,23956,9870,46.4
2026-06-09 22:54:37,23958,9871,22.1
2026-06-09 22:54:40,23961,9872,19.9
2026-06-09 22:54:42,23963,9873,49.7
2026-06-09 22:54:44,23965,9874,28.9
2026-06-09 22:54:46,23967,9875,17.7
2026-06-09 22:54:48,23969,9876,66.8
2026-06-09 22:54:50,23971,9877,28.7
2026-06-09 22:54:52,23973,9878,46.0
2026-06-09 22:54:54,23975,9879,50.4
2026-06-09 22:54:57,23977,9880,29.5
2026-06-09 22:54:59,23980,9881,35.3
2026-06-09 22:55:01,23982,9882,44.8
2026-06-09 22:55:03,23984,9883,39.5
2026-06-09 22:55:05,23986,9884,31.8
2026-06-09 22:55:07,23988,9885,22.9
2026-06-09 22:55:09,23990,9886,47.5
2026-06-09 22:55:11,23992,9887,44.6
2026-06-09 22:55:13,23994,9888,42.4
2026-06-09 22:55:15,23996,9889,26.8
2026-06-09 22:55:18,23999,9890,47.5
2026-06-09 22:55:20,24001,9891,26.6
2026-06-09 22:55:22,24003,9892,180
2026-06-09 22:55:24,24005,9893,48.5
2026-06-09 22:55:26,24007,9894,55.1
2026-06-09 22:55:28,24009,9895,46.4
2026-06-09 22:55:30,24011,9896,85.8
2026-06-09 22:55:33,24014,9897,18.2
2026-06-09 22:55:35,24016,9898,34.8
2026-06-09 22:55:37,24018,9899,35.7
2026-06-09 22:55:39,24020,9900,54.2
2026-06-09 22:55:41,24022,9901,55.6
2026-06-09 22:55:43,24024,9902,190
2026-06-09 22:55:45,24026,9903,43.3
2026-06-09 22:55:48,24029,9904,24.4
2026-06-09 22:55:50,24031,9905,32.8
2026-06-09 22:55:52,24033,9906,41.0
2026-06-09 22:55:54,24035,9907,34.6
2026-06-09 22:55:56,24037,9908,40.1
2026-06-09 22:55:58,24039,9909,22.6
2026-06-09 22:56:00,24041,9910,46.6
2026-06-09 22:56:02,24043,9911,39.5
2026-06-09 22:56:05,24046,9912,136
2026-06-09 22:56:07,24048,9913,51.4
2026-06-09 22:56:09,24050,9914,31.0
2026-06-09 22:56:11,24052,9915,32.2
2026-06-09 22:56:13,24054,9916,43.3
2026-06-09 22:56:15,24056,9917,43.8
2026-06-09 22:56:17,24058,9918,38.3
2026-06-09 22:56:19,24060,9919,31.1
2026-06-09 22:56:21,24062,9920,73.9
2026-06-09 22:56:23,24064,9921,26.0
2026-06-09 22:56:25,24066,9922,38.9
2026-06-09 22:56:27,24068,9923,51.6
2026-06-09 22:56:29,24070,9924,136
2026-06-09 22:56:32,24073,9925,72.7
2026-06-09 22:56:34,24075,9926,125
2026-06-09 22:56:36,24077,9927,40.8
2026-06-09 22:56:38,24079,9928,27.3
2026-06-09 22:56:40,24081,9929,26.3
2026-06-09 22:56:42,24083,9930,108
2026-06-09 22:56:45,24086,9931,27.9
2026-06-09 22:56:47,24088,9932,159
2026-06-09 22:56:49,24090,9933,26.4
2026-06-09 22:56:51,24092,9934,156
2026-06-09 22:56:53,24094,9935,42.8
2026-06-09 22:56:56,24097,9936,23.2
2026-06-09 22:56:58,24099,9937,30.8
2026-06-09 22:57:00,24101,9938,46.2
2026-06-09 22:57:02,24103,9939,124
2026-06-09 22:57:04,24105,9940,43.7
2026-06-09 22:57:06,24107,9941,73.5
2026-06-09 22:57:09,24110,9942,37.5
2026-06-09 22:57:11,24112,9943,45.6
2026-06-09 22:57:13,24114,9944,131
2026-06-09 22:57:15,24116,9945,49.2
2026-06-09 22:57:17,24118,9946,166
2026-06-09 22:57:19,24120,9947,17.5
2026-06-09 22:57:21,24122,9948,25.5
2026-06-09 22:57:23,24124,9949,145
2026-06-09 22:57:25,24126,9950,38.1
2026-06-09 22:57:28,24129,9951,51.7
2026-06-09 22:57:30,24131,9952,28.9
2026-06-09 22:57:32,24133,9953,45.9
2026-06-09 22:57:34,24135,9954,32.7
2026-06-09 22:57:36,24137,9955,62.1
2026-06-09 22:57:38,24139,9956,39.8
2026-06-09 22:57:40,24141,9957,137
2026-06-09 22:57:43,24144,9958,30.9
2026-06-09 22:57:45,24146,9959,43.3
2026-06-09 22:57:47,24148,9960,25.7
2026-06-09 22:57:49,24150,9961,140
2026-06-09 22:57:51,24152,9962,53.3
2026-06-09 22:57:54,24155,9963,36.6
2026-06-09 22:57:56,24157,9964,126
2026-06-09 22:57:58,24159,9965,55.8
2026-06-09 22:58:00,24161,9966,36.7
2026-06-09 22:58:03,24164,9967,27.4
2026-06-09 22:58:05,24166,9968,143
2026-06-09 22:58:07,24168,9969,50.3
2026-06-09 22:58:09,24170,9970,32.7
2026-06-09 22:58:11,24172,9971,176
2026-06-09 22:58:14,24175,9972,143
2026-06-09 22:58:16,24177,9973,81.1
2026-06-09 22:58:18,24179,9974,35.3
2026-06-09 22:58:20,24181,9975,26.8
2026-06-09 22:58:23,24184,9976,29.1
2026-06-09 22:58:25,24186,9977,94.9
2026-06-09 22:58:27,24188,9978,44.8
2026-06-09 22:58:29,24190,9979,45.6
2026-06-09 22:58:31,24192,9980,137
2026-06-09 22:58:34,24195,9981,49.9
2026-06-09 22:58:36,24197,9982,24.9
2026-06-09 22:58:38,24199,9983,29.7
2026-06-09 22:58:40,24201,9984,36.0
2026-06-09 22:58:43,24204,9985,56.2
2026-06-09 22:58:45,24206,9986,35.5
2026-06-09 22:58:47,24208,9987,68.2
2026-06-09 22:58:49,24210,9988,161
2026-06-09 22:58:51,24212,9989,65.2
2026-06-09 22:58:53,24214,9990,40.6
2026-06-09 22:58:56,24217,9991,33.4
2026-06-09 22:58:58,24219,9992,27.0
2026-06-09 22:59:00,24221,9993,51.2
2026-06-09 22:59:02,24223,9994,32.9
2026-06-09 22:59:04,24225,9995,75.9
2026-06-09 22:59:07,24228,9996,30.4
2026-06-09 22:59:09,24230,9997,148
2026-06-09 22:59:11,24232,9998,82.4
2026-06-09 22:59:13,24234,9999,48.0
2026-06-09 22:59:15,24236,10000,31.8
2026-06-09 22:59:18,24239,10001,117
2026-06-09 22:59:20,24241,10002,118
2026-06-09 22:59:22,24243,10003,35.0
2026-06-09 22:59:24,24245,10004,158
2026-06-09 22:59:27,24248,10005,169
2026-06-09 22:59:29,24250,10006,35.9
2026-06-09 22:59:31,24252,10007,122
2026-06-09 22:59:34,24255,10008,128
2026-06-09 22:59:36,24257,10009,46.0
2026-06-09 22:59:38,24259,10010,27.3
2026-06-09 22:59:40,24261,10011,42.9
2026-06-09 22:59:42,24263,10012,44.3
2026-06-09 22:59:45,24266,10013,29.4
2026-06-09 22:59:47,24268,10014,33.7
2026-06-09 22:59:49,24270,10015,62.4
2026-06-09 22:59:51,24272,10016,31.8
2026-06-09 22:59:54,24275,10017,23.1
2026-06-09 22:59:56,24277,10018,130
2026-06-09 22:59:58,24279,10019,81.5
2026-06-09 23:00:00,24281,10020,190
2026-06-09 23:00:02,24283,10021,41.9
2026-06-09 23:00:05,24286,10022,57.3
2026-06-09 23:00:07,24288,10023,126
2026-06-09 23:00:09,24290,10024,70.1
2026-06-09 23:00:11,24292,10025,26.7
2026-06-09 23:00:13,24294,10026,25.1
2026-06-09 23:00:16,24297,10027,42.7
2026-06-09 23:00:18,24299,10028,45.4
2026-06-09 23:00:20,24301,10029,39.3
2026-06-09 23:00:22,24303,10030,43.6
2026-06-09 23:00:24,24305,10031,53.4
2026-06-09 23:00:27,24308,10032,65.5
2026-06-09 23:00:29,24310,10033,69.6
2026-06-09 23:00:31,24312,10034,136
2026-06-09 23:00:33,24314,10035,29.3
2026-06-09 23:00:35,24316,10036,30.6
2026-06-09 23:00:38,24319,10037,73.1
2026-06-09 23:00:40,24321,10038,31.4
2026-06-09 23:00:42,24323,10039,33.1
2026-06-09 23:00:44,24325,10040,49.6
2026-06-09 23:00:46,24327,10041,31.1
2026-06-09 23:00:48,24329,10042,47.2
2026-06-09 23:00:51,24332,10043,40.7
2026-06-09 23:00:53,24334,10044,29.9
2026-06-09 23:00:55,24336,10045,68.4
2026-06-09 23:00:57,24338,10046,37.1
2026-06-09 23:01:00,24341,10047,140
2026-06-09 23:01:02,24343,10048,142
2026-06-09 23:01:04,24345,10049,43.1
2026-06-09 23:01:06,24347,10050,116
2026-06-09 23:01:08,24349,10051,59.8
2026-06-09 23:01:11,24352,10052,121
2026-06-09 23:01:13,24354,10053,49.0
2026-06-09 23:01:15,24356,10054,121
2026-06-09 23:01:17,24358,10055,145
2026-06-09 23:01:19,24360,10056,35.8
2026-06-09 23:01:22,24363,10057,36.5
2026-06-09 23:01:24,24365,10058,148
2026-06-09 23:01:26,24367,10059,36.1
2026-06-09 23:01:28,24369,10060,41.1
2026-06-09 23:01:30,24371,10061,29.5
2026-06-09 23:01:33,24374,10062,26.5
2026-06-09 23:01:35,24376,10063,50.3
2026-06-09 23:01:37,24378,10064,46.9
2026-06-09 23:01:39,24380,10065,25.4
2026-06-09 23:01:42,24383,10066,55.6
2026-06-09 23:01:44,24385,10067,125
2026-06-09 23:01:46,24387,10068,25.0
2026-06-09 23:01:48,24389,10069,142
2026-06-09 23:01:50,24391,10070,82.6
2026-06-09 23:01:53,24394,10071,29.9
2026-06-09 23:01:55,24396,10072,49.6
2026-06-09 23:01:57,24398,10073,53.0
2026-06-09 23:01:59,24400,10074,36.1
2026-06-09 23:02:01,24402,10075,115
2026-06-09 23:02:04,24405,10076,45.1
2026-06-09 23:02:06,24407,10077,29.5
2026-06-09 23:02:08,24409,10078,41.9
2026-06-09 23:02:10,24411,10079,27.4
2026-06-09 23:02:12,24413,10080,27.9
2026-06-09 23:02:15,24416,10081,56.1
2026-06-09 23:02:17,24418,10082,192
2026-06-09 23:02:19,24420,10083,27.8
2026-06-09 23:02:21,24422,10084,31.2
2026-06-09 23:02:23,24424,10085,22.8
2026-06-09 23:02:25,24426,10086,36.8
2026-06-09 23:02:28,24429,10087,127
2026-06-09 23:02:30,24431,10088,836
2026-06-09 23:02:32,24433,10089,45.6
2026-06-09 23:02:34,24435,10090,17.2
2026-06-09 23:02:36,24437,10091,40.0
2026-06-09 23:02:38,24439,10092,31.6
2026-06-09 23:02:40,24441,10093,27.5
2026-06-09 23:02:42,24443,10094,109
2026-06-09 23:02:44,24445,10095,53.1
2026-06-09 23:02:46,24447,10096,28.3
2026-06-09 23:02:49,24450,10097,47.7
2026-06-09 23:02:51,24452,10098,136
2026-06-09 23:02:53,24454,10099,61.7
2026-06-09 23:02:55,24456,10100,46.7
2026-06-09 23:02:57,24458,10101,268
2026-06-09 23:03:00,24461,10102,178
2026-06-09 23:03:02,24463,10103,71.6
2026-06-09 23:03:04,24465,10104,65.2
2026-06-09 23:03:06,24467,10105,79.1
2026-06-09 23:03:08,24469,10106,46.1
2026-06-09 23:03:11,24472,10107,39.9
2026-06-09 23:03:13,24474,10108,24.3
2026-06-09 23:03:15,24476,10109,24.0
2026-06-09 23:03:17,24478,10110,103
2026-06-09 23:03:19,24480,10111,39.9
2026-06-09 23:03:21,24482,10112,154
2026-06-09 23:03:23,24484,10113,134
2026-06-09 23:03:26,24487,10114,31.4
2026-06-09 23:03:28,24489,10115,30.0
2026-06-09 23:03:30,24491,10116,201
2026-06-09 23:03:32,24493,10117,80.8
2026-06-09 23:03:34,24495,10118,68.1
2026-06-09 23:03:36,24497,10119,134
2026-06-09 23:03:39,24500,10120,128
2026-06-09 23:03:41,24502,10121,167
2026-06-09 23:03:43,24504,10122,53.2
2026-06-09 23:03:45,24506,10123,41.4
2026-06-09 23:03:47,24508,10124,28.7
2026-06-09 23:03:49,24510,10125,34.7
2026-06-09 23:03:52,24513,10126,28.4
2026-06-09 23:03:54,24515,10127,52.2
2026-06-09 23:03:56,24517,10128,147
2026-06-09 23:03:58,24519,10129,148
2026-06-09 23:04:00,24521,10130,18.1
2026-06-09 23:04:02,24523,10131,35.2
2026-06-09 23:04:04,24525,10132,125
2026-06-09 23:04:07,24528,10133,30.8
2026-06-09 23:04:09,24530,10134,131
2026-06-09 23:04:11,24532,10135,30.9
2026-06-09 23:04:13,24534,10136,90.4
2026-06-09 23:04:15,24536,10137,27.7
2026-06-09 23:04:17,24538,10138,27.7
2026-06-09 23:04:19,24540,10139,130
2026-06-09 23:04:22,24543,10140,27.1
2026-06-09 23:04:24,24545,10141,118
2026-06-09 23:04:26,24547,10142,35.9
2026-06-09 23:04:28,24549,10143,194
2026-06-09 23:04:30,24551,10144,34.1
2026-06-09 23:04:32,24553,10145,47.3
2026-06-09 23:04:35,24556,10146,31.1
2026-06-09 23:04:37,24558,10147,25.1
2026-06-09 23:04:39,24560,10148,49.2
2026-06-09 23:04:41,24562,10149,23.9
2026-06-09 23:04:43,24564,10150,35.3
2026-06-09 23:04:45,24566,10151,29.4
2026-06-09 23:04:47,24568,10152,26.1
2026-06-09 23:04:49,24570,10153,62.1
2026-06-09 23:04:51,24572,10154,26.0
2026-06-09 23:04:53,24574,10155,36.5
2026-06-09 23:04:55,24576,10156,33.6
2026-06-09 23:04:57,24578,10157,36.3
2026-06-09 23:04:59,24580,10158,31.2
2026-06-09 23:05:01,24582,10159,163
2026-06-09 23:05:04,24585,10160,31.7
2026-06-09 23:05:06,24587,10161,27.0
2026-06-09 23:05:08,24589,10162,29.5
2026-06-09 23:05:10,24591,10163,19.4
2026-06-09 23:05:12,24593,10164,176
2026-06-09 23:05:14,24595,10165,17.7
2026-06-09 23:05:16,24597,10166,19.9
2026-06-09 23:05:18,24599,10167,168
2026-06-09 23:05:21,24602,10168,86.3
2026-06-09 23:05:23,24604,10169,83.6
2026-06-09 23:05:25,24606,10170,49.5
2026-06-09 23:05:27,24608,10171,28.8
2026-06-09 23:05:29,24610,10172,33.0
2026-06-09 23:05:31,24612,10173,49.2
2026-06-09 23:05:33,24614,10174,194
2026-06-09 23:05:35,24616,10175,161
2026-06-09 23:05:37,24618,10176,35.6
2026-06-09 23:05:40,24621,10177,28.9
2026-06-09 23:05:42,24623,10178,27.9
2026-06-09 23:05:44,24625,10179,147
2026-06-09 23:05:46,24627,10180,46.3
2026-06-09 23:05:48,24629,10181,38.5
2026-06-09 23:05:50,24631,10182,32.7
2026-06-09 23:05:52,24633,10183,44.6
2026-06-09 23:05:55,24636,10184,46.8
2026-06-09 23:05:57,24638,10185,25.3
2026-06-09 23:05:59,24640,10186,56.0
2026-06-09 23:06:01,24642,10187,45.8
2026-06-09 23:06:03,24644,10188,22.7
2026-06-09 23:06:05,24646,10189,48.6
2026-06-09 23:06:07,24648,10190,41.7
2026-06-09 23:06:09,24650,10191,66.8
2026-06-09 23:06:11,24652,10192,20.8
2026-06-09 23:06:13,24654,10193,33.1
2026-06-09 23:06:16,24656,10194,30.8
2026-06-09 23:06:18,24659,10195,39.1
2026-06-09 23:06:20,24661,10196,145
2026-06-09 23:06:22,24663,10197,14.4
2026-06-09 23:06:24,24665,10198,40.8
2026-06-09 23:06:26,24667,10199,33.1
2026-06-09 23:06:28,24669,10200,36.5
2026-06-09 23:06:30,24671,10201,36.2
2026-06-09 23:06:32,24673,10202,30.8
2026-06-09 23:06:34,24675,10203,46.4
2026-06-09 23:06:37,24678,10204,56.9
2026-06-09 23:06:39,24680,10205,115
2026-06-09 23:06:41,24682,10206,96.5
2026-06-09 23:06:43,24684,10207,29.6
2026-06-09 23:06:45,24686,10208,28.9
2026-06-09 23:06:47,24688,10209,40.3
2026-06-09 23:06:49,24690,10210,104
2026-06-09 23:06:51,24692,10211,81.7
2026-06-09 23:06:53,24694,10212,62.4
2026-06-09 23:06:55,24696,10213,67.3
2026-06-09 23:06:58,24699,10214,37.3
2026-06-09 23:07:00,24701,10215,23.1
2026-06-09 23:07:02,24703,10216,37.1
2026-06-09 23:07:04,24705,10217,48.2
2026-06-09 23:07:06,24707,10218,43.8
2026-06-09 23:07:08,24709,10219,59.9
2026-06-09 23:07:11,24712,10220,25.3
2026-06-09 23:07:13,24714,10221,32.0
2026-06-09 23:07:15,24716,10222,40.2
2026-06-09 23:07:17,24718,10223,35.9
2026-06-09 23:07:19,24720,10224,77.3
2026-06-09 23:07:21,24722,10225,41.3
2026-06-09 23:07:23,24724,10226,43.0
2026-06-09 23:07:25,24726,10227,28.6
2026-06-09 23:07:28,24729,10228,97.8
2026-06-09 23:07:30,24731,10229,177
2026-06-09 23:07:32,24733,10230,110
2026-06-09 23:07:34,24735,10231,43.9
2026-06-09 23:07:36,24737,10232,28.2
2026-06-09 23:07:38,24739,10233,31.4
2026-06-09 23:07:40,24741,10234,34.0
2026-06-09 23:07:42,24743,10235,27.7
2026-06-09 23:07:44,24745,10236,26.5
2026-06-09 23:07:47,24748,10237,52.1
2026-06-09 23:07:49,24750,10238,29.2
2026-06-09 23:07:51,24752,10239,39.2
2026-06-09 23:07:53,24754,10240,35.4
2026-06-09 23:07:55,24756,10241,36.7
2026-06-09 23:07:57,24758,10242,30.2
2026-06-09 23:07:59,24760,10243,153
2026-06-09 23:08:01,24762,10244,22.6
2026-06-09 23:08:04,24765,10245,36.2
2026-06-09 23:08:06,24767,10246,50.5
2026-06-09 23:08:08,24769,10247,121
2026-06-09 23:08:10,24771,10248,37.9
2026-06-09 23:08:12,24773,10249,57.5
2026-06-09 23:08:14,24775,10250,28.0
2026-06-09 23:08:16,24777,10251,47.3
2026-06-09 23:08:18,24779,10252,39.3
2026-06-09 23:08:21,24782,10253,24.2
2026-06-09 23:08:23,24784,10254,68.1
2026-06-09 23:08:25,24786,10255,133
2026-06-09 23:08:27,24788,10256,182
2026-06-09 23:08:29,24790,10257,36.8
2026-06-09 23:08:31,24792,10258,40.9
2026-06-09 23:08:33,24794,10259,35.6
2026-06-09 23:08:36,24797,10260,32.0
2026-06-09 23:08:38,24799,10261,54.7
2026-06-09 23:08:40,24801,10262,33.0
2026-06-09 23:08:42,24803,10263,50.5
2026-06-09 23:08:44,24805,10264,42.6
2026-06-09 23:08:46,24807,10265,46.5
2026-06-09 23:08:48,24809,10266,35.5
2026-06-09 23:08:50,24811,10267,30.4
2026-06-09 23:08:53,24814,10268,42.1
2026-06-09 23:08:55,24816,10269,36.8
2026-06-09 23:08:57,24818,10270,48.0
2026-06-09 23:08:59,24820,10271,47.4
2026-06-09 23:09:01,24822,10272,32.8
2026-06-09 23:09:03,24824,10273,19.8
2026-06-09 23:09:05,24826,10274,20.1
2026-06-09 23:09:08,24829,10275,59.0
2026-06-09 23:09:10,24831,10276,33.9
2026-06-09 23:09:12,24833,10277,177
2026-06-09 23:09:14,24835,10278,47.5
2026-06-09 23:09:16,24837,10279,41.8
2026-06-09 23:09:18,24839,10280,33.4
2026-06-09 23:09:20,24841,10281,35.0
2026-06-09 23:09:22,24843,10282,55.2
2026-06-09 23:09:25,24846,10283,34.6
2026-06-09 23:09:27,24848,10284,70.9
2026-06-09 23:09:29,24850,10285,49.2
2026-06-09 23:09:31,24852,10286,66.2
2026-06-09 23:09:33,24854,10287,55.2
2026-06-09 23:09:35,24856,10288,38.5
2026-06-09 23:09:37,24858,10289,45.5
2026-06-09 23:09:40,24861,10290,30.1
2026-06-09 23:09:42,24863,10291,30.9
2026-06-09 23:09:44,24865,10292,40.7
2026-06-09 23:09:46,24867,10293,111
2026-06-09 23:09:48,24869,10294,375
2026-06-09 23:09:50,24871,10295,32.6
2026-06-09 23:09:52,24873,10296,33.3
2026-06-09 23:09:54,24875,10297,31.4
2026-06-09 23:09:56,24877,10298,36.2
2026-06-09 23:09:58,24879,10299,39.4
2026-06-09 23:10:00,24881,10300,32.9
2026-06-09 23:10:02,24883,10301,22.5
2026-06-09 23:10:04,24885,10302,24.7
2026-06-09 23:10:06,24887,10303,29.2
2026-06-09 23:10:08,24889,10304,40.9
2026-06-09 23:10:10,24891,10305,38.1
2026-06-09 23:10:12,24893,10306,30.6
2026-06-09 23:10:14,24895,10307,29.1
2026-06-09 23:10:16,24897,10308,24.7
2026-06-09 23:10:18,24899,10309,22.1
2026-06-09 23:10:20,24901,10310,30.9
2026-06-09 23:10:22,24903,10311,13.5
2026-06-09 23:10:24,24905,10312,34.3
2026-06-09 23:10:26,24907,10313,29.3
2026-06-09 23:10:28,24909,10314,37.7
2026-06-09 23:10:30,24911,10315,20.9
2026-06-09 23:10:32,24913,10316,22.8
2026-06-09 23:10:34,24915,10317,40.1
2026-06-09 23:10:36,24917,10318,41.7
2026-06-09 23:10:38,24919,10319,32.0
2026-06-09 23:10:40,24921,10320,24.2
2026-06-09 23:10:42,24923,10321,37.3
2026-06-09 23:10:44,24925,10322,30.6
2026-06-09 23:10:46,24927,10323,17.9
2026-06-09 23:10:48,24929,10324,117
2026-06-09 23:10:50,24931,10325,33.1
2026-06-09 23:10:53,24934,10326,193
2026-06-09 23:10:55,24936,10327,38.2
2026-06-09 23:10:57,24938,10328,24.1
2026-06-09 23:10:59,24940,10329,72.3
2026-06-09 23:11:01,24942,10330,155
2026-06-09 23:11:03,24944,10331,20.8
2026-06-09 23:11:05,24946,10332,36.5
2026-06-09 23:11:08,24949,10333,36.3
2026-06-09 23:11:10,24951,10334,54.7
2026-06-09 23:11:12,24953,10335,137
2026-06-09 23:11:14,24955,10336,38.0
2026-06-09 23:11:16,24957,10337,46.9
2026-06-09 23:11:18,24959,10338,40.3
2026-06-09 23:11:20,24961,10339,122
2026-06-09 23:11:23,24964,10340,47.5
2026-06-09 23:11:25,24966,10341,24.6
2026-06-09 23:11:27,24968,10342,48.3
2026-06-09 23:11:29,24970,10343,32.9
2026-06-09 23:11:31,24972,10344,27.8
2026-06-09 23:11:33,24974,10345,33.5
2026-06-09 23:11:35,24976,10346,117
2026-06-09 23:11:37,24978,10347,38.4
2026-06-09 23:11:39,24980,10348,66.0
2026-06-09 23:11:41,24982,10349,167
2026-06-09 23:11:44,24985,10350,47.1
2026-06-09 23:11:46,24987,10351,172
2026-06-09 23:11:48,24989,10352,38.2
2026-06-09 23:11:50,24991,10353,31.2
2026-06-09 23:11:52,24993,10354,60.5
2026-06-09 23:11:54,24995,10355,38.2
2026-06-09 23:11:56,24997,10356,28.4
2026-06-09 23:11:58,24999,10357,23.2
2026-06-09 23:12:00,25001,10358,56.2
2026-06-09 23:12:02,25003,10359,19.2
2026-06-09 23:12:05,25006,10360,84.6
2026-06-09 23:12:07,25008,10361,168
2026-06-09 23:12:09,25010,10362,29.3
2026-06-09 23:12:11,25012,10363,65.0
2026-06-09 23:12:13,25014,10364,34.8
2026-06-09 23:12:15,25016,10365,159
2026-06-09 23:12:18,25019,10366,169
2026-06-09 23:12:20,25021,10367,26.5
2026-06-09 23:12:22,25023,10368,49.4
2026-06-09 23:12:24,25025,10369,56.5
2026-06-09 23:12:26,25027,10370,44.2
2026-06-09 23:12:28,25029,10371,140
2026-06-09 23:12:30,25031,10372,40.8
2026-06-09 23:12:32,25033,10373,26.4
2026-06-09 23:12:34,25035,10374,26.7
2026-06-09 23:12:37,25038,10375,36.5
2026-06-09 23:12:39,25040,10376,25.9
2026-06-09 23:12:41,25042,10377,56.4
2026-06-09 23:12:43,25044,10378,18.9
2026-06-09 23:12:45,25046,10379,47.4
2026-06-09 23:12:47,25048,10380,50.7
2026-06-09 23:12:49,25050,10381,59.7
2026-06-09 23:12:51,25052,10382,178
2026-06-09 23:12:53,25054,10383,27.6
2026-06-09 23:12:55,25056,10384,158
2026-06-09 23:12:58,25059,10385,42.3
2026-06-09 23:13:00,25061,10386,101
2026-06-09 23:13:02,25063,10387,24.8
2026-06-09 23:13:04,25065,10388,204
2026-06-09 23:13:06,25067,10389,47.5
2026-06-09 23:13:08,25069,10390,58.7
2026-06-09 23:13:10,25071,10391,34.6
2026-06-09 23:13:12,25073,10392,42.0
2026-06-09 23:13:14,25075,10393,51.7
2026-06-09 23:13:16,25077,10394,37.1
2026-06-09 23:13:19,25080,10395,36.1
2026-06-09 23:13:21,25082,10396,34.6
2026-06-09 23:13:23,25084,10397,59.5
2026-06-09 23:13:25,25086,10398,27.3
2026-06-09 23:13:27,25088,10399,67.0
2026-06-09 23:13:29,25090,10400,32.9
2026-06-09 23:13:31,25092,10401,44.5
2026-06-09 23:13:34,25095,10402,31.2
2026-06-09 23:13:36,25097,10403,66.9
2026-06-09 23:13:38,25099,10404,30.7
2026-06-09 23:13:40,25101,10405,28.4
2026-06-09 23:13:42,25103,10406,27.6
2026-06-09 23:13:44,25105,10407,146
2026-06-09 23:13:46,25107,10408,38.2
2026-06-09 23:13:49,25110,10409,72.3
2026-06-09 23:13:51,25112,10410,38.9
2026-06-09 23:13:53,25114,10411,44.9
2026-06-09 23:13:55,25116,10412,48.8
2026-06-09 23:13:57,25118,10413,65.8
2026-06-09 23:13:59,25120,10414,38.0
2026-06-09 23:14:01,25122,10415,86.9
2026-06-09 23:14:03,25124,10416,44.0
2026-06-09 23:14:06,25127,10417,59.3
2026-06-09 23:14:08,25129,10418,145
2026-06-09 23:14:10,25131,10419,39.6
2026-06-09 23:14:12,25133,10420,35.8
2026-06-09 23:14:14,25135,10421,37.7
2026-06-09 23:14:16,25137,10422,37.6
2026-06-09 23:14:18,25139,10423,60.5
2026-06-09 23:14:20,25141,10424,161
2026-06-09 23:14:23,25144,10425,144
2026-06-09 23:14:25,25146,10426,65.3
2026-06-09 23:14:27,25148,10427,39.8
2026-06-09 23:14:29,25150,10428,176
2026-06-09 23:14:31,25152,10429,29.2
2026-06-09 23:14:33,25154,10430,63.3
2026-06-09 23:14:35,25156,10431,69.2
2026-06-09 23:14:37,25158,10432,24.8
2026-06-09 23:14:40,25161,10433,44.0
2026-06-09 23:14:42,25163,10434,43.1
2026-06-09 23:14:44,25165,10435,33.5
2026-06-09 23:14:46,25167,10436,45.0
2026-06-09 23:14:48,25169,10437,59.4
2026-06-09 23:14:50,25171,10438,80.2
2026-06-09 23:14:52,25173,10439,67.0
2026-06-09 23:14:54,25175,10440,39.9
2026-06-09 23:14:57,25178,10441,40.5
2026-06-09 23:14:59,25180,10442,41.3
2026-06-09 23:15:01,25182,10443,45.5
2026-06-09 23:15:03,25184,10444,59.6
2026-06-09 23:15:05,25186,10445,175
2026-06-09 23:15:08,25189,10446,46.7
2026-06-09 23:15:10,25191,10447,63.5
2026-06-09 23:15:12,25193,10448,30.9
2026-06-09 23:15:14,25195,10449,28.7
2026-06-09 23:15:16,25197,10450,48.3
2026-06-09 23:15:18,25199,10451,32.7
2026-06-09 23:15:21,25202,10452,34.4
2026-06-09 23:15:23,25204,10453,167
2026-06-09 23:15:25,25206,10454,38.6
2026-06-09 23:15:27,25208,10455,78.2
2026-06-09 23:15:29,25210,10456,118
2026-06-09 23:15:31,25212,10457,62.2
2026-06-09 23:15:33,25214,10458,15.3
2026-06-09 23:15:36,25217,10459,34.5
2026-06-09 23:15:38,25219,10460,42.7
2026-06-09 23:15:40,25221,10461,121
2026-06-09 23:15:42,25223,10462,46.0
2026-06-09 23:15:44,25225,10463,146
2026-06-09 23:15:46,25227,10464,25.0
2026-06-09 23:15:49,25230,10465,162
2026-06-09 23:15:51,25232,10466,33.7
2026-06-09 23:15:53,25234,10467,141
2026-06-09 23:15:55,25236,10468,164
2026-06-09 23:15:57,25238,10469,59.8
2026-06-09 23:16:00,25241,10470,20.4
2026-06-09 23:16:02,25243,10471,93.4
2026-06-09 23:16:04,25245,10472,69.1
2026-06-09 23:16:06,25247,10473,65.5
2026-06-09 23:16:08,25249,10474,36.6
2026-06-09 23:16:11,25252,10475,131
2026-06-09 23:16:13,25254,10476,156
2026-06-09 23:16:15,25256,10477,35.6
2026-06-09 23:16:17,25258,10478,134
2026-06-09 23:16:19,25260,10479,33.0
2026-06-09 23:16:21,25262,10480,25.6
2026-06-09 23:16:23,25264,10481,71.7
2026-06-09 23:16:26,25267,10482,179
2026-06-09 23:16:28,25269,10483,44.2
2026-06-09 23:16:30,25271,10484,28.7
2026-06-09 23:16:32,25273,10485,57.7
2026-06-09 23:16:34,25275,10486,45.2
2026-06-09 23:16:36,25277,10487,53.2
2026-06-09 23:16:38,25279,10488,36.5
2026-06-09 23:16:40,25281,10489,38.2
2026-06-09 23:16:42,25283,10490,49.8
2026-06-09 23:16:44,25285,10491,50.1
2026-06-09 23:16:46,25287,10492,67.5
2026-06-09 23:16:48,25289,10493,181
2026-06-09 23:16:50,25291,10494,146
2026-06-09 23:16:53,25294,10495,60.1
2026-06-09 23:16:55,25296,10496,116
2026-06-09 23:16:57,25298,10497,184
2026-06-09 23:16:59,25300,10498,29.6
2026-06-09 23:17:01,25302,10499,155
2026-06-09 23:17:03,25304,10500,166
2026-06-09 23:17:05,25306,10501,56.3
2026-06-09 23:17:07,25308,10502,33.2
2026-06-09 23:17:09,25310,10503,27.8
2026-06-09 23:17:11,25312,10504,31.4
2026-06-09 23:17:14,25315,10505,26.5
2026-06-09 23:17:16,25317,10506,38.2
2026-06-09 23:17:18,25319,10507,147
2026-06-09 23:17:20,25321,10508,30.4
2026-06-09 23:17:22,25323,10509,173
2026-06-09 23:17:24,25325,10510,32.1
2026-06-09 23:17:26,25327,10511,136
2026-06-09 23:17:28,25329,10512,38.2
2026-06-09 23:17:30,25331,10513,135
2026-06-09 23:17:32,25333,10514,52.1
2026-06-09 23:17:34,25335,10515,23.9
2026-06-09 23:17:37,25338,10516,30.2
2026-06-09 23:17:39,25340,10517,28.2
2026-06-09 23:17:41,25342,10518,58.2
2026-06-09 23:17:43,25344,10519,37.1
2026-06-09 23:17:45,25346,10520,32.6
2026-06-09 23:17:47,25348,10521,39.3
2026-06-09 23:17:49,25350,10522,59.1
2026-06-09 23:17:51,25352,10523,38.6
2026-06-09 23:17:53,25354,10524,151
2026-06-09 23:17:55,25356,10525,36.8
2026-06-09 23:17:57,25358,10526,140
2026-06-09 23:18:00,25361,10527,63.7
2026-06-09 23:18:02,25363,10528,26.9
2026-06-09 23:18:04,25365,10529,60.8
2026-06-09 23:18:06,25367,10530,175
2026-06-09 23:18:08,25369,10531,97.6
2026-06-09 23:18:10,25371,10532,56.5
2026-06-09 23:18:12,25373,10533,23.6
2026-06-09 23:18:14,25375,10534,127
2026-06-09 23:18:16,25377,10535,136
2026-06-09 23:18:18,25379,10536,31.9
2026-06-09 23:18:20,25381,10537,35.5
2026-06-09 23:18:22,25383,10538,54.1
2026-06-09 23:18:25,25386,10539,60.5
2026-06-09 23:18:27,25388,10540,40.2
2026-06-09 23:18:29,25390,10541,41.2
2026-06-09 23:18:31,25392,10542,44.6
2026-06-09 23:18:33,25394,10543,168
2026-06-09 23:18:35,25396,10544,35.8
2026-06-09 23:18:37,25398,10545,23.2
2026-06-09 23:18:39,25400,10546,45.0
2026-06-09 23:18:41,25402,10547,36.7
2026-06-09 23:18:44,25405,10548,52.7
2026-06-09 23:18:46,25407,10549,44.3
2026-06-09 23:18:48,25409,10550,66.0
2026-06-09 23:18:50,25411,10551,26.5
2026-06-09 23:18:52,25413,10552,151
2026-06-09 23:18:54,25415,10553,55.3
2026-06-09 23:18:56,25417,10554,18.2
2026-06-09 23:18:58,25419,10555,50.4
2026-06-09 23:19:01,25422,10556,51.2
2026-06-09 23:19:03,25424,10557,66.5
2026-06-09 23:19:05,25426,10558,46.8
2026-06-09 23:19:07,25428,10559,24.3
2026-06-09 23:19:09,25430,10560,53.6
2026-06-09 23:19:11,25432,10561,94.6
2026-06-09 23:19:13,25434,10562,41.5
2026-06-09 23:19:15,25436,10563,52.4
2026-06-09 23:19:17,25438,10564,27.8
2026-06-09 23:19:20,25441,10565,35.2
2026-06-09 23:19:22,25443,10566,66.1
2026-06-09 23:19:24,25445,10567,36.3
2026-06-09 23:19:26,25447,10568,47.6
2026-06-09 23:19:28,25449,10569,37.0
2026-06-09 23:19:30,25451,10570,136
2026-06-09 23:19:32,25453,10571,19.4
2026-06-09 23:19:35,25456,10572,113
2026-06-09 23:19:37,25458,10573,31.5
2026-06-09 23:19:39,25460,10574,55.4
2026-06-09 23:19:41,25462,10575,134
2026-06-09 23:19:43,25464,10576,28.4
2026-06-09 23:19:45,25466,10577,34.5
2026-06-09 23:19:47,25468,10578,38.2
2026-06-09 23:19:50,25471,10579,316
2026-06-09 23:19:52,25473,10580,40.1
2026-06-09 23:19:54,25475,10581,26.8
2026-06-09 23:19:56,25477,10582,32.9
2026-06-09 23:19:58,25479,10583,34.4
2026-06-09 23:20:00,25481,10584,35.5
2026-06-09 23:20:02,25483,10585,59.9
2026-06-09 23:20:04,25485,10586,161
2026-06-09 23:20:06,25487,10587,71.3
2026-06-09 23:20:08,25489,10588,159
2026-06-09 23:20:10,25491,10589,79.9
2026-06-09 23:20:12,25493,10590,41.2
2026-06-09 23:20:14,25495,10591,150
2026-06-09 23:20:16,25497,10592,28.3
2026-06-09 23:20:19,25500,10593,52.0
2026-06-09 23:20:21,25502,10594,74.0
2026-06-09 23:20:23,25504,10595,28.5
2026-06-09 23:20:25,25506,10596,130
2026-06-09 23:20:27,25508,10597,17.6
2026-06-09 23:20:29,25510,10598,42.0
2026-06-09 23:20:31,25512,10599,40.8
2026-06-09 23:20:34,25515,10600,39.2
2026-06-09 23:20:36,25517,10601,35.1
2026-06-09 23:20:38,25519,10602,44.9
2026-06-09 23:20:40,25521,10603,29.7
2026-06-09 23:20:42,25523,10604,20.0
2026-06-09 23:20:44,25525,10605,65.2
2026-06-09 23:20:46,25527,10606,81.7
2026-06-09 23:20:48,25529,10607,36.3
2026-06-09 23:20:50,25531,10608,34.7
2026-06-09 23:20:52,25533,10609,33.3
2026-06-09 23:20:55,25536,10610,39.3
2026-06-09 23:20:57,25538,10611,34.3
2026-06-09 23:20:59,25540,10612,50.6
2026-06-09 23:21:01,25542,10613,115
2026-06-09 23:21:03,25544,10614,60.2
2026-06-09 23:21:05,25546,10615,25.6
2026-06-09 23:21:07,25548,10616,34.8
2026-06-09 23:21:09,25550,10617,17.6
2026-06-09 23:21:11,25552,10618,31.9
2026-06-09 23:21:13,25554,10619,57.3
2026-06-09 23:21:15,25556,10620,52.0
2026-06-09 23:21:17,25558,10621,57.0
2026-06-09 23:21:20,25561,10622,31.3
2026-06-09 23:21:22,25563,10623,29.3
2026-06-09 23:21:24,25565,10624,20.5
2026-06-09 23:21:26,25567,10625,50.2
2026-06-09 23:21:28,25569,10626,66.4
2026-06-09 23:21:30,25571,10627,50.5
2026-06-09 23:21:32,25573,10628,31.5
2026-06-09 23:21:34,25575,10629,135
2026-06-09 23:21:36,25577,10630,34.6
2026-06-09 23:21:39,25580,10631,28.8
2026-06-09 23:21:41,25582,10632,145
2026-06-09 23:21:43,25584,10633,57.5
2026-06-09 23:21:45,25586,10634,26.6
2026-06-09 23:21:47,25588,10635,43.6
2026-06-09 23:21:49,25590,10636,32.3
2026-06-09 23:21:51,25592,10637,35.2
2026-06-09 23:21:54,25595,10638,55.7
2026-06-09 23:21:56,25597,10639,36.8
2026-06-09 23:21:58,25599,10640,19.6
2026-06-09 23:22:00,25601,10641,34.8
2026-06-09 23:22:02,25603,10642,49.5
2026-06-09 23:22:04,25605,10643,123
2026-06-09 23:22:06,25607,10644,83.6
2026-06-09 23:22:08,25609,10645,30.2
2026-06-09 23:22:10,25611,10646,29.2
2026-06-09 23:22:12,25613,10647,30.6
2026-06-09 23:22:15,25616,10648,53.7
2026-06-09 23:22:17,25618,10649,35.4
2026-06-09 23:22:19,25620,10650,30.7
2026-06-09 23:22:20,25621,10651,13.9
2026-06-09 23:22:23,25624,10652,31.5
2026-06-09 23:22:25,25626,10653,32.3
2026-06-09 23:22:27,25628,10654,18.4
2026-06-09 23:22:29,25630,10655,24.6
2026-06-09 23:22:31,25632,10656,31.6
2026-06-09 23:22:33,25634,10657,25.0
2026-06-09 23:22:35,25636,10658,30.6
2026-06-09 23:22:38,25638,10659,41.3
2026-06-09 23:22:40,25641,10660,45.5
2026-06-09 23:22:42,25643,10661,26.6
2026-06-09 23:22:44,25645,10662,125
2026-06-09 23:22:46,25647,10663,34.1
2026-06-09 23:22:48,25649,10664,70.2
2026-06-09 23:22:50,25651,10665,165
2026-06-09 23:22:52,25653,10666,153
2026-06-09 23:22:55,25656,10667,38.0
2026-06-09 23:22:57,25658,10668,140
2026-06-09 23:22:59,25660,10669,155
2026-06-09 23:23:01,25662,10670,27.4
2026-06-09 23:23:03,25664,10671,27.4
2026-06-09 23:23:05,25666,10672,72.3
2026-06-09 23:23:07,25668,10673,29.7
2026-06-09 23:23:09,25670,10674,143
2026-06-09 23:23:12,25673,10675,65.6
2026-06-09 23:23:14,25675,10676,57.4
2026-06-09 23:23:16,25677,10677,38.7
2026-06-09 23:23:18,25679,10678,175
2026-06-09 23:23:20,25681,10679,72.7
2026-06-09 23:23:22,25683,10680,35.0
2026-06-09 23:23:24,25685,10681,26.5
2026-06-09 23:23:27,25688,10682,41.0
2026-06-09 23:23:29,25690,10683,122
2026-06-09 23:23:31,25692,10684,131
2026-06-09 23:23:33,25694,10685,27.8
2026-06-09 23:23:35,25696,10686,203
2026-06-09 23:23:37,25698,10687,31.8
2026-06-09 23:23:39,25700,10688,25.1
2026-06-09 23:23:42,25703,10689,41.3
2026-06-09 23:23:44,25705,10690,46.8
2026-06-09 23:23:46,25707,10691,25.0
2026-06-09 23:23:48,25709,10692,168
2026-06-09 23:23:50,25711,10693,40.7
2026-06-09 23:23:52,25713,10694,163
2026-06-09 23:23:54,25715,10695,38.9
2026-06-09 23:23:56,25717,10696,49.0
2026-06-09 23:23:59,25720,10697,142
2026-06-09 23:24:01,25722,10698,NA
2026-06-09 23:24:03,25724,10699,47.4
2026-06-09 23:24:05,25726,10700,41.1
2026-06-09 23:24:07,25728,10701,57.1
2026-06-09 23:24:09,25730,10702,44.4
2026-06-09 23:24:11,25732,10703,54.3
2026-06-09 23:24:13,25734,10704,53.7
2026-06-09 23:24:15,25736,10705,46.5
2026-06-09 23:24:17,25738,10706,15.7
2026-06-09 23:24:19,25740,10707,174
2026-06-09 23:24:21,25742,10708,33.4
2026-06-09 23:24:23,25744,10709,48.3
2026-06-09 23:24:25,25746,10710,33.8
2026-06-09 23:24:28,25749,10711,21.9
2026-06-09 23:24:30,25751,10712,36.3
2026-06-09 23:24:32,25753,10713,65.0
2026-06-09 23:24:34,25755,10714,53.4
2026-06-09 23:24:36,25757,10715,27.2
2026-06-09 23:24:38,25759,10716,51.5
2026-06-09 23:24:40,25761,10717,41.3
2026-06-09 23:24:43,25764,10718,48.8
2026-06-09 23:24:45,25766,10719,39.6
2026-06-09 23:24:47,25768,10720,61.2
2026-06-09 23:24:49,25770,10721,39.1
2026-06-09 23:24:51,25772,10722,19.7
2026-06-09 23:24:53,25774,10723,37.6
2026-06-09 23:24:56,25777,10724,32.7
2026-06-09 23:24:58,25779,10725,12.7
2026-06-09 23:25:00,25781,10726,31.9
2026-06-09 23:25:02,25783,10727,47.0
2026-06-09 23:25:04,25785,10728,35.9
2026-06-09 23:25:06,25787,10729,30.1
2026-06-09 23:25:08,25789,10730,85.6
2026-06-09 23:25:10,25791,10731,35.3
2026-06-09 23:25:13,25794,10732,63.8
2026-06-09 23:25:15,25796,10733,30.2
2026-06-09 23:25:17,25798,10734,31.2
2026-06-09 23:25:19,25800,10735,56.9
2026-06-09 23:25:21,25802,10736,54.1
2026-06-09 23:25:23,25804,10737,52.8
2026-06-09 23:25:25,25806,10738,35.4
2026-06-09 23:25:28,25809,10739,41.5
2026-06-09 23:25:30,25811,10740,182
2026-06-09 23:25:32,25813,10741,162
2026-06-09 23:25:34,25815,10742,143
2026-06-09 23:25:36,25817,10743,44.2
2026-06-09 23:25:38,25819,10744,35.5
2026-06-09 23:25:40,25821,10745,49.8
2026-06-09 23:25:43,25824,10746,58.0
2026-06-09 23:25:45,25826,10747,136
2026-06-09 23:25:47,25828,10748,44.8
2026-06-09 23:25:49,25830,10749,39.6
2026-06-09 23:25:51,25832,10750,223
2026-06-09 23:25:53,25834,10751,52.7
2026-06-09 23:25:56,25837,10752,42.3
2026-06-09 23:25:58,25839,10753,36.2
2026-06-09 23:26:00,25841,10754,56.2
2026-06-09 23:26:02,25843,10755,42.3
2026-06-09 23:26:04,25845,10756,153
2026-06-09 23:26:06,25847,10757,39.2
2026-06-09 23:26:09,25850,10758,32.0
2026-06-09 23:26:11,25852,10759,162
2026-06-09 23:26:13,25854,10760,138
2026-06-09 23:26:15,25856,10761,170
2026-06-09 23:26:17,25858,10762,38.1
2026-06-09 23:26:19,25860,10763,72.7
2026-06-09 23:26:21,25862,10764,82.4
2026-06-09 23:26:23,25864,10765,68.5
2026-06-09 23:26:25,25866,10766,42.6
2026-06-09 23:26:28,25869,10767,34.0
2026-06-09 23:26:30,25871,10768,47.2
2026-06-09 23:26:32,25873,10769,54.1
2026-06-09 23:26:34,25875,10770,46.8
2026-06-09 23:26:36,25877,10771,53.1
2026-06-09 23:26:38,25879,10772,31.9
2026-06-09 23:26:40,25881,10773,171
2026-06-09 23:26:43,25884,10774,71.5
2026-06-09 23:26:45,25886,10775,45.5
2026-06-09 23:26:47,25888,10776,29.6
2026-06-09 23:26:49,25890,10777,36.0
2026-06-09 23:26:51,25892,10778,53.5
2026-06-09 23:26:53,25894,10779,58.2
2026-06-09 23:26:55,25896,10780,67.4
2026-06-09 23:26:57,25898,10781,32.7
2026-06-09 23:26:59,25900,10782,36.0
2026-06-09 23:27:02,25903,10783,54.4
2026-06-09 23:27:04,25905,10784,43.8
2026-06-09 23:27:06,25907,10785,31.6
2026-06-09 23:27:08,25909,10786,74.4
2026-06-09 23:27:10,25911,10787,33.7
2026-06-09 23:27:12,25913,10788,27.6
2026-06-09 23:27:15,25916,10789,65.0
2026-06-09 23:27:17,25918,10790,36.2
2026-06-09 23:27:19,25920,10791,35.5
2026-06-09 23:27:21,25922,10792,45.1
2026-06-09 23:27:23,25924,10793,27.9
2026-06-09 23:27:25,25926,10794,27.9
2026-06-09 23:27:27,25928,10795,35.3
2026-06-09 23:27:30,25931,10796,21.9
2026-06-09 23:27:32,25933,10797,30.5
2026-06-09 23:27:34,25935,10798,18.4
2026-06-09 23:27:36,25937,10799,146
2026-06-09 23:27:38,25939,10800,35.6
2026-06-09 23:27:40,25941,10801,23.4
2026-06-09 23:27:42,25943,10802,42.2
2026-06-09 23:27:45,25946,10803,16.7
2026-06-09 23:27:47,25948,10804,41.7
2026-06-09 23:27:49,25950,10805,124
2026-06-09 23:27:51,25952,10806,20.5
2026-06-09 23:27:53,25954,10807,41.1
2026-06-09 23:27:55,25956,10808,52.4
2026-06-09 23:27:57,25958,10809,39.5
2026-06-09 23:27:59,25960,10810,34.9
2026-06-09 23:28:02,25963,10811,127
2026-06-09 23:28:04,25965,10812,36.4
2026-06-09 23:28:06,25967,10813,36.5
2026-06-09 23:28:08,25969,10814,241
2026-06-09 23:28:10,25971,10815,71.9
2026-06-09 23:28:12,25973,10816,42.3
2026-06-09 23:28:15,25976,10817,36.1
2026-06-09 23:28:17,25978,10818,154
2026-06-09 23:28:19,25980,10819,39.1
2026-06-09 23:28:21,25982,10820,44.3
2026-06-09 23:28:23,25984,10821,193
2026-06-09 23:28:25,25986,10822,44.3
2026-06-09 23:28:28,25989,10823,26.8
2026-06-09 23:28:30,25991,10824,133
2026-06-09 23:28:32,25993,10825,51.3
2026-06-09 23:28:34,25995,10826,87.9
2026-06-09 23:28:36,25997,10827,48.6
2026-06-09 23:28:38,25999,10828,30.0
2026-06-09 23:28:41,26001,10829,56.5
2026-06-09 23:28:43,26004,10830,146
2026-06-09 23:28:45,26006,10831,35.7
2026-06-09 23:28:47,26008,10832,30.1
2026-06-09 23:28:49,26010,10833,173
2026-06-09 23:28:51,26012,10834,36.3
2026-06-09 23:28:53,26014,10835,31.3
2026-06-09 23:28:56,26017,10836,29.7
2026-06-09 23:28:58,26019,10837,170
2026-06-09 23:29:00,26021,10838,165
2026-06-09 23:29:02,26023,10839,146
2026-06-09 23:29:04,26025,10840,24.9
2026-06-09 23:29:06,26027,10841,140
2026-06-09 23:29:08,26029,10842,26.6
2026-06-09 23:29:11,26032,10843,26.0
2026-06-09 23:29:13,26034,10844,29.4
2026-06-09 23:29:15,26036,10845,40.7
2026-06-09 23:29:17,26038,10846,47.5
2026-06-09 23:29:19,26040,10847,19.9
2026-06-09 23:29:21,26042,10848,40.5
2026-06-09 23:29:23,26044,10849,35.2
2026-06-09 23:29:25,26046,10850,28.2
2026-06-09 23:29:27,26048,10851,40.9
2026-06-09 23:29:29,26050,10852,22.7
2026-06-09 23:29:31,26052,10853,113
2026-06-09 23:29:33,26054,10854,22.7
2026-06-09 23:29:35,26056,10855,44.1
2026-06-09 23:29:37,26058,10856,128
2026-06-09 23:29:40,26061,10857,33.9
2026-06-09 23:29:42,26063,10858,32.4
2026-06-09 23:29:44,26065,10859,85.8
2026-06-09 23:29:46,26067,10860,24.8
2026-06-09 23:29:48,26069,10861,37.8
2026-06-09 23:29:50,26071,10862,33.7
2026-06-09 23:29:53,26074,10863,41.3
2026-06-09 23:29:55,26076,10864,20.9
2026-06-09 23:29:57,26078,10865,77.8
2026-06-09 23:29:59,26080,10866,30.0
2026-06-09 23:30:01,26082,10867,29.1
2026-06-09 23:30:03,26084,10868,201
2026-06-09 23:30:05,26086,10869,57.4
2026-06-09 23:30:07,26088,10870,24.0
2026-06-09 23:30:10,26091,10871,131
2026-06-09 23:30:12,26093,10872,175
2026-06-09 23:30:14,26095,10873,31.4
2026-06-09 23:30:16,26097,10874,53.0
2026-06-09 23:30:18,26099,10875,29.7
2026-06-09 23:30:20,26101,10876,30.6
2026-06-09 23:30:23,26104,10877,39.2
2026-06-09 23:30:25,26106,10878,77.7
2026-06-09 23:30:27,26108,10879,24.4
2026-06-09 23:30:29,26110,10880,31.5
2026-06-09 23:30:32,26113,10881,34.1
2026-06-09 23:30:34,26115,10882,140
2026-06-09 23:30:36,26117,10883,37.4
2026-06-09 23:30:38,26119,10884,42.6
2026-06-09 23:30:40,26121,10885,51.7
2026-06-09 23:30:42,26123,10886,31.3
2026-06-09 23:30:44,26125,10887,33.9
2026-06-09 23:30:46,26127,10888,77.5
2026-06-09 23:30:49,26130,10889,29.5
2026-06-09 23:30:51,26132,10890,50.4
2026-06-09 23:30:53,26134,10891,50.8
2026-06-09 23:30:55,26136,10892,35.9
2026-06-09 23:30:57,26138,10893,23.7
2026-06-09 23:30:59,26140,10894,27.9
2026-06-09 23:31:02,26143,10895,42.7
2026-06-09 23:31:04,26145,10896,30.9
2026-06-09 23:31:06,26147,10897,129
2026-06-09 23:31:08,26149,10898,50.9
2026-06-09 23:31:10,26151,10899,40.8
2026-06-09 23:31:12,26153,10900,51.8
2026-06-09 23:31:15,26156,10901,21.9
2026-06-09 23:31:17,26158,10902,197
2026-06-09 23:31:19,26160,10903,91.0
2026-06-09 23:31:21,26162,10904,63.5
2026-06-09 23:31:23,26164,10905,30.6
2026-06-09 23:31:25,26166,10906,38.8
2026-06-09 23:31:28,26169,10907,24.8
2026-06-09 23:31:30,26171,10908,31.3
2026-06-09 23:31:32,26173,10909,39.1
2026-06-09 23:31:34,26175,10910,23.2
2026-06-09 23:31:36,26177,10911,160
2026-06-09 23:31:38,26179,10912,32.9
2026-06-09 23:31:41,26182,10913,49.4
2026-06-09 23:31:43,26184,10914,33.7
2026-06-09 23:31:45,26186,10915,17.3
2026-06-09 23:31:47,26188,10916,42.6
2026-06-09 23:31:49,26190,10917,78.4
2026-06-09 23:31:51,26192,10918,29.6
2026-06-09 23:31:54,26195,10919,21.6
2026-06-09 23:31:56,26197,10920,159
2026-06-09 23:31:58,26199,10921,56.1
2026-06-09 23:32:00,26201,10922,177
2026-06-09 23:32:02,26203,10923,159
2026-06-09 23:32:04,26205,10924,34.8
2026-06-09 23:32:07,26207,10925,36.9
2026-06-09 23:32:09,26210,10926,164
2026-06-09 23:32:11,26212,10927,38.9
2026-06-09 23:32:13,26214,10928,34.5
2026-06-09 23:32:15,26216,10929,51.0
2026-06-09 23:32:17,26218,10930,98.8
2026-06-09 23:32:19,26220,10931,134
2026-06-09 23:32:22,26223,10932,48.8
2026-06-09 23:32:24,26225,10933,221
2026-06-09 23:32:26,26227,10934,35.7
2026-06-09 23:32:28,26229,10935,150
2026-06-09 23:32:30,26231,10936,56.7
2026-06-09 23:32:33,26234,10937,38.5
2026-06-09 23:32:35,26236,10938,29.1
2026-06-09 23:32:37,26238,10939,36.7
2026-06-09 23:32:39,26240,10940,59.1
2026-06-09 23:32:41,26242,10941,41.6
2026-06-09 23:32:43,26244,10942,87.1
2026-06-09 23:32:45,26246,10943,23.9
2026-06-09 23:32:48,26248,10944,50.2
2026-06-09 23:32:50,26251,10945,26.5
2026-06-09 23:32:52,26253,10946,45.9
2026-06-09 23:32:54,26255,10947,33.2
2026-06-09 23:32:56,26257,10948,138
2026-06-09 23:32:58,26259,10949,152
2026-06-09 23:33:00,26261,10950,43.8
2026-06-09 23:33:03,26264,10951,37.9
2026-06-09 23:33:05,26266,10952,145
2026-06-09 23:33:07,26268,10953,64.0
2026-06-09 23:33:09,26270,10954,27.1
2026-06-09 23:33:11,26272,10955,105
2026-06-09 23:33:14,26275,10956,38.7
2026-06-09 23:33:16,26277,10957,77.9
2026-06-09 23:33:18,26279,10958,18.9
2026-06-09 23:33:20,26281,10959,123
2026-06-09 23:33:22,26283,10960,19.9
2026-06-09 23:33:24,26285,10961,61.8
2026-06-09 23:33:27,26288,10962,130
2026-06-09 23:33:29,26290,10963,29.1
2026-06-09 23:33:31,26292,10964,23.8
2026-06-09 23:33:33,26294,10965,24.7
2026-06-09 23:33:35,26296,10966,36.0
2026-06-09 23:33:37,26298,10967,137
2026-06-09 23:33:40,26301,10968,266
2026-06-09 23:33:42,26303,10969,30.9
2026-06-09 23:33:44,26305,10970,32.8
2026-06-09 23:33:46,26307,10971,31.0
2026-06-09 23:33:48,26309,10972,25.0
2026-06-09 23:33:50,26311,10973,48.1
2026-06-09 23:33:52,26313,10974,36.8
2026-06-09 23:33:55,26316,10975,71.7
2026-06-09 23:33:57,26318,10976,29.7
2026-06-09 23:33:59,26320,10977,71.4
2026-06-09 23:34:01,26322,10978,34.4
2026-06-09 23:34:03,26324,10979,44.9
2026-06-09 23:34:05,26326,10980,37.6
2026-06-09 23:34:08,26328,10981,25.9
2026-06-09 23:34:10,26331,10982,68.9
2026-06-09 23:34:12,26333,10983,31.8
2026-06-09 23:34:14,26335,10984,35.0
2026-06-09 23:34:16,26337,10985,92.8
2026-06-09 23:34:18,26339,10986,144
2026-06-09 23:34:20,26341,10987,143
2026-06-09 23:34:22,26343,10988,44.0
2026-06-09 23:34:24,26345,10989,24.7
2026-06-09 23:34:27,26348,10990,23.8
2026-06-09 23:34:29,26350,10991,36.7
2026-06-09 23:34:31,26352,10992,91.5
2026-06-09 23:34:33,26354,10993,56.0
2026-06-09 23:34:35,26356,10994,49.3
2026-06-09 23:34:37,26358,10995,41.7
2026-06-09 23:34:39,26360,10996,24.2
2026-06-09 23:34:42,26363,10997,35.2
2026-06-09 23:34:44,26365,10998,35.5
2026-06-09 23:34:46,26367,10999,45.8
2026-06-09 23:34:48,26369,11000,51.2
2026-06-09 23:34:50,26371,11001,37.4
2026-06-09 23:34:52,26373,11002,32.6
2026-06-09 23:34:54,26375,11003,39.7
2026-06-09 23:34:56,26377,11004,46.3
2026-06-09 23:34:58,26379,11005,66.5
2026-06-09 23:35:00,26381,11006,50.4
2026-06-09 23:35:02,26383,11007,19.2
2026-06-09 23:35:04,26385,11008,79.9
2026-06-09 23:35:06,26387,11009,23.4
2026-06-09 23:35:08,26389,11010,65.4
2026-06-09 23:35:11,26392,11011,22.2
2026-06-09 23:35:13,26394,11012,137
2026-06-09 23:35:15,26396,11013,90.7
2026-06-09 23:35:17,26398,11014,55.6
2026-06-09 23:35:19,26400,11015,75.7
2026-06-09 23:35:21,26402,11016,120
2026-06-09 23:35:23,26404,11017,283
2026-06-09 23:35:25,26406,11018,140
2026-06-09 23:35:28,26409,11019,27.5
2026-06-09 23:35:30,26411,11020,42.9
2026-06-09 23:35:32,26413,11021,44.4
2026-06-09 23:35:34,26415,11022,25.4
2026-06-09 23:35:36,26417,11023,123
2026-06-09 23:35:38,26419,11024,50.8
2026-06-09 23:35:41,26422,11025,134
2026-06-09 23:35:43,26424,11026,30.4
2026-06-09 23:35:45,26426,11027,57.0
2026-06-09 23:35:47,26428,11028,144
2026-06-09 23:35:49,26430,11029,41.1
2026-06-09 23:35:52,26433,11030,37.0
2026-06-09 23:35:54,26435,11031,65.8
2026-06-09 23:35:56,26437,11032,26.5
2026-06-09 23:35:58,26439,11033,53.7
2026-06-09 23:36:01,26442,11034,54.0
2026-06-09 23:36:03,26444,11035,82.0
2026-06-09 23:36:05,26446,11036,31.0
2026-06-09 23:36:07,26448,11037,133
2026-06-09 23:36:09,26450,11038,39.6
2026-06-09 23:36:12,26453,11039,47.2
2026-06-09 23:36:14,26455,11040,115
2026-06-09 23:36:16,26457,11041,36.9
2026-06-09 23:36:18,26459,11042,158
2026-06-09 23:36:20,26461,11043,58.6
2026-06-09 23:36:22,26463,11044,31.7
2026-06-09 23:36:24,26465,11045,80.5
2026-06-09 23:36:27,26468,11046,160
2026-06-09 23:36:29,26470,11047,54.9
2026-06-09 23:36:31,26472,11048,29.9
2026-06-09 23:36:33,26474,11049,49.8
2026-06-09 23:36:35,26476,11050,183
2026-06-09 23:36:37,26478,11051,45.4
2026-06-09 23:36:40,26480,11052,34.4
2026-06-09 23:36:42,26483,11053,152
2026-06-09 23:36:44,26485,11054,46.8
2026-06-09 23:36:46,26487,11055,29.7
2026-06-09 23:36:48,26489,11056,42.1
2026-06-09 23:36:50,26491,11057,34.7
2026-06-09 23:36:52,26493,11058,30.4
2026-06-09 23:36:54,26495,11059,163
2026-06-09 23:36:57,26498,11060,144
2026-06-09 23:36:59,26500,11061,54.3
2026-06-09 23:37:01,26502,11062,49.4
2026-06-09 23:37:03,26504,11063,141
2026-06-09 23:37:05,26506,11064,71.9
2026-06-09 23:37:07,26508,11065,54.4
2026-06-09 23:37:10,26511,11066,51.9
2026-06-09 23:37:12,26513,11067,31.1
2026-06-09 23:37:14,26515,11068,41.8
2026-06-09 23:37:16,26517,11069,45.4
2026-06-09 23:37:18,26519,11070,146
2026-06-09 23:37:20,26521,11071,34.9
2026-06-09 23:37:22,26523,11072,56.6
2026-06-09 23:37:24,26525,11073,43.1
2026-06-09 23:37:27,26528,11074,90.3
2026-06-09 23:37:29,26530,11075,128
2026-06-09 23:37:31,26532,11076,152
2026-06-09 23:37:33,26534,11077,59.6
2026-06-09 23:37:35,26536,11078,70.3
2026-06-09 23:37:37,26538,11079,28.6
2026-06-09 23:37:39,26540,11080,141
2026-06-09 23:37:42,26543,11081,35.4
2026-06-09 23:37:44,26545,11082,59.2
2026-06-09 23:37:46,26547,11083,35.9
2026-06-09 23:37:48,26549,11084,69.2
2026-06-09 23:37:50,26551,11085,137
2026-06-09 23:37:52,26553,11086,31.8
2026-06-09 23:37:55,26556,11087,26.3
2026-06-09 23:37:57,26558,11088,36.0
2026-06-09 23:37:59,26560,11089,165
2026-06-09 23:38:01,26562,11090,46.7
2026-06-09 23:38:03,26564,11091,193
2026-06-09 23:38:05,26566,11092,35.0
2026-06-09 23:38:08,26569,11093,31.9
2026-06-09 23:38:10,26571,11094,134
2026-06-09 23:38:12,26573,11095,44.4
2026-06-09 23:38:14,26575,11096,25.8
2026-06-09 23:38:16,26577,11097,37.2
2026-06-09 23:38:18,26579,11098,43.5
2026-06-09 23:38:20,26581,11099,32.1
2026-06-09 23:38:22,26583,11100,35.0
2026-06-09 23:38:24,26585,11101,54.0
2026-06-09 23:38:26,26587,11102,35.3
2026-06-09 23:38:28,26589,11103,34.1
2026-06-09 23:38:30,26591,11104,40.9
2026-06-09 23:38:32,26593,11105,43.9
2026-06-09 23:38:34,26595,11106,105
2026-06-09 23:38:36,26597,11107,27.7
2026-06-09 23:38:38,26599,11108,33.0
2026-06-09 23:38:40,26601,11109,40.2
2026-06-09 23:38:42,26603,11110,29.8
2026-06-09 23:38:44,26605,11111,30.5
2026-06-09 23:38:46,26607,11112,57.7
2026-06-09 23:38:48,26609,11113,28.6
2026-06-09 23:38:50,26611,11114,26.7
2026-06-09 23:38:52,26613,11115,31.5
2026-06-09 23:38:54,26615,11116,36.2
2026-06-09 23:38:56,26617,11117,38.5
2026-06-09 23:38:58,26619,11118,26.2
2026-06-09 23:39:00,26621,11119,37.6
2026-06-09 23:39:02,26623,11120,37.3
2026-06-09 23:39:04,26625,11121,37.1
2026-06-09 23:39:07,26628,11122,53.4
2026-06-09 23:39:09,26630,11123,49.3
2026-06-09 23:39:11,26632,11124,41.5
2026-06-09 23:39:13,26634,11125,48.1
2026-06-09 23:39:14,26635,11126,28.0
2026-06-09 23:39:17,26638,11127,50.6
2026-06-09 23:39:18,26639,11128,69.8
2026-06-09 23:39:20,26641,11129,94.3
2026-06-09 23:39:23,26644,11130,47.4
2026-06-09 23:39:25,26646,11131,34.4
2026-06-09 23:39:27,26648,11132,35.8
2026-06-09 23:39:29,26650,11133,59.4
2026-06-09 23:39:31,26652,11134,33.6
2026-06-09 23:39:33,26654,11135,32.9
2026-06-09 23:39:35,26656,11136,29.8
2026-06-09 23:39:37,26658,11137,33.0
2026-06-09 23:39:39,26660,11138,37.6
2026-06-09 23:39:41,26662,11139,25.1
2026-06-09 23:39:43,26664,11140,26.4
2026-06-09 23:39:45,26666,11141,83.2
2026-06-09 23:39:47,26668,11142,35.8
2026-06-09 23:39:49,26670,11143,45.6
2026-06-09 23:39:51,26672,11144,37.8
2026-06-09 23:39:53,26674,11145,27.4
2026-06-09 23:39:55,26676,11146,57.3
2026-06-09 23:39:57,26678,11147,45.1
2026-06-09 23:39:59,26680,11148,44.1
2026-06-09 23:40:01,26682,11149,26.0
2026-06-09 23:40:03,26684,11150,26.9
2026-06-09 23:40:05,26686,11151,17.4
2026-06-09 23:40:07,26688,11152,22.8
2026-06-09 23:40:09,26690,11153,201
2026-06-09 23:40:11,26692,11154,144
2026-06-09 23:40:13,26694,11155,24.4
2026-06-09 23:40:15,26696,11156,19.3
2026-06-09 23:40:17,26698,11157,34.5
2026-06-09 23:40:19,26700,11158,60.4
2026-06-09 23:40:22,26703,11159,26.5
2026-06-09 23:40:24,26705,11160,36.7
2026-06-09 23:40:26,26707,11161,51.7
2026-06-09 23:40:28,26709,11162,41.3
2026-06-09 23:40:30,26711,11163,31.1
2026-06-09 23:40:32,26713,11164,30.7
2026-06-09 23:40:34,26715,11165,13.7
2026-06-09 23:40:36,26717,11166,22.2
2026-06-09 23:40:38,26719,11167,30.2
2026-06-09 23:40:40,26721,11168,24.0
2026-06-09 23:40:42,26723,11169,28.4
2026-06-09 23:40:44,26725,11170,36.2
2026-06-09 23:40:46,26727,11171,27.7
2026-06-09 23:40:48,26729,11172,18.1
2026-06-09 23:40:50,26731,11173,206
2026-06-09 23:40:52,26733,11174,136
2026-06-09 23:40:54,26735,11175,29.9
2026-06-09 23:40:56,26737,11176,173
2026-06-09 23:40:58,26739,11177,30.7
2026-06-09 23:41:00,26741,11178,32.0
2026-06-09 23:41:02,26743,11179,36.1
2026-06-09 23:41:04,26745,11180,40.0
2026-06-09 23:41:06,26747,11181,32.7
2026-06-09 23:41:08,26749,11182,38.1
2026-06-09 23:41:10,26751,11183,30.8
2026-06-09 23:41:12,26753,11184,58.0
2026-06-09 23:41:14,26755,11185,35.3
2026-06-09 23:41:16,26757,11186,27.8
2026-06-09 23:41:18,26759,11187,25.3
2026-06-09 23:41:20,26761,11188,27.8
2026-06-09 23:41:22,26763,11189,24.9
2026-06-09 23:41:24,26765,11190,25.8
2026-06-09 23:41:26,26767,11191,36.8
2026-06-09 23:41:28,26769,11192,46.1
2026-06-09 23:41:30,26771,11193,23.0
2026-06-09 23:41:32,26773,11194,34.3
2026-06-09 23:41:34,26775,11195,32.7
2026-06-09 23:41:36,26777,11196,132
2026-06-09 23:41:38,26779,11197,255
2026-06-09 23:41:40,26781,11198,32.6
2026-06-09 23:41:42,26783,11199,39.8
2026-06-09 23:41:44,26785,11200,23.8
2026-06-09 23:41:46,26787,11201,28.9
2026-06-09 23:41:48,26789,11202,22.2
2026-06-09 23:41:50,26791,11203,32.7
2026-06-09 23:41:52,26793,11204,34.1
2026-06-09 23:41:54,26795,11205,28.3
2026-06-09 23:41:56,26797,11206,34.4
2026-06-09 23:41:58,26799,11207,59.0
2026-06-09 23:42:00,26801,11208,53.5
2026-06-09 23:42:02,26803,11209,35.3
2026-06-09 23:42:04,26805,11210,47.1
2026-06-09 23:42:06,26807,11211,28.7
2026-06-09 23:42:08,26809,11212,36.4
2026-06-09 23:42:10,26811,11213,21.9
2026-06-09 23:42:12,26813,11214,39.5
2026-06-09 23:42:14,26815,11215,31.3
2026-06-09 23:42:16,26817,11216,31.6
2026-06-09 23:42:18,26819,11217,36.1
2026-06-09 23:42:20,26821,11218,39.7
2026-06-09 23:42:22,26823,11219,37.0
2026-06-09 23:42:24,26825,11220,141
2026-06-09 23:42:26,26827,11221,27.5
2026-06-09 23:42:28,26829,11222,30.0
2026-06-09 23:42:30,26831,11223,39.5
2026-06-09 23:42:32,26833,11224,30.5
2026-06-09 23:42:34,26835,11225,99.0
2026-06-09 23:42:37,26838,11226,161
2026-06-09 23:42:39,26840,11227,30.8
2026-06-09 23:42:41,26842,11228,33.8
2026-06-09 23:42:43,26844,11229,27.8
2026-06-09 23:42:45,26846,11230,45.5
2026-06-09 23:42:47,26848,11231,46.4
2026-06-09 23:42:49,26850,11232,30.1
2026-06-09 23:42:51,26852,11233,44.2
2026-06-09 23:42:53,26854,11234,31.7
2026-06-09 23:42:55,26856,11235,46.9
2026-06-09 23:42:57,26858,11236,31.2
2026-06-09 23:42:59,26860,11237,54.8
2026-06-09 23:43:01,26862,11238,50.6
2026-06-09 23:43:03,26864,11239,28.9
2026-06-09 23:43:05,26866,11240,29.2
2026-06-09 23:43:07,26868,11241,46.3
2026-06-09 23:43:09,26870,11242,25.7
2026-06-09 23:43:11,26872,11243,29.6
2026-06-09 23:43:13,26874,11244,40.0
2026-06-09 23:43:15,26876,11245,28.7
2026-06-09 23:43:17,26878,11246,33.3
2026-06-09 23:43:19,26880,11247,22.3
2026-06-09 23:43:21,26882,11248,151
2026-06-09 23:43:24,26885,11249,169
2026-06-09 23:43:26,26887,11250,36.8
2026-06-09 23:43:28,26889,11251,46.5
2026-06-09 23:43:30,26891,11252,42.1
2026-06-09 23:43:32,26893,11253,51.0
2026-06-09 23:43:34,26895,11254,28.8
2026-06-09 23:43:36,26897,11255,51.7
2026-06-09 23:43:38,26899,11256,120
2026-06-09 23:43:41,26902,11257,67.9
2026-06-09 23:43:43,26904,11258,42.6
2026-06-09 23:43:45,26906,11259,24.6
2026-06-09 23:43:47,26908,11260,21.0
2026-06-09 23:43:50,26911,11261,34.0
2026-06-09 23:43:52,26913,11262,32.9
2026-06-09 23:43:54,26915,11263,38.4
2026-06-09 23:43:56,26917,11264,64.4
2026-06-09 23:43:58,26919,11265,59.9
2026-06-09 23:44:00,26921,11266,52.0
2026-06-09 23:44:03,26924,11267,31.9
2026-06-09 23:44:05,26926,11268,123
2026-06-09 23:44:07,26928,11269,26.8
2026-06-09 23:44:09,26930,11270,46.3
2026-06-09 23:44:11,26932,11271,138
2026-06-09 23:44:13,26934,11272,97.3
2026-06-09 23:44:16,26937,11273,25.0
2026-06-09 23:44:18,26939,11274,105
2026-06-09 23:44:20,26941,11275,134
2026-06-09 23:44:22,26943,11276,145
2026-06-09 23:44:25,26946,11277,125
2026-06-09 23:44:27,26948,11278,72.3
2026-06-09 23:44:29,26950,11279,26.8
2026-06-09 23:44:31,26952,11280,46.0
2026-06-09 23:44:34,26955,11281,38.9
2026-06-09 23:44:36,26957,11282,135
2026-06-09 23:44:38,26959,11283,68.7
2026-06-09 23:44:40,26961,11284,54.8
2026-06-09 23:44:43,26964,11285,32.8
2026-06-09 23:44:45,26966,11286,35.3
2026-06-09 23:44:47,26968,11287,142
2026-06-09 23:44:49,26970,11288,37.2
2026-06-09 23:44:52,26973,11289,180
2026-06-09 23:44:54,26975,11290,49.7
2026-06-09 23:44:56,26977,11291,31.7
2026-06-09 23:44:58,26979,11292,119
2026-06-09 23:45:00,26981,11293,110
2026-06-09 23:45:03,26984,11294,114
2026-06-09 23:45:05,26986,11295,180
2026-06-09 23:45:07,26988,11296,35.6
2026-06-09 23:45:09,26990,11297,42.5
2026-06-09 23:45:12,26993,11298,142
2026-06-09 23:45:14,26995,11299,30.5
2026-06-09 23:45:16,26997,11300,41.6
2026-06-09 23:45:18,26999,11301,36.2
2026-06-09 23:45:21,27002,11302,183
2026-06-09 23:45:23,27004,11303,45.0
2026-06-09 23:45:25,27006,11304,43.5
2026-06-09 23:45:27,27008,11305,35.8
2026-06-09 23:45:30,27011,11306,42.6
2026-06-09 23:45:32,27013,11307,135
2026-06-09 23:45:34,27015,11308,33.1
2026-06-09 23:45:36,27017,11309,142
2026-06-09 23:45:39,27020,11310,53.9
2026-06-09 23:45:41,27022,11311,179
2026-06-09 23:45:43,27024,11312,152
2026-06-09 23:45:45,27026,11313,66.9
2026-06-09 23:45:47,27028,11314,28.3
2026-06-09 23:45:50,27031,11315,130
2026-06-09 23:45:52,27033,11316,35.6
2026-06-09 23:45:54,27035,11317,161
2026-06-09 23:45:56,27037,11318,34.6
2026-06-09 23:45:59,27040,11319,151
2026-06-09 23:46:01,27042,11320,42.9
2026-06-09 23:46:03,27044,11321,185
2026-06-09 23:46:05,27046,11322,27.4
2026-06-09 23:46:07,27048,11323,68.1
2026-06-09 23:46:10,27051,11324,154
2026-06-09 23:46:12,27053,11325,29.4
2026-06-09 23:46:14,27055,11326,26.4
2026-06-09 23:46:16,27057,11327,18.1
2026-06-09 23:46:18,27059,11328,28.9
2026-06-09 23:46:20,27061,11329,27.6
2026-06-09 23:46:22,27063,11330,47.5
2026-06-09 23:46:24,27065,11331,37.3
2026-06-09 23:46:26,27067,11332,43.2
2026-06-09 23:46:28,27069,11333,33.2
2026-06-09 23:46:30,27071,11334,25.4
2026-06-09 23:46:32,27073,11335,46.2
2026-06-09 23:46:34,27075,11336,23.7
2026-06-09 23:46:36,27077,11337,11.4
2026-06-09 23:46:38,27079,11338,35.7
2026-06-09 23:46:40,27081,11339,43.0
2026-06-09 23:46:42,27083,11340,37.0
2026-06-09 23:46:45,27086,11341,44.5
2026-06-09 23:46:47,27088,11342,33.2
2026-06-09 23:46:49,27090,11343,102
2026-06-09 23:46:51,27092,11344,32.7
2026-06-09 23:46:53,27094,11345,32.6
2026-06-09 23:46:55,27096,11346,58.4
2026-06-09 23:46:57,27098,11347,16.6
2026-06-09 23:46:59,27100,11348,25.0
2026-06-09 23:47:01,27102,11349,22.4
2026-06-09 23:47:03,27104,11350,14.6
2026-06-09 23:47:05,27106,11351,26.7
2026-06-09 23:47:07,27108,11352,23.6
2026-06-09 23:47:10,27111,11353,44.3
2026-06-09 23:47:12,27113,11354,131
2026-06-09 23:47:14,27115,11355,27.4
2026-06-09 23:47:16,27117,11356,29.4
2026-06-09 23:47:18,27119,11357,41.9
2026-06-09 23:47:20,27121,11358,40.7
2026-06-09 23:47:22,27123,11359,53.7
2026-06-09 23:47:24,27125,11360,45.2
2026-06-09 23:47:26,27127,11361,35.1
2026-06-09 23:47:28,27129,11362,42.3
2026-06-09 23:47:30,27131,11363,34.0
2026-06-09 23:47:32,27133,11364,168
2026-06-09 23:47:34,27135,11365,38.3
2026-06-09 23:47:36,27137,11366,28.1
2026-06-09 23:47:38,27139,11367,35.4
2026-06-09 23:47:40,27141,11368,44.6
2026-06-09 23:47:42,27143,11369,175
2026-06-09 23:47:45,27146,11370,27.8
2026-06-09 23:47:47,27148,11371,44.1
2026-06-09 23:47:49,27150,11372,43.9
2026-06-09 23:47:51,27152,11373,56.1
2026-06-09 23:47:53,27154,11374,33.2
2026-06-09 23:47:55,27156,11375,34.9
2026-06-09 23:47:57,27158,11376,46.5
2026-06-09 23:47:59,27160,11377,31.1
2026-06-09 23:48:01,27162,11378,56.2
2026-06-09 23:48:03,27164,11379,38.0
2026-06-09 23:48:05,27166,11380,42.6
2026-06-09 23:48:07,27168,11381,22.4
2026-06-09 23:48:09,27170,11382,88.9
2026-06-09 23:48:11,27172,11383,164
2026-06-09 23:48:13,27174,11384,47.8
2026-06-09 23:48:16,27177,11385,47.7
2026-06-09 23:48:18,27179,11386,30.8
2026-06-09 23:48:20,27181,11387,15.4
2026-06-09 23:48:22,27183,11388,60.7
2026-06-09 23:48:24,27185,11389,47.2
2026-06-09 23:48:26,27187,11390,25.7
2026-06-09 23:48:28,27189,11391,27.9
2026-06-09 23:48:30,27191,11392,32.0
2026-06-09 23:48:32,27193,11393,233
2026-06-09 23:48:34,27195,11394,39.3
2026-06-09 23:48:36,27197,11395,36.9
2026-06-09 23:48:38,27199,11396,30.4
2026-06-09 23:48:40,27201,11397,37.3
2026-06-09 23:48:42,27203,11398,166
2026-06-09 23:48:44,27205,11399,29.4
2026-06-09 23:48:46,27207,11400,38.7
2026-06-09 23:48:48,27209,11401,49.7
2026-06-09 23:48:50,27211,11402,28.0
2026-06-09 23:48:52,27213,11403,61.6
2026-06-09 23:48:54,27215,11404,35.2
2026-06-09 23:48:56,27217,11405,196
2026-06-09 23:48:59,27220,11406,30.9
2026-06-09 23:49:01,27222,11407,25.5
2026-06-09 23:49:03,27224,11408,21.5
2026-06-09 23:49:05,27226,11409,38.7
2026-06-09 23:49:07,27228,11410,27.6
2026-06-09 23:49:09,27230,11411,25.5
2026-06-09 23:49:11,27232,11412,28.8
2026-06-09 23:49:13,27234,11413,27.3
2026-06-09 23:49:15,27236,11414,31.4
2026-06-09 23:49:17,27238,11415,53.0
2026-06-09 23:49:19,27240,11416,130
2026-06-09 23:49:21,27242,11417,18.3
2026-06-09 23:49:23,27244,11418,25.8
2026-06-09 23:49:25,27246,11419,23.2
2026-06-09 23:49:27,27248,11420,36.2
2026-06-09 23:49:29,27250,11421,40.6
2026-06-09 23:49:31,27252,11422,20.3
2026-06-09 23:49:33,27254,11423,32.1
2026-06-09 23:49:35,27256,11424,18.5
2026-06-09 23:49:37,27258,11425,29.7
2026-06-09 23:49:39,27260,11426,30.2
2026-06-09 23:49:41,27262,11427,166
2026-06-09 23:49:44,27265,11428,51.5
2026-06-09 23:49:46,27267,11429,28.9
2026-06-09 23:49:48,27269,11430,19.2
2026-06-09 23:49:50,27271,11431,22.5
2026-06-09 23:49:52,27273,11432,90.7
2026-06-09 23:49:54,27275,11433,24.6
2026-06-09 23:49:56,27277,11434,23.4
2026-06-09 23:49:58,27279,11435,45.8
2026-06-09 23:50:00,27281,11436,39.0
2026-06-09 23:50:02,27283,11437,25.1
2026-06-09 23:50:04,27285,11438,173
2026-06-09 23:50:06,27287,11439,25.8
2026-06-09 23:50:08,27289,11440,38.1
2026-06-09 23:50:10,27291,11441,30.3
2026-06-09 23:50:12,27293,11442,42.8
2026-06-09 23:50:14,27295,11443,31.7
2026-06-09 23:50:17,27298,11444,31.7
2026-06-09 23:50:19,27300,11445,35.2
2026-06-09 23:50:21,27302,11446,258
2026-06-09 23:50:23,27304,11447,248
2026-06-09 23:50:25,27306,11448,158
2026-06-09 23:50:28,27309,11449,183
2026-06-09 23:50:30,27311,11450,44.2
2026-06-09 23:50:33,27314,11451,58.6
2026-06-09 23:50:36,27317,11452,163
2026-06-09 23:50:38,27319,11453,41.0
2026-06-09 23:50:40,27321,11454,211
2026-06-09 23:50:43,27324,11455,97.9
2026-06-09 23:50:45,27326,11456,49.7
2026-06-09 23:50:47,27328,11457,184
2026-06-09 23:50:49,27330,11458,201
2026-06-09 23:50:52,27333,11459,46.0
2026-06-09 23:50:54,27335,11460,22.5
2026-06-09 23:50:56,27337,11461,38.2
2026-06-09 23:50:58,27339,11462,57.7
2026-06-09 23:51:00,27341,11463,146
2026-06-09 23:51:02,27343,11464,28.9
2026-06-09 23:51:04,27345,11465,44.5
2026-06-09 23:51:06,27347,11466,72.8
2026-06-09 23:51:09,27350,11467,125
2026-06-09 23:51:11,27352,11468,42.7
2026-06-09 23:51:13,27354,11469,45.0
2026-06-09 23:51:15,27356,11470,118
2026-06-09 23:51:17,27358,11471,154
2026-06-09 23:51:20,27361,11472,63.0
2026-06-09 23:51:22,27363,11473,32.2
2026-06-09 23:51:24,27365,11474,112
2026-06-09 23:51:26,27367,11475,36.4
2026-06-09 23:51:28,27369,11476,35.9
2026-06-09 23:51:31,27372,11477,44.4
2026-06-09 23:51:33,27374,11478,47.7
2026-06-09 23:51:35,27376,11479,54.4
2026-06-09 23:51:37,27378,11480,135
2026-06-09 23:51:39,27380,11481,40.9
2026-06-09 23:51:41,27382,11482,31.2
2026-06-09 23:51:44,27384,11483,142
2026-06-09 23:51:46,27387,11484,41.9
2026-06-09 23:51:48,27389,11485,29.3
2026-06-09 23:51:50,27391,11486,134
2026-06-09 23:51:52,27393,11487,37.4
2026-06-09 23:51:54,27395,11488,35.2
2026-06-09 23:51:57,27398,11489,18.7
2026-06-09 23:51:59,27400,11490,53.7
2026-06-09 23:52:01,27402,11491,27.7
2026-06-09 23:52:03,27404,11492,13.7
2026-06-09 23:52:05,27406,11493,141
2026-06-09 23:52:07,27408,11494,87.2
2026-06-09 23:52:10,27411,11495,75.6
2026-06-09 23:52:12,27413,11496,140
2026-06-09 23:52:14,27415,11497,179
2026-06-09 23:52:16,27417,11498,40.6
2026-06-09 23:52:19,27420,11499,38.5
2026-06-09 23:52:21,27422,11500,25.3
2026-06-09 23:52:23,27424,11501,24.1
2026-06-09 23:52:25,27426,11502,61.2
2026-06-09 23:52:27,27428,11503,33.8
2026-06-09 23:52:29,27430,11504,78.5
2026-06-09 23:52:32,27433,11505,147
2026-06-09 23:52:34,27435,11506,62.3
2026-06-09 23:52:36,27437,11507,64.0
2026-06-09 23:52:38,27439,11508,103
2026-06-09 23:52:40,27441,11509,30.7
2026-06-09 23:52:42,27443,11510,26.0
2026-06-09 23:52:45,27446,11511,60.9
2026-06-09 23:52:47,27448,11512,196
2026-06-09 23:52:49,27450,11513,27.2
2026-06-09 23:52:51,27452,11514,109
2026-06-09 23:52:53,27454,11515,110
2026-06-09 23:52:55,27456,11516,94.1
2026-06-09 23:52:58,27459,11517,43.4
2026-06-09 23:53:00,27461,11518,22.0
2026-06-09 23:53:02,27463,11519,149
2026-06-09 23:53:04,27465,11520,188
2026-06-09 23:53:06,27467,11521,144
2026-06-09 23:53:09,27470,11522,166
2026-06-09 23:53:11,27472,11523,48.6
2026-06-09 23:53:13,27474,11524,197
2026-06-09 23:53:15,27476,11525,63.1
2026-06-09 23:53:17,27478,11526,28.5
2026-06-09 23:53:20,27481,11527,102
2026-06-09 23:53:22,27483,11528,39.9
2026-06-09 23:53:24,27485,11529,34.9
2026-06-09 23:53:26,27487,11530,141
2026-06-09 23:53:28,27489,11531,126
2026-06-09 23:53:31,27492,11532,52.3
2026-06-09 23:53:33,27494,11533,113
2026-06-09 23:53:35,27496,11534,102
2026-06-09 23:53:37,27498,11535,41.2
2026-06-09 23:53:39,27500,11536,69.8
2026-06-09 23:53:42,27503,11537,40.7
2026-06-09 23:53:44,27505,11538,49.4
2026-06-09 23:53:46,27507,11539,132
2026-06-09 23:53:48,27509,11540,117
2026-06-09 23:53:50,27511,11541,66.3
2026-06-09 23:53:53,27513,11542,34.3
2026-06-09 23:53:55,27516,11543,148
2026-06-09 23:53:57,27518,11544,64.2
2026-06-09 23:53:59,27520,11545,26.5
2026-06-09 23:54:01,27522,11546,44.2
2026-06-09 23:54:03,27524,11547,36.7
2026-06-09 23:54:05,27526,11548,28.3
2026-06-09 23:54:07,27528,11549,30.8
2026-06-09 23:54:09,27530,11550,41.7
2026-06-09 23:54:11,27532,11551,32.9
2026-06-09 23:54:13,27534,11552,38.5
2026-06-09 23:54:15,27536,11553,233
2026-06-09 23:54:17,27538,11554,35.0
2026-06-09 23:54:19,27540,11555,31.4
2026-06-09 23:54:21,27542,11556,22.3
2026-06-09 23:54:23,27544,11557,26.6
2026-06-09 23:54:25,27546,11558,61.1
2026-06-09 23:54:27,27548,11559,33.6
2026-06-09 23:54:29,27550,11560,32.1
2026-06-09 23:54:31,27552,11561,24.0
2026-06-09 23:54:33,27554,11562,40.7
2026-06-09 23:54:35,27556,11563,255
2026-06-09 23:54:37,27558,11564,48.0
2026-06-09 23:54:39,27560,11565,35.6
2026-06-09 23:54:41,27562,11566,26.1
2026-06-09 23:54:43,27564,11567,29.1
2026-06-09 23:54:45,27566,11568,31.8
2026-06-09 23:54:47,27568,11569,33.7
2026-06-09 23:54:49,27570,11570,34.1
2026-06-09 23:54:51,27572,11571,36.2
2026-06-09 23:54:53,27574,11572,35.6
2026-06-09 23:54:55,27576,11573,34.2
2026-06-09 23:54:57,27578,11574,28.2
2026-06-09 23:54:59,27580,11575,37.0
2026-06-09 23:55:01,27582,11576,34.3
2026-06-09 23:55:03,27584,11577,50.3
2026-06-09 23:55:05,27586,11578,40.6
2026-06-09 23:55:07,27588,11579,34.8
2026-06-09 23:55:09,27590,11580,31.1
2026-06-09 23:55:11,27592,11581,63.2
2026-06-09 23:55:13,27594,11582,38.2
2026-06-09 23:55:14,27595,11583,256
2026-06-09 23:55:17,27598,11584,37.1
2026-06-09 23:55:19,27600,11585,41.5
2026-06-09 23:55:21,27602,11586,28.2
2026-06-09 23:55:23,27604,11587,31.6
2026-06-09 23:55:25,27606,11588,115
2026-06-09 23:55:27,27608,11589,35.1
2026-06-09 23:55:29,27610,11590,23.1
2026-06-09 23:55:31,27612,11591,136
2026-06-09 23:55:33,27614,11592,28.3
2026-06-09 23:55:35,27616,11593,27.0
2026-06-09 23:55:37,27618,11594,44.7
2026-06-09 23:55:39,27620,11595,39.5
2026-06-09 23:55:41,27622,11596,36.9
2026-06-09 23:55:43,27624,11597,18.6
2026-06-09 23:55:45,27626,11598,33.5
2026-06-09 23:55:46,27627,11599,40.2
2026-06-09 23:55:48,27629,11600,29.3
2026-06-09 23:55:50,27631,11601,233
2026-06-09 23:55:53,27634,11602,142
2026-06-09 23:55:55,27636,11603,325
2026-06-09 23:55:58,27639,11604,144
2026-06-09 23:56:00,27641,11605,24.8
2026-06-09 23:56:02,27643,11606,39.8
2026-06-09 23:56:04,27645,11607,38.7
2026-06-09 23:56:06,27647,11608,19.8
2026-06-09 23:56:08,27649,11609,43.4
2026-06-09 23:56:10,27651,11610,32.4
2026-06-09 23:56:12,27653,11611,34.2
2026-06-09 23:56:14,27655,11612,24.3
2026-06-09 23:56:16,27657,11613,27.0
2026-06-09 23:56:18,27659,11614,50.8
2026-06-09 23:56:20,27661,11615,26.8
2026-06-09 23:56:23,27664,11616,27.8
2026-06-09 23:56:25,27666,11617,21.5
2026-06-09 23:56:27,27668,11618,42.2
2026-06-09 23:56:29,27670,11619,25.6
2026-06-09 23:56:31,27672,11620,35.3
2026-06-09 23:56:33,27674,11621,29.6
2026-06-09 23:56:35,27676,11622,24.9
2026-06-09 23:56:37,27678,11623,37.4
2026-06-09 23:56:39,27680,11624,94.6
2026-06-09 23:56:41,27682,11625,143
2026-06-09 23:56:43,27684,11626,24.6
2026-06-09 23:56:45,27686,11627,22.7
2026-06-09 23:56:47,27688,11628,145
2026-06-09 23:56:49,27690,11629,20.3
2026-06-09 23:56:51,27692,11630,25.1
2026-06-09 23:56:53,27694,11631,26.7
2026-06-09 23:56:55,27696,11632,36.5
2026-06-09 23:56:57,27698,11633,27.1
2026-06-09 23:56:59,27700,11634,40.8
2026-06-09 23:57:01,27702,11635,29.2
2026-06-09 23:57:04,27705,11636,23.9
2026-06-09 23:57:06,27707,11637,41.5
2026-06-09 23:57:08,27709,11638,30.7
2026-06-09 23:57:10,27711,11639,28.0
2026-06-09 23:57:12,27713,11640,33.6
2026-06-09 23:57:13,27714,11641,43.8
2026-06-09 23:57:15,27716,11642,34.4
2026-06-09 23:57:17,27718,11643,46.1
2026-06-09 23:57:19,27720,11644,60.7
2026-06-09 23:57:21,27722,11645,162
2026-06-09 23:57:23,27724,11646,25.6
2026-06-09 23:57:26,27727,11647,33.2
2026-06-09 23:57:28,27729,11648,54.6
2026-06-09 23:57:30,27731,11649,50.7
2026-06-09 23:57:32,27733,11650,185
2026-06-09 23:57:34,27735,11651,35.9
2026-06-09 23:57:36,27737,11652,44.7
2026-06-09 23:57:38,27739,11653,86.6
2026-06-09 23:57:40,27741,11654,33.7
2026-06-09 23:57:42,27743,11655,49.2
2026-06-09 23:57:44,27745,11656,31.8
2026-06-09 23:57:46,27747,11657,29.3
2026-06-09 23:57:48,27749,11658,32.9
2026-06-09 23:57:50,27751,11659,28.2
2026-06-09 23:57:52,27753,11660,41.0
2026-06-09 23:57:54,27755,11661,30.9
2026-06-09 23:57:57,27758,11662,47.6
2026-06-09 23:57:59,27760,11663,190
2026-06-09 23:58:01,27762,11664,127
2026-06-09 23:58:03,27764,11665,51.9
2026-06-09 23:58:05,27766,11666,25.1
2026-06-09 23:58:07,27768,11667,38.7
2026-06-09 23:58:09,27770,11668,41.2
2026-06-09 23:58:11,27772,11669,15.6
2026-06-09 23:58:13,27774,11670,26.1
2026-06-09 23:58:15,27776,11671,33.2
2026-06-09 23:58:17,27778,11672,31.9
2026-06-09 23:58:19,27780,11673,35.0
2026-06-09 23:58:21,27782,11674,25.8
2026-06-09 23:58:23,27784,11675,25.6
2026-06-09 23:58:25,27786,11676,35.2
2026-06-09 23:58:27,27788,11677,42.1
2026-06-09 23:58:29,27790,11678,49.4
2026-06-09 23:58:31,27792,11679,171
2026-06-09 23:58:33,27794,11680,36.4
2026-06-09 23:58:35,27796,11681,30.0
2026-06-09 23:58:37,27798,11682,37.1
2026-06-09 23:58:39,27800,11683,26.5
2026-06-09 23:58:41,27802,11684,35.2
2026-06-09 23:58:43,27804,11685,45.0
2026-06-09 23:58:45,27806,11686,188
2026-06-09 23:58:47,27808,11687,47.3
2026-06-09 23:58:50,27811,11688,29.7
2026-06-09 23:58:52,27813,11689,26.4
2026-06-09 23:58:54,27815,11690,43.6
2026-06-09 23:58:56,27817,11691,49.9
2026-06-09 23:58:58,27819,11692,24.2
2026-06-09 23:59:00,27821,11693,33.9
2026-06-09 23:59:02,27823,11694,44.4
2026-06-09 23:59:04,27825,11695,41.9
2026-06-09 23:59:06,27827,11696,27.9
2026-06-09 23:59:08,27829,11697,29.7
2026-06-09 23:59:10,27831,11698,35.2
2026-06-09 23:59:12,27833,11699,34.0
2026-06-09 23:59:14,27835,11700,32.0
2026-06-09 23:59:16,27837,11701,40.0
2026-06-09 23:59:18,27839,11702,37.9
2026-06-09 23:59:20,27841,11703,30.4
2026-06-09 23:59:22,27843,11704,37.3
2026-06-09 23:59:24,27845,11705,42.8
2026-06-09 23:59:26,27847,11706,26.8
2026-06-09 23:59:28,27849,11707,29.1
2026-06-09 23:59:30,27851,11708,168
2026-06-09 23:59:32,27853,11709,32.1
2026-06-09 23:59:34,27855,11710,30.0
2026-06-09 23:59:36,27857,11711,43.9
2026-06-09 23:59:38,27859,11712,40.9
2026-06-09 23:59:40,27861,11713,15.3
2026-06-09 23:59:43,27864,11714,40.0
2026-06-09 23:59:45,27866,11715,25.8
2026-06-09 23:59:47,27868,11716,61.0
2026-06-09 23:59:49,27870,11717,28.6
2026-06-09 23:59:51,27872,11718,27.0
2026-06-09 23:59:53,27874,11719,35.2
2026-06-09 23:59:55,27876,11720,51.7
2026-06-09 23:59:57,27878,11721,33.8
2026-06-09 23:59:59,27880,11722,30.1
2026-06-10 00:00:01,27882,11723,31.4
2026-06-10 00:00:03,27884,11724,27.2
2026-06-10 00:00:05,27886,11725,29.3
2026-06-10 00:00:07,27888,11726,32.0
2026-06-10 00:00:09,27890,11727,88.9
2026-06-10 00:00:11,27892,11728,249
2026-06-10 00:00:13,27894,11729,257
2026-06-10 00:00:15,27896,11730,174
2026-06-10 00:00:18,27899,11731,202
2026-06-10 00:00:20,27901,11732,174
2026-06-10 00:00:22,27903,11733,148
2026-06-10 00:00:25,27906,11734,166
2026-06-10 00:00:27,27908,11735,129
2026-06-10 00:00:29,27910,11736,64.9
2026-06-10 00:00:32,27913,11737,245
2026-06-10 00:00:34,27915,11738,178
2026-06-10 00:00:36,27917,11739,186
2026-06-10 00:00:38,27919,11740,36.7
2026-06-10 00:00:40,27921,11741,35.8
2026-06-10 00:00:43,27924,11742,14.5
2026-06-10 00:00:45,27926,11743,32.5
2026-06-10 00:00:47,27928,11744,39.4
2026-06-10 00:00:49,27930,11745,13.6
2026-06-10 00:00:51,27932,11746,41.6
2026-06-10 00:00:53,27934,11747,33.3
2026-06-10 00:00:55,27936,11748,27.0
2026-06-10 00:00:57,27938,11749,31.7
2026-06-10 00:00:59,27940,11750,24.8
2026-06-10 00:01:01,27942,11751,181
2026-06-10 00:01:03,27944,11752,34.8
2026-06-10 00:01:05,27946,11753,24.1
2026-06-10 00:01:07,27948,11754,35.0
2026-06-10 00:01:09,27950,11755,26.8
2026-06-10 00:01:11,27952,11756,32.6
2026-06-10 00:01:13,27954,11757,39.7
2026-06-10 00:01:15,27956,11758,44.0
2026-06-10 00:01:17,27958,11759,34.2
2026-06-10 00:01:19,27960,11760,48.8
2026-06-10 00:01:21,27962,11761,178
2026-06-10 00:01:24,27965,11762,44.9
2026-06-10 00:01:26,27967,11763,41.9
2026-06-10 00:01:28,27969,11764,38.1
2026-06-10 00:01:30,27971,11765,37.1
2026-06-10 00:01:32,27973,11766,26.4
2026-06-10 00:01:34,27975,11767,36.7
2026-06-10 00:01:36,27977,11768,27.1
2026-06-10 00:01:38,27979,11769,53.0
2026-06-10 00:01:40,27981,11770,24.6
2026-06-10 00:01:42,27983,11771,30.8
2026-06-10 00:01:44,27985,11772,39.7
2026-06-10 00:01:46,27987,11773,39.1
2026-06-10 00:01:48,27989,11774,20.7
2026-06-10 00:01:50,27991,11775,18.0
2026-06-10 00:01:53,27994,11776,23.0
2026-06-10 00:01:55,27996,11777,46.8
2026-06-10 00:01:57,27998,11778,45.3
2026-06-10 00:01:59,28000,11779,30.7
2026-06-10 00:02:01,28002,11780,32.8
2026-06-10 00:02:03,28004,11781,18.5
2026-06-10 00:02:05,28006,11782,18.1
2026-06-10 00:02:07,28008,11783,35.7
2026-06-10 00:02:09,28010,11784,73.0
2026-06-10 00:02:11,28012,11785,216
2026-06-10 00:02:13,28014,11786,44.6
2026-06-10 00:02:15,28016,11787,30.4
2026-06-10 00:02:17,28018,11788,19.9
2026-06-10 00:02:19,28020,11789,36.6
2026-06-10 00:02:21,28022,11790,48.0
2026-06-10 00:02:24,28025,11791,32.5
2026-06-10 00:02:26,28027,11792,36.1
2026-06-10 00:02:28,28029,11793,21.3
2026-06-10 00:02:30,28031,11794,28.7
2026-06-10 00:02:32,28033,11795,17.6
2026-06-10 00:02:34,28035,11796,34.4
2026-06-10 00:02:36,28037,11797,35.3
2026-06-10 00:02:38,28039,11798,235
2026-06-10 00:02:40,28041,11799,27.3
2026-06-10 00:02:42,28043,11800,26.0
2026-06-10 00:02:44,28045,11801,21.3
2026-06-10 00:02:46,28047,11802,23.1
2026-06-10 00:02:48,28049,11803,19.1
2026-06-10 00:02:50,28051,11804,147
2026-06-10 00:02:52,28053,11805,106
2026-06-10 00:02:55,28056,11806,25.4
2026-06-10 00:02:57,28058,11807,24.0
2026-06-10 00:02:59,28060,11808,24.1
2026-06-10 00:03:01,28062,11809,133
2026-06-10 00:03:03,28064,11810,39.4
2026-06-10 00:03:05,28066,11811,36.9
2026-06-10 00:03:07,28068,11812,19.0
2026-06-10 00:03:09,28070,11813,25.3
2026-06-10 00:03:11,28072,11814,43.6
2026-06-10 00:03:13,28074,11815,32.0
2026-06-10 00:03:15,28076,11816,31.9
2026-06-10 00:03:17,28078,11817,21.3
2026-06-10 00:03:19,28080,11818,36.2
2026-06-10 00:03:21,28082,11819,35.9
2026-06-10 00:03:23,28084,11820,28.1
2026-06-10 00:03:25,28086,11821,27.7
2026-06-10 00:03:27,28088,11822,58.5
2026-06-10 00:03:29,28090,11823,29.1
2026-06-10 00:03:31,28092,11824,44.2
2026-06-10 00:03:33,28094,11825,25.5
2026-06-10 00:03:35,28096,11826,33.0
2026-06-10 00:03:37,28098,11827,43.5
2026-06-10 00:03:39,28100,11828,26.4
2026-06-10 00:03:41,28102,11829,52.0
2026-06-10 00:03:44,28105,11830,238
2026-06-10 00:03:46,28107,11831,24.1
2026-06-10 00:03:48,28109,11832,35.4
2026-06-10 00:03:50,28111,11833,43.4
2026-06-10 00:03:52,28113,11834,25.2
2026-06-10 00:03:54,28115,11835,42.5
2026-06-10 00:03:56,28117,11836,37.6
2026-06-10 00:03:58,28119,11837,44.9
2026-06-10 00:04:00,28121,11838,21.1
2026-06-10 00:04:02,28123,11839,35.5
2026-06-10 00:04:04,28125,11840,28.7
2026-06-10 00:04:06,28127,11841,25.1
2026-06-10 00:04:08,28129,11842,97.9
2026-06-10 00:04:10,28131,11843,30.9
2026-06-10 00:04:12,28133,11844,58.1
2026-06-10 00:04:14,28135,11845,59.0
2026-06-10 00:04:16,28137,11846,54.0
2026-06-10 00:04:18,28139,11847,45.2
2026-06-10 00:04:20,28141,11848,29.1
2026-06-10 00:04:22,28143,11849,28.5
2026-06-10 00:04:24,28145,11850,31.9
2026-06-10 00:04:26,28147,11851,21.6
2026-06-10 00:04:28,28149,11852,32.7
2026-06-10 00:04:30,28151,11853,33.3
2026-06-10 00:04:32,28153,11854,30.2
2026-06-10 00:04:34,28155,11855,155
2026-06-10 00:04:36,28157,11856,85.1
2026-06-10 00:04:38,28159,11857,48.1
2026-06-10 00:04:40,28161,11858,24.2
2026-06-10 00:04:42,28163,11859,28.5
2026-06-10 00:04:44,28165,11860,34.7
2026-06-10 00:04:47,28168,11861,36.3
2026-06-10 00:04:49,28170,11862,30.2
2026-06-10 00:04:51,28172,11863,37.0
2026-06-10 00:04:53,28174,11864,27.8
2026-06-10 00:04:55,28176,11865,43.1
2026-06-10 00:04:57,28178,11866,31.3
2026-06-10 00:04:59,28180,11867,38.0
2026-06-10 00:05:01,28182,11868,25.8
2026-06-10 00:05:03,28184,11869,52.5
2026-06-10 00:05:05,28186,11870,18.1
2026-06-10 00:05:07,28188,11871,42.6
2026-06-10 00:05:09,28190,11872,23.7
2026-06-10 00:05:11,28192,11873,30.6
2026-06-10 00:05:13,28194,11874,18.7
2026-06-10 00:05:15,28196,11875,44.1
2026-06-10 00:05:17,28198,11876,167
2026-06-10 00:05:20,28201,11877,83.6
2026-06-10 00:05:22,28203,11878,36.1
2026-06-10 00:05:24,28205,11879,33.6
2026-06-10 00:05:26,28207,11880,24.4
2026-06-10 00:05:28,28209,11881,31.0
2026-06-10 00:05:30,28211,11882,35.2
2026-06-10 00:05:32,28213,11883,34.1
2026-06-10 00:05:34,28215,11884,45.7
2026-06-10 00:05:36,28217,11885,25.2
2026-06-10 00:05:38,28219,11886,21.5
2026-06-10 00:05:40,28221,11887,82.8
2026-06-10 00:05:42,28223,11888,41.3
2026-06-10 00:05:44,28225,11889,34.2
2026-06-10 00:05:46,28227,11890,24.9
2026-06-10 00:05:48,28229,11891,34.9
2026-06-10 00:05:50,28231,11892,27.2
2026-06-10 00:05:52,28233,11893,18.1
2026-06-10 00:05:54,28235,11894,40.4
2026-06-10 00:05:56,28237,11895,24.9
2026-06-10 00:05:58,28239,11896,21.2
2026-06-10 00:06:00,28241,11897,284
2026-06-10 00:06:02,28243,11898,32.4
2026-06-10 00:06:04,28245,11899,53.8
2026-06-10 00:06:06,28247,11900,42.4
2026-06-10 00:06:08,28249,11901,22.8
2026-06-10 00:06:10,28251,11902,46.1
2026-06-10 00:06:12,28253,11903,39.1
2026-06-10 00:06:14,28255,11904,22.8
2026-06-10 00:06:16,28257,11905,25.8
2026-06-10 00:06:18,28259,11906,31.2
2026-06-10 00:06:20,28261,11907,95.0
2026-06-10 00:06:22,28263,11908,27.0
2026-06-10 00:06:24,28265,11909,25.3
2026-06-10 00:06:26,28267,11910,24.6
2026-06-10 00:06:28,28269,11911,30.5
2026-06-10 00:06:30,28271,11912,39.3
2026-06-10 00:06:32,28273,11913,29.4
2026-06-10 00:06:34,28275,11914,39.2
2026-06-10 00:06:36,28277,11915,31.6
2026-06-10 00:06:38,28279,11916,30.9
2026-06-10 00:06:40,28281,11917,155
2026-06-10 00:06:42,28283,11918,32.9
2026-06-10 00:06:44,28285,11919,45.1
2026-06-10 00:06:46,28287,11920,25.7
2026-06-10 00:06:48,28289,11921,27.6
2026-06-10 00:06:50,28291,11922,104
2026-06-10 00:06:53,28294,11923,27.1
2026-06-10 00:06:55,28296,11924,42.6
2026-06-10 00:06:57,28298,11925,38.7
2026-06-10 00:06:59,28300,11926,45.3
2026-06-10 00:07:01,28302,11927,31.4
2026-06-10 00:07:03,28304,11928,27.9
2026-06-10 00:07:05,28306,11929,31.0
2026-06-10 00:07:07,28308,11930,27.4
2026-06-10 00:07:09,28310,11931,27.2
2026-06-10 00:07:11,28312,11932,46.5
2026-06-10 00:07:13,28314,11933,29.6
2026-06-10 00:07:15,28316,11934,36.0
2026-06-10 00:07:17,28318,11935,39.4
2026-06-10 00:07:19,28320,11936,88.7
2026-06-10 00:07:21,28322,11937,107
2026-06-10 00:07:23,28324,11938,26.0
2026-06-10 00:07:25,28326,11939,19.5
2026-06-10 00:07:28,28329,11940,37.6
2026-06-10 00:07:30,28331,11941,25.6
2026-06-10 00:07:32,28333,11942,42.9
2026-06-10 00:07:34,28335,11943,35.8
2026-06-10 00:07:36,28337,11944,29.1
2026-06-10 00:07:38,28339,11945,27.2
2026-06-10 00:07:39,28340,11946,36.0
2026-06-10 00:07:42,28343,11947,31.9
2026-06-10 00:07:44,28345,11948,43.4
2026-06-10 00:07:46,28346,11949,25.9
2026-06-10 00:07:47,28348,11950,46.2
2026-06-10 00:07:49,28350,11951,28.6
2026-06-10 00:07:51,28352,11952,27.2
2026-06-10 00:07:53,28354,11953,23.4
2026-06-10 00:07:55,28356,11954,40.0
2026-06-10 00:07:57,28358,11955,61.7
2026-06-10 00:07:59,28360,11956,45.2
2026-06-10 00:08:01,28362,11957,39.4
2026-06-10 00:08:03,28364,11958,44.4
2026-06-10 00:08:05,28366,11959,26.0
2026-06-10 00:08:07,28368,11960,207
2026-06-10 00:08:09,28370,11961,77.0
2026-06-10 00:08:12,28373,11962,30.9
2026-06-10 00:08:14,28375,11963,25.8
2026-06-10 00:08:16,28377,11964,18.5
2026-06-10 00:08:18,28379,11965,35.6
2026-06-10 00:08:20,28381,11966,25.0
2026-06-10 00:08:22,28383,11967,34.7
2026-06-10 00:08:23,28384,11968,31.5
2026-06-10 00:08:25,28386,11969,39.1
2026-06-10 00:08:27,28388,11970,48.8
2026-06-10 00:08:29,28390,11971,38.5
2026-06-10 00:08:31,28392,11972,26.9
2026-06-10 00:08:33,28394,11973,39.7
2026-06-10 00:08:35,28396,11974,27.2
2026-06-10 00:08:37,28398,11975,19.4
2026-06-10 00:08:40,28401,11976,38.8
2026-06-10 00:08:42,28403,11977,42.9
2026-06-10 00:08:44,28405,11978,43.5
2026-06-10 00:08:46,28407,11979,32.1
2026-06-10 00:08:48,28409,11980,25.5
2026-06-10 00:08:50,28411,11981,35.0
2026-06-10 00:08:52,28413,11982,27.2
2026-06-10 00:08:54,28415,11983,36.6
2026-06-10 00:08:56,28417,11984,418
2026-06-10 00:08:58,28419,11985,78.9
2026-06-10 00:09:00,28421,11986,57.2
2026-06-10 00:09:02,28423,11987,54.3
2026-06-10 00:09:04,28425,11988,35.2
2026-06-10 00:09:06,28427,11989,259
2026-06-10 00:09:08,28429,11990,57.9
2026-06-10 00:09:10,28431,11991,57.1
2026-06-10 00:09:12,28433,11992,41.1
2026-06-10 00:09:14,28435,11993,47.8
2026-06-10 00:09:16,28437,11994,71.4
2026-06-10 00:09:18,28439,11995,49.1
2026-06-10 00:09:20,28441,11996,24.3
2026-06-10 00:09:22,28443,11997,42.0
2026-06-10 00:09:24,28445,11998,57.2
2026-06-10 00:09:26,28447,11999,36.7
2026-06-10 00:09:28,28449,12000,39.7
2026-06-10 00:09:30,28451,12001,29.2
2026-06-10 00:09:32,28453,12002,15.1
2026-06-10 00:09:34,28455,12003,33.5
2026-06-10 00:09:36,28457,12004,46.0
2026-06-10 00:09:39,28460,12005,42.6
2026-06-10 00:09:41,28462,12006,90.0
2026-06-10 00:09:43,28464,12007,40.8
2026-06-10 00:09:45,28466,12008,36.7
2026-06-10 00:09:47,28468,12009,35.3
2026-06-10 00:09:49,28470,12010,46.8
2026-06-10 00:09:51,28472,12011,44.7
2026-06-10 00:09:53,28474,12012,31.6
2026-06-10 00:09:55,28476,12013,31.6
2026-06-10 00:09:57,28478,12014,35.0
2026-06-10 00:09:59,28480,12015,30.0
2026-06-10 00:10:01,28482,12016,28.4
2026-06-10 00:10:03,28484,12017,37.6
2026-06-10 00:10:05,28486,12018,37.9
2026-06-10 00:10:07,28487,12019,39.8
2026-06-10 00:10:08,28489,12020,40.7
2026-06-10 00:10:10,28491,12021,45.6
2026-06-10 00:10:12,28493,12022,190
2026-06-10 00:10:14,28495,12023,45.0
2026-06-10 00:10:16,28497,12024,22.6
2026-06-10 00:10:18,28499,12025,29.3
2026-06-10 00:10:21,28502,12026,43.9
2026-06-10 00:10:23,28504,12027,29.7
2026-06-10 00:10:25,28506,12028,23.5
2026-06-10 00:10:27,28508,12029,176
2026-06-10 00:10:29,28510,12030,35.4
2026-06-10 00:10:31,28512,12031,35.1
2026-06-10 00:10:33,28514,12032,32.8
2026-06-10 00:10:35,28516,12033,33.5
2026-06-10 00:10:37,28518,12034,47.8
2026-06-10 00:10:39,28520,12035,20.9
2026-06-10 00:10:41,28522,12036,26.7
2026-06-10 00:10:43,28524,12037,25.8
2026-06-10 00:10:45,28526,12038,41.1
2026-06-10 00:10:47,28528,12039,48.0
2026-06-10 00:10:49,28530,12040,25.9
2026-06-10 00:10:51,28532,12041,21.6
2026-06-10 00:10:53,28534,12042,27.9
2026-06-10 00:10:55,28536,12043,31.2
2026-06-10 00:10:57,28538,12044,30.0
2026-06-10 00:10:59,28540,12045,149
2026-06-10 00:11:01,28542,12046,34.4
2026-06-10 00:11:03,28544,12047,34.0
2026-06-10 00:11:05,28546,12048,36.5
2026-06-10 00:11:07,28548,12049,34.7
2026-06-10 00:11:09,28550,12050,27.3
2026-06-10 00:11:11,28552,12051,32.6
2026-06-10 00:11:13,28554,12052,28.5
2026-06-10 00:11:15,28556,12053,267
2026-06-10 00:11:17,28558,12054,32.8
2026-06-10 00:11:19,28560,12055,228
2026-06-10 00:11:21,28562,12056,32.8
2026-06-10 00:11:23,28564,12057,44.9
2026-06-10 00:11:25,28566,12058,191
2026-06-10 00:11:28,28569,12059,41.0
2026-06-10 00:11:30,28571,12060,39.4
2026-06-10 00:11:32,28572,12061,39.1
2026-06-10 00:11:33,28574,12062,27.1
2026-06-10 00:11:35,28576,12063,29.5
2026-06-10 00:11:37,28578,12064,34.9
2026-06-10 00:11:39,28580,12065,40.6
2026-06-10 00:11:41,28582,12066,37.4
2026-06-10 00:11:43,28584,12067,34.7
2026-06-10 00:11:45,28586,12068,50.3
2026-06-10 00:11:47,28588,12069,53.4
2026-06-10 00:11:49,28590,12070,43.2
2026-06-10 00:11:51,28592,12071,19.1
2026-06-10 00:11:53,28594,12072,37.0
2026-06-10 00:11:55,28596,12073,292
2026-06-10 00:11:57,28598,12074,47.9
2026-06-10 00:11:59,28600,12075,77.2
2026-06-10 00:12:02,28603,12076,24.3
2026-06-10 00:12:04,28605,12077,30.8
2026-06-10 00:12:06,28607,12078,28.0
2026-06-10 00:12:08,28609,12079,38.2
2026-06-10 00:12:10,28611,12080,36.1
2026-06-10 00:12:12,28613,12081,17.5
2026-06-10 00:12:14,28615,12082,35.2
2026-06-10 00:12:16,28617,12083,27.4
2026-06-10 00:12:18,28619,12084,32.9
2026-06-10 00:12:20,28621,12085,39.8
2026-06-10 00:12:22,28623,12086,48.7
2026-06-10 00:12:24,28625,12087,30.8
2026-06-10 00:12:26,28627,12088,46.7
2026-06-10 00:12:28,28629,12089,215
2026-06-10 00:12:30,28631,12090,44.5
2026-06-10 00:12:32,28633,12091,43.4
2026-06-10 00:12:33,28634,12092,20.6
2026-06-10 00:12:35,28636,12093,26.3
2026-06-10 00:12:37,28638,12094,32.9
2026-06-10 00:12:39,28640,12095,29.4
2026-06-10 00:12:41,28642,12096,31.8
2026-06-10 00:12:43,28644,12097,30.5
2026-06-10 00:12:45,28646,12098,41.8
2026-06-10 00:12:47,28648,12099,231
2026-06-10 00:12:50,28651,12100,35.5
2026-06-10 00:12:52,28653,12101,40.6
2026-06-10 00:12:54,28655,12102,44.0
2026-06-10 00:12:56,28657,12103,46.9
2026-06-10 00:12:58,28659,12104,29.1
2026-06-10 00:12:59,28660,12105,36.0
2026-06-10 00:13:02,28663,12106,23.6
2026-06-10 00:13:04,28665,12107,25.3
2026-06-10 00:13:06,28667,12108,25.5
2026-06-10 00:13:08,28669,12109,45.2
2026-06-10 00:13:10,28671,12110,41.3
2026-06-10 00:13:12,28673,12111,27.1
2026-06-10 00:13:14,28675,12112,33.0
2026-06-10 00:13:16,28677,12113,27.8
2026-06-10 00:13:18,28679,12114,53.0
2026-06-10 00:13:20,28681,12115,17.5
2026-06-10 00:13:22,28683,12116,25.0
2026-06-10 00:13:24,28685,12117,59.0
2026-06-10 00:13:26,28687,12118,35.6
2026-06-10 00:13:28,28689,12119,43.9
2026-06-10 00:13:30,28691,12120,33.9
2026-06-10 00:13:32,28693,12121,32.3
2026-06-10 00:13:34,28695,12122,20.5
2026-06-10 00:13:36,28697,12123,24.2
2026-06-10 00:13:38,28699,12124,249
2026-06-10 00:13:40,28701,12125,27.8
2026-06-10 00:13:42,28703,12126,70.2
2026-06-10 00:13:44,28705,12127,56.4
2026-06-10 00:13:46,28707,12128,57.5
2026-06-10 00:13:48,28709,12129,34.7
2026-06-10 00:13:50,28711,12130,51.4
2026-06-10 00:13:52,28713,12131,51.5
2026-06-10 00:13:54,28715,12132,35.2
2026-06-10 00:13:56,28717,12133,35.0
2026-06-10 00:13:58,28719,12134,38.9
2026-06-10 00:14:00,28721,12135,19.7
2026-06-10 00:14:02,28723,12136,35.0
2026-06-10 00:14:04,28725,12137,33.3
2026-06-10 00:14:06,28727,12138,31.8
2026-06-10 00:14:08,28729,12139,25.5
2026-06-10 00:14:10,28731,12140,53.1
2026-06-10 00:14:12,28733,12141,30.1
2026-06-10 00:14:14,28735,12142,52.4
2026-06-10 00:14:16,28737,12143,33.4
2026-06-10 00:14:17,28738,12144,74.2
2026-06-10 00:14:20,28741,12145,169
2026-06-10 00:14:22,28743,12146,97.0
2026-06-10 00:14:24,28745,12147,38.2
2026-06-10 00:14:26,28747,12148,65.9
2026-06-10 00:14:28,28749,12149,27.6
2026-06-10 00:14:30,28751,12150,26.2
2026-06-10 00:14:32,28753,12151,21.3
2026-06-10 00:14:34,28755,12152,27.2
2026-06-10 00:14:36,28757,12153,17.1
2026-06-10 00:14:38,28759,12154,41.6
2026-06-10 00:14:40,28761,12155,36.9
2026-06-10 00:14:42,28763,12156,43.5
2026-06-10 00:14:44,28765,12157,44.0
2026-06-10 00:14:46,28767,12158,30.1
2026-06-10 00:14:48,28769,12159,41.6
2026-06-10 00:14:50,28771,12160,36.6
2026-06-10 00:14:52,28773,12161,30.6
2026-06-10 00:14:54,28775,12162,34.5
2026-06-10 00:14:56,28777,12163,50.2
2026-06-10 00:14:58,28779,12164,29.1
2026-06-10 00:15:00,28781,12165,38.2
2026-06-10 00:15:02,28783,12166,123
2026-06-10 00:15:04,28785,12167,165
2026-06-10 00:15:06,28787,12168,49.6
2026-06-10 00:15:08,28789,12169,27.1
2026-06-10 00:15:10,28791,12170,42.3
2026-06-10 00:15:12,28793,12171,29.0
2026-06-10 00:15:14,28795,12172,47.2
2026-06-10 00:15:16,28797,12173,45.0
2026-06-10 00:15:18,28799,12174,38.1
2026-06-10 00:15:20,28801,12175,39.5
2026-06-10 00:15:22,28803,12176,45.9
2026-06-10 00:15:24,28805,12177,52.3
2026-06-10 00:15:26,28807,12178,34.4
2026-06-10 00:15:28,28809,12179,44.2
2026-06-10 00:15:30,28811,12180,37.7
2026-06-10 00:15:32,28813,12181,40.0
2026-06-10 00:15:34,28815,12182,35.0
2026-06-10 00:15:36,28817,12183,38.6
2026-06-10 00:15:38,28819,12184,31.8
2026-06-10 00:15:40,28821,12185,48.6
2026-06-10 00:15:42,28823,12186,50.4
2026-06-10 00:15:44,28825,12187,61.2
2026-06-10 00:15:46,28827,12188,268
2026-06-10 00:15:48,28829,12189,27.8
2026-06-10 00:15:50,28831,12190,56.8
2026-06-10 00:15:52,28833,12191,35.9
2026-06-10 00:15:54,28835,12192,44.3
2026-06-10 00:15:56,28837,12193,27.7
2026-06-10 00:15:58,28839,12194,37.6
2026-06-10 00:16:00,28841,12195,30.2
2026-06-10 00:16:02,28843,12196,175
2026-06-10 00:16:04,28845,12197,34.0
2026-06-10 00:16:06,28847,12198,30.8
2026-06-10 00:16:08,28849,12199,24.9
2026-06-10 00:16:10,28851,12200,25.9
2026-06-10 00:16:12,28853,12201,192
2026-06-10 00:16:14,28855,12202,45.2
2026-06-10 00:16:16,28857,12203,46.7
2026-06-10 00:16:18,28859,12204,23.4
2026-06-10 00:16:20,28861,12205,31.5
2026-06-10 00:16:22,28863,12206,214
2026-06-10 00:16:24,28865,12207,56.0
2026-06-10 00:16:26,28867,12208,32.5
2026-06-10 00:16:29,28870,12209,94.3
2026-06-10 00:16:31,28872,12210,27.2
2026-06-10 00:16:33,28874,12211,25.2
2026-06-10 00:16:35,28876,12212,29.8
2026-06-10 00:16:37,28878,12213,37.0
2026-06-10 00:16:39,28880,12214,24.8
2026-06-10 00:16:41,28882,12215,33.6
2026-06-10 00:16:43,28884,12216,29.4
2026-06-10 00:16:45,28886,12217,22.0
2026-06-10 00:16:47,28888,12218,42.1
2026-06-10 00:16:49,28890,12219,37.3
2026-06-10 00:16:51,28892,12220,28.4
2026-06-10 00:16:53,28894,12221,28.6
2026-06-10 00:16:55,28896,12222,37.1
2026-06-10 00:16:57,28898,12223,43.9
2026-06-10 00:16:59,28900,12224,27.0
2026-06-10 00:17:01,28902,12225,53.3
2026-06-10 00:17:03,28904,12226,41.6
2026-06-10 00:17:05,28906,12227,71.8
2026-06-10 00:17:07,28908,12228,136
2026-06-10 00:17:09,28910,12229,41.6
2026-06-10 00:17:11,28912,12230,34.5
2026-06-10 00:17:13,28914,12231,30.7
2026-06-10 00:17:15,28916,12232,30.1
2026-06-10 00:17:17,28918,12233,30.5
2026-06-10 00:17:19,28920,12234,34.8
2026-06-10 00:17:21,28922,12235,26.5
2026-06-10 00:17:23,28924,12236,32.5
2026-06-10 00:17:25,28926,12237,28.9
2026-06-10 00:17:27,28928,12238,59.3
2026-06-10 00:17:29,28930,12239,36.1
2026-06-10 00:17:31,28932,12240,39.0
2026-06-10 00:17:33,28934,12241,29.0
2026-06-10 00:17:35,28936,12242,26.6
2026-06-10 00:17:37,28938,12243,50.3
2026-06-10 00:17:40,28941,12244,22.2
2026-06-10 00:17:42,28943,12245,27.8
2026-06-10 00:17:43,28944,12246,29.3
2026-06-10 00:17:46,28947,12247,24.9
2026-06-10 00:17:48,28949,12248,213
2026-06-10 00:17:50,28951,12249,32.7
2026-06-10 00:17:52,28953,12250,37.9
2026-06-10 00:17:54,28955,12251,46.8
2026-06-10 00:17:56,28957,12252,39.5
2026-06-10 00:17:58,28959,12253,37.2
2026-06-10 00:18:00,28961,12254,16.4
2026-06-10 00:18:02,28963,12255,24.3
2026-06-10 00:18:04,28965,12256,64.5
2026-06-10 00:18:06,28967,12257,24.6
2026-06-10 00:18:08,28969,12258,19.0
2026-06-10 00:18:10,28971,12259,32.7
2026-06-10 00:18:12,28973,12260,37.2
2026-06-10 00:18:14,28975,12261,47.3
2026-06-10 00:18:16,28977,12262,36.3
2026-06-10 00:18:18,28979,12263,36.5
2026-06-10 00:18:20,28981,12264,30.2
2026-06-10 00:18:22,28983,12265,54.5
2026-06-10 00:18:24,28985,12266,111
2026-06-10 00:18:26,28987,12267,67.9
2026-06-10 00:18:28,28989,12268,28.4
2026-06-10 00:18:30,28991,12269,26.9
2026-06-10 00:18:32,28993,12270,28.7
2026-06-10 00:18:34,28995,12271,57.7
2026-06-10 00:18:36,28997,12272,26.4
2026-06-10 00:18:38,28999,12273,29.6
2026-06-10 00:18:40,29001,12274,27.0
2026-06-10 00:18:42,29003,12275,29.3
2026-06-10 00:18:44,29005,12276,42.3
2026-06-10 00:18:46,29007,12277,32.3
2026-06-10 00:18:48,29009,12278,25.7
2026-06-10 00:18:50,29011,12279,142
2026-06-10 00:18:52,29013,12280,30.7
2026-06-10 00:18:54,29015,12281,30.6
2026-06-10 00:18:56,29017,12282,41.6
2026-06-10 00:18:58,29019,12283,30.9
2026-06-10 00:19:00,29021,12284,183
2026-06-10 00:19:02,29023,12285,37.5
2026-06-10 00:19:04,29025,12286,171
2026-06-10 00:19:07,29028,12287,25.1
2026-06-10 00:19:09,29030,12288,50.0
2026-06-10 00:19:11,29032,12289,32.0
2026-06-10 00:19:13,29034,12290,29.4
2026-06-10 00:19:15,29036,12291,28.0
2026-06-10 00:19:17,29038,12292,23.3
2026-06-10 00:19:19,29040,12293,20.0
2026-06-10 00:19:21,29042,12294,28.0
2026-06-10 00:19:23,29044,12295,27.1
2026-06-10 00:19:25,29046,12296,32.2
2026-06-10 00:19:27,29048,12297,46.9
2026-06-10 00:19:29,29050,12298,43.4
2026-06-10 00:19:31,29052,12299,31.4
2026-06-10 00:19:33,29054,12300,34.6
2026-06-10 00:19:35,29056,12301,22.2
2026-06-10 00:19:37,29058,12302,48.4
2026-06-10 00:19:39,29060,12303,44.1
2026-06-10 00:19:41,29062,12304,30.1
2026-06-10 00:19:43,29064,12305,221
2026-06-10 00:19:45,29066,12306,41.6
2026-06-10 00:19:47,29068,12307,56.7
2026-06-10 00:19:49,29070,12308,39.4
2026-06-10 00:19:51,29072,12309,29.1
2026-06-10 00:19:53,29074,12310,147
2026-06-10 00:19:56,29077,12311,27.2
2026-06-10 00:19:58,29079,12312,26.8
2026-06-10 00:20:00,29081,12313,36.4
2026-06-10 00:20:02,29083,12314,27.6
2026-06-10 00:20:04,29085,12315,33.3
2026-06-10 00:20:06,29087,12316,39.1
2026-06-10 00:20:08,29089,12317,41.2
2026-06-10 00:20:10,29091,12318,30.1
2026-06-10 00:20:12,29093,12319,21.9
2026-06-10 00:20:14,29095,12320,38.9
2026-06-10 00:20:16,29097,12321,20.5
2026-06-10 00:20:18,29099,12322,29.8
2026-06-10 00:20:20,29101,12323,30.5
2026-06-10 00:20:22,29103,12324,177
2026-06-10 00:20:24,29105,12325,159
2026-06-10 00:20:26,29107,12326,40.2
2026-06-10 00:20:28,29109,12327,29.4
2026-06-10 00:20:30,29111,12328,211
2026-06-10 00:20:32,29113,12329,22.2
2026-06-10 00:20:34,29115,12330,39.3
2026-06-10 00:20:36,29117,12331,36.3
2026-06-10 00:20:38,29119,12332,48.3
2026-06-10 00:20:40,29121,12333,22.6
2026-06-10 00:20:42,29123,12334,26.1
2026-06-10 00:20:44,29125,12335,34.1
2026-06-10 00:20:46,29127,12336,47.1
2026-06-10 00:20:48,29129,12337,28.8
2026-06-10 00:20:50,29131,12338,46.5
2026-06-10 00:20:52,29133,12339,28.1
2026-06-10 00:20:54,29135,12340,55.0
2026-06-10 00:20:56,29137,12341,29.3
2026-06-10 00:20:58,29139,12342,41.4
2026-06-10 00:21:00,29141,12343,40.7
2026-06-10 00:21:02,29143,12344,49.5
2026-06-10 00:21:04,29145,12345,84.3
2026-06-10 00:21:07,29148,12346,26.6
2026-06-10 00:21:09,29150,12347,41.4
2026-06-10 00:21:11,29152,12348,27.1
2026-06-10 00:21:13,29154,12349,54.2
2026-06-10 00:21:15,29156,12350,32.3
2026-06-10 00:21:17,29158,12351,26.0
2026-06-10 00:21:19,29160,12352,48.1
2026-06-10 00:21:21,29162,12353,39.9
2026-06-10 00:21:23,29164,12354,39.8
2026-06-10 00:21:25,29166,12355,48.0
2026-06-10 00:21:27,29168,12356,29.6
2026-06-10 00:21:29,29170,12357,27.4
2026-06-10 00:21:31,29172,12358,31.0
2026-06-10 00:21:33,29174,12359,44.2
2026-06-10 00:21:35,29176,12360,24.9
2026-06-10 00:21:37,29178,12361,28.0
2026-06-10 00:21:39,29180,12362,45.9
2026-06-10 00:21:41,29182,12363,29.1
2026-06-10 00:21:43,29184,12364,28.8
2026-06-10 00:21:45,29186,12365,198
2026-06-10 00:21:47,29188,12366,29.2
2026-06-10 00:21:49,29190,12367,43.6
2026-06-10 00:21:51,29192,12368,51.2
2026-06-10 00:21:53,29194,12369,54.9
2026-06-10 00:21:55,29196,12370,26.6
2026-06-10 00:21:57,29198,12371,45.6
2026-06-10 00:21:59,29200,12372,34.2
2026-06-10 00:22:01,29202,12373,38.2
2026-06-10 00:22:03,29204,12374,36.2
2026-06-10 00:22:05,29206,12375,45.1
2026-06-10 00:22:07,29208,12376,31.5
2026-06-10 00:22:09,29210,12377,34.6
2026-06-10 00:22:11,29212,12378,40.0
2026-06-10 00:22:13,29214,12379,24.1
2026-06-10 00:22:15,29216,12380,46.1
2026-06-10 00:22:17,29218,12381,40.7
2026-06-10 00:22:19,29220,12382,28.2
2026-06-10 00:22:21,29222,12383,61.1
2026-06-10 00:22:23,29224,12384,165
2026-06-10 00:22:25,29226,12385,47.1
2026-06-10 00:22:27,29228,12386,23.4
2026-06-10 00:22:29,29230,12387,18.7
2026-06-10 00:22:32,29233,12388,53.6
2026-06-10 00:22:34,29235,12389,42.1
2026-06-10 00:22:36,29237,12390,31.3
2026-06-10 00:22:38,29239,12391,47.6
2026-06-10 00:22:40,29241,12392,36.8
2026-06-10 00:22:41,29242,12393,60.6
2026-06-10 00:22:43,29244,12394,145
2026-06-10 00:22:45,29246,12395,25.9
2026-06-10 00:22:47,29248,12396,35.4
2026-06-10 00:22:50,29251,12397,36.0
2026-06-10 00:22:52,29253,12398,32.9
2026-06-10 00:22:53,29254,12399,33.9
2026-06-10 00:22:55,29256,12400,30.2
2026-06-10 00:22:58,29259,12401,51.0
2026-06-10 00:23:00,29261,12402,34.2
2026-06-10 00:23:02,29263,12403,43.4
2026-06-10 00:23:04,29265,12404,155
2026-06-10 00:23:06,29267,12405,44.5
2026-06-10 00:23:08,29269,12406,24.3
2026-06-10 00:23:10,29271,12407,32.7
2026-06-10 00:23:12,29273,12408,34.3
2026-06-10 00:23:14,29275,12409,23.5
2026-06-10 00:23:16,29277,12410,26.4
2026-06-10 00:23:18,29279,12411,28.8
2026-06-10 00:23:20,29281,12412,36.7
2026-06-10 00:23:22,29283,12413,40.5
2026-06-10 00:23:24,29285,12414,24.3
2026-06-10 00:23:26,29287,12415,30.7
2026-06-10 00:23:28,29289,12416,27.7
2026-06-10 00:23:30,29291,12417,29.4
2026-06-10 00:23:32,29293,12418,26.8
2026-06-10 00:23:34,29295,12419,27.1
2026-06-10 00:23:36,29297,12420,46.3
2026-06-10 00:23:38,29299,12421,29.1
2026-06-10 00:23:40,29301,12422,32.6
2026-06-10 00:23:42,29303,12423,50.1
2026-06-10 00:23:44,29305,12424,43.3
2026-06-10 00:23:46,29307,12425,28.9
2026-06-10 00:23:48,29309,12426,23.1
2026-06-10 00:23:50,29311,12427,44.4
2026-06-10 00:23:52,29313,12428,20.5
2026-06-10 00:23:54,29315,12429,30.4
2026-06-10 00:23:56,29317,12430,38.3
2026-06-10 00:23:58,29319,12431,38.7
2026-06-10 00:24:00,29321,12432,39.6
2026-06-10 00:24:02,29323,12433,28.2
2026-06-10 00:24:04,29325,12434,43.4
2026-06-10 00:24:06,29327,12435,29.0
2026-06-10 00:24:08,29329,12436,37.1
2026-06-10 00:24:10,29331,12437,23.3
2026-06-10 00:24:12,29333,12438,34.5
2026-06-10 00:24:14,29335,12439,32.5
2026-06-10 00:24:16,29337,12440,203
2026-06-10 00:24:18,29339,12441,84.6
2026-06-10 00:24:21,29342,12442,45.5
2026-06-10 00:24:23,29344,12443,30.6
2026-06-10 00:24:25,29346,12444,29.9
2026-06-10 00:24:27,29348,12445,26.1
2026-06-10 00:24:29,29350,12446,22.5
2026-06-10 00:24:31,29352,12447,25.8
2026-06-10 00:24:33,29354,12448,32.8
2026-06-10 00:24:35,29356,12449,329
2026-06-10 00:24:37,29358,12450,25.4
2026-06-10 00:24:39,29360,12451,36.9
2026-06-10 00:24:41,29362,12452,57.6
2026-06-10 00:24:43,29364,12453,88.8
2026-06-10 00:24:46,29367,12454,25.8
2026-06-10 00:24:48,29369,12455,36.0
2026-06-10 00:24:50,29371,12456,23.0
2026-06-10 00:24:52,29373,12457,51.8
2026-06-10 00:24:54,29375,12458,40.9
2026-06-10 00:24:56,29377,12459,34.2
2026-06-10 00:24:58,29379,12460,35.0
2026-06-10 00:25:00,29381,12461,46.3
2026-06-10 00:25:02,29383,12462,25.4
2026-06-10 00:25:04,29385,12463,39.7
2026-06-10 00:25:06,29387,12464,31.6
2026-06-10 00:25:09,29390,12465,408
2026-06-10 00:25:11,29392,12466,24.1
2026-06-10 00:25:13,29394,12467,29.5
2026-06-10 00:25:15,29396,12468,38.5
2026-06-10 00:25:17,29398,12469,77.2
2026-06-10 00:25:19,29400,12470,84.2
2026-06-10 00:25:21,29402,12471,22.1
2026-06-10 00:25:23,29404,12472,34.3
2026-06-10 00:25:25,29406,12473,21.5
2026-06-10 00:25:27,29408,12474,35.7
2026-06-10 00:25:29,29410,12475,31.5
2026-06-10 00:25:31,29412,12476,33.0
2026-06-10 00:25:33,29414,12477,25.9
2026-06-10 00:25:35,29416,12478,40.9
2026-06-10 00:25:37,29418,12479,188
2026-06-10 00:25:39,29420,12480,23.6
2026-06-10 00:25:41,29422,12481,43.8
2026-06-10 00:25:43,29424,12482,42.6
2026-06-10 00:25:45,29426,12483,44.8
2026-06-10 00:25:47,29428,12484,29.7
2026-06-10 00:25:49,29430,12485,41.2
2026-06-10 00:25:51,29432,12486,41.5
2026-06-10 00:25:53,29434,12487,24.6
2026-06-10 00:25:55,29436,12488,40.4
2026-06-10 00:25:57,29438,12489,53.5
2026-06-10 00:25:59,29440,12490,37.2
2026-06-10 00:26:01,29442,12491,34.3
2026-06-10 00:26:03,29444,12492,46.3
2026-06-10 00:26:05,29446,12493,32.6
2026-06-10 00:26:07,29448,12494,35.5
2026-06-10 00:26:09,29450,12495,47.2
2026-06-10 00:26:11,29452,12496,52.4
2026-06-10 00:26:13,29454,12497,29.6
2026-06-10 00:26:15,29456,12498,39.7
2026-06-10 00:26:17,29458,12499,38.8
2026-06-10 00:26:19,29460,12500,32.7
2026-06-10 00:26:21,29462,12501,25.2
2026-06-10 00:26:23,29464,12502,52.6
2026-06-10 00:26:25,29466,12503,40.8
2026-06-10 00:26:27,29468,12504,38.4
2026-06-10 00:26:29,29470,12505,25.6
2026-06-10 00:26:31,29472,12506,31.7
2026-06-10 00:26:33,29474,12507,31.0
2026-06-10 00:26:35,29476,12508,51.8
2026-06-10 00:26:37,29478,12509,27.5
2026-06-10 00:26:39,29480,12510,236
2026-06-10 00:26:41,29482,12511,27.6
2026-06-10 00:26:43,29484,12512,163
2026-06-10 00:26:45,29486,12513,39.9
2026-06-10 00:26:47,29488,12514,36.9
2026-06-10 00:26:49,29490,12515,35.3
2026-06-10 00:26:51,29492,12516,83.2
2026-06-10 00:26:53,29494,12517,51.0
2026-06-10 00:26:55,29496,12518,31.1
2026-06-10 00:26:58,29498,12519,35.6
2026-06-10 00:27:00,29501,12520,42.7
2026-06-10 00:27:02,29503,12521,31.2
2026-06-10 00:27:04,29505,12522,29.6
2026-06-10 00:27:06,29507,12523,46.5
2026-06-10 00:27:08,29509,12524,44.0
2026-06-10 00:27:10,29511,12525,33.9
2026-06-10 00:27:12,29513,12526,18.7
2026-06-10 00:27:14,29515,12527,21.4
2026-06-10 00:27:16,29517,12528,42.3
2026-06-10 00:27:18,29519,12529,32.7
2026-06-10 00:27:20,29521,12530,33.0
2026-06-10 00:27:22,29523,12531,41.6
2026-06-10 00:27:24,29525,12532,224
2026-06-10 00:27:26,29527,12533,59.2
2026-06-10 00:27:28,29529,12534,223
2026-06-10 00:27:30,29531,12535,30.0
2026-06-10 00:27:32,29533,12536,39.7
2026-06-10 00:27:34,29535,12537,33.8
2026-06-10 00:27:36,29537,12538,29.6
2026-06-10 00:27:38,29539,12539,30.3
2026-06-10 00:27:40,29541,12540,124
2026-06-10 00:27:43,29544,12541,87.1
2026-06-10 00:27:45,29546,12542,44.5
2026-06-10 00:27:47,29548,12543,36.5
2026-06-10 00:27:49,29550,12544,35.3
2026-06-10 00:27:51,29552,12545,76.9
2026-06-10 00:27:53,29554,12546,36.3
2026-06-10 00:27:55,29556,12547,29.1
2026-06-10 00:27:57,29558,12548,30.6
2026-06-10 00:27:59,29560,12549,30.6
2026-06-10 00:28:01,29562,12550,27.1
2026-06-10 00:28:03,29564,12551,31.0
2026-06-10 00:28:05,29566,12552,26.9
2026-06-10 00:28:08,29569,12553,38.5
2026-06-10 00:28:10,29571,12554,35.7
2026-06-10 00:28:12,29573,12555,25.0
2026-06-10 00:28:14,29575,12556,77.7
2026-06-10 00:28:16,29577,12557,29.1
2026-06-10 00:28:18,29579,12558,44.6
2026-06-10 00:28:20,29581,12559,137
2026-06-10 00:28:22,29583,12560,36.5
2026-06-10 00:28:24,29585,12561,39.0
2026-06-10 00:28:26,29587,12562,27.1
2026-06-10 00:28:28,29589,12563,30.1
2026-06-10 00:28:30,29591,12564,24.4
2026-06-10 00:28:32,29593,12565,21.7
2026-06-10 00:28:34,29595,12566,39.4
2026-06-10 00:28:36,29597,12567,35.3
2026-06-10 00:28:39,29600,12568,19.0
2026-06-10 00:28:41,29602,12569,29.1
2026-06-10 00:28:43,29604,12570,33.3
2026-06-10 00:28:45,29606,12571,25.9
2026-06-10 00:28:47,29608,12572,46.8
2026-06-10 00:28:49,29610,12573,36.1
2026-06-10 00:28:51,29612,12574,219
2026-06-10 00:28:53,29614,12575,198
2026-06-10 00:28:55,29616,12576,32.7
2026-06-10 00:28:57,29618,12577,48.8
2026-06-10 00:28:59,29620,12578,42.6
2026-06-10 00:29:01,29622,12579,84.4
2026-06-10 00:29:03,29624,12580,15.0
2026-06-10 00:29:05,29626,12581,13.3
2026-06-10 00:29:08,29629,12582,28.9
2026-06-10 00:29:10,29631,12583,36.9
2026-06-10 00:29:12,29633,12584,29.9
2026-06-10 00:29:14,29635,12585,25.5
2026-06-10 00:29:16,29637,12586,31.0
2026-06-10 00:29:18,29639,12587,32.9
2026-06-10 00:29:20,29641,12588,30.4
2026-06-10 00:29:22,29643,12589,32.1
2026-06-10 00:29:24,29645,12590,202
2026-06-10 00:29:26,29647,12591,36.2
2026-06-10 00:29:28,29649,12592,37.3
2026-06-10 00:29:30,29651,12593,30.0
2026-06-10 00:29:32,29653,12594,30.4
2026-06-10 00:29:34,29655,12595,22.8
2026-06-10 00:29:36,29657,12596,56.2
2026-06-10 00:29:39,29660,12597,29.0
2026-06-10 00:29:41,29662,12598,25.8
2026-06-10 00:29:43,29664,12599,43.9
2026-06-10 00:29:45,29666,12600,33.1
2026-06-10 00:29:47,29668,12601,29.1
2026-06-10 00:29:49,29670,12602,59.6
2026-06-10 00:29:51,29672,12603,316
2026-06-10 00:29:53,29674,12604,30.1
2026-06-10 00:29:55,29676,12605,36.8
2026-06-10 00:29:57,29678,12606,97.6
2026-06-10 00:30:00,29681,12607,109
2026-06-10 00:30:02,29683,12608,32.1
2026-06-10 00:30:04,29685,12609,79.7
2026-06-10 00:30:06,29687,12610,35.4
2026-06-10 00:30:08,29689,12611,50.9
2026-06-10 00:30:10,29691,12612,119
2026-06-10 00:30:12,29693,12613,345
2026-06-10 00:30:14,29695,12614,35.5
2026-06-10 00:30:16,29697,12615,28.0
2026-06-10 00:30:18,29699,12616,40.6
2026-06-10 00:30:20,29701,12617,95.3
2026-06-10 00:30:22,29703,12618,27.1
2026-06-10 00:30:24,29705,12619,24.0
2026-06-10 00:30:26,29707,12620,766
2026-06-10 00:30:29,29710,12621,62.1
2026-06-10 00:30:31,29712,12622,31.5
2026-06-10 00:30:33,29714,12623,35.7
2026-06-10 00:30:35,29716,12624,42.2
2026-06-10 00:30:37,29718,12625,77.0
2026-06-10 00:30:39,29720,12626,28.3
2026-06-10 00:30:41,29722,12627,30.6
2026-06-10 00:30:43,29724,12628,36.7
2026-06-10 00:30:45,29726,12629,25.8
2026-06-10 00:30:47,29728,12630,41.2
2026-06-10 00:30:49,29730,12631,65.4
2026-06-10 00:30:51,29732,12632,40.7
2026-06-10 00:30:53,29734,12633,66.1
2026-06-10 00:30:55,29736,12634,49.5
2026-06-10 00:30:57,29738,12635,26.6
2026-06-10 00:30:59,29740,12636,33.1
2026-06-10 00:31:01,29742,12637,39.1
2026-06-10 00:31:03,29744,12638,45.8
2026-06-10 00:31:05,29746,12639,43.6
2026-06-10 00:31:07,29748,12640,29.7
2026-06-10 00:31:09,29750,12641,34.9
2026-06-10 00:31:11,29752,12642,24.7
2026-06-10 00:31:13,29754,12643,23.6
2026-06-10 00:31:15,29756,12644,50.9
2026-06-10 00:31:17,29758,12645,56.9
2026-06-10 00:31:19,29760,12646,41.3
2026-06-10 00:31:21,29762,12647,40.5
2026-06-10 00:31:23,29764,12648,177
2026-06-10 00:31:25,29766,12649,28.9
2026-06-10 00:31:27,29768,12650,54.4
2026-06-10 00:31:29,29770,12651,29.3
2026-06-10 00:31:31,29772,12652,30.3
2026-06-10 00:31:33,29774,12653,33.1
2026-06-10 00:31:35,29776,12654,32.0
2026-06-10 00:31:37,29778,12655,33.9
2026-06-10 00:31:39,29780,12656,43.1
2026-06-10 00:31:41,29782,12657,43.4
2026-06-10 00:31:43,29784,12658,32.4
2026-06-10 00:31:45,29786,12659,33.2
2026-06-10 00:31:47,29788,12660,29.2
2026-06-10 00:31:49,29790,12661,28.2
2026-06-10 00:31:51,29792,12662,19.0
2026-06-10 00:31:53,29794,12663,26.1
2026-06-10 00:31:55,29796,12664,47.9
2026-06-10 00:31:57,29798,12665,206
2026-06-10 00:31:59,29800,12666,34.7
2026-06-10 00:32:01,29802,12667,32.3
2026-06-10 00:32:03,29804,12668,33.2
2026-06-10 00:32:05,29806,12669,29.3
2026-06-10 00:32:07,29808,12670,48.6
2026-06-10 00:32:09,29810,12671,243
2026-06-10 00:32:11,29812,12672,18.8
2026-06-10 00:32:13,29814,12673,35.9
2026-06-10 00:32:15,29816,12674,34.5
2026-06-10 00:32:17,29818,12675,35.5
2026-06-10 00:32:19,29820,12676,57.5
2026-06-10 00:32:21,29822,12677,36.4
2026-06-10 00:32:23,29824,12678,36.6
2026-06-10 00:32:25,29826,12679,33.4
2026-06-10 00:32:27,29828,12680,18.0
2026-06-10 00:32:29,29830,12681,47.8
2026-06-10 00:32:31,29832,12682,34.8
2026-06-10 00:32:33,29834,12683,53.8
2026-06-10 00:32:35,29836,12684,50.4
2026-06-10 00:32:37,29838,12685,22.9
2026-06-10 00:32:39,29840,12686,27.9
2026-06-10 00:32:41,29842,12687,27.6
2026-06-10 00:32:44,29845,12688,26.3
2026-06-10 00:32:46,29847,12689,34.5
2026-06-10 00:32:48,29848,12690,32.5
2026-06-10 00:32:50,29851,12691,208
2026-06-10 00:32:52,29853,12692,19.0
2026-06-10 00:32:54,29855,12693,32.7
2026-06-10 00:32:56,29857,12694,26.3
2026-06-10 00:32:58,29859,12695,51.0
2026-06-10 00:33:00,29861,12696,44.9
2026-06-10 00:33:02,29863,12697,32.4
2026-06-10 00:33:04,29865,12698,38.5
2026-06-10 00:33:06,29867,12699,20.1
2026-06-10 00:33:08,29869,12700,41.0
2026-06-10 00:33:10,29871,12701,43.7
2026-06-10 00:33:12,29873,12702,39.3
2026-06-10 00:33:14,29875,12703,34.9
2026-06-10 00:33:16,29877,12704,31.7
2026-06-10 00:33:18,29879,12705,41.9
2026-06-10 00:33:20,29881,12706,38.6
2026-06-10 00:33:22,29883,12707,39.1
2026-06-10 00:33:24,29885,12708,35.4
2026-06-10 00:33:26,29887,12709,40.6
2026-06-10 00:33:28,29889,12710,23.2
2026-06-10 00:33:30,29891,12711,29.1
2026-06-10 00:33:32,29893,12712,29.0
2026-06-10 00:33:34,29895,12713,42.5
2026-06-10 00:33:36,29897,12714,107
2026-06-10 00:33:38,29899,12715,40.3
2026-06-10 00:33:40,29901,12716,39.6
2026-06-10 00:33:42,29903,12717,49.6
2026-06-10 00:33:44,29905,12718,32.7
2026-06-10 00:33:46,29907,12719,33.3
2026-06-10 00:33:48,29909,12720,35.7
2026-06-10 00:33:50,29911,12721,45.4
2026-06-10 00:33:51,29912,12722,33.2
2026-06-10 00:33:53,29914,12723,53.6
2026-06-10 00:33:55,29916,12724,48.5
2026-06-10 00:33:57,29918,12725,37.9
2026-06-10 00:34:00,29921,12726,29.9
2026-06-10 00:34:02,29922,12727,31.2
2026-06-10 00:34:03,29924,12728,40.3
2026-06-10 00:34:05,29926,12729,30.6
2026-06-10 00:34:07,29928,12730,48.0
2026-06-10 00:34:09,29930,12731,38.8
2026-06-10 00:34:11,29932,12732,46.7
2026-06-10 00:34:13,29934,12733,36.8
2026-06-10 00:34:15,29936,12734,47.0
2026-06-10 00:34:17,29938,12735,44.3
2026-06-10 00:34:19,29940,12736,30.1
2026-06-10 00:34:21,29942,12737,33.5
2026-06-10 00:34:23,29944,12738,38.2
2026-06-10 00:34:25,29946,12739,35.7
2026-06-10 00:34:27,29948,12740,30.1
2026-06-10 00:34:29,29950,12741,30.5
2026-06-10 00:34:31,29952,12742,45.4
2026-06-10 00:34:33,29954,12743,47.4
2026-06-10 00:34:35,29956,12744,19.0
2026-06-10 00:34:37,29958,12745,42.4
2026-06-10 00:34:39,29960,12746,28.2
2026-06-10 00:34:41,29962,12747,34.2
2026-06-10 00:34:43,29964,12748,38.4
2026-06-10 00:34:45,29966,12749,39.5
2026-06-10 00:34:47,29968,12750,33.5
2026-06-10 00:34:49,29970,12751,32.8
2026-06-10 00:34:51,29972,12752,30.1
2026-06-10 00:34:53,29974,12753,32.7
2026-06-10 00:34:55,29976,12754,44.3
2026-06-10 00:34:57,29978,12755,30.7
2026-06-10 00:34:59,29980,12756,44.7
2026-06-10 00:35:01,29982,12757,34.6
2026-06-10 00:35:03,29984,12758,43.3
2026-06-10 00:35:05,29986,12759,99.8
2026-06-10 00:35:07,29988,12760,158
2026-06-10 00:35:09,29990,12761,26.3
2026-06-10 00:35:11,29992,12762,37.9
2026-06-10 00:35:13,29994,12763,35.9
2026-06-10 00:35:15,29996,12764,47.0
2026-06-10 00:35:17,29998,12765,36.1
2026-06-10 00:35:19,30000,12766,53.0
2026-06-10 00:35:21,30002,12767,35.2
2026-06-10 00:35:23,30004,12768,36.7
2026-06-10 00:35:25,30006,12769,27.9
2026-06-10 00:35:27,30008,12770,27.7
2026-06-10 00:35:28,30009,12771,35.6
2026-06-10 00:35:30,30011,12772,36.8
2026-06-10 00:35:32,30013,12773,33.4
2026-06-10 00:35:34,30015,12774,34.5
2026-06-10 00:35:36,30017,12775,33.8
2026-06-10 00:35:38,30019,12776,30.1
2026-06-10 00:35:40,30021,12777,33.7
2026-06-10 00:35:42,30023,12778,26.0
2026-06-10 00:35:44,30025,12779,26.0
2026-06-10 00:35:46,30027,12780,39.9
2026-06-10 00:35:48,30029,12781,47.1
2026-06-10 00:35:50,30031,12782,375
2026-06-10 00:35:52,30033,12783,68.0
2026-06-10 00:35:55,30036,12784,55.5
2026-06-10 00:35:57,30038,12785,44.1
2026-06-10 00:35:59,30040,12786,40.1
2026-06-10 00:36:01,30042,12787,25.3
2026-06-10 00:36:03,30044,12788,45.9
2026-06-10 00:36:05,30046,12789,42.5
2026-06-10 00:36:07,30048,12790,33.9
2026-06-10 00:36:09,30050,12791,48.5
2026-06-10 00:36:11,30052,12792,24.9
2026-06-10 00:36:13,30054,12793,30.3
2026-06-10 00:36:15,30056,12794,39.8
2026-06-10 00:36:17,30058,12795,36.8
2026-06-10 00:36:19,30060,12796,54.6
2026-06-10 00:36:21,30062,12797,149
2026-06-10 00:36:23,30064,12798,47.9
2026-06-10 00:36:24,30065,12799,37.0
2026-06-10 00:36:26,30067,12800,32.7
2026-06-10 00:36:28,30069,12801,20.9
2026-06-10 00:36:30,30071,12802,39.9
2026-06-10 00:36:32,30073,12803,33.7
2026-06-10 00:36:34,30075,12804,38.0
2026-06-10 00:36:36,30077,12805,34.2
2026-06-10 00:36:38,30079,12806,216
2026-06-10 00:36:41,30082,12807,25.9
2026-06-10 00:36:43,30084,12808,48.2
2026-06-10 00:36:45,30086,12809,43.1
2026-06-10 00:36:47,30088,12810,29.4
2026-06-10 00:36:49,30090,12811,27.3
2026-06-10 00:36:51,30092,12812,22.9
2026-06-10 00:36:53,30094,12813,18.8
2026-06-10 00:36:55,30096,12814,16.0
2026-06-10 00:36:57,30098,12815,26.5
2026-06-10 00:36:59,30100,12816,25.8
2026-06-10 00:37:01,30102,12817,53.0
2026-06-10 00:37:03,30104,12818,24.2
2026-06-10 00:37:05,30106,12819,38.5
2026-06-10 00:37:07,30108,12820,44.9
2026-06-10 00:37:09,30110,12821,29.7
2026-06-10 00:37:11,30112,12822,39.8
2026-06-10 00:37:13,30114,12823,35.8
2026-06-10 00:37:15,30116,12824,36.6
2026-06-10 00:37:17,30118,12825,47.9
2026-06-10 00:37:19,30120,12826,57.3
2026-06-10 00:37:21,30122,12827,51.5
2026-06-10 00:37:23,30124,12828,40.7
2026-06-10 00:37:25,30126,12829,28.4
2026-06-10 00:37:27,30128,12830,44.6
2026-06-10 00:37:29,30130,12831,61.1
2026-06-10 00:37:31,30132,12832,56.5
2026-06-10 00:37:33,30134,12833,29.2
2026-06-10 00:37:35,30136,12834,42.0
2026-06-10 00:37:37,30138,12835,62.6
2026-06-10 00:37:39,30140,12836,44.0
2026-06-10 00:37:41,30142,12837,47.5
2026-06-10 00:37:43,30144,12838,40.8
2026-06-10 00:37:45,30146,12839,51.6
2026-06-10 00:37:47,30148,12840,28.4
2026-06-10 00:37:48,30149,12841,145
2026-06-10 00:37:50,30151,12842,43.5
2026-06-10 00:37:52,30153,12843,36.6
2026-06-10 00:37:54,30155,12844,27.6
2026-06-10 00:37:56,30157,12845,49.5
2026-06-10 00:37:58,30159,12846,44.3
2026-06-10 00:38:00,30161,12847,58.8
2026-06-10 00:38:02,30163,12848,37.4
2026-06-10 00:38:04,30165,12849,51.7
2026-06-10 00:38:06,30167,12850,31.9
2026-06-10 00:38:08,30169,12851,45.9
2026-06-10 00:38:10,30171,12852,52.7
2026-06-10 00:38:12,30173,12853,47.0
2026-06-10 00:38:14,30175,12854,56.7
2026-06-10 00:38:16,30177,12855,29.7
2026-06-10 00:38:18,30179,12856,36.4
2026-06-10 00:38:20,30181,12857,38.9
2026-06-10 00:38:22,30183,12858,38.9
2026-06-10 00:38:24,30185,12859,22.2
2026-06-10 00:38:26,30187,12860,45.0
2026-06-10 00:38:28,30189,12861,37.9
2026-06-10 00:38:30,30191,12862,37.2
2026-06-10 00:38:32,30193,12863,44.8
2026-06-10 00:38:34,30195,12864,147
2026-06-10 00:38:36,30197,12865,34.0
2026-06-10 00:38:38,30199,12866,55.6
2026-06-10 00:38:40,30201,12867,40.3
2026-06-10 00:38:42,30203,12868,38.0
2026-06-10 00:38:44,30205,12869,36.1
2026-06-10 00:38:46,30207,12870,59.2
2026-06-10 00:38:48,30209,12871,59.9
2026-06-10 00:38:50,30211,12872,32.8
2026-06-10 00:38:52,30213,12873,38.0
2026-06-10 00:38:54,30215,12874,41.2
2026-06-10 00:38:56,30217,12875,63.6
2026-06-10 00:38:58,30219,12876,45.7
2026-06-10 00:39:00,30221,12877,30.9
2026-06-10 00:39:02,30223,12878,47.0
2026-06-10 00:39:04,30225,12879,43.7
2026-06-10 00:39:06,30227,12880,61.8
2026-06-10 00:39:08,30229,12881,74.2
2026-06-10 00:39:10,30231,12882,31.9
2026-06-10 00:39:12,30233,12883,39.1
2026-06-10 00:39:14,30235,12884,38.1
2026-06-10 00:39:16,30237,12885,41.7
2026-06-10 00:39:18,30239,12886,56.1
2026-06-10 00:39:19,30240,12887,59.7
2026-06-10 00:39:21,30242,12888,36.5
2026-06-10 00:39:23,30244,12889,41.6
2026-06-10 00:39:25,30246,12890,45.3
2026-06-10 00:39:27,30248,12891,34.4
2026-06-10 00:39:29,30250,12892,107
2026-06-10 00:39:31,30252,12893,68.7
2026-06-10 00:39:33,30254,12894,36.8
2026-06-10 00:39:35,30256,12895,29.5
2026-06-10 00:39:37,30258,12896,147
2026-06-10 00:39:39,30260,12897,33.8
2026-06-10 00:39:41,30262,12898,794
2026-06-10 00:39:43,30264,12899,72.5
2026-06-10 00:39:45,30266,12900,27.4
2026-06-10 00:39:48,30269,12901,37.0
2026-06-10 00:39:50,30271,12902,262
2026-06-10 00:39:52,30273,12903,51.6
2026-06-10 00:39:54,30275,12904,34.0
2026-06-10 00:39:56,30277,12905,34.2
2026-06-10 00:39:58,30279,12906,44.5
2026-06-10 00:40:00,30281,12907,30.0
2026-06-10 00:40:02,30283,12908,36.8
2026-06-10 00:40:04,30285,12909,33.6
2026-06-10 00:40:06,30287,12910,13.5
2026-06-10 00:40:08,30289,12911,39.0
2026-06-10 00:40:09,30290,12912,47.7
2026-06-10 00:40:11,30292,12913,35.9
2026-06-10 00:40:13,30294,12914,52.3
2026-06-10 00:40:15,30296,12915,35.1
2026-06-10 00:40:17,30298,12916,54.9
2026-06-10 00:40:19,30300,12917,51.9
2026-06-10 00:40:21,30302,12918,47.2
2026-06-10 00:40:23,30304,12919,43.4
2026-06-10 00:40:25,30306,12920,49.7
2026-06-10 00:40:27,30308,12921,21.3
2026-06-10 00:40:29,30310,12922,50.5
2026-06-10 00:40:31,30312,12923,38.5
2026-06-10 00:40:33,30314,12924,46.9
2026-06-10 00:40:35,30316,12925,61.8
2026-06-10 00:40:37,30318,12926,43.7
2026-06-10 00:40:39,30320,12927,35.0
2026-06-10 00:40:41,30322,12928,15.9
2026-06-10 00:40:43,30324,12929,22.4
2026-06-10 00:40:45,30326,12930,22.2
2026-06-10 00:40:47,30328,12931,33.1
2026-06-10 00:40:49,30330,12932,37.6
2026-06-10 00:40:51,30332,12933,30.1
2026-06-10 00:40:53,30334,12934,47.3
2026-06-10 00:40:55,30336,12935,29.0
2026-06-10 00:40:57,30338,12936,58.5
2026-06-10 00:40:59,30340,12937,65.2
2026-06-10 00:41:01,30342,12938,38.6
2026-06-10 00:41:03,30344,12939,16.9
2026-06-10 00:41:05,30346,12940,38.1
2026-06-10 00:41:07,30348,12941,30.4
2026-06-10 00:41:09,30350,12942,59.8
2026-06-10 00:41:11,30352,12943,37.6
2026-06-10 00:41:13,30354,12944,29.2
2026-06-10 00:41:15,30356,12945,40.2
2026-06-10 00:41:17,30358,12946,43.1
2026-06-10 00:41:19,30360,12947,39.2
2026-06-10 00:41:21,30362,12948,38.9
2026-06-10 00:41:23,30364,12949,52.0
2026-06-10 00:41:25,30366,12950,58.8
2026-06-10 00:41:27,30368,12951,33.9
2026-06-10 00:41:29,30370,12952,33.2
2026-06-10 00:41:30,30371,12953,48.5
2026-06-10 00:41:32,30373,12954,129
2026-06-10 00:41:34,30375,12955,36.9
2026-06-10 00:41:36,30377,12956,38.0
2026-06-10 00:41:38,30379,12957,86.9
2026-06-10 00:41:40,30381,12958,138
2026-06-10 00:41:42,30383,12959,117
2026-06-10 00:41:45,30386,12960,240
2026-06-10 00:41:47,30388,12961,18.9
2026-06-10 00:41:49,30390,12962,44.7
2026-06-10 00:41:51,30392,12963,232
2026-06-10 00:41:53,30394,12964,59.5
2026-06-10 00:41:55,30396,12965,26.2
2026-06-10 00:41:57,30398,12966,37.5
2026-06-10 00:41:59,30400,12967,53.7
2026-06-10 00:42:01,30402,12968,26.9
2026-06-10 00:42:03,30404,12969,38.5
2026-06-10 00:42:05,30406,12970,38.2
2026-06-10 00:42:07,30408,12971,24.4
2026-06-10 00:42:09,30410,12972,25.3
2026-06-10 00:42:11,30412,12973,48.2
2026-06-10 00:42:13,30414,12974,36.9
2026-06-10 00:42:15,30416,12975,29.5
2026-06-10 00:42:17,30418,12976,40.2
2026-06-10 00:42:19,30420,12977,36.4
2026-06-10 00:42:21,30422,12978,33.2
2026-06-10 00:42:23,30424,12979,54.2
2026-06-10 00:42:25,30426,12980,42.1
2026-06-10 00:42:27,30428,12981,71.6
2026-06-10 00:42:29,30430,12982,28.9
2026-06-10 00:42:30,30431,12983,40.5
2026-06-10 00:42:32,30433,12984,33.9
2026-06-10 00:42:34,30435,12985,33.6
2026-06-10 00:42:36,30437,12986,29.1
2026-06-10 00:42:38,30439,12987,39.4
2026-06-10 00:42:40,30441,12988,25.9
2026-06-10 00:42:42,30443,12989,27.5
2026-06-10 00:42:44,30445,12990,34.5
2026-06-10 00:42:46,30447,12991,37.8
2026-06-10 00:42:48,30449,12992,36.0
2026-06-10 00:42:50,30451,12993,39.7
2026-06-10 00:42:52,30453,12994,22.8
2026-06-10 00:42:54,30455,12995,22.2
2026-06-10 00:42:56,30457,12996,69.5
2026-06-10 00:42:58,30459,12997,58.6
2026-06-10 00:43:00,30461,12998,38.4
2026-06-10 00:43:02,30463,12999,48.5
2026-06-10 00:43:04,30465,13000,48.5
2026-06-10 00:43:06,30467,13001,35.7
2026-06-10 00:43:08,30469,13002,35.3
2026-06-10 00:43:10,30471,13003,24.2
2026-06-10 00:43:12,30473,13004,21.6
2026-06-10 00:43:14,30475,13005,35.7
2026-06-10 00:43:16,30477,13006,35.4
2026-06-10 00:43:18,30479,13007,46.4
2026-06-10 00:43:20,30481,13008,42.9
2026-06-10 00:43:22,30483,13009,27.1
2026-06-10 00:43:24,30485,13010,29.6
2026-06-10 00:43:26,30487,13011,29.9
2026-06-10 00:43:28,30489,13012,34.1
2026-06-10 00:43:30,30491,13013,33.5
2026-06-10 00:43:32,30493,13014,32.7
2026-06-10 00:43:34,30495,13015,23.4
2026-06-10 00:43:36,30497,13016,40.6
2026-06-10 00:43:38,30499,13017,49.9
2026-06-10 00:43:40,30501,13018,29.6
2026-06-10 00:43:42,30503,13019,27.5
2026-06-10 00:43:44,30505,13020,51.4
2026-06-10 00:43:46,30507,13021,44.8
2026-06-10 00:43:48,30509,13022,48.0
2026-06-10 00:43:50,30511,13023,36.5
2026-06-10 00:43:52,30513,13024,132
2026-06-10 00:43:54,30515,13025,39.0
2026-06-10 00:43:56,30517,13026,16.0
2026-06-10 00:43:58,30519,13027,36.1
2026-06-10 00:43:59,30520,13028,48.7
2026-06-10 00:44:01,30522,13029,51.0
2026-06-10 00:44:03,30524,13030,36.7
2026-06-10 00:44:05,30526,13031,47.9
2026-06-10 00:44:07,30528,13032,45.6
2026-06-10 00:44:09,30530,13033,34.2
2026-06-10 00:44:11,30532,13034,27.1
2026-06-10 00:44:13,30534,13035,26.1
2026-06-10 00:44:15,30536,13036,29.9
2026-06-10 00:44:17,30538,13037,35.2
2026-06-10 00:44:19,30540,13038,46.1
2026-06-10 00:44:21,30542,13039,32.6
2026-06-10 00:44:23,30544,13040,44.1
2026-06-10 00:44:25,30546,13041,64.5
2026-06-10 00:44:27,30548,13042,44.9
2026-06-10 00:44:29,30550,13043,54.4
2026-06-10 00:44:31,30552,13044,44.7
2026-06-10 00:44:33,30554,13045,31.7
2026-06-10 00:44:35,30556,13046,28.1
2026-06-10 00:44:37,30558,13047,48.7
2026-06-10 00:44:39,30560,13048,38.3
2026-06-10 00:44:41,30562,13049,38.0
2026-06-10 00:44:43,30564,13050,54.5
2026-06-10 00:44:45,30566,13051,45.6
2026-06-10 00:44:47,30568,13052,29.3
2026-06-10 00:44:49,30570,13053,40.5
2026-06-10 00:44:51,30572,13054,33.2
2026-06-10 00:44:53,30574,13055,31.1
2026-06-10 00:44:55,30576,13056,49.6
2026-06-10 00:44:57,30578,13057,31.6
2026-06-10 00:44:59,30580,13058,33.4
2026-06-10 00:45:01,30582,13059,26.0
2026-06-10 00:45:03,30584,13060,35.2
2026-06-10 00:45:05,30586,13061,45.9
2026-06-10 00:45:07,30588,13062,39.2
2026-06-10 00:45:09,30590,13063,59.3
2026-06-10 00:45:11,30592,13064,53.9
2026-06-10 00:45:13,30594,13065,39.7
2026-06-10 00:45:15,30596,13066,25.3
2026-06-10 00:45:17,30598,13067,29.0
2026-06-10 00:45:19,30600,13068,55.1
2026-06-10 00:45:21,30602,13069,31.2
2026-06-10 00:45:23,30604,13070,53.1
2026-06-10 00:45:25,30606,13071,42.4
2026-06-10 00:45:27,30608,13072,47.4
2026-06-10 00:45:29,30610,13073,43.4
2026-06-10 00:45:31,30612,13074,42.6
2026-06-10 00:45:33,30614,13075,38.5
2026-06-10 00:45:35,30616,13076,34.0
2026-06-10 00:45:37,30618,13077,47.1
2026-06-10 00:45:39,30620,13078,42.2
2026-06-10 00:45:41,30622,13079,40.2
2026-06-10 00:45:43,30624,13080,36.1
2026-06-10 00:45:45,30626,13081,42.8
2026-06-10 00:45:47,30628,13082,50.5
2026-06-10 00:45:49,30630,13083,76.8
2026-06-10 00:45:51,30632,13084,77.5
2026-06-10 00:45:52,30633,13085,58.3
2026-06-10 00:45:54,30635,13086,50.7
2026-06-10 00:45:56,30637,13087,46.2
2026-06-10 00:45:58,30639,13088,39.2
2026-06-10 00:46:00,30641,13089,19.8
2026-06-10 00:46:02,30643,13090,39.8
2026-06-10 00:46:04,30645,13091,48.5
2026-06-10 00:46:06,30647,13092,19.7
2026-06-10 00:46:08,30649,13093,30.4
2026-06-10 00:46:10,30651,13094,26.0
2026-06-10 00:46:12,30653,13095,54.6
2026-06-10 00:46:14,30655,13096,35.3
2026-06-10 00:46:16,30657,13097,43.4
2026-06-10 00:46:18,30659,13098,50.2
2026-06-10 00:46:20,30661,13099,28.8
2026-06-10 00:46:22,30663,13100,66.0
2026-06-10 00:46:24,30665,13101,27.5
2026-06-10 00:46:26,30667,13102,43.9
2026-06-10 00:46:28,30669,13103,36.7
2026-06-10 00:46:30,30671,13104,46.2
2026-06-10 00:46:33,30674,13105,21.4
2026-06-10 00:46:35,30676,13106,30.6
2026-06-10 00:46:37,30678,13107,27.8
2026-06-10 00:46:39,30680,13108,31.0
2026-06-10 00:46:41,30682,13109,32.1
2026-06-10 00:46:43,30684,13110,54.1
2026-06-10 00:46:45,30686,13111,16.5
2026-06-10 00:46:47,30688,13112,36.4
2026-06-10 00:46:49,30690,13113,35.2
2026-06-10 00:46:51,30692,13114,36.6
2026-06-10 00:46:53,30694,13115,61.6
2026-06-10 00:46:55,30696,13116,39.8
2026-06-10 00:46:57,30698,13117,28.1
2026-06-10 00:46:59,30700,13118,31.8
2026-06-10 00:47:01,30702,13119,61.1
2026-06-10 00:47:03,30704,13120,24.9
2026-06-10 00:47:05,30706,13121,39.3
2026-06-10 00:47:07,30708,13122,60.9
2026-06-10 00:47:09,30710,13123,35.7
2026-06-10 00:47:11,30712,13124,32.4
2026-06-10 00:47:13,30714,13125,48.7
2026-06-10 00:47:15,30716,13126,43.4
2026-06-10 00:47:17,30718,13127,58.1
2026-06-10 00:47:19,30720,13128,36.5
2026-06-10 00:47:21,30722,13129,45.6
2026-06-10 00:47:23,30724,13130,38.6
2026-06-10 00:47:25,30726,13131,37.1
2026-06-10 00:47:27,30728,13132,43.1
2026-06-10 00:47:29,30730,13133,46.4
2026-06-10 00:47:31,30732,13134,33.1
2026-06-10 00:47:33,30734,13135,30.1
2026-06-10 00:47:35,30736,13136,35.9
2026-06-10 00:47:37,30738,13137,40.1
2026-06-10 00:47:39,30740,13138,27.2
2026-06-10 00:47:41,30742,13139,40.1
2026-06-10 00:47:43,30744,13140,37.8
2026-06-10 00:47:45,30746,13141,36.3
2026-06-10 00:47:47,30748,13142,32.3
2026-06-10 00:47:49,30749,13143,140
2026-06-10 00:47:51,30752,13144,45.9
2026-06-10 00:47:52,30753,13145,35.8
2026-06-10 00:47:54,30755,13146,31.8
2026-06-10 00:47:56,30757,13147,43.9
2026-06-10 00:47:58,30759,13148,45.4
2026-06-10 00:48:00,30761,13149,49.9
2026-06-10 00:48:02,30763,13150,34.1
2026-06-10 00:48:04,30765,13151,29.0
2026-06-10 00:48:06,30767,13152,30.4
2026-06-10 00:48:08,30769,13153,41.4
2026-06-10 00:48:10,30771,13154,24.0
2026-06-10 00:48:12,30773,13155,40.9
2026-06-10 00:48:14,30775,13156,28.0
2026-06-10 00:48:16,30777,13157,74.3
2026-06-10 00:48:18,30779,13158,41.0
2026-06-10 00:48:20,30781,13159,28.4
2026-06-10 00:48:22,30783,13160,27.7
2026-06-10 00:48:24,30785,13161,76.3
2026-06-10 00:48:26,30787,13162,37.5
2026-06-10 00:48:28,30789,13163,44.0
2026-06-10 00:48:30,30791,13164,42.1
2026-06-10 00:48:32,30793,13165,33.4
2026-06-10 00:48:34,30795,13166,87.6
2026-06-10 00:48:36,30797,13167,44.3
2026-06-10 00:48:38,30799,13168,48.5
2026-06-10 00:48:40,30801,13169,54.5
2026-06-10 00:48:42,30803,13170,34.0
2026-06-10 00:48:44,30805,13171,45.8
2026-06-10 00:48:46,30807,13172,19.4
2026-06-10 00:48:48,30809,13173,57.3
2026-06-10 00:48:50,30811,13174,34.7
2026-06-10 00:48:52,30813,13175,27.3
2026-06-10 00:48:54,30815,13176,51.1
2026-06-10 00:48:56,30817,13177,49.3
2026-06-10 00:48:58,30819,13178,91.8
2026-06-10 00:49:00,30821,13179,30.2
2026-06-10 00:49:01,30822,13180,42.3
2026-06-10 00:49:03,30824,13181,47.4
2026-06-10 00:49:05,30826,13182,26.0
2026-06-10 00:49:07,30828,13183,42.0
2026-06-10 00:49:09,30830,13184,58.6
2026-06-10 00:49:11,30832,13185,36.7
2026-06-10 00:49:13,30834,13186,39.9
2026-06-10 00:49:15,30836,13187,45.6
2026-06-10 00:49:17,30838,13188,40.4
2026-06-10 00:49:19,30840,13189,40.2
2026-06-10 00:49:21,30842,13190,33.9
2026-06-10 00:49:23,30844,13191,36.2
2026-06-10 00:49:25,30846,13192,35.9
2026-06-10 00:49:27,30848,13193,35.8
2026-06-10 00:49:29,30850,13194,45.3
2026-06-10 00:49:31,30852,13195,39.7
2026-06-10 00:49:33,30854,13196,32.2
2026-06-10 00:49:35,30856,13197,37.3
2026-06-10 00:49:38,30858,13198,41.5
2026-06-10 00:49:40,30861,13199,35.2
2026-06-10 00:49:42,30863,13200,53.5
2026-06-10 00:49:44,30864,13201,25.1
2026-06-10 00:49:45,30866,13202,48.2
2026-06-10 00:49:47,30868,13203,24.3
2026-06-10 00:49:49,30870,13204,33.1
2026-06-10 00:49:51,30872,13205,40.5
2026-06-10 00:49:53,30874,13206,34.2
2026-06-10 00:49:55,30876,13207,24.3
2026-06-10 00:49:57,30878,13208,41.9
2026-06-10 00:49:59,30880,13209,36.7
2026-06-10 00:50:01,30882,13210,30.1
2026-06-10 00:50:03,30884,13211,23.5
2026-06-10 00:50:05,30886,13212,29.1
2026-06-10 00:50:07,30888,13213,167
2026-06-10 00:50:09,30890,13214,34.4
2026-06-10 00:50:11,30892,13215,35.6
2026-06-10 00:50:13,30894,13216,50.5
2026-06-10 00:50:15,30896,13217,44.7
2026-06-10 00:50:17,30898,13218,39.7
2026-06-10 00:50:19,30900,13219,54.5
2026-06-10 00:50:21,30902,13220,26.0
2026-06-10 00:50:23,30904,13221,56.9
2026-06-10 00:50:25,30906,13222,33.3
2026-06-10 00:50:27,30908,13223,46.3
2026-06-10 00:50:29,30910,13224,35.3
2026-06-10 00:50:31,30912,13225,33.8
2026-06-10 00:50:33,30914,13226,42.5
2026-06-10 00:50:35,30916,13227,17.2
2026-06-10 00:50:37,30918,13228,40.1
2026-06-10 00:50:39,30920,13229,27.5
2026-06-10 00:50:41,30922,13230,39.1
2026-06-10 00:50:43,30924,13231,21.2
2026-06-10 00:50:45,30926,13232,69.7
2026-06-10 00:50:47,30928,13233,47.3
2026-06-10 00:50:49,30930,13234,15.6
2026-06-10 00:50:51,30932,13235,48.7
2026-06-10 00:50:53,30934,13236,54.9
2026-06-10 00:50:55,30936,13237,49.8
2026-06-10 00:50:57,30938,13238,33.6
2026-06-10 00:50:59,30940,13239,52.2
2026-06-10 00:51:01,30942,13240,26.0
2026-06-10 00:51:03,30944,13241,28.2
2026-06-10 00:51:05,30946,13242,33.5
2026-06-10 00:51:07,30948,13243,34.0
2026-06-10 00:51:09,30950,13244,46.0
2026-06-10 00:51:11,30952,13245,37.4
2026-06-10 00:51:13,30954,13246,29.2
2026-06-10 00:51:15,30956,13247,38.8
2026-06-10 00:51:17,30958,13248,42.5
2026-06-10 00:51:19,30960,13249,42.6
2026-06-10 00:51:21,30962,13250,72.0
2026-06-10 00:51:23,30964,13251,42.9
2026-06-10 00:51:25,30966,13252,292
2026-06-10 00:51:27,30968,13253,24.4
2026-06-10 00:51:29,30970,13254,40.1
2026-06-10 00:51:31,30972,13255,38.5
2026-06-10 00:51:33,30974,13256,26.9
2026-06-10 00:51:35,30976,13257,34.7
2026-06-10 00:51:37,30978,13258,32.9
2026-06-10 00:51:39,30980,13259,20.2
2026-06-10 00:51:41,30982,13260,58.0
2026-06-10 00:51:43,30984,13261,45.2
2026-06-10 00:51:46,30987,13262,49.8
2026-06-10 00:51:48,30989,13263,29.3
2026-06-10 00:51:50,30991,13264,35.7
2026-06-10 00:51:52,30993,13265,34.7
2026-06-10 00:51:54,30995,13266,33.7
2026-06-10 00:51:56,30997,13267,28.0
2026-06-10 00:51:58,30999,13268,53.3
2026-06-10 00:52:00,31001,13269,36.0
2026-06-10 00:52:02,31003,13270,33.5
2026-06-10 00:52:04,31005,13271,26.4
2026-06-10 00:52:06,31007,13272,22.7
2026-06-10 00:52:08,31009,13273,29.6
2026-06-10 00:52:10,31011,13274,41.2
2026-06-10 00:52:12,31013,13275,43.8
2026-06-10 00:52:14,31015,13276,38.3
2026-06-10 00:52:16,31017,13277,47.5
2026-06-10 00:52:18,31019,13278,40.3
2026-06-10 00:52:19,31020,13279,44.5
2026-06-10 00:52:21,31022,13280,52.0
2026-06-10 00:52:23,31024,13281,23.8
2026-06-10 00:52:25,31026,13282,22.2
2026-06-10 00:52:27,31028,13283,38.0
2026-06-10 00:52:29,31030,13284,31.0
2026-06-10 00:52:31,31032,13285,26.1
2026-06-10 00:52:33,31034,13286,51.5
2026-06-10 00:52:35,31036,13287,49.3
2026-06-10 00:52:37,31038,13288,29.4
2026-06-10 00:52:39,31040,13289,55.5
2026-06-10 00:52:41,31042,13290,51.8
2026-06-10 00:52:43,31044,13291,33.5
2026-06-10 00:52:45,31046,13292,44.4
2026-06-10 00:52:47,31048,13293,36.4
2026-06-10 00:52:49,31050,13294,43.3
2026-06-10 00:52:51,31052,13295,45.8
2026-06-10 00:52:53,31054,13296,32.6
2026-06-10 00:52:55,31056,13297,32.6
2026-06-10 00:52:57,31058,13298,29.4
2026-06-10 00:52:59,31060,13299,45.3
2026-06-10 00:53:01,31062,13300,21.7
2026-06-10 00:53:03,31064,13301,39.1
2026-06-10 00:53:05,31066,13302,30.5
2026-06-10 00:53:07,31068,13303,51.1
2026-06-10 00:53:09,31070,13304,68.0
2026-06-10 00:53:11,31072,13305,37.1
2026-06-10 00:53:13,31074,13306,30.9
2026-06-10 00:53:15,31076,13307,36.9
2026-06-10 00:53:17,31078,13308,39.1
2026-06-10 00:53:18,31079,13309,29.2
2026-06-10 00:53:20,31081,13310,45.5
2026-06-10 00:53:22,31083,13311,28.7
2026-06-10 00:53:24,31085,13312,56.7
2026-06-10 00:53:26,31087,13313,36.2
2026-06-10 00:53:28,31089,13314,28.7
2026-06-10 00:53:30,31091,13315,45.5
2026-06-10 00:53:32,31093,13316,46.5
2026-06-10 00:53:34,31095,13317,31.6
2026-06-10 00:53:36,31097,13318,29.3
2026-06-10 00:53:38,31099,13319,46.6
2026-06-10 00:53:40,31101,13320,39.0
2026-06-10 00:53:42,31103,13321,46.2
2026-06-10 00:53:44,31105,13322,33.3
2026-06-10 00:53:46,31107,13323,24.2
2026-06-10 00:53:48,31109,13324,47.3
2026-06-10 00:53:50,31111,13325,36.6
2026-06-10 00:53:52,31113,13326,28.0
2026-06-10 00:53:54,31115,13327,58.9
2026-06-10 00:53:56,31117,13328,40.2
2026-06-10 00:53:58,31119,13329,42.6
2026-06-10 00:54:00,31121,13330,35.9
2026-06-10 00:54:02,31123,13331,40.5
2026-06-10 00:54:04,31125,13332,36.2
2026-06-10 00:54:06,31127,13333,33.7
2026-06-10 00:54:08,31129,13334,22.8
2026-06-10 00:54:10,31131,13335,37.8
2026-06-10 00:54:12,31133,13336,51.4
2026-06-10 00:54:14,31135,13337,37.6
2026-06-10 00:54:16,31137,13338,41.4
2026-06-10 00:54:18,31139,13339,35.6
2026-06-10 00:54:20,31141,13340,59.7
2026-06-10 00:54:22,31143,13341,27.0
2026-06-10 00:54:24,31145,13342,31.3
2026-06-10 00:54:27,31148,13343,42.9
2026-06-10 00:54:28,31149,13344,28.3
2026-06-10 00:54:30,31151,13345,61.5
2026-06-10 00:54:32,31153,13346,38.8
2026-06-10 00:54:34,31155,13347,48.4
2026-06-10 00:54:36,31157,13348,50.0
2026-06-10 00:54:38,31159,13349,26.9
2026-06-10 00:54:40,31161,13350,40.3
2026-06-10 00:54:42,31163,13351,44.5
2026-06-10 00:54:44,31165,13352,49.1
2026-06-10 00:54:46,31167,13353,31.0
2026-06-10 00:54:48,31169,13354,32.2
2026-06-10 00:54:50,31171,13355,37.8
2026-06-10 00:54:52,31173,13356,27.5
2026-06-10 00:54:54,31175,13357,34.2
2026-06-10 00:54:56,31177,13358,38.0
2026-06-10 00:54:58,31179,13359,31.8
2026-06-10 00:55:00,31181,13360,32.5
2026-06-10 00:55:02,31183,13361,39.0
2026-06-10 00:55:04,31185,13362,36.0
2026-06-10 00:55:06,31187,13363,51.7
2026-06-10 00:55:08,31189,13364,33.4
2026-06-10 00:55:10,31191,13365,58.1
2026-06-10 00:55:12,31193,13366,27.6
2026-06-10 00:55:14,31195,13367,37.6
2026-06-10 00:55:16,31197,13368,48.8
2026-06-10 00:55:18,31199,13369,27.4
2026-06-10 00:55:20,31201,13370,34.3
2026-06-10 00:55:22,31203,13371,33.3
2026-06-10 00:55:24,31205,13372,149
2026-06-10 00:55:26,31207,13373,46.6
2026-06-10 00:55:28,31209,13374,44.6
2026-06-10 00:55:30,31211,13375,44.3
2026-06-10 00:55:32,31213,13376,35.2
2026-06-10 00:55:34,31215,13377,27.9
2026-06-10 00:55:36,31217,13378,37.6
2026-06-10 00:55:38,31219,13379,39.9
2026-06-10 00:55:40,31221,13380,31.1
2026-06-10 00:55:41,31222,13381,33.7
2026-06-10 00:55:43,31224,13382,26.7
2026-06-10 00:55:45,31226,13383,33.9
2026-06-10 00:55:47,31228,13384,18.3
2026-06-10 00:55:49,31230,13385,45.9
2026-06-10 00:55:51,31232,13386,29.3
2026-06-10 00:55:53,31234,13387,50.0
2026-06-10 00:55:55,31236,13388,32.9
2026-06-10 00:55:57,31238,13389,90.9
2026-06-10 00:55:59,31240,13390,32.2
2026-06-10 00:56:01,31242,13391,64.4
2026-06-10 00:56:03,31244,13392,33.6
2026-06-10 00:56:05,31246,13393,37.1
2026-06-10 00:56:07,31248,13394,29.6
2026-06-10 00:56:09,31250,13395,22.7
2026-06-10 00:56:11,31252,13396,45.6
2026-06-10 00:56:13,31254,13397,29.6
2026-06-10 00:56:15,31256,13398,38.4
2026-06-10 00:56:17,31258,13399,29.8
2026-06-10 00:56:19,31260,13400,31.5
2026-06-10 00:56:21,31262,13401,42.5
2026-06-10 00:56:23,31264,13402,33.5
2026-06-10 00:56:25,31266,13403,42.8
2026-06-10 00:56:27,31268,13404,51.7
2026-06-10 00:56:29,31270,13405,41.4
2026-06-10 00:56:31,31272,13406,43.7
2026-06-10 00:56:33,31274,13407,60.5
2026-06-10 00:56:35,31276,13408,30.9
2026-06-10 00:56:37,31278,13409,37.7
2026-06-10 00:56:39,31280,13410,26.2
2026-06-10 00:56:41,31282,13411,30.8
2026-06-10 00:56:43,31284,13412,72.4
2026-06-10 00:56:45,31286,13413,36.0
2026-06-10 00:56:46,31287,13414,68.3
2026-06-10 00:56:48,31289,13415,36.6
2026-06-10 00:56:50,31291,13416,44.7
2026-06-10 00:56:52,31293,13417,51.1
2026-06-10 00:56:54,31295,13418,40.0
2026-06-10 00:56:56,31297,13419,41.6
2026-06-10 00:56:58,31299,13420,27.0
2026-06-10 00:57:00,31301,13421,28.2
2026-06-10 00:57:02,31303,13422,31.5
2026-06-10 00:57:04,31305,13423,46.2
2026-06-10 00:57:06,31307,13424,40.0
2026-06-10 00:57:08,31309,13425,35.2
2026-06-10 00:57:10,31311,13426,39.2
2026-06-10 00:57:12,31313,13427,44.7
2026-06-10 00:57:14,31315,13428,35.2
2026-06-10 00:57:16,31317,13429,15.5
2026-06-10 00:57:18,31319,13430,22.7
2026-06-10 00:57:20,31321,13431,30.6
2026-06-10 00:57:22,31323,13432,30.8
2026-06-10 00:57:24,31325,13433,33.0
2026-06-10 00:57:26,31327,13434,51.6
2026-06-10 00:57:28,31329,13435,29.8
2026-06-10 00:57:30,31331,13436,34.2
2026-06-10 00:57:32,31333,13437,25.1
2026-06-10 00:57:34,31335,13438,48.2
2026-06-10 00:57:36,31337,13439,34.5
2026-06-10 00:57:38,31339,13440,29.9
2026-06-10 00:57:40,31341,13441,43.1
2026-06-10 00:57:42,31343,13442,42.1
2026-06-10 00:57:44,31345,13443,33.6
2026-06-10 00:57:46,31347,13444,37.8
2026-06-10 00:57:48,31349,13445,30.4
2026-06-10 00:57:50,31351,13446,29.8
2026-06-10 00:57:52,31353,13447,42.9
2026-06-10 00:57:54,31355,13448,28.9
2026-06-10 00:57:56,31357,13449,64.5
2026-06-10 00:57:58,31359,13450,31.1
2026-06-10 00:58:00,31361,13451,43.7
2026-06-10 00:58:02,31363,13452,45.6
2026-06-10 00:58:04,31365,13453,22.7
2026-06-10 00:58:06,31367,13454,57.4
2026-06-10 00:58:08,31369,13455,41.5
2026-06-10 00:58:10,31371,13456,34.9
2026-06-10 00:58:12,31373,13457,21.5
2026-06-10 00:58:14,31375,13458,39.0
2026-06-10 00:58:16,31377,13459,35.3
2026-06-10 00:58:18,31379,13460,37.8
2026-06-10 00:58:20,31381,13461,33.4
2026-06-10 00:58:21,31382,13462,35.2
2026-06-10 00:58:23,31384,13463,40.7
2026-06-10 00:58:25,31386,13464,42.7
2026-06-10 00:58:27,31388,13465,31.9
2026-06-10 00:58:29,31390,13466,40.1
2026-06-10 00:58:31,31392,13467,30.5
2026-06-10 00:58:33,31394,13468,21.9
2026-06-10 00:58:35,31396,13469,33.3
2026-06-10 00:58:37,31398,13470,43.2
2026-06-10 00:58:39,31400,13471,32.9
2026-06-10 00:58:41,31402,13472,45.2
2026-06-10 00:58:43,31404,13473,44.1
2026-06-10 00:58:45,31406,13474,28.6
2026-06-10 00:58:47,31408,13475,42.5
2026-06-10 00:58:49,31410,13476,45.1
2026-06-10 00:58:51,31412,13477,27.4
2026-06-10 00:58:53,31414,13478,41.6
2026-06-10 00:58:55,31416,13479,36.1
2026-06-10 00:58:57,31418,13480,36.6
2026-06-10 00:58:59,31420,13481,55.4
2026-06-10 00:59:01,31422,13482,29.5
2026-06-10 00:59:03,31424,13483,31.5
2026-06-10 00:59:05,31426,13484,30.1
2026-06-10 00:59:07,31428,13485,36.3
2026-06-10 00:59:08,31429,13486,29.8
2026-06-10 00:59:10,31431,13487,53.7
2026-06-10 00:59:12,31433,13488,46.9
2026-06-10 00:59:14,31435,13489,39.8
2026-06-10 00:59:16,31437,13490,32.6
2026-06-10 00:59:18,31439,13491,58.6
2026-06-10 00:59:20,31441,13492,38.0
2026-06-10 00:59:22,31443,13493,53.3
2026-06-10 00:59:24,31445,13494,44.4
2026-06-10 00:59:26,31447,13495,197
2026-06-10 00:59:28,31449,13496,38.3
2026-06-10 00:59:30,31451,13497,25.3
2026-06-10 00:59:32,31453,13498,43.8
2026-06-10 00:59:34,31455,13499,19.1
2026-06-10 00:59:36,31457,13500,31.4
2026-06-10 00:59:38,31459,13501,33.3
2026-06-10 00:59:40,31461,13502,54.3
2026-06-10 00:59:42,31463,13503,27.1
2026-06-10 00:59:44,31465,13504,14.0
2026-06-10 00:59:46,31467,13505,32.8
2026-06-10 00:59:48,31469,13506,30.3
2026-06-10 00:59:50,31471,13507,45.1
2026-06-10 00:59:52,31473,13508,36.2
2026-06-10 00:59:54,31475,13509,36.2
2026-06-10 00:59:56,31477,13510,30.3
2026-06-10 00:59:58,31479,13511,36.6
2026-06-10 01:00:00,31481,13512,29.2
2026-06-10 01:00:02,31483,13513,35.9
2026-06-10 01:00:04,31485,13514,27.7
2026-06-10 01:00:06,31487,13515,36.6
2026-06-10 01:00:08,31489,13516,24.3
2026-06-10 01:00:10,31491,13517,47.9
2026-06-10 01:00:12,31493,13518,242
2026-06-10 01:00:14,31495,13519,40.9
2026-06-10 01:00:16,31497,13520,25.6
2026-06-10 01:00:18,31499,13521,25.8
2026-06-10 01:00:20,31501,13522,29.5
2026-06-10 01:00:21,31502,13523,33.0
2026-06-10 01:00:23,31504,13524,29.3
2026-06-10 01:00:25,31506,13525,23.9
2026-06-10 01:00:27,31508,13526,34.0
2026-06-10 01:00:30,31511,13527,21.9
2026-06-10 01:00:32,31513,13528,31.7
2026-06-10 01:00:33,31514,13529,41.8
2026-06-10 01:00:35,31516,13530,32.0
2026-06-10 01:00:38,31519,13531,153
2026-06-10 01:00:40,31521,13532,36.3
2026-06-10 01:00:42,31523,13533,23.3
2026-06-10 01:00:44,31525,13534,33.9
2026-06-10 01:00:46,31527,13535,19.0
2026-06-10 01:00:48,31529,13536,42.3
2026-06-10 01:00:50,31531,13537,27.1
2026-06-10 01:00:52,31533,13538,44.2
2026-06-10 01:00:54,31535,13539,51.3
2026-06-10 01:00:56,31537,13540,41.0
2026-06-10 01:00:58,31539,13541,29.4
2026-06-10 01:01:00,31541,13542,27.9
2026-06-10 01:01:02,31543,13543,30.2
2026-06-10 01:01:04,31545,13544,21.7
2026-06-10 01:01:06,31547,13545,32.6
2026-06-10 01:01:08,31549,13546,39.1
2026-06-10 01:01:10,31551,13547,80.6
2026-06-10 01:01:12,31553,13548,39.6
2026-06-10 01:01:14,31555,13549,43.2
2026-06-10 01:01:16,31557,13550,29.4
2026-06-10 01:01:18,31559,13551,20.8
2026-06-10 01:01:20,31561,13552,30.9
2026-06-10 01:01:22,31563,13553,30.4
2026-06-10 01:01:24,31565,13554,29.7
2026-06-10 01:01:26,31567,13555,27.2
2026-06-10 01:01:28,31569,13556,27.5
2026-06-10 01:01:30,31571,13557,57.1
2026-06-10 01:01:32,31573,13558,31.4
2026-06-10 01:01:34,31575,13559,29.5
2026-06-10 01:01:36,31577,13560,28.8
2026-06-10 01:01:38,31579,13561,38.3
2026-06-10 01:01:40,31581,13562,41.1
2026-06-10 01:01:42,31583,13563,31.2
2026-06-10 01:01:44,31585,13564,75.6
2026-06-10 01:01:46,31587,13565,30.2
2026-06-10 01:01:48,31589,13566,32.3
2026-06-10 01:01:49,31590,13567,42.9
2026-06-10 01:01:51,31592,13568,38.3
2026-06-10 01:01:53,31594,13569,42.0
2026-06-10 01:01:55,31596,13570,37.0
2026-06-10 01:01:57,31598,13571,27.9
2026-06-10 01:01:59,31600,13572,25.8
2026-06-10 01:02:01,31602,13573,36.0
2026-06-10 01:02:03,31604,13574,34.3
2026-06-10 01:02:05,31606,13575,50.2
2026-06-10 01:02:07,31608,13576,50.7
2026-06-10 01:02:09,31610,13577,41.9
2026-06-10 01:02:11,31612,13578,40.0
2026-06-10 01:02:13,31614,13579,34.1
2026-06-10 01:02:15,31616,13580,29.4
2026-06-10 01:02:17,31618,13581,43.9
2026-06-10 01:02:19,31620,13582,34.5
2026-06-10 01:02:21,31622,13583,33.2
2026-06-10 01:02:23,31624,13584,32.3
2026-06-10 01:02:25,31626,13585,126
2026-06-10 01:02:27,31628,13586,36.6
2026-06-10 01:02:29,31630,13587,34.7
2026-06-10 01:02:31,31632,13588,28.7
2026-06-10 01:02:33,31634,13589,26.1
2026-06-10 01:02:35,31636,13590,32.5
2026-06-10 01:02:37,31638,13591,51.1
2026-06-10 01:02:39,31640,13592,90.8
2026-06-10 01:02:42,31643,13593,219
2026-06-10 01:02:44,31645,13594,41.0
2026-06-10 01:02:46,31647,13595,47.6
2026-06-10 01:02:48,31649,13596,37.5
2026-06-10 01:02:50,31651,13597,42.8
2026-06-10 01:02:52,31653,13598,60.3
2026-06-10 01:02:54,31655,13599,13.7
2026-06-10 01:02:56,31657,13600,52.1
2026-06-10 01:02:58,31659,13601,26.6
2026-06-10 01:03:00,31661,13602,35.6
2026-06-10 01:03:02,31663,13603,39.2
2026-06-10 01:03:04,31665,13604,44.8
2026-06-10 01:03:06,31667,13605,39.7
2026-06-10 01:03:07,31668,13606,46.9
2026-06-10 01:03:09,31670,13607,37.0
2026-06-10 01:03:11,31672,13608,36.1
2026-06-10 01:03:13,31674,13609,37.0
2026-06-10 01:03:15,31676,13610,24.4
2026-06-10 01:03:17,31678,13611,38.0
2026-06-10 01:03:19,31680,13612,39.1
2026-06-10 01:03:21,31682,13613,29.7
2026-06-10 01:03:23,31684,13614,30.2
2026-06-10 01:03:25,31686,13615,24.5
2026-06-10 01:03:27,31688,13616,38.9
2026-06-10 01:03:29,31690,13617,37.3
2026-06-10 01:03:31,31692,13618,31.1
2026-06-10 01:03:33,31694,13619,42.8
2026-06-10 01:03:35,31696,13620,25.4
2026-06-10 01:03:37,31698,13621,39.8
2026-06-10 01:03:39,31700,13622,24.2
2026-06-10 01:03:41,31702,13623,30.1
2026-06-10 01:03:43,31704,13624,39.5
2026-06-10 01:03:45,31706,13625,37.1
2026-06-10 01:03:47,31708,13626,39.5
2026-06-10 01:03:48,31709,13627,39.0
2026-06-10 01:03:50,31711,13628,30.6
2026-06-10 01:03:52,31713,13629,80.0
2026-06-10 01:03:54,31715,13630,37.1
2026-06-10 01:03:56,31717,13631,49.7
2026-06-10 01:03:58,31719,13632,27.3
2026-06-10 01:04:00,31721,13633,48.3
2026-06-10 01:04:02,31723,13634,30.5
2026-06-10 01:04:04,31725,13635,24.4
2026-06-10 01:04:06,31727,13636,36.8
2026-06-10 01:04:08,31729,13637,38.6
2026-06-10 01:04:10,31731,13638,33.0
2026-06-10 01:04:12,31733,13639,34.0
2026-06-10 01:04:14,31735,13640,27.9
2026-06-10 01:04:16,31737,13641,40.8
2026-06-10 01:04:18,31739,13642,33.4
2026-06-10 01:04:20,31741,13643,27.3
2026-06-10 01:04:22,31743,13644,197
2026-06-10 01:04:24,31745,13645,39.2
2026-06-10 01:04:26,31747,13646,35.9
2026-06-10 01:04:28,31749,13647,33.5
2026-06-10 01:04:30,31751,13648,43.5
2026-06-10 01:04:31,31752,13649,38.9
2026-06-10 01:04:33,31754,13650,36.4
2026-06-10 01:04:35,31756,13651,37.5
2026-06-10 01:04:37,31758,13652,29.6
2026-06-10 01:04:39,31760,13653,59.1
2026-06-10 01:04:41,31762,13654,43.9
2026-06-10 01:04:43,31764,13655,31.6
2026-06-10 01:04:45,31766,13656,671
2026-06-10 01:04:47,31768,13657,59.4
2026-06-10 01:04:49,31770,13658,49.3
2026-06-10 01:04:52,31773,13659,208
2026-06-10 01:04:54,31775,13660,39.0
2026-06-10 01:04:56,31777,13661,34.8
2026-06-10 01:04:58,31779,13662,54.3
2026-06-10 01:05:00,31781,13663,60.3
2026-06-10 01:05:02,31783,13664,31.4
2026-06-10 01:05:04,31785,13665,44.2
2026-06-10 01:05:06,31787,13666,35.6
2026-06-10 01:05:08,31789,13667,27.0
2026-06-10 01:05:10,31791,13668,38.4
2026-06-10 01:05:12,31793,13669,38.3
2026-06-10 01:05:14,31795,13670,37.9
2026-06-10 01:05:16,31797,13671,38.1
2026-06-10 01:05:18,31799,13672,49.2
2026-06-10 01:05:20,31801,13673,86.1
2026-06-10 01:05:22,31803,13674,58.1
2026-06-10 01:05:24,31805,13675,37.7
2026-06-10 01:05:26,31807,13676,34.3
2026-06-10 01:05:28,31809,13677,47.7
2026-06-10 01:05:30,31811,13678,46.7
2026-06-10 01:05:32,31813,13679,23.7
2026-06-10 01:05:34,31815,13680,30.6
2026-06-10 01:05:36,31817,13681,17.9
2026-06-10 01:05:38,31819,13682,39.7
2026-06-10 01:05:40,31821,13683,38.7
2026-06-10 01:05:42,31823,13684,41.0
2026-06-10 01:05:44,31825,13685,37.4
2026-06-10 01:05:46,31827,13686,30.2
2026-06-10 01:05:48,31829,13687,44.3
2026-06-10 01:05:50,31831,13688,40.6
2026-06-10 01:05:52,31833,13689,43.1
2026-06-10 01:05:54,31835,13690,36.2
2026-06-10 01:05:56,31837,13691,49.2
2026-06-10 01:05:58,31839,13692,43.5
2026-06-10 01:06:00,31841,13693,47.0
2026-06-10 01:06:02,31843,13694,42.0
2026-06-10 01:06:04,31845,13695,42.3
2026-06-10 01:06:06,31847,13696,34.3
2026-06-10 01:06:07,31848,13697,44.6
2026-06-10 01:06:09,31850,13698,42.0
2026-06-10 01:06:11,31852,13699,32.4
2026-06-10 01:06:14,31855,13700,81.1
2026-06-10 01:06:15,31856,13701,40.1
2026-06-10 01:06:18,31859,13702,39.6
2026-06-10 01:06:20,31861,13703,36.7
2026-06-10 01:06:22,31863,13704,31.0
2026-06-10 01:06:24,31865,13705,23.3
2026-06-10 01:06:26,31867,13706,46.0
2026-06-10 01:06:28,31869,13707,31.0
2026-06-10 01:06:30,31871,13708,30.3
2026-06-10 01:06:32,31873,13709,35.0
2026-06-10 01:06:34,31875,13710,15.2
2026-06-10 01:06:36,31877,13711,40.6
2026-06-10 01:06:38,31879,13712,21.2
2026-06-10 01:06:40,31881,13713,38.0
2026-06-10 01:06:42,31882,13714,52.1
2026-06-10 01:06:44,31885,13715,38.2
2026-06-10 01:06:46,31887,13716,43.9
2026-06-10 01:06:47,31888,13717,51.5
2026-06-10 01:06:49,31890,13718,30.3
2026-06-10 01:06:51,31892,13719,21.8
2026-06-10 01:06:53,31894,13720,51.4
2026-06-10 01:06:55,31896,13721,55.9
2026-06-10 01:06:57,31898,13722,29.9
2026-06-10 01:06:59,31900,13723,72.6
2026-06-10 01:07:01,31902,13724,43.3
2026-06-10 01:07:03,31904,13725,46.7
2026-06-10 01:07:05,31906,13726,39.8
2026-06-10 01:07:07,31908,13727,51.7
2026-06-10 01:07:09,31910,13728,30.3
2026-06-10 01:07:11,31912,13729,30.3
2026-06-10 01:07:13,31914,13730,27.2
2026-06-10 01:07:15,31916,13731,30.3
2026-06-10 01:07:17,31918,13732,39.4
2026-06-10 01:07:19,31920,13733,29.5
2026-06-10 01:07:21,31922,13734,45.1
2026-06-10 01:07:23,31924,13735,45.1
2026-06-10 01:07:25,31926,13736,48.4
2026-06-10 01:07:27,31928,13737,32.3
2026-06-10 01:07:29,31930,13738,57.0
2026-06-10 01:07:31,31932,13739,41.6
2026-06-10 01:07:33,31934,13740,31.6
2026-06-10 01:07:35,31936,13741,26.2
2026-06-10 01:07:37,31938,13742,42.1
2026-06-10 01:07:39,31940,13743,45.8
2026-06-10 01:07:41,31942,13744,47.8
2026-06-10 01:07:43,31944,13745,40.5
2026-06-10 01:07:45,31946,13746,28.2
2026-06-10 01:07:47,31948,13747,103
2026-06-10 01:07:49,31950,13748,37.4
2026-06-10 01:07:51,31952,13749,29.4
2026-06-10 01:07:53,31954,13750,42.4
2026-06-10 01:07:54,31955,13751,41.6
2026-06-10 01:07:56,31957,13752,45.9
2026-06-10 01:07:58,31959,13753,44.9
2026-06-10 01:08:00,31961,13754,30.1
2026-06-10 01:08:02,31963,13755,41.5
2026-06-10 01:08:04,31965,13756,24.5
2026-06-10 01:08:06,31967,13757,27.9
2026-06-10 01:08:08,31969,13758,41.2
2026-06-10 01:08:10,31971,13759,44.9
2026-06-10 01:08:12,31973,13760,24.8
2026-06-10 01:08:14,31975,13761,52.3
2026-06-10 01:08:16,31977,13762,44.9
2026-06-10 01:08:18,31979,13763,25.0
2026-06-10 01:08:20,31981,13764,39.4
2026-06-10 01:08:22,31983,13765,54.8
2026-06-10 01:08:24,31985,13766,26.6
2026-06-10 01:08:26,31987,13767,91.7
2026-06-10 01:08:28,31989,13768,55.0
2026-06-10 01:08:30,31991,13769,41.9
2026-06-10 01:08:32,31993,13770,38.8
2026-06-10 01:08:34,31995,13771,31.7
2026-06-10 01:08:36,31997,13772,41.0
2026-06-10 01:08:38,31999,13773,25.7
2026-06-10 01:08:40,32001,13774,45.5
2026-06-10 01:08:42,32003,13775,45.6
2026-06-10 01:08:44,32005,13776,46.7
2026-06-10 01:08:46,32007,13777,61.5
2026-06-10 01:08:48,32009,13778,22.2
2026-06-10 01:08:50,32011,13779,32.9
2026-06-10 01:08:52,32013,13780,203
2026-06-10 01:08:54,32015,13781,32.7
2026-06-10 01:08:56,32017,13782,33.3
2026-06-10 01:08:58,32019,13783,59.0
2026-06-10 01:09:00,32021,13784,44.7
2026-06-10 01:09:02,32023,13785,40.2
2026-06-10 01:09:04,32025,13786,24.6
2026-06-10 01:09:05,32026,13787,31.4
2026-06-10 01:09:07,32028,13788,37.4
2026-06-10 01:09:10,32031,13789,29.1
2026-06-10 01:09:12,32033,13790,46.0
2026-06-10 01:09:14,32035,13791,142
2026-06-10 01:09:16,32037,13792,38.2
2026-06-10 01:09:18,32039,13793,33.8
2026-06-10 01:09:20,32041,13794,48.9
2026-06-10 01:09:22,32043,13795,36.9
2026-06-10 01:09:24,32045,13796,33.1
2026-06-10 01:09:26,32047,13797,25.8
2026-06-10 01:09:28,32049,13798,13.8
2026-06-10 01:09:30,32051,13799,50.8
2026-06-10 01:09:31,32052,13800,51.7
2026-06-10 01:09:33,32054,13801,52.2
2026-06-10 01:09:35,32056,13802,34.2
2026-06-10 01:09:37,32058,13803,36.3
2026-06-10 01:09:39,32060,13804,39.3
2026-06-10 01:09:41,32062,13805,42.2
2026-06-10 01:09:43,32064,13806,23.0
2026-06-10 01:09:45,32066,13807,39.2
2026-06-10 01:09:47,32068,13808,30.9
2026-06-10 01:09:49,32070,13809,27.6
2026-06-10 01:09:51,32072,13810,20.4
2026-06-10 01:09:53,32074,13811,37.6
2026-06-10 01:09:55,32076,13812,32.6
2026-06-10 01:09:57,32078,13813,30.3
2026-06-10 01:09:59,32080,13814,34.8
2026-06-10 01:10:01,32082,13815,43.8
2026-06-10 01:10:03,32084,13816,29.2
2026-06-10 01:10:05,32086,13817,84.3
2026-06-10 01:10:08,32089,13818,41.6
2026-06-10 01:10:10,32091,13819,36.6
2026-06-10 01:10:12,32093,13820,28.1
2026-06-10 01:10:14,32095,13821,37.5
2026-06-10 01:10:16,32097,13822,43.4
2026-06-10 01:10:18,32099,13823,28.6
2026-06-10 01:10:20,32101,13824,60.9
2026-06-10 01:10:22,32103,13825,52.5
2026-06-10 01:10:24,32105,13826,38.6
2026-06-10 01:10:26,32107,13827,31.4
2026-06-10 01:10:28,32109,13828,32.1
2026-06-10 01:10:29,32110,13829,35.6
2026-06-10 01:10:31,32112,13830,43.5
2026-06-10 01:10:33,32114,13831,63.7
2026-06-10 01:10:35,32116,13832,29.6
2026-06-10 01:10:37,32118,13833,50.6
2026-06-10 01:10:39,32120,13834,53.4
2026-06-10 01:10:41,32122,13835,19.0
2026-06-10 01:10:43,32124,13836,30.5
2026-06-10 01:10:45,32126,13837,30.4
2026-06-10 01:10:47,32128,13838,24.5
2026-06-10 01:10:49,32130,13839,47.0
2026-06-10 01:10:51,32132,13840,51.9
2026-06-10 01:10:53,32134,13841,38.5
2026-06-10 01:10:55,32136,13842,34.7
2026-06-10 01:10:57,32138,13843,53.6
2026-06-10 01:10:59,32140,13844,41.7
2026-06-10 01:11:01,32142,13845,64.3
2026-06-10 01:11:03,32144,13846,46.2
2026-06-10 01:11:05,32146,13847,37.1
2026-06-10 01:11:07,32148,13848,19.8
2026-06-10 01:11:09,32150,13849,29.7
2026-06-10 01:11:11,32152,13850,36.2
2026-06-10 01:11:13,32154,13851,35.3
2026-06-10 01:11:15,32156,13852,21.6
2026-06-10 01:11:17,32158,13853,30.5
2026-06-10 01:11:19,32160,13854,41.7
2026-06-10 01:11:21,32162,13855,47.8
2026-06-10 01:11:23,32164,13856,29.2
2026-06-10 01:11:25,32166,13857,30.8
2026-06-10 01:11:27,32168,13858,41.1
2026-06-10 01:11:29,32170,13859,48.1
2026-06-10 01:11:31,32172,13860,27.2
2026-06-10 01:11:33,32174,13861,30.5
2026-06-10 01:11:35,32176,13862,35.0
2026-06-10 01:11:37,32178,13863,17.7
2026-06-10 01:11:40,32181,13864,27.9
2026-06-10 01:11:42,32183,13865,28.3
2026-06-10 01:11:44,32185,13866,54.8
2026-06-10 01:11:46,32187,13867,25.0
2026-06-10 01:11:48,32189,13868,36.3
2026-06-10 01:11:50,32191,13869,19.5
2026-06-10 01:11:52,32193,13870,26.7
2026-06-10 01:11:54,32195,13871,29.4
2026-06-10 01:11:56,32197,13872,38.3
2026-06-10 01:11:58,32199,13873,39.5
2026-06-10 01:12:00,32201,13874,117
2026-06-10 01:12:02,32203,13875,19.4
2026-06-10 01:12:04,32205,13876,37.7
2026-06-10 01:12:06,32207,13877,34.0
2026-06-10 01:12:08,32209,13878,26.0
2026-06-10 01:12:10,32211,13879,16.6
2026-06-10 01:12:12,32213,13880,33.7
2026-06-10 01:12:14,32215,13881,29.7
2026-06-10 01:12:16,32217,13882,22.3
2026-06-10 01:12:18,32219,13883,38.8
2026-06-10 01:12:20,32221,13884,29.2
2026-06-10 01:12:22,32223,13885,32.7
2026-06-10 01:12:24,32225,13886,52.6
2026-06-10 01:12:26,32227,13887,43.7
2026-06-10 01:12:28,32229,13888,30.6
2026-06-10 01:12:30,32231,13889,57.5
2026-06-10 01:12:32,32233,13890,35.1
2026-06-10 01:12:34,32235,13891,45.9
2026-06-10 01:12:36,32237,13892,37.9
2026-06-10 01:12:38,32239,13893,36.4
2026-06-10 01:12:40,32241,13894,31.2
2026-06-10 01:12:42,32243,13895,47.6
2026-06-10 01:12:44,32245,13896,29.9
2026-06-10 01:12:46,32247,13897,52.1
2026-06-10 01:12:48,32249,13898,21.4
2026-06-10 01:12:50,32251,13899,37.6
2026-06-10 01:12:52,32253,13900,41.4
2026-06-10 01:12:54,32255,13901,37.0
2026-06-10 01:12:56,32257,13902,29.3
2026-06-10 01:12:58,32259,13903,43.3
2026-06-10 01:13:00,32261,13904,49.6
2026-06-10 01:13:02,32263,13905,43.3
2026-06-10 01:13:04,32265,13906,43.8
2026-06-10 01:13:05,32266,13907,37.5
2026-06-10 01:13:08,32269,13908,34.4
2026-06-10 01:13:10,32271,13909,38.9
2026-06-10 01:13:11,32272,13910,46.4
2026-06-10 01:13:13,32274,13911,32.8
2026-06-10 01:13:15,32276,13912,29.4
2026-06-10 01:13:17,32278,13913,45.7
2026-06-10 01:13:19,32280,13914,39.4
2026-06-10 01:13:21,32282,13915,34.7
2026-06-10 01:13:23,32284,13916,36.6
2026-06-10 01:13:25,32286,13917,44.0
2026-06-10 01:13:27,32288,13918,38.6
2026-06-10 01:13:29,32290,13919,39.2
2026-06-10 01:13:31,32292,13920,67.4
2026-06-10 01:13:33,32294,13921,34.8
2026-06-10 01:13:35,32296,13922,35.1
2026-06-10 01:13:37,32298,13923,54.8
2026-06-10 01:13:39,32300,13924,58.8
2026-06-10 01:13:41,32302,13925,44.0
2026-06-10 01:13:43,32304,13926,49.4
2026-06-10 01:13:45,32306,13927,46.5
2026-06-10 01:13:47,32308,13928,43.8
2026-06-10 01:13:49,32310,13929,29.0
2026-06-10 01:13:51,32312,13930,19.2
2026-06-10 01:13:53,32314,13931,146
2026-06-10 01:13:55,32316,13932,35.9
2026-06-10 01:13:57,32318,13933,35.0
2026-06-10 01:13:59,32320,13934,26.4
2026-06-10 01:14:01,32322,13935,48.2
2026-06-10 01:14:04,32325,13936,33.3
2026-06-10 01:14:06,32327,13937,28.2
2026-06-10 01:14:08,32329,13938,28.4
2026-06-10 01:14:10,32331,13939,12.8
2026-06-10 01:14:12,32333,13940,38.0
2026-06-10 01:14:14,32335,13941,44.6
2026-06-10 01:14:16,32337,13942,20.1
2026-06-10 01:14:18,32339,13943,26.0
2026-06-10 01:14:20,32341,13944,26.5
2026-06-10 01:14:22,32343,13945,36.5
2026-06-10 01:14:24,32345,13946,35.3
2026-06-10 01:14:26,32347,13947,33.2
2026-06-10 01:14:28,32349,13948,166
2026-06-10 01:14:30,32351,13949,26.0
2026-06-10 01:14:32,32353,13950,42.4
2026-06-10 01:14:34,32355,13951,24.7
2026-06-10 01:14:36,32357,13952,32.3
2026-06-10 01:14:38,32359,13953,37.0
2026-06-10 01:14:40,32361,13954,46.7
2026-06-10 01:14:42,32363,13955,89.8
2026-06-10 01:14:44,32365,13956,50.4
2026-06-10 01:14:46,32367,13957,84.1
2026-06-10 01:14:48,32369,13958,37.4
2026-06-10 01:14:50,32371,13959,184
2026-06-10 01:14:53,32374,13960,225
2026-06-10 01:14:55,32376,13961,21.0
2026-06-10 01:14:57,32378,13962,50.0
2026-06-10 01:14:59,32380,13963,24.4
2026-06-10 01:15:01,32382,13964,20.5
2026-06-10 01:15:03,32384,13965,43.4
2026-06-10 01:15:05,32386,13966,34.2
2026-06-10 01:15:08,32389,13967,40.0
2026-06-10 01:15:10,32391,13968,35.3
2026-06-10 01:15:12,32393,13969,37.1
2026-06-10 01:15:14,32395,13970,32.7
2026-06-10 01:15:16,32397,13971,24.1
2026-06-10 01:15:18,32399,13972,26.5
2026-06-10 01:15:20,32401,13973,29.7
2026-06-10 01:15:22,32403,13974,39.7
2026-06-10 01:15:24,32405,13975,17.3
2026-06-10 01:15:26,32407,13976,51.3
2026-06-10 01:15:28,32409,13977,28.4
2026-06-10 01:15:30,32411,13978,30.8
2026-06-10 01:15:32,32413,13979,41.1
2026-06-10 01:15:34,32415,13980,24.4
2026-06-10 01:15:36,32417,13981,32.1
2026-06-10 01:15:37,32418,13982,30.2
2026-06-10 01:15:39,32420,13983,42.5
2026-06-10 01:15:41,32422,13984,23.7
2026-06-10 01:15:43,32424,13985,24.6
2026-06-10 01:15:45,32426,13986,27.5
2026-06-10 01:15:47,32428,13987,24.8
2026-06-10 01:15:49,32430,13988,26.0
2026-06-10 01:15:51,32432,13989,44.4
2026-06-10 01:15:53,32434,13990,25.9
2026-06-10 01:15:55,32436,13991,52.3
2026-06-10 01:15:57,32438,13992,29.4
2026-06-10 01:15:59,32440,13993,36.4
2026-06-10 01:16:01,32442,13994,22.1
2026-06-10 01:16:03,32444,13995,30.3
2026-06-10 01:16:05,32446,13996,26.3
2026-06-10 01:16:07,32448,13997,33.9
2026-06-10 01:16:09,32450,13998,33.4
2026-06-10 01:16:11,32452,13999,18.5
2026-06-10 01:16:13,32454,14000,33.9
2026-06-10 01:16:15,32456,14001,69.6
2026-06-10 01:16:17,32458,14002,32.4
2026-06-10 01:16:19,32460,14003,42.2
2026-06-10 01:16:21,32462,14004,50.8
2026-06-10 01:16:23,32464,14005,29.9
2026-06-10 01:16:25,32466,14006,33.4
2026-06-10 01:16:27,32468,14007,36.2
2026-06-10 01:16:29,32470,14008,36.7
2026-06-10 01:16:31,32472,14009,40.8
2026-06-10 01:16:33,32474,14010,27.3
2026-06-10 01:16:35,32476,14011,29.7
2026-06-10 01:16:37,32478,14012,37.2
2026-06-10 01:16:39,32480,14013,38.9
2026-06-10 01:16:41,32482,14014,51.7
2026-06-10 01:16:43,32484,14015,47.9
2026-06-10 01:16:45,32486,14016,47.4
2026-06-10 01:16:47,32488,14017,57.9
2026-06-10 01:16:48,32489,14018,35.3
2026-06-10 01:16:50,32491,14019,34.2
2026-06-10 01:16:52,32493,14020,25.8
2026-06-10 01:16:54,32495,14021,50.2
2026-06-10 01:16:56,32497,14022,26.3
2026-06-10 01:16:58,32499,14023,21.8
2026-06-10 01:17:00,32501,14024,35.8
2026-06-10 01:17:02,32503,14025,29.0
2026-06-10 01:17:04,32505,14026,31.8
2026-06-10 01:17:06,32507,14027,33.5
2026-06-10 01:17:08,32509,14028,32.5
2026-06-10 01:17:10,32511,14029,17.1
2026-06-10 01:17:12,32513,14030,51.8
2026-06-10 01:17:14,32515,14031,47.3
2026-06-10 01:17:16,32517,14032,81.8
2026-06-10 01:17:18,32519,14033,30.1
2026-06-10 01:17:20,32521,14034,29.6
2026-06-10 01:17:22,32523,14035,35.9
2026-06-10 01:17:24,32525,14036,32.5
2026-06-10 01:17:26,32527,14037,35.4
2026-06-10 01:17:28,32529,14038,32.2
2026-06-10 01:17:30,32531,14039,44.2
2026-06-10 01:17:32,32533,14040,30.1
2026-06-10 01:17:34,32535,14041,37.7
2026-06-10 01:17:36,32537,14042,17.1
2026-06-10 01:17:38,32539,14043,34.3
2026-06-10 01:17:40,32541,14044,38.6
2026-06-10 01:17:42,32543,14045,32.1
2026-06-10 01:17:44,32545,14046,60.2
2026-06-10 01:17:46,32547,14047,31.1
2026-06-10 01:17:48,32549,14048,25.5
2026-06-10 01:17:50,32551,14049,31.8
2026-06-10 01:17:52,32553,14050,53.0
2026-06-10 01:17:54,32555,14051,34.6
2026-06-10 01:17:56,32557,14052,39.9
2026-06-10 01:17:58,32558,14053,44.8
2026-06-10 01:17:59,32560,14054,27.8
2026-06-10 01:18:01,32562,14055,35.2
2026-06-10 01:18:03,32564,14056,22.9
2026-06-10 01:18:05,32566,14057,29.0
2026-06-10 01:18:07,32568,14058,44.5
2026-06-10 01:18:09,32570,14059,33.6
2026-06-10 01:18:11,32572,14060,26.9
2026-06-10 01:18:13,32574,14061,22.5
2026-06-10 01:18:15,32576,14062,39.4
2026-06-10 01:18:17,32578,14063,39.8
2026-06-10 01:18:19,32580,14064,23.4
2026-06-10 01:18:21,32582,14065,36.3
2026-06-10 01:18:23,32584,14066,50.1
2026-06-10 01:18:25,32586,14067,52.2
2026-06-10 01:18:27,32588,14068,33.7
2026-06-10 01:18:29,32590,14069,25.6
2026-06-10 01:18:31,32592,14070,46.6
2026-06-10 01:18:33,32594,14071,32.4
2026-06-10 01:18:35,32596,14072,49.7
2026-06-10 01:18:37,32598,14073,56.0
2026-06-10 01:18:39,32600,14074,35.4
2026-06-10 01:18:41,32602,14075,35.9
2026-06-10 01:18:43,32604,14076,35.6
2026-06-10 01:18:45,32606,14077,40.8
2026-06-10 01:18:47,32608,14078,214
2026-06-10 01:18:49,32610,14079,50.2
2026-06-10 01:18:51,32612,14080,34.9
2026-06-10 01:18:53,32614,14081,28.2
2026-06-10 01:18:55,32616,14082,36.6
2026-06-10 01:18:57,32618,14083,40.3
2026-06-10 01:18:59,32620,14084,28.7
2026-06-10 01:19:01,32622,14085,44.3
2026-06-10 01:19:03,32624,14086,42.6
2026-06-10 01:19:05,32626,14087,30.8
2026-06-10 01:19:06,32627,14088,50.2
2026-06-10 01:19:08,32629,14089,36.6
2026-06-10 01:19:10,32631,14090,32.4
2026-06-10 01:19:12,32633,14091,54.1
2026-06-10 01:19:14,32635,14092,34.4
2026-06-10 01:19:16,32637,14093,39.3
2026-06-10 01:19:18,32639,14094,45.6
2026-06-10 01:19:20,32641,14095,33.0
2026-06-10 01:19:22,32643,14096,29.7
2026-06-10 01:19:24,32645,14097,25.3
2026-06-10 01:19:26,32647,14098,30.0
2026-06-10 01:19:28,32649,14099,24.0
2026-06-10 01:19:30,32651,14100,32.7
2026-06-10 01:19:32,32653,14101,38.8
2026-06-10 01:19:34,32655,14102,58.5
2026-06-10 01:19:36,32657,14103,32.8
2026-06-10 01:19:38,32659,14104,49.0
2026-06-10 01:19:40,32661,14105,40.7
2026-06-10 01:19:42,32663,14106,35.2
2026-06-10 01:19:44,32665,14107,45.5
2026-06-10 01:19:46,32667,14108,28.6
2026-06-10 01:19:48,32669,14109,32.5
2026-06-10 01:19:50,32671,14110,43.1
2026-06-10 01:19:52,32673,14111,29.6
2026-06-10 01:19:54,32675,14112,39.0
2026-06-10 01:19:56,32677,14113,28.4
2026-06-10 01:19:58,32679,14114,39.6
2026-06-10 01:20:00,32681,14115,26.9
2026-06-10 01:20:02,32683,14116,72.1
2026-06-10 01:20:03,32684,14117,29.9
2026-06-10 01:20:05,32686,14118,30.4
2026-06-10 01:20:07,32688,14119,33.3
2026-06-10 01:20:09,32690,14120,29.4
2026-06-10 01:20:11,32692,14121,57.8
2026-06-10 01:20:13,32694,14122,48.4
2026-06-10 01:20:15,32696,14123,22.4
2026-06-10 01:20:17,32698,14124,32.0
2026-06-10 01:20:19,32700,14125,43.8
2026-06-10 01:20:21,32702,14126,51.4
2026-06-10 01:20:23,32704,14127,38.7
2026-06-10 01:20:25,32706,14128,33.5
2026-06-10 01:20:27,32708,14129,46.2
2026-06-10 01:20:29,32710,14130,30.3
2026-06-10 01:20:31,32712,14131,28.6
2026-06-10 01:20:33,32714,14132,30.4
2026-06-10 01:20:35,32716,14133,50.2
2026-06-10 01:20:37,32718,14134,36.2
2026-06-10 01:20:39,32720,14135,36.1
2026-06-10 01:20:41,32722,14136,32.5
2026-06-10 01:20:43,32724,14137,122
2026-06-10 01:20:45,32726,14138,19.9
2026-06-10 01:20:47,32728,14139,20.3
2026-06-10 01:20:49,32730,14140,44.0
2026-06-10 01:20:51,32732,14141,25.7
2026-06-10 01:20:53,32734,14142,46.9
2026-06-10 01:20:55,32736,14143,32.3
2026-06-10 01:20:57,32738,14144,34.7
2026-06-10 01:20:59,32740,14145,36.6
2026-06-10 01:21:01,32742,14146,36.5
2026-06-10 01:21:03,32744,14147,24.5
2026-06-10 01:21:05,32746,14148,26.8
2026-06-10 01:21:07,32748,14149,27.3
2026-06-10 01:21:09,32750,14150,45.6
2026-06-10 01:21:11,32752,14151,27.1
2026-06-10 01:21:13,32754,14152,33.9
2026-06-10 01:21:15,32756,14153,37.7
2026-06-10 01:21:17,32758,14154,36.3
2026-06-10 01:21:19,32760,14155,51.9
2026-06-10 01:21:21,32762,14156,46.7
2026-06-10 01:21:24,32765,14157,39.5
2026-06-10 01:21:26,32766,14158,97.3
2026-06-10 01:21:28,32769,14159,217
2026-06-10 01:21:30,32771,14160,41.6
2026-06-10 01:21:32,32773,14161,32.4
2026-06-10 01:21:34,32775,14162,36.3
2026-06-10 01:21:36,32777,14163,27.8
2026-06-10 01:21:38,32779,14164,33.5
2026-06-10 01:21:40,32781,14165,33.4
2026-06-10 01:21:42,32783,14166,26.3
2026-06-10 01:21:44,32785,14167,40.4
2026-06-10 01:21:46,32787,14168,26.7
2026-06-10 01:21:48,32789,14169,31.0
2026-06-10 01:21:50,32791,14170,29.8
2026-06-10 01:21:52,32793,14171,49.5
2026-06-10 01:21:54,32795,14172,39.1
2026-06-10 01:21:56,32797,14173,30.2
2026-06-10 01:21:58,32799,14174,29.8
2026-06-10 01:22:00,32801,14175,45.9
2026-06-10 01:22:02,32803,14176,40.5
2026-06-10 01:22:04,32805,14177,55.0
2026-06-10 01:22:06,32807,14178,39.6
2026-06-10 01:22:08,32809,14179,61.0
2026-06-10 01:22:10,32811,14180,49.7
2026-06-10 01:22:12,32813,14181,42.2
2026-06-10 01:22:14,32815,14182,34.8
2026-06-10 01:22:16,32817,14183,30.7
2026-06-10 01:22:18,32819,14184,19.2
2026-06-10 01:22:20,32821,14185,35.4
2026-06-10 01:22:22,32823,14186,98.9
2026-06-10 01:22:24,32825,14187,35.2
2026-06-10 01:22:26,32827,14188,27.1
2026-06-10 01:22:28,32829,14189,31.6
2026-06-10 01:22:30,32831,14190,37.8
2026-06-10 01:22:32,32833,14191,42.1
2026-06-10 01:22:34,32835,14192,35.2
2026-06-10 01:22:36,32837,14193,50.5
2026-06-10 01:22:38,32839,14194,37.1
2026-06-10 01:22:40,32841,14195,26.7
2026-06-10 01:22:42,32843,14196,38.0
2026-06-10 01:22:44,32845,14197,36.2
2026-06-10 01:22:46,32847,14198,54.3
2026-06-10 01:22:48,32849,14199,28.4
2026-06-10 01:22:50,32851,14200,47.4
2026-06-10 01:22:52,32853,14201,29.3
2026-06-10 01:22:54,32855,14202,33.7
2026-06-10 01:22:56,32857,14203,42.8
2026-06-10 01:22:58,32859,14204,36.7
2026-06-10 01:23:00,32861,14205,123
2026-06-10 01:23:02,32863,14206,28.2
2026-06-10 01:23:04,32865,14207,37.2
2026-06-10 01:23:06,32867,14208,41.1
2026-06-10 01:23:08,32869,14209,30.1
2026-06-10 01:23:10,32871,14210,36.1
2026-06-10 01:23:12,32873,14211,226
2026-06-10 01:23:14,32875,14212,26.8
2026-06-10 01:23:16,32877,14213,150
2026-06-10 01:23:18,32879,14214,47.5
2026-06-10 01:23:21,32882,14215,37.0
2026-06-10 01:23:23,32884,14216,36.6
2026-06-10 01:23:25,32886,14217,107
2026-06-10 01:23:27,32888,14218,110
2026-06-10 01:23:29,32890,14219,109
2026-06-10 01:23:31,32892,14220,33.0
2026-06-10 01:23:33,32894,14221,35.8
2026-06-10 01:23:35,32896,14222,34.3
2026-06-10 01:23:37,32898,14223,45.7
2026-06-10 01:23:39,32900,14224,44.5
2026-06-10 01:23:41,32902,14225,19.1
2026-06-10 01:23:43,32904,14226,35.5
2026-06-10 01:23:46,32907,14227,54.5
2026-06-10 01:23:48,32909,14228,45.1
2026-06-10 01:23:50,32911,14229,36.9
2026-06-10 01:23:52,32913,14230,46.0
2026-06-10 01:23:54,32915,14231,45.0
2026-06-10 01:23:56,32917,14232,44.0
2026-06-10 01:23:58,32919,14233,38.2
2026-06-10 01:24:00,32921,14234,29.8
2026-06-10 01:24:02,32923,14235,44.7
2026-06-10 01:24:04,32925,14236,38.5
2026-06-10 01:24:06,32927,14237,60.1
2026-06-10 01:24:08,32929,14238,311
2026-06-10 01:24:10,32931,14239,134
2026-06-10 01:24:12,32933,14240,26.9
2026-06-10 01:24:14,32935,14241,66.5
2026-06-10 01:24:16,32937,14242,48.5
2026-06-10 01:24:18,32939,14243,47.0
2026-06-10 01:24:20,32941,14244,25.7
2026-06-10 01:24:22,32943,14245,25.6
2026-06-10 01:24:24,32945,14246,41.1
2026-06-10 01:24:25,32946,14247,33.5
2026-06-10 01:24:27,32948,14248,30.3
2026-06-10 01:24:29,32950,14249,48.9
2026-06-10 01:24:31,32952,14250,32.8
2026-06-10 01:24:33,32954,14251,30.1
2026-06-10 01:24:35,32956,14252,21.6
2026-06-10 01:24:37,32958,14253,37.2
2026-06-10 01:24:39,32960,14254,39.5
2026-06-10 01:24:41,32962,14255,36.1
2026-06-10 01:24:43,32964,14256,29.0
2026-06-10 01:24:45,32966,14257,34.4
2026-06-10 01:24:47,32968,14258,41.1
2026-06-10 01:24:49,32970,14259,37.0
2026-06-10 01:24:51,32972,14260,41.3
2026-06-10 01:24:53,32974,14261,37.6
2026-06-10 01:24:55,32976,14262,42.7
2026-06-10 01:24:57,32978,14263,44.2
2026-06-10 01:24:59,32980,14264,44.1
2026-06-10 01:25:01,32982,14265,38.6
2026-06-10 01:25:03,32983,14266,41.8
2026-06-10 01:25:04,32985,14267,37.6
2026-06-10 01:25:06,32987,14268,33.4
2026-06-10 01:25:08,32989,14269,83.5
2026-06-10 01:25:10,32991,14270,43.8
2026-06-10 01:25:12,32993,14271,62.3
2026-06-10 01:25:14,32995,14272,55.3
2026-06-10 01:25:16,32997,14273,37.9
2026-06-10 01:25:18,32999,14274,33.6
2026-06-10 01:25:20,33001,14275,37.9
2026-06-10 01:25:22,33003,14276,38.2
2026-06-10 01:25:24,33005,14277,34.5
2026-06-10 01:25:26,33007,14278,38.4
2026-06-10 01:25:28,33009,14279,34.6
2026-06-10 01:25:30,33011,14280,26.5
2026-06-10 01:25:32,33013,14281,30.6
2026-06-10 01:25:34,33015,14282,46.8
2026-06-10 01:25:36,33017,14283,37.6
2026-06-10 01:25:38,33019,14284,42.2
2026-06-10 01:25:40,33021,14285,35.8
2026-06-10 01:25:41,33022,14286,43.6
2026-06-10 01:25:43,33024,14287,39.8
2026-06-10 01:25:45,33026,14288,36.2
2026-06-10 01:25:47,33028,14289,30.1
2026-06-10 01:25:49,33030,14290,30.1
2026-06-10 01:25:51,33032,14291,38.8
2026-06-10 01:25:53,33034,14292,53.8
2026-06-10 01:25:55,33036,14293,43.1
2026-06-10 01:25:57,33038,14294,67.0
2026-06-10 01:25:59,33040,14295,50.7
2026-06-10 01:26:01,33042,14296,46.6
2026-06-10 01:26:03,33044,14297,30.3
2026-06-10 01:26:05,33046,14298,42.5
2026-06-10 01:26:07,33048,14299,60.7
2026-06-10 01:26:09,33050,14300,61.8
2026-06-10 01:26:11,33052,14301,41.5
2026-06-10 01:26:13,33054,14302,61.2
2026-06-10 01:26:15,33056,14303,35.7
2026-06-10 01:26:17,33058,14304,34.3
2026-06-10 01:26:19,33060,14305,40.7
2026-06-10 01:26:21,33062,14306,37.4
2026-06-10 01:26:23,33064,14307,35.1
2026-06-10 01:26:24,33065,14308,41.8
2026-06-10 01:26:26,33067,14309,38.2
2026-06-10 01:26:28,33069,14310,57.6
2026-06-10 01:26:30,33071,14311,52.0
2026-06-10 01:26:32,33073,14312,49.3
2026-06-10 01:26:34,33075,14313,32.0
2026-06-10 01:26:36,33077,14314,46.4
2026-06-10 01:26:38,33079,14315,36.1
2026-06-10 01:26:40,33081,14316,40.3
2026-06-10 01:26:42,33083,14317,35.5
2026-06-10 01:26:44,33085,14318,195
2026-06-10 01:26:46,33087,14319,19.3
2026-06-10 01:26:48,33089,14320,35.4
2026-06-10 01:26:50,33091,14321,29.9
2026-06-10 01:26:52,33093,14322,40.6
2026-06-10 01:26:54,33095,14323,45.8
2026-06-10 01:26:56,33097,14324,30.1
2026-06-10 01:26:58,33099,14325,33.3
2026-06-10 01:27:00,33101,14326,36.3
2026-06-10 01:27:02,33103,14327,38.2
2026-06-10 01:27:04,33105,14328,50.9
2026-06-10 01:27:05,33106,14329,48.1
2026-06-10 01:27:07,33108,14330,45.2
2026-06-10 01:27:09,33110,14331,30.5
2026-06-10 01:27:11,33112,14332,41.7
2026-06-10 01:27:13,33114,14333,31.3
2026-06-10 01:27:15,33116,14334,30.2
2026-06-10 01:27:17,33118,14335,37.5
2026-06-10 01:27:19,33120,14336,26.2
2026-06-10 01:27:21,33122,14337,34.9
2026-06-10 01:27:23,33124,14338,51.9
2026-06-10 01:27:25,33126,14339,31.8
2026-06-10 01:27:27,33128,14340,22.6
2026-06-10 01:27:29,33130,14341,59.4
2026-06-10 01:27:31,33132,14342,33.4
2026-06-10 01:27:33,33134,14343,28.2
2026-06-10 01:27:35,33136,14344,30.0
2026-06-10 01:27:37,33138,14345,50.5
2026-06-10 01:27:39,33140,14346,30.1
2026-06-10 01:27:41,33142,14347,53.6
2026-06-10 01:27:43,33144,14348,37.5
2026-06-10 01:27:45,33146,14349,138
2026-06-10 01:27:47,33148,14350,254
2026-06-10 01:27:49,33150,14351,35.8
2026-06-10 01:27:51,33152,14352,32.3
2026-06-10 01:27:53,33154,14353,31.1
2026-06-10 01:27:55,33156,14354,193
2026-06-10 01:27:57,33158,14355,32.0
2026-06-10 01:28:00,33161,14356,63.3
2026-06-10 01:28:02,33163,14357,29.3
2026-06-10 01:28:04,33165,14358,28.4
2026-06-10 01:28:06,33167,14359,41.5
2026-06-10 01:28:08,33169,14360,29.6
2026-06-10 01:28:10,33171,14361,38.6
2026-06-10 01:28:12,33173,14362,44.7
2026-06-10 01:28:14,33175,14363,50.1
2026-06-10 01:28:16,33177,14364,30.2
2026-06-10 01:28:18,33179,14365,39.4
2026-06-10 01:28:20,33181,14366,47.6
2026-06-10 01:28:22,33183,14367,26.4
2026-06-10 01:28:24,33185,14368,40.6
2026-06-10 01:28:26,33187,14369,36.2
2026-06-10 01:28:28,33189,14370,33.2
2026-06-10 01:28:30,33191,14371,30.2
2026-06-10 01:28:32,33193,14372,38.7
2026-06-10 01:28:34,33195,14373,36.3
2026-06-10 01:28:36,33197,14374,33.0
2026-06-10 01:28:38,33199,14375,51.4
2026-06-10 01:28:40,33201,14376,49.2
2026-06-10 01:28:42,33203,14377,92.5
2026-06-10 01:28:44,33205,14378,64.8
2026-06-10 01:28:46,33207,14379,35.5
2026-06-10 01:28:48,33209,14380,42.7
2026-06-10 01:28:50,33211,14381,33.5
2026-06-10 01:28:52,33213,14382,42.3
2026-06-10 01:28:54,33215,14383,28.5
2026-06-10 01:28:56,33217,14384,16.3
2026-06-10 01:28:58,33219,14385,75.3
2026-06-10 01:29:00,33221,14386,36.9
2026-06-10 01:29:02,33223,14387,40.1
2026-06-10 01:29:04,33225,14388,19.5
2026-06-10 01:29:06,33227,14389,44.6
2026-06-10 01:29:08,33229,14390,27.0
2026-06-10 01:29:10,33231,14391,31.2
2026-06-10 01:29:12,33233,14392,73.1
2026-06-10 01:29:14,33235,14393,48.2
2026-06-10 01:29:16,33237,14394,27.5
2026-06-10 01:29:18,33239,14395,46.2
2026-06-10 01:29:20,33241,14396,22.1
2026-06-10 01:29:22,33243,14397,26.2
2026-06-10 01:29:24,33245,14398,35.0
2026-06-10 01:29:26,33247,14399,44.7
2026-06-10 01:29:28,33249,14400,36.8
2026-06-10 01:29:30,33251,14401,55.4
2026-06-10 01:29:32,33253,14402,48.1
2026-06-10 01:29:34,33255,14403,23.3
2026-06-10 01:29:36,33257,14404,52.6
2026-06-10 01:29:38,33259,14405,41.4
2026-06-10 01:29:40,33261,14406,35.6
2026-06-10 01:29:42,33263,14407,40.8
2026-06-10 01:29:44,33265,14408,45.7
2026-06-10 01:29:46,33267,14409,40.1
2026-06-10 01:29:48,33269,14410,42.1
2026-06-10 01:29:50,33271,14411,45.2
2026-06-10 01:29:52,33273,14412,30.7
2026-06-10 01:29:54,33275,14413,35.7
2026-06-10 01:29:55,33276,14414,29.4
2026-06-10 01:29:57,33278,14415,29.6
2026-06-10 01:29:59,33280,14416,33.8
2026-06-10 01:30:01,33282,14417,28.3
2026-06-10 01:30:03,33284,14418,33.3
2026-06-10 01:30:05,33286,14419,99.5
2026-06-10 01:30:07,33288,14420,45.8
2026-06-10 01:30:09,33290,14421,34.3
2026-06-10 01:30:11,33292,14422,53.3
2026-06-10 01:30:13,33294,14423,45.8
2026-06-10 01:30:15,33296,14424,38.3
2026-06-10 01:30:17,33298,14425,34.3
2026-06-10 01:30:19,33300,14426,30.4
2026-06-10 01:30:21,33302,14427,27.7
2026-06-10 01:30:23,33304,14428,31.2
2026-06-10 01:30:25,33306,14429,32.9
2026-06-10 01:30:27,33308,14430,65.6
2026-06-10 01:30:29,33310,14431,46.1
2026-06-10 01:30:31,33312,14432,29.3
2026-06-10 01:30:33,33314,14433,67.1
2026-06-10 01:30:35,33316,14434,147
2026-06-10 01:30:37,33318,14435,55.6
2026-06-10 01:30:39,33320,14436,29.8
2026-06-10 01:30:41,33322,14437,376
2026-06-10 01:30:43,33324,14438,152
2026-06-10 01:30:45,33326,14439,44.9
2026-06-10 01:30:47,33328,14440,96.1
2026-06-10 01:30:49,33330,14441,29.5
2026-06-10 01:30:52,33333,14442,48.3
2026-06-10 01:30:54,33335,14443,169
2026-06-10 01:30:56,33337,14444,224
2026-06-10 01:30:58,33339,14445,33.2
2026-06-10 01:31:00,33341,14446,27.8
2026-06-10 01:31:02,33343,14447,37.8
2026-06-10 01:31:04,33345,14448,30.7
2026-06-10 01:31:06,33347,14449,29.6
2026-06-10 01:31:08,33349,14450,29.7
2026-06-10 01:31:10,33351,14451,48.0
2026-06-10 01:31:12,33353,14452,43.6
2026-06-10 01:31:14,33355,14453,40.1
2026-06-10 01:31:16,33357,14454,136
2026-06-10 01:31:18,33359,14455,32.1
2026-06-10 01:31:20,33361,14456,38.8
2026-06-10 01:31:22,33363,14457,29.9
2026-06-10 01:31:24,33365,14458,41.3
2026-06-10 01:31:26,33367,14459,43.0
2026-06-10 01:31:28,33369,14460,210
2026-06-10 01:31:30,33371,14461,42.1
2026-06-10 01:31:32,33373,14462,172
2026-06-10 01:31:34,33375,14463,46.1
2026-06-10 01:31:36,33377,14464,33.2
2026-06-10 01:31:38,33379,14465,30.8
2026-06-10 01:31:40,33381,14466,39.6
2026-06-10 01:31:42,33383,14467,28.6
2026-06-10 01:31:44,33385,14468,30.9
2026-06-10 01:31:46,33387,14469,36.7
2026-06-10 01:31:48,33389,14470,33.6
2026-06-10 01:31:50,33391,14471,35.8
2026-06-10 01:31:52,33393,14472,31.4
2026-06-10 01:31:54,33395,14473,50.9
2026-06-10 01:31:56,33397,14474,37.5
2026-06-10 01:31:58,33399,14475,51.6
2026-06-10 01:32:00,33401,14476,64.3
2026-06-10 01:32:02,33403,14477,52.3
2026-06-10 01:32:04,33405,14478,38.1
2026-06-10 01:32:06,33407,14479,50.7
2026-06-10 01:32:08,33409,14480,NA
2026-06-10 01:32:10,33411,14481,32.4
2026-06-10 01:32:12,33413,14482,29.1
2026-06-10 01:32:14,33415,14483,45.5
2026-06-10 01:32:17,33418,14484,29.3
2026-06-10 01:32:19,33420,14485,39.6
2026-06-10 01:32:21,33422,14486,21.5
2026-06-10 01:32:23,33424,14487,25.7
2026-06-10 01:32:25,33426,14488,31.7
2026-06-10 01:32:27,33428,14489,53.1
2026-06-10 01:32:29,33430,14490,53.1
2026-06-10 01:32:31,33432,14491,29.1
2026-06-10 01:32:33,33434,14492,42.3
2026-06-10 01:32:35,33436,14493,37.2
2026-06-10 01:32:37,33438,14494,31.5
2026-06-10 01:32:39,33440,14495,35.8
2026-06-10 01:32:41,33442,14496,36.0
2026-06-10 01:32:43,33444,14497,39.3
2026-06-10 01:32:45,33446,14498,39.0
2026-06-10 01:32:47,33448,14499,32.1
2026-06-10 01:32:49,33450,14500,16.8
2026-06-10 01:32:52,33453,14501,32.2
2026-06-10 01:32:54,33455,14502,48.4
2026-06-10 01:32:56,33457,14503,31.2
2026-06-10 01:32:58,33459,14504,33.8
2026-06-10 01:33:00,33461,14505,32.8
2026-06-10 01:33:02,33463,14506,28.7
2026-06-10 01:33:04,33465,14507,34.5
2026-06-10 01:33:06,33467,14508,46.9
2026-06-10 01:33:08,33469,14509,36.0
2026-06-10 01:33:10,33471,14510,30.6
2026-06-10 01:33:12,33473,14511,32.1
2026-06-10 01:33:14,33475,14512,23.3
2026-06-10 01:33:16,33477,14513,226
2026-06-10 01:33:18,33479,14514,39.3
2026-06-10 01:33:20,33481,14515,103
2026-06-10 01:33:22,33483,14516,35.5
2026-06-10 01:33:24,33485,14517,30.6
2026-06-10 01:33:26,33487,14518,24.6
2026-06-10 01:33:28,33489,14519,65.2
2026-06-10 01:33:30,33491,14520,44.5
2026-06-10 01:33:33,33494,14521,23.0
2026-06-10 01:33:35,33496,14522,29.4
2026-06-10 01:33:37,33498,14523,45.1
2026-06-10 01:33:39,33500,14524,42.2
2026-06-10 01:33:41,33502,14525,45.0
2026-06-10 01:33:43,33504,14526,25.4
2026-06-10 01:33:45,33506,14527,37.4
2026-06-10 01:33:47,33508,14528,42.9
2026-06-10 01:33:49,33510,14529,25.4
2026-06-10 01:33:51,33512,14530,33.2
2026-06-10 01:33:53,33514,14531,25.9
2026-06-10 01:33:55,33516,14532,30.9
2026-06-10 01:33:57,33518,14533,40.3
2026-06-10 01:33:59,33520,14534,36.0
2026-06-10 01:34:01,33522,14535,39.4
2026-06-10 01:34:03,33524,14536,25.4
2026-06-10 01:34:05,33526,14537,33.5
2026-06-10 01:34:07,33528,14538,31.6
2026-06-10 01:34:09,33530,14539,48.4
2026-06-10 01:34:11,33532,14540,48.0
2026-06-10 01:34:13,33534,14541,27.3
2026-06-10 01:34:15,33536,14542,33.8
2026-06-10 01:34:17,33538,14543,29.6
2026-06-10 01:34:19,33540,14544,29.6
2026-06-10 01:34:21,33542,14545,48.6
2026-06-10 01:34:23,33544,14546,31.1
2026-06-10 01:34:25,33546,14547,25.0
2026-06-10 01:34:27,33548,14548,32.7
2026-06-10 01:34:29,33550,14549,121
2026-06-10 01:34:32,33553,14550,144
2026-06-10 01:34:34,33555,14551,96.9
2026-06-10 01:34:36,33557,14552,33.7
2026-06-10 01:34:38,33559,14553,52.3
2026-06-10 01:34:40,33561,14554,29.6
2026-06-10 01:34:42,33563,14555,35.3
2026-06-10 01:34:44,33565,14556,45.0
2026-06-10 01:34:46,33567,14557,24.8
2026-06-10 01:34:48,33569,14558,27.6
2026-06-10 01:34:50,33571,14559,49.2
2026-06-10 01:34:52,33573,14560,32.8
2026-06-10 01:34:54,33575,14561,25.9
2026-06-10 01:34:56,33577,14562,29.9
2026-06-10 01:34:58,33579,14563,34.0
2026-06-10 01:35:00,33581,14564,26.9
2026-06-10 01:35:02,33583,14565,39.7
2026-06-10 01:35:04,33585,14566,38.6
2026-06-10 01:35:06,33587,14567,114
2026-06-10 01:35:08,33589,14568,75.8
2026-06-10 01:35:10,33591,14569,32.8
2026-06-10 01:35:12,33593,14570,141
2026-06-10 01:35:14,33595,14571,166
2026-06-10 01:35:16,33597,14572,107
2026-06-10 01:35:19,33600,14573,34.7
2026-06-10 01:35:21,33602,14574,213
2026-06-10 01:35:23,33604,14575,41.6
2026-06-10 01:35:25,33606,14576,24.0
2026-06-10 01:35:27,33608,14577,35.0
2026-06-10 01:35:29,33610,14578,19.2
2026-06-10 01:35:31,33612,14579,33.4
2026-06-10 01:35:33,33614,14580,28.7
2026-06-10 01:35:35,33616,14581,26.9
2026-06-10 01:35:38,33619,14582,37.7
2026-06-10 01:35:40,33621,14583,32.1
2026-06-10 01:35:42,33623,14584,37.5
2026-06-10 01:35:44,33625,14585,27.4
2026-06-10 01:35:46,33627,14586,43.8
2026-06-10 01:35:48,33629,14587,30.1
2026-06-10 01:35:50,33631,14588,37.5
2026-06-10 01:35:52,33633,14589,41.6
2026-06-10 01:35:54,33635,14590,34.7
2026-06-10 01:35:56,33637,14591,33.0
2026-06-10 01:35:58,33639,14592,42.7
2026-06-10 01:36:00,33641,14593,39.7
2026-06-10 01:36:02,33643,14594,93.9
2026-06-10 01:36:04,33645,14595,29.2
2026-06-10 01:36:06,33647,14596,36.3
2026-06-10 01:36:09,33650,14597,41.1
2026-06-10 01:36:11,33652,14598,44.7
2026-06-10 01:36:13,33654,14599,18.9
2026-06-10 01:36:15,33656,14600,39.7
2026-06-10 01:36:17,33658,14601,38.4
2026-06-10 01:36:19,33660,14602,50.0
2026-06-10 01:36:21,33662,14603,27.6
2026-06-10 01:36:23,33664,14604,40.8
2026-06-10 01:36:25,33666,14605,31.5
2026-06-10 01:36:27,33668,14606,52.1
2026-06-10 01:36:29,33670,14607,76.1
2026-06-10 01:36:31,33672,14608,40.6
2026-06-10 01:36:33,33674,14609,185
2026-06-10 01:36:35,33676,14610,38.4
2026-06-10 01:36:38,33679,14611,378
2026-06-10 01:36:40,33681,14612,188
2026-06-10 01:36:42,33683,14613,37.3
2026-06-10 01:36:44,33685,14614,39.7
2026-06-10 01:36:46,33687,14615,38.3
2026-06-10 01:36:48,33689,14616,31.3
2026-06-10 01:36:50,33691,14617,30.6
2026-06-10 01:36:52,33693,14618,43.8
2026-06-10 01:36:54,33695,14619,38.9
2026-06-10 01:36:56,33697,14620,37.7
2026-06-10 01:36:58,33699,14621,61.3
2026-06-10 01:37:00,33701,14622,36.2
2026-06-10 01:37:02,33703,14623,38.1
2026-06-10 01:37:04,33705,14624,39.9
2026-06-10 01:37:06,33707,14625,28.6
2026-06-10 01:37:08,33709,14626,43.2
2026-06-10 01:37:10,33711,14627,30.4
2026-06-10 01:37:12,33713,14628,41.0
2026-06-10 01:37:14,33715,14629,40.1
2026-06-10 01:37:16,33717,14630,54.2
2026-06-10 01:37:18,33719,14631,40.4
2026-06-10 01:37:20,33721,14632,63.5
2026-06-10 01:37:22,33723,14633,39.6
2026-06-10 01:37:24,33725,14634,146
2026-06-10 01:37:26,33727,14635,32.3
2026-06-10 01:37:28,33729,14636,194
2026-06-10 01:37:30,33731,14637,196
2026-06-10 01:37:32,33733,14638,52.7
2026-06-10 01:37:34,33735,14639,24.2
2026-06-10 01:37:36,33737,14640,124
2026-06-10 01:37:38,33739,14641,38.1
2026-06-10 01:37:40,33741,14642,45.0
2026-06-10 01:37:42,33743,14643,32.3
2026-06-10 01:37:44,33745,14644,132
2026-06-10 01:37:47,33748,14645,209
2026-06-10 01:37:49,33750,14646,41.6
2026-06-10 01:37:51,33752,14647,101
2026-06-10 01:37:53,33754,14648,38.7
2026-06-10 01:37:55,33756,14649,34.7
2026-06-10 01:37:57,33758,14650,32.3
2026-06-10 01:37:59,33760,14651,39.3
2026-06-10 01:38:01,33762,14652,41.5
2026-06-10 01:38:03,33764,14653,36.8
2026-06-10 01:38:05,33766,14654,34.5
2026-06-10 01:38:07,33768,14655,48.3
2026-06-10 01:38:09,33770,14656,41.4
2026-06-10 01:38:11,33772,14657,41.5
2026-06-10 01:38:14,33775,14658,27.5
2026-06-10 01:38:16,33777,14659,36.9
2026-06-10 01:38:18,33779,14660,33.2
2026-06-10 01:38:20,33781,14661,59.6
2026-06-10 01:38:22,33783,14662,45.7
2026-06-10 01:38:24,33785,14663,27.5
2026-06-10 01:38:26,33787,14664,37.4
2026-06-10 01:38:28,33789,14665,32.9
2026-06-10 01:38:30,33791,14666,43.7
2026-06-10 01:38:32,33793,14667,32.3
2026-06-10 01:38:34,33795,14668,28.9
2026-06-10 01:38:36,33797,14669,40.3
2026-06-10 01:38:38,33799,14670,43.9
2026-06-10 01:38:40,33801,14671,27.2
2026-06-10 01:38:42,33803,14672,45.0
2026-06-10 01:38:44,33805,14673,41.1
2026-06-10 01:38:46,33807,14674,25.9
2026-06-10 01:38:48,33809,14675,56.5
2026-06-10 01:38:50,33811,14676,41.5
2026-06-10 01:38:52,33813,14677,47.3
2026-06-10 01:38:54,33815,14678,79.7
2026-06-10 01:38:56,33817,14679,39.7
2026-06-10 01:38:58,33819,14680,39.6
2026-06-10 01:39:00,33821,14681,62.3
2026-06-10 01:39:02,33823,14682,70.6
2026-06-10 01:39:04,33825,14683,59.5
2026-06-10 01:39:06,33827,14684,28.8
2026-06-10 01:39:08,33829,14685,35.1
2026-06-10 01:39:10,33831,14686,44.6
2026-06-10 01:39:12,33833,14687,44.6
2026-06-10 01:39:14,33835,14688,127
2026-06-10 01:39:16,33837,14689,58.8
2026-06-10 01:39:17,33838,14690,33.5
2026-06-10 01:39:19,33840,14691,59.0
2026-06-10 01:39:22,33843,14692,53.0
2026-06-10 01:39:24,33845,14693,37.2
2026-06-10 01:39:26,33847,14694,47.2
2026-06-10 01:39:28,33849,14695,34.3
2026-06-10 01:39:30,33851,14696,192
2026-06-10 01:39:32,33853,14697,53.2
2026-06-10 01:39:34,33855,14698,21.3
2026-06-10 01:39:36,33857,14699,45.2
2026-06-10 01:39:38,33859,14700,24.8
2026-06-10 01:39:40,33861,14701,30.2
2026-06-10 01:39:42,33863,14702,35.6
2026-06-10 01:39:45,33866,14703,32.6
2026-06-10 01:39:47,33868,14704,52.1
2026-06-10 01:39:49,33870,14705,27.2
2026-06-10 01:39:51,33872,14706,28.4
2026-06-10 01:39:53,33874,14707,28.9
2026-06-10 01:39:55,33876,14708,37.8
2026-06-10 01:39:57,33878,14709,26.7
2026-06-10 01:39:59,33880,14710,41.8
2026-06-10 01:40:01,33882,14711,56.0
2026-06-10 01:40:03,33884,14712,32.5
2026-06-10 01:40:05,33886,14713,32.7
2026-06-10 01:40:07,33888,14714,40.1
2026-06-10 01:40:09,33890,14715,26.0
2026-06-10 01:40:11,33892,14716,30.1
2026-06-10 01:40:13,33894,14717,61.4
2026-06-10 01:40:15,33896,14718,39.9
2026-06-10 01:40:17,33898,14719,177
2026-06-10 01:40:19,33900,14720,82.9
2026-06-10 01:40:21,33902,14721,31.9
2026-06-10 01:40:23,33904,14722,41.2
2026-06-10 01:40:25,33906,14723,48.3
2026-06-10 01:40:27,33908,14724,41.4
2026-06-10 01:40:29,33910,14725,71.3
2026-06-10 01:40:31,33912,14726,35.2
2026-06-10 01:40:33,33914,14727,50.1
2026-06-10 01:40:35,33916,14728,35.3
2026-06-10 01:40:38,33919,14729,46.1
2026-06-10 01:40:39,33920,14730,44.8
2026-06-10 01:40:41,33922,14731,38.5
2026-06-10 01:40:43,33924,14732,26.6
2026-06-10 01:40:45,33926,14733,42.7
2026-06-10 01:40:47,33928,14734,40.1
2026-06-10 01:40:49,33930,14735,142
2026-06-10 01:40:51,33932,14736,43.5
2026-06-10 01:40:53,33934,14737,58.3
2026-06-10 01:40:55,33936,14738,38.9
2026-06-10 01:40:57,33938,14739,41.7
2026-06-10 01:40:59,33940,14740,21.5
2026-06-10 01:41:01,33942,14741,35.6
2026-06-10 01:41:04,33945,14742,38.1
2026-06-10 01:41:06,33947,14743,63.1
2026-06-10 01:41:08,33949,14744,35.3
2026-06-10 01:41:10,33951,14745,27.1
2026-06-10 01:41:12,33953,14746,40.0
2026-06-10 01:41:14,33955,14747,46.6
2026-06-10 01:41:16,33957,14748,31.0
2026-06-10 01:41:18,33959,14749,33.7
2026-06-10 01:41:20,33961,14750,34.6
2026-06-10 01:41:22,33963,14751,21.6
2026-06-10 01:41:24,33965,14752,44.5
2026-06-10 01:41:26,33967,14753,35.4
2026-06-10 01:41:28,33969,14754,18.1
2026-06-10 01:41:30,33971,14755,61.6
2026-06-10 01:41:32,33973,14756,32.1
2026-06-10 01:41:34,33975,14757,45.4
2026-06-10 01:41:36,33977,14758,43.5
2026-06-10 01:41:38,33979,14759,26.5
2026-06-10 01:41:40,33981,14760,28.5
2026-06-10 01:41:42,33983,14761,38.7
2026-06-10 01:41:44,33985,14762,46.3
2026-06-10 01:41:46,33987,14763,34.8
2026-06-10 01:41:48,33989,14764,29.6
2026-06-10 01:41:50,33991,14765,37.9
2026-06-10 01:41:52,33993,14766,64.6
2026-06-10 01:41:54,33995,14767,42.1
2026-06-10 01:41:56,33997,14768,57.5
2026-06-10 01:41:58,33999,14769,46.1
2026-06-10 01:41:59,34000,14770,30.4
2026-06-10 01:42:02,34003,14771,43.7
2026-06-10 01:42:04,34005,14772,46.7
2026-06-10 01:42:06,34007,14773,53.8
2026-06-10 01:42:08,34009,14774,115
2026-06-10 01:42:09,34010,14775,53.1
2026-06-10 01:42:11,34012,14776,35.7
2026-06-10 01:42:13,34014,14777,33.9
2026-06-10 01:42:15,34016,14778,42.2
2026-06-10 01:42:17,34018,14779,42.0
2026-06-10 01:42:19,34020,14780,48.8
2026-06-10 01:42:21,34022,14781,52.9
2026-06-10 01:42:23,34024,14782,32.5
2026-06-10 01:42:25,34026,14783,46.6
2026-06-10 01:42:27,34028,14784,32.4
2026-06-10 01:42:29,34030,14785,51.3
2026-06-10 01:42:31,34032,14786,35.8
2026-06-10 01:42:33,34034,14787,37.9
2026-06-10 01:42:35,34036,14788,54.0
2026-06-10 01:42:37,34038,14789,49.0
2026-06-10 01:42:39,34040,14790,33.6
2026-06-10 01:42:41,34042,14791,37.7
2026-06-10 01:42:43,34044,14792,63.0
2026-06-10 01:42:45,34046,14793,36.9
2026-06-10 01:42:47,34048,14794,38.7
2026-06-10 01:42:48,34049,14795,32.1
2026-06-10 01:42:50,34051,14796,39.6
2026-06-10 01:42:52,34053,14797,46.1
2026-06-10 01:42:54,34055,14798,30.5
2026-06-10 01:42:56,34057,14799,29.4
2026-06-10 01:42:58,34059,14800,36.1
2026-06-10 01:43:00,34061,14801,39.2
2026-06-10 01:43:02,34063,14802,53.6
2026-06-10 01:43:04,34065,14803,40.1
2026-06-10 01:43:06,34067,14804,56.8
2026-06-10 01:43:08,34069,14805,43.1
2026-06-10 01:43:10,34071,14806,69.2
2026-06-10 01:43:12,34073,14807,47.8
2026-06-10 01:43:14,34075,14808,33.3
2026-06-10 01:43:16,34077,14809,21.8
2026-06-10 01:43:18,34079,14810,49.8
2026-06-10 01:43:20,34081,14811,31.8
2026-06-10 01:43:22,34083,14812,47.0
2026-06-10 01:43:23,34084,14813,44.0
2026-06-10 01:43:25,34086,14814,33.7
2026-06-10 01:43:27,34088,14815,56.2
2026-06-10 01:43:29,34090,14816,40.0
2026-06-10 01:43:31,34092,14817,23.9
2026-06-10 01:43:33,34094,14818,39.5
2026-06-10 01:43:35,34096,14819,154
2026-06-10 01:43:37,34098,14820,37.1
2026-06-10 01:43:39,34100,14821,43.6
2026-06-10 01:43:41,34102,14822,45.5
2026-06-10 01:43:43,34104,14823,39.6
2026-06-10 01:43:45,34106,14824,30.2
2026-06-10 01:43:47,34108,14825,20.0
2026-06-10 01:43:49,34110,14826,41.2
2026-06-10 01:43:51,34112,14827,54.4
2026-06-10 01:43:53,34114,14828,32.9
2026-06-10 01:43:55,34116,14829,39.6
2026-06-10 01:43:57,34118,14830,27.8
2026-06-10 01:43:59,34120,14831,32.0
2026-06-10 01:44:01,34122,14832,38.9
2026-06-10 01:44:02,34123,14833,41.1
2026-06-10 01:44:04,34125,14834,37.7
2026-06-10 01:44:06,34127,14835,38.3
2026-06-10 01:44:08,34129,14836,32.7
2026-06-10 01:44:10,34131,14837,25.8
2026-06-10 01:44:12,34133,14838,29.0
2026-06-10 01:44:14,34135,14839,37.3
2026-06-10 01:44:16,34137,14840,142
2026-06-10 01:44:18,34139,14841,37.2
2026-06-10 01:44:20,34141,14842,78.1
2026-06-10 01:44:23,34144,14843,232
2026-06-10 01:44:25,34146,14844,98.5
2026-06-10 01:44:27,34148,14845,258
2026-06-10 01:44:29,34150,14846,268
2026-06-10 01:44:31,34152,14847,18.1
2026-06-10 01:44:33,34154,14848,33.6
2026-06-10 01:44:35,34156,14849,30.0
2026-06-10 01:44:37,34158,14850,30.2
2026-06-10 01:44:40,34161,14851,16.6
2026-06-10 01:44:42,34163,14852,26.7
2026-06-10 01:44:44,34165,14853,44.3
2026-06-10 01:44:46,34167,14854,50.4
2026-06-10 01:44:48,34169,14855,34.3
2026-06-10 01:44:50,34171,14856,41.6
2026-06-10 01:44:52,34173,14857,36.5
2026-06-10 01:44:54,34175,14858,48.7
2026-06-10 01:44:56,34177,14859,32.2
2026-06-10 01:44:58,34179,14860,25.3
2026-06-10 01:45:00,34181,14861,60.6
2026-06-10 01:45:02,34183,14862,39.5
2026-06-10 01:45:04,34185,14863,24.3
2026-06-10 01:45:06,34187,14864,53.8
2026-06-10 01:45:08,34189,14865,29.3
2026-06-10 01:45:10,34191,14866,16.9
2026-06-10 01:45:12,34193,14867,49.8
2026-06-10 01:45:14,34195,14868,21.9
2026-06-10 01:45:16,34197,14869,72.8
2026-06-10 01:45:18,34199,14870,40.7
2026-06-10 01:45:20,34201,14871,65.2
2026-06-10 01:45:22,34203,14872,47.7
2026-06-10 01:45:24,34205,14873,30.3
2026-06-10 01:45:26,34207,14874,44.9
2026-06-10 01:45:28,34209,14875,40.8
2026-06-10 01:45:30,34211,14876,38.5
2026-06-10 01:45:32,34213,14877,24.6
2026-06-10 01:45:34,34215,14878,35.3
2026-06-10 01:45:36,34217,14879,44.1
2026-06-10 01:45:38,34219,14880,39.9
2026-06-10 01:45:40,34221,14881,27.7
2026-06-10 01:45:42,34223,14882,49.3
2026-06-10 01:45:44,34225,14883,21.3
2026-06-10 01:45:46,34227,14884,24.6
2026-06-10 01:45:48,34229,14885,46.0
2026-06-10 01:45:50,34231,14886,37.9
2026-06-10 01:45:52,34233,14887,42.3
2026-06-10 01:45:54,34235,14888,44.4
2026-06-10 01:45:56,34237,14889,44.1
2026-06-10 01:45:57,34238,14890,33.3
2026-06-10 01:45:59,34240,14891,67.5
2026-06-10 01:46:01,34242,14892,34.4
2026-06-10 01:46:03,34244,14893,36.0
2026-06-10 01:46:05,34246,14894,26.7
2026-06-10 01:46:07,34248,14895,40.3
2026-06-10 01:46:09,34250,14896,27.2
2026-06-10 01:46:11,34252,14897,30.9
2026-06-10 01:46:13,34254,14898,16.4
2026-06-10 01:46:15,34256,14899,44.9
2026-06-10 01:46:17,34258,14900,35.4
2026-06-10 01:46:19,34260,14901,33.9
2026-06-10 01:46:21,34262,14902,55.3
2026-06-10 01:46:23,34264,14903,25.5
2026-06-10 01:46:25,34266,14904,42.8
2026-06-10 01:46:27,34268,14905,38.2
2026-06-10 01:46:29,34270,14906,32.5
2026-06-10 01:46:31,34272,14907,27.3
2026-06-10 01:46:33,34274,14908,34.1
2026-06-10 01:46:35,34276,14909,39.4
2026-06-10 01:46:37,34278,14910,39.6
2026-06-10 01:46:39,34280,14911,38.2
2026-06-10 01:46:41,34282,14912,29.0
2026-06-10 01:46:42,34283,14913,39.1
2026-06-10 01:46:44,34285,14914,35.8
2026-06-10 01:46:46,34287,14915,43.3
2026-06-10 01:46:48,34289,14916,22.7
2026-06-10 01:46:50,34291,14917,28.7
2026-06-10 01:46:52,34293,14918,48.8
2026-06-10 01:46:54,34295,14919,44.2
2026-06-10 01:46:56,34297,14920,34.0
2026-06-10 01:46:58,34299,14921,45.5
2026-06-10 01:47:00,34301,14922,35.5
2026-06-10 01:47:02,34303,14923,43.6
2026-06-10 01:47:04,34305,14924,33.5
2026-06-10 01:47:06,34307,14925,29.9
2026-06-10 01:47:08,34309,14926,45.4
2026-06-10 01:47:10,34311,14927,35.7
2026-06-10 01:47:12,34313,14928,27.9
2026-06-10 01:47:14,34315,14929,33.9
2026-06-10 01:47:16,34317,14930,40.8
2026-06-10 01:47:18,34319,14931,30.2
2026-06-10 01:47:20,34321,14932,36.3
2026-06-10 01:47:22,34323,14933,30.2
2026-06-10 01:47:24,34325,14934,23.4
2026-06-10 01:47:25,34326,14935,44.1
2026-06-10 01:47:27,34328,14936,35.7
2026-06-10 01:47:29,34330,14937,46.3
2026-06-10 01:47:31,34332,14938,30.5
2026-06-10 01:47:33,34334,14939,23.4
2026-06-10 01:47:35,34336,14940,36.9
2026-06-10 01:47:37,34338,14941,31.5
2026-06-10 01:47:39,34340,14942,33.7
2026-06-10 01:47:41,34342,14943,37.2
2026-06-10 01:47:43,34344,14944,91.2
2026-06-10 01:47:45,34346,14945,52.9
2026-06-10 01:47:47,34348,14946,30.3
2026-06-10 01:47:49,34350,14947,26.7
2026-06-10 01:47:51,34352,14948,36.9
2026-06-10 01:47:53,34354,14949,27.6
2026-06-10 01:47:55,34356,14950,35.5
2026-06-10 01:47:57,34358,14951,36.5
2026-06-10 01:47:59,34360,14952,46.9
2026-06-10 01:48:01,34362,14953,25.0
2026-06-10 01:48:03,34364,14954,57.2
2026-06-10 01:48:05,34366,14955,194
2026-06-10 01:48:08,34369,14956,31.4
2026-06-10 01:48:10,34371,14957,22.6
2026-06-10 01:48:12,34373,14958,31.2
2026-06-10 01:48:14,34375,14959,31.2
2026-06-10 01:48:16,34377,14960,33.4
2026-06-10 01:48:18,34379,14961,25.8
2026-06-10 01:48:20,34381,14962,35.1
2026-06-10 01:48:22,34383,14963,49.7
2026-06-10 01:48:24,34385,14964,30.1
2026-06-10 01:48:26,34387,14965,43.7
2026-06-10 01:48:28,34389,14966,35.8
2026-06-10 01:48:30,34391,14967,29.7
2026-06-10 01:48:32,34393,14968,28.8
2026-06-10 01:48:34,34395,14969,35.2
2026-06-10 01:48:36,34397,14970,45.9
2026-06-10 01:48:38,34399,14971,97.5
2026-06-10 01:48:40,34401,14972,24.2
2026-06-10 01:48:42,34403,14973,35.4
2026-06-10 01:48:44,34405,14974,34.7
2026-06-10 01:48:46,34407,14975,32.8
2026-06-10 01:48:48,34409,14976,37.5
2026-06-10 01:48:50,34411,14977,33.1
2026-06-10 01:48:52,34413,14978,44.7
2026-06-10 01:48:54,34415,14979,36.0
2026-06-10 01:48:56,34417,14980,48.8
2026-06-10 01:48:58,34419,14981,44.4
2026-06-10 01:49:01,34422,14982,29.1
2026-06-10 01:49:03,34424,14983,38.6
2026-06-10 01:49:05,34426,14984,43.9
2026-06-10 01:49:07,34428,14985,40.1
2026-06-10 01:49:09,34430,14986,248
2026-06-10 01:49:11,34432,14987,45.3
2026-06-10 01:49:13,34434,14988,28.1
2026-06-10 01:49:15,34436,14989,29.8
2026-06-10 01:49:17,34438,14990,42.8
2026-06-10 01:49:19,34440,14991,24.9
2026-06-10 01:49:21,34442,14992,27.3
2026-06-10 01:49:22,34443,14993,44.7
2026-06-10 01:49:24,34445,14994,37.6
2026-06-10 01:49:26,34447,14995,44.5
2026-06-10 01:49:28,34449,14996,33.1
2026-06-10 01:49:30,34451,14997,34.1
2026-06-10 01:49:32,34453,14998,29.5
2026-06-10 01:49:34,34455,14999,30.7
2026-06-10 01:49:36,34457,15000,27.1
2026-06-10 01:49:38,34459,15001,31.4
2026-06-10 01:49:40,34461,15002,29.2
2026-06-10 01:49:42,34463,15003,40.6
2026-06-10 01:49:44,34465,15004,29.5
2026-06-10 01:49:46,34467,15005,34.5
2026-06-10 01:49:48,34469,15006,33.3
2026-06-10 01:49:50,34471,15007,46.1
2026-06-10 01:49:52,34473,15008,35.3
2026-06-10 01:49:54,34475,15009,42.8
2026-06-10 01:49:56,34477,15010,44.9
2026-06-10 01:49:58,34479,15011,35.3
2026-06-10 01:50:00,34481,15012,46.9
2026-06-10 01:50:02,34483,15013,37.6
2026-06-10 01:50:04,34485,15014,33.0
2026-06-10 01:50:06,34487,15015,47.4
2026-06-10 01:50:08,34489,15016,32.1
2026-06-10 01:50:10,34491,15017,30.9
2026-06-10 01:50:11,34492,15018,41.2
2026-06-10 01:50:13,34494,15019,42.6
2026-06-10 01:50:15,34496,15020,37.8
2026-06-10 01:50:17,34498,15021,40.0
2026-06-10 01:50:19,34500,15022,32.3
2026-06-10 01:50:21,34502,15023,31.1
2026-06-10 01:50:23,34504,15024,29.5
2026-06-10 01:50:25,34506,15025,40.4
2026-06-10 01:50:27,34508,15026,45.7
2026-06-10 01:50:29,34510,15027,31.3
2026-06-10 01:50:31,34512,15028,34.2
2026-06-10 01:50:33,34514,15029,37.5
2026-06-10 01:50:35,34516,15030,31.4
2026-06-10 01:50:37,34518,15031,42.1
2026-06-10 01:50:39,34520,15032,53.6
2026-06-10 01:50:41,34522,15033,31.9
2026-06-10 01:50:43,34524,15034,22.3
2026-06-10 01:50:45,34526,15035,37.1
2026-06-10 01:50:47,34528,15036,48.6
2026-06-10 01:50:49,34530,15037,32.6
2026-06-10 01:50:51,34532,15038,54.3
2026-06-10 01:50:53,34534,15039,38.3
2026-06-10 01:50:55,34536,15040,42.8
2026-06-10 01:50:57,34538,15041,38.5
2026-06-10 01:50:58,34539,15042,26.9
2026-06-10 01:51:00,34541,15043,34.6
2026-06-10 01:51:02,34543,15044,27.6
2026-06-10 01:51:04,34545,15045,26.0
2026-06-10 01:51:06,34547,15046,30.2
2026-06-10 01:51:08,34549,15047,28.1
2026-06-10 01:51:10,34551,15048,51.2
2026-06-10 01:51:12,34553,15049,34.6
2026-06-10 01:51:14,34555,15050,27.5
2026-06-10 01:51:16,34557,15051,13.2
2026-06-10 01:51:18,34559,15052,32.7
2026-06-10 01:51:20,34561,15053,33.5
2026-06-10 01:51:22,34563,15054,26.1
2026-06-10 01:51:24,34565,15055,42.6
2026-06-10 01:51:26,34567,15056,28.5
2026-06-10 01:51:28,34569,15057,16.0
2026-06-10 01:51:30,34571,15058,32.1
2026-06-10 01:51:32,34573,15059,28.4
2026-06-10 01:51:34,34575,15060,41.5
2026-06-10 01:51:36,34577,15061,39.7
2026-06-10 01:51:38,34579,15062,31.3
2026-06-10 01:51:39,34580,15063,33.2
2026-06-10 01:51:41,34582,15064,38.4
2026-06-10 01:51:43,34584,15065,50.6
2026-06-10 01:51:45,34586,15066,30.6
2026-06-10 01:51:47,34588,15067,58.8
2026-06-10 01:51:49,34590,15068,26.3
2026-06-10 01:51:51,34592,15069,38.2
2026-06-10 01:51:53,34594,15070,47.5
2026-06-10 01:51:55,34596,15071,30.6
2026-06-10 01:51:57,34598,15072,137
2026-06-10 01:51:59,34600,15073,33.5
2026-06-10 01:52:01,34602,15074,51.6
2026-06-10 01:52:03,34604,15075,62.3
2026-06-10 01:52:05,34606,15076,45.6
2026-06-10 01:52:07,34608,15077,30.4
2026-06-10 01:52:09,34610,15078,34.4
2026-06-10 01:52:11,34612,15079,43.0
2026-06-10 01:52:13,34614,15080,29.6
2026-06-10 01:52:15,34616,15081,44.0
2026-06-10 01:52:17,34618,15082,38.2
2026-06-10 01:52:19,34620,15083,47.1
2026-06-10 01:52:21,34622,15084,46.0
2026-06-10 01:52:22,34623,15085,30.8
2026-06-10 01:52:25,34625,15086,27.0
2026-06-10 01:52:27,34628,15087,16.0
2026-06-10 01:52:29,34630,15088,33.8
2026-06-10 01:52:31,34632,15089,16.3
2026-06-10 01:52:33,34634,15090,19.3
2026-06-10 01:52:35,34636,15091,33.6
2026-06-10 01:52:37,34638,15092,28.1
2026-06-10 01:52:39,34640,15093,26.5
2026-06-10 01:52:41,34642,15094,41.1
2026-06-10 01:52:43,34644,15095,31.3
2026-06-10 01:52:45,34646,15096,26.2
2026-06-10 01:52:47,34648,15097,19.4
2026-06-10 01:52:49,34650,15098,31.4
2026-06-10 01:52:51,34652,15099,32.7
2026-06-10 01:52:53,34654,15100,37.7
2026-06-10 01:52:55,34656,15101,48.9
2026-06-10 01:52:57,34658,15102,35.3
2026-06-10 01:52:59,34660,15103,31.4
2026-06-10 01:53:01,34662,15104,47.7
2026-06-10 01:53:03,34664,15105,91.9
2026-06-10 01:53:05,34666,15106,41.0
2026-06-10 01:53:07,34668,15107,129
2026-06-10 01:53:09,34670,15108,40.4
2026-06-10 01:53:11,34672,15109,41.6
2026-06-10 01:53:13,34674,15110,46.9
2026-06-10 01:53:15,34676,15111,26.2
2026-06-10 01:53:17,34678,15112,76.9
2026-06-10 01:53:19,34680,15113,33.7
2026-06-10 01:53:21,34682,15114,30.2
2026-06-10 01:53:23,34684,15115,34.3
2026-06-10 01:53:25,34686,15116,20.5
2026-06-10 01:53:27,34688,15117,29.8
2026-06-10 01:53:29,34690,15118,34.5
2026-06-10 01:53:31,34692,15119,28.5
2026-06-10 01:53:33,34694,15120,42.2
2026-06-10 01:53:35,34696,15121,97.3
2026-06-10 01:53:37,34698,15122,198
2026-06-10 01:53:39,34700,15123,33.6
2026-06-10 01:53:41,34702,15124,56.0
2026-06-10 01:53:43,34704,15125,30.3
2026-06-10 01:53:45,34706,15126,32.4
2026-06-10 01:53:47,34708,15127,28.1
2026-06-10 01:53:49,34710,15128,34.5
2026-06-10 01:53:51,34712,15129,37.5
2026-06-10 01:53:53,34714,15130,43.1
2026-06-10 01:53:55,34716,15131,54.1
2026-06-10 01:53:57,34718,15132,35.2
2026-06-10 01:53:59,34720,15133,33.5
2026-06-10 01:54:01,34722,15134,35.7
2026-06-10 01:54:03,34724,15135,76.4
2026-06-10 01:54:05,34726,15136,36.1
2026-06-10 01:54:07,34728,15137,28.0
2026-06-10 01:54:09,34730,15138,27.3
2026-06-10 01:54:11,34732,15139,24.2
2026-06-10 01:54:13,34734,15140,31.5
2026-06-10 01:54:15,34736,15141,46.5
2026-06-10 01:54:17,34738,15142,38.9
2026-06-10 01:54:19,34740,15143,33.0
2026-06-10 01:54:21,34742,15144,28.3
2026-06-10 01:54:23,34744,15145,46.3
2026-06-10 01:54:25,34746,15146,49.2
2026-06-10 01:54:27,34748,15147,30.6
2026-06-10 01:54:29,34750,15148,48.3
2026-06-10 01:54:31,34752,15149,68.7
2026-06-10 01:54:32,34753,15150,59.3
2026-06-10 01:54:34,34755,15151,25.8
2026-06-10 01:54:37,34758,15152,47.3
2026-06-10 01:54:38,34759,15153,43.2
2026-06-10 01:54:40,34761,15154,29.4
2026-06-10 01:54:42,34763,15155,34.6
2026-06-10 01:54:44,34765,15156,51.5
2026-06-10 01:54:46,34767,15157,35.2
2026-06-10 01:54:48,34769,15158,47.4
2026-06-10 01:54:50,34771,15159,28.3
2026-06-10 01:54:52,34773,15160,70.0
2026-06-10 01:54:54,34775,15161,40.4
2026-06-10 01:54:56,34777,15162,40.2
2026-06-10 01:54:58,34779,15163,36.8
2026-06-10 01:55:00,34781,15164,41.3
2026-06-10 01:55:02,34783,15165,41.6
2026-06-10 01:55:04,34785,15166,42.6
2026-06-10 01:55:06,34787,15167,39.0
2026-06-10 01:55:08,34789,15168,40.9
2026-06-10 01:55:10,34791,15169,43.2
2026-06-10 01:55:12,34793,15170,58.9
2026-06-10 01:55:14,34795,15171,48.7
2026-06-10 01:55:16,34797,15172,41.4
2026-06-10 01:55:18,34799,15173,26.0
2026-06-10 01:55:20,34801,15174,50.7
2026-06-10 01:55:22,34803,15175,28.5
2026-06-10 01:55:24,34805,15176,40.0
2026-06-10 01:55:26,34807,15177,39.1
2026-06-10 01:55:28,34809,15178,33.0
2026-06-10 01:55:30,34811,15179,35.1
2026-06-10 01:55:32,34813,15180,52.7
2026-06-10 01:55:33,34814,15181,39.5
2026-06-10 01:55:35,34816,15182,42.1
2026-06-10 01:55:37,34818,15183,28.4
2026-06-10 01:55:39,34820,15184,198
2026-06-10 01:55:41,34822,15185,26.5
2026-06-10 01:55:43,34824,15186,44.0
2026-06-10 01:55:45,34826,15187,37.4
2026-06-10 01:55:47,34828,15188,51.7
2026-06-10 01:55:49,34830,15189,43.2
2026-06-10 01:55:51,34832,15190,47.3
2026-06-10 01:55:53,34834,15191,45.9
2026-06-10 01:55:55,34836,15192,44.7
2026-06-10 01:55:57,34838,15193,69.6
2026-06-10 01:55:59,34840,15194,44.9
2026-06-10 01:56:01,34842,15195,83.4
2026-06-10 01:56:03,34844,15196,36.6
2026-06-10 01:56:05,34846,15197,31.3
2026-06-10 01:56:07,34848,15198,41.0
2026-06-10 01:56:09,34850,15199,29.2
2026-06-10 01:56:11,34852,15200,322
2026-06-10 01:56:13,34854,15201,63.8
2026-06-10 01:56:15,34856,15202,222
2026-06-10 01:56:17,34858,15203,56.7
2026-06-10 01:56:19,34860,15204,45.3
2026-06-10 01:56:21,34862,15205,38.2
2026-06-10 01:56:24,34865,15206,21.9
2026-06-10 01:56:26,34867,15207,45.4
2026-06-10 01:56:28,34869,15208,57.5
2026-06-10 01:56:30,34871,15209,20.0
2026-06-10 01:56:32,34873,15210,34.3
2026-06-10 01:56:34,34875,15211,33.0
2026-06-10 01:56:36,34877,15212,32.7
2026-06-10 01:56:38,34879,15213,40.7
2026-06-10 01:56:40,34881,15214,22.4
2026-06-10 01:56:42,34883,15215,34.4
2026-06-10 01:56:44,34885,15216,43.4
2026-06-10 01:56:46,34887,15217,34.6
2026-06-10 01:56:48,34889,15218,34.7
2026-06-10 01:56:50,34891,15219,57.3
2026-06-10 01:56:52,34893,15220,36.1
2026-06-10 01:56:54,34895,15221,31.7
2026-06-10 01:56:56,34897,15222,45.4
2026-06-10 01:56:58,34899,15223,28.6
2026-06-10 01:57:00,34901,15224,21.2
2026-06-10 01:57:02,34903,15225,37.6
2026-06-10 01:57:04,34905,15226,37.5
2026-06-10 01:57:06,34907,15227,32.7
2026-06-10 01:57:08,34909,15228,41.2
2026-06-10 01:57:10,34911,15229,38.5
2026-06-10 01:57:12,34913,15230,48.7
2026-06-10 01:57:14,34915,15231,33.0
2026-06-10 01:57:16,34917,15232,21.0
2026-06-10 01:57:18,34919,15233,232
2026-06-10 01:57:20,34921,15234,173
2026-06-10 01:57:22,34923,15235,45.4
2026-06-10 01:57:24,34925,15236,45.8
2026-06-10 01:57:26,34927,15237,31.8
2026-06-10 01:57:29,34930,15238,30.8
2026-06-10 01:57:31,34932,15239,399
2026-06-10 01:57:33,34934,15240,116
2026-06-10 01:57:35,34936,15241,33.8
2026-06-10 01:57:37,34938,15242,169
2026-06-10 01:57:39,34940,15243,390
2026-06-10 01:57:41,34942,15244,241
2026-06-10 01:57:43,34944,15245,31.3
2026-06-10 01:57:45,34946,15246,22.1
2026-06-10 01:57:47,34948,15247,45.2
2026-06-10 01:57:49,34950,15248,38.7
2026-06-10 01:57:51,34952,15249,46.5
2026-06-10 01:57:53,34954,15250,54.5
2026-06-10 01:57:55,34956,15251,42.0
2026-06-10 01:57:57,34958,15252,40.1
2026-06-10 01:57:59,34960,15253,33.5
2026-06-10 01:58:01,34962,15254,32.6
2026-06-10 01:58:03,34964,15255,33.0
2026-06-10 01:58:05,34966,15256,32.2
2026-06-10 01:58:07,34968,15257,31.2
2026-06-10 01:58:09,34970,15258,45.7
2026-06-10 01:58:11,34972,15259,154
2026-06-10 01:58:13,34974,15260,46.4
2026-06-10 01:58:15,34976,15261,46.6
2026-06-10 01:58:17,34978,15262,36.0
2026-06-10 01:58:18,34979,15263,41.9
2026-06-10 01:58:20,34981,15264,35.4
2026-06-10 01:58:22,34983,15265,204
2026-06-10 01:58:24,34985,15266,47.2
2026-06-10 01:58:26,34987,15267,535
2026-06-10 01:58:29,34990,15268,628
2026-06-10 01:58:31,34992,15269,519
2026-06-10 01:58:34,34995,15270,572
2026-06-10 01:58:36,34997,15271,548
2026-06-10 01:58:38,34999,15272,493
2026-06-10 01:58:41,35002,15273,501
2026-06-10 01:58:43,35004,15274,568
2026-06-10 01:58:45,35006,15275,540
2026-06-10 01:58:48,35009,15276,561
2026-06-10 01:58:50,35011,15277,487
2026-06-10 01:58:53,35014,15278,48.5
2026-06-10 01:58:55,35016,15279,44.3
2026-06-10 01:58:57,35018,15280,35.1
2026-06-10 01:58:59,35020,15281,20.2
2026-06-10 01:59:01,35022,15282,37.0
2026-06-10 01:59:03,35024,15283,51.8
2026-06-10 01:59:05,35026,15284,39.8
2026-06-10 01:59:07,35028,15285,110
2026-06-10 01:59:09,35030,15286,35.3
2026-06-10 01:59:11,35032,15287,32.6
2026-06-10 01:59:13,35034,15288,19.9
2026-06-10 01:59:15,35036,15289,41.6
2026-06-10 01:59:17,35038,15290,153
2026-06-10 01:59:19,35040,15291,139
2026-06-10 01:59:21,35042,15292,45.4
2026-06-10 01:59:24,35045,15293,82.7
2026-06-10 01:59:26,35047,15294,34.9
2026-06-10 01:59:28,35049,15295,29.9
2026-06-10 01:59:30,35051,15296,32.4
2026-06-10 01:59:32,35053,15297,26.3
2026-06-10 01:59:34,35055,15298,31.0
2026-06-10 01:59:36,35057,15299,46.1
2026-06-10 01:59:38,35059,15300,40.5
2026-06-10 01:59:40,35061,15301,30.2
2026-06-10 01:59:42,35063,15302,55.0
2026-06-10 01:59:44,35065,15303,37.2
2026-06-10 01:59:46,35067,15304,58.0
2026-06-10 01:59:48,35069,15305,43.4
2026-06-10 01:59:50,35071,15306,114
2026-06-10 01:59:53,35074,15307,54.5
2026-06-10 01:59:55,35076,15308,38.7
2026-06-10 01:59:57,35078,15309,42.1
2026-06-10 01:59:59,35080,15310,40.1
2026-06-10 02:00:01,35082,15311,34.9
2026-06-10 02:00:03,35084,15312,55.3
2026-06-10 02:00:05,35086,15313,60.3
2026-06-10 02:00:07,35088,15314,69.7
2026-06-10 02:00:09,35090,15315,36.4
2026-06-10 02:00:11,35092,15316,33.0
2026-06-10 02:00:13,35094,15317,56.6
2026-06-10 02:00:15,35096,15318,31.9
2026-06-10 02:00:17,35098,15319,30.0
2026-06-10 02:00:19,35100,15320,48.3
2026-06-10 02:00:21,35102,15321,54.2
2026-06-10 02:00:23,35104,15322,91.0
2026-06-10 02:00:26,35107,15323,36.6
2026-06-10 02:00:28,35109,15324,36.2
2026-06-10 02:00:30,35111,15325,36.1
2026-06-10 02:00:32,35113,15326,45.0
2026-06-10 02:00:34,35115,15327,30.6
2026-06-10 02:00:36,35117,15328,31.0
2026-06-10 02:00:38,35119,15329,32.9
2026-06-10 02:00:40,35121,15330,39.0
2026-06-10 02:00:42,35123,15331,29.5
2026-06-10 02:00:44,35125,15332,45.3
2026-06-10 02:00:46,35127,15333,39.8
2026-06-10 02:00:48,35129,15334,27.3
2026-06-10 02:00:50,35131,15335,34.0
2026-06-10 02:00:52,35133,15336,25.6
2026-06-10 02:00:54,35135,15337,225
2026-06-10 02:00:57,35138,15338,296
2026-06-10 02:00:59,35140,15339,39.1
2026-06-10 02:01:01,35142,15340,150
2026-06-10 02:01:03,35144,15341,68.0
2026-06-10 02:01:05,35146,15342,360
2026-06-10 02:01:07,35148,15343,21.7
2026-06-10 02:01:09,35150,15344,31.1
2026-06-10 02:01:11,35152,15345,31.9
2026-06-10 02:01:13,35154,15346,33.4
2026-06-10 02:01:15,35156,15347,40.0
2026-06-10 02:01:17,35158,15348,40.6
2026-06-10 02:01:19,35160,15349,27.1
2026-06-10 02:01:21,35162,15350,26.8
2026-06-10 02:01:23,35164,15351,32.8
2026-06-10 02:01:25,35166,15352,29.9
2026-06-10 02:01:27,35168,15353,29.4
2026-06-10 02:01:29,35170,15354,18.6
2026-06-10 02:01:31,35172,15355,28.5
2026-06-10 02:01:34,35175,15356,53.1
2026-06-10 02:01:36,35177,15357,39.7
2026-06-10 02:01:38,35179,15358,53.5
2026-06-10 02:01:39,35180,15359,60.1
2026-06-10 02:01:41,35182,15360,93.8
2026-06-10 02:01:43,35184,15361,43.5
2026-06-10 02:01:45,35186,15362,30.7
2026-06-10 02:01:48,35188,15363,41.9
2026-06-10 02:01:50,35191,15364,189
2026-06-10 02:01:52,35193,15365,46.2
2026-06-10 02:01:54,35195,15366,640
2026-06-10 02:01:56,35197,15367,452
2026-06-10 02:01:59,35200,15368,476
2026-06-10 02:02:01,35202,15369,465
2026-06-10 02:02:03,35204,15370,630
2026-06-10 02:02:06,35207,15371,497
2026-06-10 02:02:09,35209,15372,507
2026-06-10 02:02:11,35212,15373,442
2026-06-10 02:02:14,35215,15374,549
2026-06-10 02:02:16,35217,15375,476
2026-06-10 02:02:18,35219,15376,28.3
2026-06-10 02:02:21,35222,15377,15.5
2026-06-10 02:02:23,35224,15378,97.7
2026-06-10 02:02:25,35226,15379,44.7
2026-06-10 02:02:27,35228,15380,39.8
2026-06-10 02:02:29,35230,15381,44.8
2026-06-10 02:02:31,35232,15382,63.6
2026-06-10 02:02:33,35234,15383,35.9
2026-06-10 02:02:35,35236,15384,53.9
2026-06-10 02:02:37,35238,15385,48.4
2026-06-10 02:02:39,35240,15386,32.9
2026-06-10 02:02:41,35242,15387,41.9
2026-06-10 02:02:43,35244,15388,34.8
2026-06-10 02:02:45,35246,15389,36.8
2026-06-10 02:02:47,35248,15390,70.8
2026-06-10 02:02:49,35250,15391,84.1
2026-06-10 02:02:51,35252,15392,154
2026-06-10 02:02:54,35255,15393,116
2026-06-10 02:02:56,35257,15394,98.6
2026-06-10 02:02:58,35259,15395,47.7
2026-06-10 02:03:00,35261,15396,33.5
2026-06-10 02:03:03,35263,15397,48.7
2026-06-10 02:03:05,35266,15398,54.5
2026-06-10 02:03:07,35268,15399,46.9
2026-06-10 02:03:09,35270,15400,106
2026-06-10 02:03:11,35272,15401,65.5
2026-06-10 02:03:13,35274,15402,59.2
2026-06-10 02:03:15,35276,15403,39.6
2026-06-10 02:03:17,35278,15404,37.5
2026-06-10 02:03:19,35280,15405,54.2
2026-06-10 02:03:21,35282,15406,39.4
2026-06-10 02:03:23,35284,15407,38.6
2026-06-10 02:03:25,35286,15408,63.9
2026-06-10 02:03:27,35288,15409,38.9
2026-06-10 02:03:29,35290,15410,14.7
2026-06-10 02:03:31,35292,15411,57.6
2026-06-10 02:03:33,35294,15412,38.5
2026-06-10 02:03:35,35296,15413,34.0
2026-06-10 02:03:38,35299,15414,18.2
2026-06-10 02:03:40,35301,15415,30.3
2026-06-10 02:03:42,35303,15416,20.9
2026-06-10 02:03:44,35305,15417,51.3
2026-06-10 02:03:46,35307,15418,43.2
2026-06-10 02:03:48,35309,15419,37.3
2026-06-10 02:03:50,35311,15420,34.9
2026-06-10 02:03:52,35313,15421,32.1
2026-06-10 02:03:54,35315,15422,34.3
2026-06-10 02:03:56,35317,15423,183
2026-06-10 02:03:58,35319,15424,27.9
2026-06-10 02:04:01,35322,15425,27.6
2026-06-10 02:04:03,35324,15426,57.8
2026-06-10 02:04:05,35326,15427,177
2026-06-10 02:04:07,35328,15428,212
2026-06-10 02:04:09,35330,15429,25.2
2026-06-10 02:04:11,35332,15430,38.4
2026-06-10 02:04:13,35334,15431,36.3
2026-06-10 02:04:15,35336,15432,28.3
2026-06-10 02:04:18,35339,15433,24.8
2026-06-10 02:04:20,35341,15434,35.6
2026-06-10 02:04:22,35343,15435,28.6
2026-06-10 02:04:24,35345,15436,34.6
2026-06-10 02:04:26,35347,15437,25.7
2026-06-10 02:04:28,35349,15438,44.6
2026-06-10 02:04:30,35351,15439,26.7
2026-06-10 02:04:32,35353,15440,15.6
2026-06-10 02:04:34,35355,15441,28.5
2026-06-10 02:04:36,35357,15442,40.2
2026-06-10 02:04:38,35359,15443,32.9
2026-06-10 02:04:40,35361,15444,95.3
2026-06-10 02:04:42,35363,15445,48.3
2026-06-10 02:04:44,35365,15446,32.2
2026-06-10 02:04:46,35367,15447,29.4
2026-06-10 02:04:49,35370,15448,231
2026-06-10 02:04:51,35372,15449,27.2
2026-06-10 02:04:53,35374,15450,191
2026-06-10 02:04:55,35376,15451,39.0
2026-06-10 02:04:57,35378,15452,47.0
2026-06-10 02:04:59,35380,15453,25.1
2026-06-10 02:05:01,35382,15454,30.7
2026-06-10 02:05:03,35384,15455,40.4
2026-06-10 02:05:05,35386,15456,26.0
2026-06-10 02:05:07,35388,15457,33.5
2026-06-10 02:05:09,35390,15458,39.3
2026-06-10 02:05:11,35392,15459,38.3
2026-06-10 02:05:13,35394,15460,21.3
2026-06-10 02:05:15,35396,15461,44.1
2026-06-10 02:05:17,35398,15462,40.5
2026-06-10 02:05:19,35400,15463,43.0
2026-06-10 02:05:21,35402,15464,43.4
2026-06-10 02:05:23,35404,15465,24.5
2026-06-10 02:05:26,35407,15466,33.3
2026-06-10 02:05:28,35408,15467,33.1
2026-06-10 02:05:29,35410,15468,43.9
2026-06-10 02:05:31,35412,15469,45.5
2026-06-10 02:05:33,35414,15470,44.5
2026-06-10 02:05:36,35417,15471,35.1
2026-06-10 02:05:38,35419,15472,30.6
2026-06-10 02:05:40,35420,15473,30.8
2026-06-10 02:05:41,35422,15474,26.5
2026-06-10 02:05:43,35424,15475,22.5
2026-06-10 02:05:45,35426,15476,24.1
2026-06-10 02:05:47,35428,15477,43.8
2026-06-10 02:05:50,35431,15478,28.3
2026-06-10 02:05:52,35433,15479,42.9
2026-06-10 02:05:54,35435,15480,108
2026-06-10 02:05:56,35437,15481,28.8
2026-06-10 02:05:58,35439,15482,22.9
2026-06-10 02:06:00,35441,15483,37.4
2026-06-10 02:06:02,35443,15484,32.3
2026-06-10 02:06:04,35445,15485,36.6
2026-06-10 02:06:06,35447,15486,16.7
2026-06-10 02:06:08,35449,15487,20.9
2026-06-10 02:06:10,35451,15488,15.9
2026-06-10 02:06:12,35453,15489,43.3
2026-06-10 02:06:14,35455,15490,19.0
2026-06-10 02:06:16,35457,15491,42.8
2026-06-10 02:06:18,35459,15492,17.3
2026-06-10 02:06:20,35461,15493,40.5
2026-06-10 02:06:22,35463,15494,39.1
2026-06-10 02:06:24,35465,15495,30.3
2026-06-10 02:06:26,35467,15496,23.7
2026-06-10 02:06:28,35469,15497,47.7
2026-06-10 02:06:30,35471,15498,36.5
2026-06-10 02:06:32,35473,15499,185
2026-06-10 02:06:35,35476,15500,367
2026-06-10 02:06:37,35478,15501,24.6
2026-06-10 02:06:39,35480,15502,170
2026-06-10 02:06:41,35482,15503,98.3
2026-06-10 02:06:43,35484,15504,17.1
2026-06-10 02:06:45,35486,15505,460
2026-06-10 02:06:47,35488,15506,284
2026-06-10 02:06:50,35491,15507,36.0
2026-06-10 02:06:52,35493,15508,33.2
2026-06-10 02:06:53,35494,15509,46.7
2026-06-10 02:06:56,35497,15510,57.9
2026-06-10 02:06:58,35499,15511,22.8
2026-06-10 02:07:00,35501,15512,30.2
2026-06-10 02:07:02,35503,15513,29.5
2026-06-10 02:07:04,35505,15514,24.3
2026-06-10 02:07:06,35507,15515,187
2026-06-10 02:07:08,35509,15516,47.3
2026-06-10 02:07:10,35511,15517,25.4
2026-06-10 02:07:12,35513,15518,36.1
2026-06-10 02:07:14,35515,15519,38.8
2026-06-10 02:07:16,35517,15520,37.1
2026-06-10 02:07:18,35519,15521,29.7
2026-06-10 02:07:20,35521,15522,30.6
2026-06-10 02:07:22,35523,15523,37.0
2026-06-10 02:07:24,35525,15524,34.8
2026-06-10 02:07:26,35527,15525,47.6
2026-06-10 02:07:28,35529,15526,32.4
2026-06-10 02:07:30,35531,15527,47.6
2026-06-10 02:07:32,35533,15528,648
2026-06-10 02:07:34,35535,15529,585
2026-06-10 02:07:37,35538,15530,533
2026-06-10 02:07:39,35540,15531,464
2026-06-10 02:07:41,35542,15532,835
2026-06-10 02:07:44,35545,15533,586
2026-06-10 02:07:46,35547,15534,522
2026-06-10 02:07:49,35550,15535,656
2026-06-10 02:07:51,35552,15536,516
2026-06-10 02:07:54,35555,15537,483
2026-06-10 02:07:56,35557,15538,509
2026-06-10 02:07:58,35559,15539,53.9
2026-06-10 02:08:00,35561,15540,32.0
2026-06-10 02:08:03,35564,15541,39.7
2026-06-10 02:08:05,35566,15542,31.1
2026-06-10 02:08:07,35568,15543,44.7
2026-06-10 02:08:09,35570,15544,47.4
2026-06-10 02:08:11,35572,15545,37.4
2026-06-10 02:08:13,35574,15546,26.1
2026-06-10 02:08:15,35576,15547,31.0
2026-06-10 02:08:17,35578,15548,61.1
2026-06-10 02:08:19,35580,15549,51.8
2026-06-10 02:08:21,35582,15550,57.4
2026-06-10 02:08:23,35584,15551,21.6
2026-06-10 02:08:25,35586,15552,29.3
2026-06-10 02:08:27,35588,15553,38.9
2026-06-10 02:08:29,35590,15554,63.3
2026-06-10 02:08:31,35592,15555,152
2026-06-10 02:08:34,35595,15556,157
2026-06-10 02:08:36,35597,15557,140
2026-06-10 02:08:39,35600,15558,99.4
2026-06-10 02:08:41,35602,15559,39.1
2026-06-10 02:08:43,35604,15560,306
2026-06-10 02:08:45,35606,15561,54.0
2026-06-10 02:08:47,35608,15562,41.0
2026-06-10 02:08:49,35610,15563,36.3
2026-06-10 02:08:51,35612,15564,55.4
2026-06-10 02:08:53,35614,15565,37.9
2026-06-10 02:08:55,35616,15566,43.0
2026-06-10 02:08:57,35618,15567,46.8
2026-06-10 02:08:59,35620,15568,38.0
2026-06-10 02:09:01,35622,15569,36.5
2026-06-10 02:09:03,35624,15570,70.8
2026-06-10 02:09:05,35626,15571,38.0
2026-06-10 02:09:08,35629,15572,34.7
2026-06-10 02:09:10,35631,15573,39.7
2026-06-10 02:09:12,35633,15574,35.7
2026-06-10 02:09:14,35635,15575,21.7
2026-06-10 02:09:16,35637,15576,40.8
2026-06-10 02:09:18,35639,15577,53.3
2026-06-10 02:09:21,35642,15578,29.0
2026-06-10 02:09:23,35644,15579,46.0
2026-06-10 02:09:25,35646,15580,35.8
2026-06-10 02:09:27,35648,15581,41.3
2026-06-10 02:09:29,35650,15582,248
2026-06-10 02:09:31,35652,15583,34.5
2026-06-10 02:09:33,35654,15584,46.1
2026-06-10 02:09:35,35656,15585,20.1
2026-06-10 02:09:37,35658,15586,44.5
2026-06-10 02:09:39,35660,15587,72.6
2026-06-10 02:09:41,35662,15588,30.2
2026-06-10 02:09:43,35664,15589,46.5
2026-06-10 02:09:45,35666,15590,29.1
2026-06-10 02:09:47,35668,15591,27.3
2026-06-10 02:09:49,35670,15592,139
2026-06-10 02:09:51,35672,15593,371
2026-06-10 02:09:54,35675,15594,33.2
2026-06-10 02:09:56,35677,15595,33.2
2026-06-10 02:09:58,35679,15596,28.6
2026-06-10 02:10:00,35681,15597,50.4
2026-06-10 02:10:02,35683,15598,33.8
2026-06-10 02:10:04,35685,15599,50.9
2026-06-10 02:10:06,35687,15600,31.9
2026-06-10 02:10:08,35689,15601,29.6
2026-06-10 02:10:10,35691,15602,33.3
2026-06-10 02:10:11,35692,15603,48.5
2026-06-10 02:10:13,35694,15604,37.1
2026-06-10 02:10:15,35696,15605,38.4
2026-06-10 02:10:17,35698,15606,53.3
2026-06-10 02:10:19,35700,15607,36.1
2026-06-10 02:10:21,35702,15608,48.7
2026-06-10 02:10:23,35704,15609,70.6
2026-06-10 02:10:25,35706,15610,32.4
2026-06-10 02:10:27,35708,15611,48.9
2026-06-10 02:10:29,35710,15612,651
2026-06-10 02:10:32,35713,15613,600
2026-06-10 02:10:34,35715,15614,491
2026-06-10 02:10:37,35718,15615,648
2026-06-10 02:10:39,35720,15616,542
2026-06-10 02:10:41,35722,15617,601
2026-06-10 02:10:44,35725,15618,561
2026-06-10 02:10:46,35727,15619,520
2026-06-10 02:10:49,35730,15620,508
2026-06-10 02:10:51,35732,15621,517
2026-06-10 02:10:54,35735,15622,180
2026-06-10 02:10:56,35737,15623,61.6
2026-06-10 02:10:58,35739,15624,42.0
2026-06-10 02:11:00,35741,15625,29.9
2026-06-10 02:11:02,35743,15626,28.6
2026-06-10 02:11:04,35745,15627,26.5
2026-06-10 02:11:06,35747,15628,43.6
2026-06-10 02:11:08,35749,15629,38.0
2026-06-10 02:11:10,35751,15630,25.4
2026-06-10 02:11:12,35753,15631,40.2
2026-06-10 02:11:14,35755,15632,42.8
2026-06-10 02:11:16,35757,15633,44.1
2026-06-10 02:11:17,35758,15634,37.4
2026-06-10 02:11:19,35760,15635,89.2
2026-06-10 02:11:22,35763,15636,84.9
2026-06-10 02:11:24,35765,15637,121
2026-06-10 02:11:26,35767,15638,61.7
2026-06-10 02:11:29,35770,15639,48.1
2026-06-10 02:11:31,35772,15640,19.0
2026-06-10 02:11:33,35774,15641,48.2
2026-06-10 02:11:35,35776,15642,31.3
2026-06-10 02:11:37,35778,15643,40.2
2026-06-10 02:11:39,35780,15644,112
2026-06-10 02:11:41,35782,15645,32.7
2026-06-10 02:11:43,35784,15646,51.6
2026-06-10 02:11:45,35786,15647,50.4
2026-06-10 02:11:47,35788,15648,57.8
2026-06-10 02:11:49,35790,15649,40.3
2026-06-10 02:11:51,35792,15650,39.5
2026-06-10 02:11:53,35794,15651,26.4
2026-06-10 02:11:55,35796,15652,44.1
2026-06-10 02:11:57,35798,15653,36.8
2026-06-10 02:11:59,35800,15654,49.7
2026-06-10 02:12:02,35803,15655,39.4
2026-06-10 02:12:04,35805,15656,32.3
2026-06-10 02:12:06,35807,15657,107
2026-06-10 02:12:08,35809,15658,28.5
2026-06-10 02:12:10,35811,15659,29.1
2026-06-10 02:12:12,35813,15660,30.6
2026-06-10 02:12:14,35815,15661,35.4
2026-06-10 02:12:16,35817,15662,100
2026-06-10 02:12:19,35820,15663,40.7
2026-06-10 02:12:21,35822,15664,23.8
2026-06-10 02:12:23,35824,15665,35.8
2026-06-10 02:12:25,35826,15666,61.1
2026-06-10 02:12:27,35828,15667,52.2
2026-06-10 02:12:29,35830,15668,49.1
2026-06-10 02:12:31,35832,15669,37.4
2026-06-10 02:12:33,35834,15670,50.4
2026-06-10 02:12:35,35836,15671,251
2026-06-10 02:12:37,35838,15672,31.6
2026-06-10 02:12:39,35840,15673,45.3
2026-06-10 02:12:41,35842,15674,117
2026-06-10 02:12:43,35844,15675,30.8
2026-06-10 02:12:46,35847,15676,117
2026-06-10 02:12:48,35849,15677,31.5
2026-06-10 02:12:50,35851,15678,213
2026-06-10 02:12:52,35853,15679,76.7
2026-06-10 02:12:54,35855,15680,28.0
2026-06-10 02:12:56,35857,15681,44.3
2026-06-10 02:12:58,35859,15682,33.7
2026-06-10 02:13:00,35861,15683,609
2026-06-10 02:13:02,35863,15684,82.8
2026-06-10 02:13:05,35866,15685,43.7
2026-06-10 02:13:07,35868,15686,49.7
2026-06-10 02:13:09,35870,15687,46.1
2026-06-10 02:13:11,35872,15688,50.7
2026-06-10 02:13:13,35874,15689,204
2026-06-10 02:13:15,35876,15690,38.7
2026-06-10 02:13:17,35878,15691,41.1
2026-06-10 02:13:19,35880,15692,52.4
2026-06-10 02:13:21,35882,15693,49.8
2026-06-10 02:13:23,35884,15694,37.7
2026-06-10 02:13:25,35886,15695,43.0
2026-06-10 02:13:27,35888,15696,65.1
2026-06-10 02:13:29,35890,15697,36.9
2026-06-10 02:13:31,35892,15698,37.7
2026-06-10 02:13:33,35894,15699,56.3
2026-06-10 02:13:35,35896,15700,45.0
2026-06-10 02:13:37,35898,15701,47.3
2026-06-10 02:13:39,35900,15702,54.2
2026-06-10 02:13:41,35902,15703,48.8
2026-06-10 02:13:43,35904,15704,168
2026-06-10 02:13:45,35906,15705,43.1
2026-06-10 02:13:47,35908,15706,524
2026-06-10 02:13:49,35910,15707,496
2026-06-10 02:13:51,35912,15708,514
2026-06-10 02:13:54,35915,15709,533
2026-06-10 02:13:56,35917,15710,562
2026-06-10 02:13:58,35919,15711,548
2026-06-10 02:14:01,35922,15712,549
2026-06-10 02:14:03,35924,15713,566
2026-06-10 02:14:05,35926,15714,566
2026-06-10 02:14:08,35929,15715,516
2026-06-10 02:14:10,35931,15716,144
2026-06-10 02:14:12,35933,15717,26.4
2026-06-10 02:14:15,35936,15718,36.0
2026-06-10 02:14:17,35938,15719,30.6
2026-06-10 02:14:19,35940,15720,50.0
2026-06-10 02:14:21,35942,15721,39.4
2026-06-10 02:14:22,35943,15722,34.5
2026-06-10 02:14:24,35945,15723,57.6
2026-06-10 02:14:26,35947,15724,43.2
2026-06-10 02:14:28,35949,15725,32.6
2026-06-10 02:14:30,35951,15726,40.7
2026-06-10 02:14:32,35953,15727,41.6
2026-06-10 02:14:34,35955,15728,39.5
2026-06-10 02:14:36,35957,15729,75.5
2026-06-10 02:14:39,35960,15730,57.0
2026-06-10 02:14:41,35962,15731,31.4
2026-06-10 02:14:43,35964,15732,160
2026-06-10 02:14:45,35966,15733,40.5
2026-06-10 02:14:47,35968,15734,34.9
2026-06-10 02:14:49,35970,15735,28.6
2026-06-10 02:14:51,35972,15736,56.2
2026-06-10 02:14:53,35974,15737,40.8
2026-06-10 02:14:56,35976,15738,44.0
2026-06-10 02:14:57,35978,15739,34.3
2026-06-10 02:15:00,35981,15740,46.8
2026-06-10 02:15:02,35983,15741,43.0
2026-06-10 02:15:04,35985,15742,43.0
2026-06-10 02:15:06,35987,15743,48.4
2026-06-10 02:15:08,35989,15744,40.5
2026-06-10 02:15:10,35991,15745,85.0
2026-06-10 02:15:12,35993,15746,33.0
2026-06-10 02:15:14,35995,15747,33.4
2026-06-10 02:15:16,35997,15748,33.0
2026-06-10 02:15:18,35999,15749,40.0
2026-06-10 02:15:20,36001,15750,34.0
2026-06-10 02:15:22,36003,15751,54.9
2026-06-10 02:15:24,36005,15752,42.4
2026-06-10 02:15:26,36007,15753,35.6
2026-06-10 02:15:28,36009,15754,64.2
2026-06-10 02:15:30,36011,15755,49.1
2026-06-10 02:15:32,36013,15756,344
2026-06-10 02:15:34,36015,15757,27.4
2026-06-10 02:15:36,36017,15758,34.2
2026-06-10 02:15:38,36019,15759,24.2
2026-06-10 02:15:40,36021,15760,21.5
2026-06-10 02:15:43,36024,15761,32.3
2026-06-10 02:15:45,36026,15762,34.9
2026-06-10 02:15:47,36028,15763,30.3
2026-06-10 02:15:49,36030,15764,32.0
2026-06-10 02:15:51,36032,15765,67.4
2026-06-10 02:15:53,36034,15766,37.1
2026-06-10 02:15:55,36036,15767,57.5
2026-06-10 02:15:57,36038,15768,36.3
2026-06-10 02:15:59,36040,15769,33.8
2026-06-10 02:16:01,36042,15770,37.7
2026-06-10 02:16:03,36044,15771,45.7
2026-06-10 02:16:05,36046,15772,192
2026-06-10 02:16:07,36048,15773,16.4
2026-06-10 02:16:09,36050,15774,43.1
2026-06-10 02:16:11,36052,15775,44.1
2026-06-10 02:16:13,36054,15776,219
2026-06-10 02:16:16,36057,15777,123
2026-06-10 02:16:18,36059,15778,185
2026-06-10 02:16:20,36061,15779,153
2026-06-10 02:16:22,36063,15780,33.7
2026-06-10 02:16:24,36065,15781,19.7
2026-06-10 02:16:26,36067,15782,137
2026-06-10 02:16:28,36069,15783,40.9
2026-06-10 02:16:31,36072,15784,23.2
2026-06-10 02:16:33,36074,15785,16.3
2026-06-10 02:16:35,36076,15786,18.3
2026-06-10 02:16:37,36078,15787,42.2
2026-06-10 02:16:39,36080,15788,46.1
2026-06-10 02:16:41,36082,15789,46.5
2026-06-10 02:16:43,36084,15790,35.2
2026-06-10 02:16:45,36086,15791,41.6
2026-06-10 02:16:47,36088,15792,34.5
2026-06-10 02:16:49,36090,15793,36.2
2026-06-10 02:16:51,36092,15794,42.3
2026-06-10 02:16:53,36094,15795,24.8
2026-06-10 02:16:55,36096,15796,31.5
2026-06-10 02:16:57,36098,15797,28.0
2026-06-10 02:16:59,36100,15798,28.8
2026-06-10 02:17:01,36102,15799,36.0
2026-06-10 02:17:03,36104,15800,23.9
2026-06-10 02:17:05,36106,15801,60.0
2026-06-10 02:17:07,36108,15802,42.1
2026-06-10 02:17:09,36110,15803,24.1
2026-06-10 02:17:11,36112,15804,27.6
2026-06-10 02:17:13,36114,15805,30.5
2026-06-10 02:17:15,36116,15806,468
2026-06-10 02:17:18,36119,15807,480
2026-06-10 02:17:20,36121,15808,585
2026-06-10 02:17:23,36124,15809,476
2026-06-10 02:17:25,36126,15810,656
2026-06-10 02:17:27,36128,15811,622
2026-06-10 02:17:30,36131,15812,527
2026-06-10 02:17:32,36133,15813,511
2026-06-10 02:17:35,36136,15814,545
2026-06-10 02:17:37,36138,15815,517
2026-06-10 02:17:40,36141,15816,531
2026-06-10 02:17:42,36143,15817,33.0
2026-06-10 02:17:44,36145,15818,29.3
2026-06-10 02:17:46,36147,15819,46.3
2026-06-10 02:17:48,36149,15820,42.4
2026-06-10 02:17:50,36151,15821,37.5
2026-06-10 02:17:52,36153,15822,58.1
2026-06-10 02:17:54,36155,15823,50.3
2026-06-10 02:17:56,36157,15824,23.1
2026-06-10 02:17:58,36159,15825,39.3
2026-06-10 02:18:00,36161,15826,24.3
2026-06-10 02:18:02,36163,15827,30.0
2026-06-10 02:18:04,36165,15828,32.8
2026-06-10 02:18:06,36167,15829,75.6
2026-06-10 02:18:08,36169,15830,40.5
2026-06-10 02:18:10,36171,15831,141
2026-06-10 02:18:12,36173,15832,42.8
2026-06-10 02:18:15,36176,15833,54.0
2026-06-10 02:18:17,36178,15834,116
2026-06-10 02:18:19,36180,15835,47.3
2026-06-10 02:18:22,36183,15836,47.8
2026-06-10 02:18:24,36185,15837,12.9
2026-06-10 02:18:26,36187,15838,31.9
2026-06-10 02:18:28,36189,15839,48.6
2026-06-10 02:18:30,36191,15840,37.8
2026-06-10 02:18:32,36193,15841,40.8
2026-06-10 02:18:34,36195,15842,35.8
2026-06-10 02:18:36,36197,15843,34.5
2026-06-10 02:18:38,36199,15844,136
2026-06-10 02:18:40,36201,15845,105
2026-06-10 02:18:42,36203,15846,25.6
2026-06-10 02:18:44,36205,15847,22.9
2026-06-10 02:18:46,36207,15848,48.6
2026-06-10 02:18:48,36209,15849,32.2
2026-06-10 02:18:50,36211,15850,24.7
2026-06-10 02:18:52,36213,15851,45.9
2026-06-10 02:18:54,36215,15852,29.7
2026-06-10 02:18:56,36217,15853,35.5
2026-06-10 02:18:59,36220,15854,36.5
2026-06-10 02:19:01,36222,15855,57.5
2026-06-10 02:19:03,36224,15856,25.9
2026-06-10 02:19:05,36226,15857,40.3
2026-06-10 02:19:07,36228,15858,24.4
2026-06-10 02:19:09,36230,15859,49.4
2026-06-10 02:19:11,36232,15860,73.6
2026-06-10 02:19:14,36235,15861,32.6
2026-06-10 02:19:16,36237,15862,37.6
2026-06-10 02:19:18,36239,15863,54.5
2026-06-10 02:19:20,36241,15864,41.5
2026-06-10 02:19:22,36243,15865,43.7
2026-06-10 02:19:24,36245,15866,33.6
2026-06-10 02:19:26,36247,15867,42.1
2026-06-10 02:19:28,36249,15868,22.3
2026-06-10 02:19:30,36251,15869,26.0
2026-06-10 02:19:32,36253,15870,59.3
2026-06-10 02:19:34,36255,15871,54.8
2026-06-10 02:19:36,36257,15872,47.5
2026-06-10 02:19:38,36259,15873,33.0
2026-06-10 02:19:40,36261,15874,23.5
2026-06-10 02:19:43,36264,15875,17.5
2026-06-10 02:19:45,36266,15876,30.9
2026-06-10 02:19:47,36268,15877,44.5
2026-06-10 02:19:49,36270,15878,24.4
2026-06-10 02:19:51,36272,15879,42.0
2026-06-10 02:19:53,36274,15880,24.8
2026-06-10 02:19:55,36276,15881,31.1
2026-06-10 02:19:57,36278,15882,48.9
2026-06-10 02:19:59,36280,15883,31.7
2026-06-10 02:20:01,36282,15884,35.3
2026-06-10 02:20:03,36284,15885,24.7
2026-06-10 02:20:05,36286,15886,42.0
2026-06-10 02:20:07,36288,15887,37.9
2026-06-10 02:20:09,36290,15888,37.5
2026-06-10 02:20:11,36292,15889,17.8
2026-06-10 02:20:13,36294,15890,32.8
2026-06-10 02:20:15,36296,15891,39.3
2026-06-10 02:20:17,36298,15892,29.9
2026-06-10 02:20:19,36300,15893,32.8
2026-06-10 02:20:21,36302,15894,46.2
2026-06-10 02:20:23,36304,15895,36.1
2026-06-10 02:20:25,36306,15896,36.2
2026-06-10 02:20:27,36308,15897,25.9
2026-06-10 02:20:29,36310,15898,37.1
2026-06-10 02:20:31,36312,15899,174
2026-06-10 02:20:33,36314,15900,36.7
2026-06-10 02:20:35,36316,15901,41.9
2026-06-10 02:20:37,36318,15902,38.7
2026-06-10 02:20:39,36320,15903,36.9
2026-06-10 02:20:41,36322,15904,55.4
2026-06-10 02:20:43,36324,15905,52.7
2026-06-10 02:20:45,36326,15906,36.7
2026-06-10 02:20:47,36328,15907,36.1
2026-06-10 02:20:49,36330,15908,61.8
2026-06-10 02:20:51,36332,15909,50.5
2026-06-10 02:20:53,36334,15910,34.1
2026-06-10 02:20:55,36336,15911,48.9
2026-06-10 02:20:57,36338,15912,34.4
2026-06-10 02:20:59,36340,15913,35.8
2026-06-10 02:21:01,36342,15914,38.3
2026-06-10 02:21:03,36344,15915,32.1
2026-06-10 02:21:05,36346,15916,25.5
2026-06-10 02:21:07,36348,15917,55.8
2026-06-10 02:21:09,36350,15918,40.0
2026-06-10 02:21:11,36352,15919,29.2
2026-06-10 02:21:13,36354,15920,26.4
2026-06-10 02:21:15,36356,15921,65.6
2026-06-10 02:21:17,36358,15922,43.5
2026-06-10 02:21:19,36360,15923,27.6
2026-06-10 02:21:21,36362,15924,32.8
2026-06-10 02:21:23,36364,15925,32.9
2026-06-10 02:21:25,36366,15926,38.0
2026-06-10 02:21:27,36368,15927,30.8
2026-06-10 02:21:29,36370,15928,27.1
2026-06-10 02:21:31,36372,15929,50.8
2026-06-10 02:21:33,36374,15930,31.6
2026-06-10 02:21:35,36376,15931,48.8
2026-06-10 02:21:37,36378,15932,52.7
2026-06-10 02:21:39,36380,15933,26.4
2026-06-10 02:21:41,36382,15934,37.7
2026-06-10 02:21:43,36384,15935,31.9
2026-06-10 02:21:45,36386,15936,32.8
2026-06-10 02:21:47,36388,15937,35.3
2026-06-10 02:21:49,36390,15938,26.3
2026-06-10 02:21:51,36392,15939,31.9
2026-06-10 02:21:53,36393,15940,28.2
2026-06-10 02:21:55,36396,15941,29.3
2026-06-10 02:21:57,36398,15942,27.2
2026-06-10 02:21:59,36400,15943,26.5
2026-06-10 02:22:01,36402,15944,53.4
2026-06-10 02:22:03,36403,15945,52.3
2026-06-10 02:22:04,36405,15946,28.4
2026-06-10 02:22:06,36407,15947,32.2
2026-06-10 02:22:08,36409,15948,36.0
2026-06-10 02:22:10,36411,15949,41.6
2026-06-10 02:22:12,36413,15950,28.5
2026-06-10 02:22:14,36415,15951,32.2
2026-06-10 02:22:16,36417,15952,47.4
2026-06-10 02:22:18,36419,15953,39.9
2026-06-10 02:22:20,36421,15954,53.9
2026-06-10 02:22:22,36423,15955,30.1
2026-06-10 02:22:24,36425,15956,30.8
2026-06-10 02:22:26,36427,15957,29.4
2026-06-10 02:22:28,36429,15958,24.2
2026-06-10 02:22:30,36431,15959,24.6
2026-06-10 02:22:32,36433,15960,43.8
2026-06-10 02:22:34,36435,15961,33.9
2026-06-10 02:22:36,36437,15962,156
2026-06-10 02:22:38,36439,15963,168
2026-06-10 02:22:40,36441,15964,42.8
2026-06-10 02:22:43,36444,15965,165
2026-06-10 02:22:45,36446,15966,37.1
2026-06-10 02:22:47,36448,15967,66.0
2026-06-10 02:22:49,36450,15968,72.9
2026-06-10 02:22:51,36452,15969,36.7
2026-06-10 02:22:53,36454,15970,45.4
2026-06-10 02:22:55,36456,15971,31.7
2026-06-10 02:22:57,36458,15972,29.8
2026-06-10 02:22:59,36460,15973,35.0
2026-06-10 02:23:01,36462,15974,41.4
2026-06-10 02:23:03,36464,15975,27.6
2026-06-10 02:23:05,36466,15976,35.5
2026-06-10 02:23:07,36468,15977,31.1
2026-06-10 02:23:09,36470,15978,34.9
2026-06-10 02:23:11,36472,15979,41.3
2026-06-10 02:23:13,36474,15980,28.8
2026-06-10 02:23:15,36476,15981,33.3
2026-06-10 02:23:17,36478,15982,35.7
2026-06-10 02:23:19,36480,15983,30.4
2026-06-10 02:23:21,36482,15984,36.3
2026-06-10 02:23:23,36484,15985,43.1
2026-06-10 02:23:25,36486,15986,36.9
2026-06-10 02:23:26,36487,15987,49.0
2026-06-10 02:23:28,36489,15988,28.4
2026-06-10 02:23:30,36491,15989,40.8
2026-06-10 02:23:32,36493,15990,38.9
2026-06-10 02:23:34,36495,15991,550
2026-06-10 02:23:37,36498,15992,515
2026-06-10 02:23:39,36500,15993,676
2026-06-10 02:23:42,36503,15994,537
2026-06-10 02:23:44,36505,15995,758
2026-06-10 02:23:46,36507,15996,578
2026-06-10 02:23:49,36510,15997,725
2026-06-10 02:23:51,36512,15998,583
2026-06-10 02:23:53,36514,15999,648
2026-06-10 02:23:56,36517,16000,138
2026-06-10 02:23:58,36519,16001,233
2026-06-10 02:24:00,36521,16002,36.8
2026-06-10 02:24:02,36523,16003,44.4
2026-06-10 02:24:04,36525,16004,42.7
2026-06-10 02:24:06,36527,16005,45.7
2026-06-10 02:24:08,36529,16006,49.3
2026-06-10 02:24:10,36531,16007,33.4
2026-06-10 02:24:12,36533,16008,45.4
2026-06-10 02:24:14,36535,16009,52.9
2026-06-10 02:24:16,36537,16010,37.0
2026-06-10 02:24:18,36539,16011,54.5
2026-06-10 02:24:20,36541,16012,36.0
2026-06-10 02:24:22,36542,16013,34.0
2026-06-10 02:24:24,36545,16014,58.0
2026-06-10 02:24:26,36547,16015,205
2026-06-10 02:24:28,36549,16016,91.9
2026-06-10 02:24:31,36552,16017,12.9
2026-06-10 02:24:33,36554,16018,18.7
2026-06-10 02:24:35,36556,16019,248
2026-06-10 02:24:37,36558,16020,37.9
2026-06-10 02:24:39,36560,16021,41.2
2026-06-10 02:24:41,36562,16022,33.4
2026-06-10 02:24:43,36564,16023,24.0
2026-06-10 02:24:45,36566,16024,33.6
2026-06-10 02:24:47,36568,16025,30.9
2026-06-10 02:24:49,36570,16026,36.1
2026-06-10 02:24:51,36572,16027,42.7
2026-06-10 02:24:53,36574,16028,62.4
2026-06-10 02:24:55,36576,16029,32.7
2026-06-10 02:24:57,36578,16030,38.6
2026-06-10 02:24:59,36580,16031,47.5
2026-06-10 02:25:01,36582,16032,36.8
2026-06-10 02:25:04,36584,16033,48.4
2026-06-10 02:25:05,36586,16034,49.5
2026-06-10 02:25:07,36588,16035,23.6
2026-06-10 02:25:09,36590,16036,191
2026-06-10 02:25:12,36593,16037,47.1
2026-06-10 02:25:14,36595,16038,51.9
2026-06-10 02:25:16,36597,16039,45.3
2026-06-10 02:25:18,36599,16040,39.1
2026-06-10 02:25:20,36601,16041,19.9
2026-06-10 02:25:22,36603,16042,50.7
2026-06-10 02:25:24,36605,16043,21.2
2026-06-10 02:25:27,36607,16044,84.9
2026-06-10 02:25:29,36610,16045,33.8
2026-06-10 02:25:31,36612,16046,42.3
2026-06-10 02:25:33,36614,16047,39.8
2026-06-10 02:25:35,36616,16048,54.1
2026-06-10 02:25:37,36618,16049,56.5
2026-06-10 02:25:39,36620,16050,59.1
2026-06-10 02:25:41,36622,16051,56.9
2026-06-10 02:25:43,36624,16052,43.5
2026-06-10 02:25:45,36626,16053,77.9
2026-06-10 02:25:47,36628,16054,35.7
2026-06-10 02:25:49,36630,16055,50.1
2026-06-10 02:25:51,36632,16056,186
2026-06-10 02:25:53,36634,16057,240
2026-06-10 02:25:56,36637,16058,262
2026-06-10 02:25:58,36639,16059,164
2026-06-10 02:26:00,36641,16060,26.6
2026-06-10 02:26:02,36643,16061,29.4
2026-06-10 02:26:04,36645,16062,43.1
2026-06-10 02:26:06,36647,16063,122
2026-06-10 02:26:08,36649,16064,23.4
2026-06-10 02:26:10,36651,16065,40.6
2026-06-10 02:26:12,36653,16066,28.6
2026-06-10 02:26:14,36655,16067,47.7
2026-06-10 02:26:16,36657,16068,24.4
2026-06-10 02:26:18,36659,16069,36.0
2026-06-10 02:26:20,36661,16070,128
2026-06-10 02:26:22,36663,16071,36.6
2026-06-10 02:26:24,36665,16072,42.2
2026-06-10 02:26:26,36667,16073,39.4
2026-06-10 02:26:28,36669,16074,45.8
2026-06-10 02:26:30,36671,16075,75.0
2026-06-10 02:26:32,36673,16076,223
2026-06-10 02:26:34,36675,16077,22.8
2026-06-10 02:26:36,36677,16078,25.7
2026-06-10 02:26:38,36679,16079,37.8
2026-06-10 02:26:40,36681,16080,31.0
2026-06-10 02:26:42,36683,16081,41.3
2026-06-10 02:26:44,36685,16082,24.7
2026-06-10 02:26:46,36687,16083,30.9
2026-06-10 02:26:48,36689,16084,28.5
2026-06-10 02:26:50,36691,16085,17.6
2026-06-10 02:26:52,36693,16086,30.6
2026-06-10 02:26:54,36695,16087,40.1
2026-06-10 02:26:56,36697,16088,42.1
2026-06-10 02:26:58,36699,16089,51.5
2026-06-10 02:27:00,36701,16090,37.8
2026-06-10 02:27:02,36703,16091,42.2
2026-06-10 02:27:04,36705,16092,48.6
2026-06-10 02:27:06,36707,16093,31.6
2026-06-10 02:27:08,36709,16094,33.5
2026-06-10 02:27:10,36711,16095,19.1
2026-06-10 02:27:12,36713,16096,43.7
2026-06-10 02:27:14,36714,16097,27.7
2026-06-10 02:27:15,36716,16098,39.7
2026-06-10 02:27:17,36718,16099,202
2026-06-10 02:27:19,36720,16100,27.6
2026-06-10 02:27:21,36722,16101,33.0
2026-06-10 02:27:23,36724,16102,30.9
2026-06-10 02:27:25,36726,16103,31.6
2026-06-10 02:27:27,36728,16104,55.5
2026-06-10 02:27:30,36731,16105,17.1
2026-06-10 02:27:32,36733,16106,22.0
2026-06-10 02:27:34,36735,16107,33.2
2026-06-10 02:27:36,36737,16108,40.4
2026-06-10 02:27:38,36739,16109,25.8
2026-06-10 02:27:40,36741,16110,40.6
2026-06-10 02:27:42,36743,16111,26.1
2026-06-10 02:27:44,36745,16112,37.6
2026-06-10 02:27:46,36747,16113,35.8
2026-06-10 02:27:48,36749,16114,19.7
2026-06-10 02:27:50,36751,16115,30.2
2026-06-10 02:27:52,36753,16116,29.8
2026-06-10 02:27:54,36755,16117,166
2026-06-10 02:27:56,36757,16118,19.2
2026-06-10 02:27:58,36759,16119,53.9
2026-06-10 02:28:01,36761,16120,293
2026-06-10 02:28:03,36764,16121,30.1
2026-06-10 02:28:05,36766,16122,39.7
2026-06-10 02:28:07,36768,16123,157
2026-06-10 02:28:09,36770,16124,741
2026-06-10 02:28:11,36772,16125,255
2026-06-10 02:28:13,36774,16126,63.1
2026-06-10 02:28:15,36776,16127,43.2
2026-06-10 02:28:17,36778,16128,37.7
2026-06-10 02:28:19,36780,16129,61.0
2026-06-10 02:28:21,36782,16130,76.4
2026-06-10 02:28:23,36784,16131,64.1
2026-06-10 02:28:25,36786,16132,46.2
2026-06-10 02:28:27,36788,16133,57.7
2026-06-10 02:28:29,36790,16134,46.2
2026-06-10 02:28:31,36792,16135,47.1
2026-06-10 02:28:33,36794,16136,57.8
2026-06-10 02:28:35,36796,16137,245
2026-06-10 02:28:37,36798,16138,35.5
2026-06-10 02:28:39,36800,16139,35.7
2026-06-10 02:28:41,36802,16140,35.1
2026-06-10 02:28:43,36804,16141,39.2
2026-06-10 02:28:45,36806,16142,54.1
2026-06-10 02:28:47,36808,16143,75.2
2026-06-10 02:28:49,36810,16144,44.1
2026-06-10 02:28:51,36812,16145,200
2026-06-10 02:28:53,36814,16146,27.2
2026-06-10 02:28:55,36816,16147,686
2026-06-10 02:28:58,36819,16148,566
2026-06-10 02:29:00,36821,16149,623
2026-06-10 02:29:03,36824,16150,552
2026-06-10 02:29:05,36826,16151,657
2026-06-10 02:29:07,36828,16152,531
2026-06-10 02:29:10,36831,16153,549
2026-06-10 02:29:12,36833,16154,515
2026-06-10 02:29:15,36836,16155,564
2026-06-10 02:29:17,36838,16156,521
2026-06-10 02:29:19,36840,16157,57.3
2026-06-10 02:29:21,36842,16158,44.5
2026-06-10 02:29:24,36845,16159,26.6
2026-06-10 02:29:25,36846,16160,40.8
2026-06-10 02:29:27,36848,16161,12.3
2026-06-10 02:29:29,36850,16162,36.5
2026-06-10 02:29:31,36852,16163,53.0
2026-06-10 02:29:33,36854,16164,42.6
2026-06-10 02:29:35,36856,16165,36.0
2026-06-10 02:29:37,36858,16166,46.4
2026-06-10 02:29:39,36860,16167,39.9
2026-06-10 02:29:41,36862,16168,38.3
2026-06-10 02:29:43,36864,16169,112
2026-06-10 02:29:46,36867,16170,51.1
2026-06-10 02:29:48,36869,16171,188
2026-06-10 02:29:50,36871,16172,148
2026-06-10 02:29:52,36873,16173,153
2026-06-10 02:29:55,36876,16174,122
2026-06-10 02:29:57,36878,16175,9.58
2026-06-10 02:29:59,36880,16176,29.8
2026-06-10 02:30:01,36882,16177,49.4
2026-06-10 02:30:03,36884,16178,41.6
2026-06-10 02:30:05,36886,16179,40.5
2026-06-10 02:30:07,36888,16180,38.3
2026-06-10 02:30:09,36890,16181,71.2
2026-06-10 02:30:11,36892,16182,44.7
2026-06-10 02:30:13,36894,16183,34.2
2026-06-10 02:30:16,36897,16184,35.4
2026-06-10 02:30:18,36899,16185,28.5
2026-06-10 02:30:20,36901,16186,29.2
2026-06-10 02:30:22,36903,16187,42.8
2026-06-10 02:30:24,36905,16188,30.4
2026-06-10 02:30:26,36907,16189,35.9
2026-06-10 02:30:28,36909,16190,20.1
2026-06-10 02:30:30,36911,16191,44.4
2026-06-10 02:30:32,36913,16192,33.3
2026-06-10 02:30:34,36915,16193,28.1
2026-06-10 02:30:36,36917,16194,30.5
2026-06-10 02:30:38,36919,16195,38.3
2026-06-10 02:30:41,36922,16196,23.6
2026-06-10 02:30:43,36924,16197,30.7
2026-06-10 02:30:45,36926,16198,106
2026-06-10 02:30:47,36928,16199,39.7
2026-06-10 02:30:49,36930,16200,42.4
2026-06-10 02:30:51,36932,16201,39.4
2026-06-10 02:30:53,36934,16202,59.2
2026-06-10 02:30:55,36936,16203,48.7
2026-06-10 02:30:57,36938,16204,35.1
2026-06-10 02:30:59,36940,16205,33.2
2026-06-10 02:31:02,36943,16206,35.5
2026-06-10 02:31:04,36945,16207,29.7
2026-06-10 02:31:06,36947,16208,39.3
2026-06-10 02:31:08,36949,16209,30.3
2026-06-10 02:31:10,36951,16210,40.3
2026-06-10 02:31:12,36953,16211,43.1
2026-06-10 02:31:14,36955,16212,35.8
2026-06-10 02:31:16,36957,16213,31.5
2026-06-10 02:31:18,36959,16214,53.0
2026-06-10 02:31:20,36961,16215,46.2
2026-06-10 02:31:22,36963,16216,28.4
2026-06-10 02:31:24,36965,16217,28.1
2026-06-10 02:31:26,36967,16218,22.0
2026-06-10 02:31:28,36969,16219,35.2
2026-06-10 02:31:30,36971,16220,31.9
2026-06-10 02:31:32,36973,16221,25.2
2026-06-10 02:31:34,36975,16222,25.6
2026-06-10 02:31:36,36977,16223,33.4
2026-06-10 02:31:38,36979,16224,42.6
2026-06-10 02:31:40,36981,16225,44.1
2026-06-10 02:31:42,36983,16226,41.0
2026-06-10 02:31:44,36985,16227,38.1
2026-06-10 02:31:46,36987,16228,46.9
2026-06-10 02:31:48,36989,16229,76.7
2026-06-10 02:31:50,36991,16230,29.6
2026-06-10 02:31:52,36993,16231,31.2
2026-06-10 02:31:54,36995,16232,55.4
2026-06-10 02:31:56,36997,16233,35.3
2026-06-10 02:31:59,36999,16234,32.7
2026-06-10 02:32:01,37002,16235,28.5
2026-06-10 02:32:03,37004,16236,30.0
2026-06-10 02:32:05,37006,16237,31.7
2026-06-10 02:32:07,37008,16238,41.1
2026-06-10 02:32:09,37010,16239,42.0
2026-06-10 02:32:11,37012,16240,35.4
2026-06-10 02:32:13,37014,16241,64.6
2026-06-10 02:32:15,37016,16242,26.6
2026-06-10 02:32:17,37018,16243,39.7
2026-06-10 02:32:19,37020,16244,60.3
2026-06-10 02:32:21,37022,16245,59.4
2026-06-10 02:32:23,37024,16246,93.7
2026-06-10 02:32:25,37026,16247,42.8
2026-06-10 02:32:27,37028,16248,44.8
2026-06-10 02:32:29,37030,16249,43.4
2026-06-10 02:32:32,37033,16250,29.1
2026-06-10 02:32:34,37035,16251,38.0
2026-06-10 02:32:36,37037,16252,44.9
2026-06-10 02:32:38,37039,16253,28.9
2026-06-10 02:32:40,37041,16254,49.3
2026-06-10 02:32:42,37043,16255,23.5
2026-06-10 02:32:44,37045,16256,39.9
2026-06-10 02:32:46,37047,16257,44.0
2026-06-10 02:32:48,37049,16258,48.6
2026-06-10 02:32:50,37051,16259,42.0
2026-06-10 02:32:52,37053,16260,26.0
2026-06-10 02:32:54,37055,16261,51.3
2026-06-10 02:32:56,37057,16262,85.8
2026-06-10 02:32:59,37060,16263,42.8
2026-06-10 02:33:01,37062,16264,32.3
2026-06-10 02:33:03,37064,16265,113
2026-06-10 02:33:05,37066,16266,30.1
2026-06-10 02:33:07,37068,16267,64.6
2026-06-10 02:33:09,37070,16268,110
2026-06-10 02:33:12,37073,16269,138
2026-06-10 02:33:14,37075,16270,174
2026-06-10 02:33:16,37077,16271,185
2026-06-10 02:33:19,37080,16272,180
2026-06-10 02:33:21,37082,16273,30.1
2026-06-10 02:33:24,37085,16274,31.7
2026-06-10 02:33:26,37087,16275,41.6
2026-06-10 02:33:28,37089,16276,35.1
2026-06-10 02:33:30,37091,16277,39.7
2026-06-10 02:33:32,37093,16278,31.6
2026-06-10 02:33:34,37095,16279,43.5
2026-06-10 02:33:36,37097,16280,22.6
2026-06-10 02:33:38,37099,16281,46.8
2026-06-10 02:33:40,37101,16282,43.9
2026-06-10 02:33:42,37103,16283,34.9
2026-06-10 02:33:44,37105,16284,35.9
2026-06-10 02:33:46,37107,16285,25.2
2026-06-10 02:33:48,37109,16286,14.7
2026-06-10 02:33:50,37111,16287,48.5
2026-06-10 02:33:52,37113,16288,52.5
2026-06-10 02:33:54,37115,16289,59.1
2026-06-10 02:33:57,37118,16290,26.7
2026-06-10 02:33:59,37120,16291,69.3
2026-06-10 02:34:01,37122,16292,46.6
2026-06-10 02:34:03,37124,16293,149
2026-06-10 02:34:05,37126,16294,34.3
2026-06-10 02:34:07,37128,16295,32.5
2026-06-10 02:34:09,37130,16296,176
2026-06-10 02:34:12,37133,16297,193
2026-06-10 02:34:14,37135,16298,166
2026-06-10 02:34:17,37138,16299,128
2026-06-10 02:34:19,37140,16300,194
2026-06-10 02:34:22,37143,16301,103
2026-06-10 02:34:24,37145,16302,40.3
2026-06-10 02:34:26,37147,16303,31.9
2026-06-10 02:34:28,37149,16304,26.3
2026-06-10 02:34:30,37151,16305,38.1
2026-06-10 02:34:32,37153,16306,53.7
2026-06-10 02:34:34,37155,16307,36.3
2026-06-10 02:34:36,37157,16308,24.5
2026-06-10 02:34:38,37159,16309,24.9
2026-06-10 02:34:40,37161,16310,45.3
2026-06-10 02:34:42,37163,16311,63.5
2026-06-10 02:34:44,37165,16312,47.3
2026-06-10 02:34:46,37167,16313,48.9
2026-06-10 02:34:48,37169,16314,858
2026-06-10 02:34:50,37171,16315,45.3
2026-06-10 02:34:52,37173,16316,21.1
2026-06-10 02:34:54,37175,16317,48.0
2026-06-10 02:34:56,37177,16318,33.5
2026-06-10 02:34:58,37179,16319,27.0
2026-06-10 02:35:01,37182,16320,34.7
2026-06-10 02:35:03,37184,16321,35.0
2026-06-10 02:35:05,37186,16322,39.0
2026-06-10 02:35:07,37188,16323,31.0
2026-06-10 02:35:09,37190,16324,47.6
2026-06-10 02:35:11,37192,16325,28.3
2026-06-10 02:35:13,37194,16326,60.5
2026-06-10 02:35:15,37196,16327,58.3
2026-06-10 02:35:17,37198,16328,41.5
2026-06-10 02:35:19,37200,16329,54.1
2026-06-10 02:35:21,37202,16330,92.4
2026-06-10 02:35:23,37204,16331,31.1
2026-06-10 02:35:25,37206,16332,37.9
2026-06-10 02:35:27,37208,16333,33.9
2026-06-10 02:35:29,37210,16334,34.2
2026-06-10 02:35:31,37212,16335,55.6
2026-06-10 02:35:33,37214,16336,78.6
2026-06-10 02:35:36,37217,16337,24.3
2026-06-10 02:35:38,37219,16338,36.7
2026-06-10 02:35:40,37221,16339,28.8
2026-06-10 02:35:42,37223,16340,26.7
2026-06-10 02:35:44,37225,16341,29.3
2026-06-10 02:35:46,37227,16342,37.9
2026-06-10 02:35:48,37229,16343,53.4
2026-06-10 02:35:50,37231,16344,57.5
2026-06-10 02:35:52,37233,16345,60.3
2026-06-10 02:35:54,37235,16346,42.4
2026-06-10 02:35:56,37237,16347,31.7
2026-06-10 02:35:58,37239,16348,186
2026-06-10 02:36:01,37242,16349,194
2026-06-10 02:36:03,37244,16350,212
2026-06-10 02:36:06,37247,16351,151
2026-06-10 02:36:08,37249,16352,167
2026-06-10 02:36:11,37252,16353,69.8
2026-06-10 02:36:13,37254,16354,34.7
2026-06-10 02:36:15,37256,16355,30.5
2026-06-10 02:36:17,37258,16356,33.6
2026-06-10 02:36:19,37260,16357,35.1
2026-06-10 02:36:21,37262,16358,31.0
2026-06-10 02:36:23,37264,16359,42.5
2026-06-10 02:36:25,37266,16360,27.3
2026-06-10 02:36:27,37268,16361,18.9
2026-06-10 02:36:29,37270,16362,30.6
2026-06-10 02:36:31,37272,16363,33.5
2026-06-10 02:36:33,37274,16364,24.2
2026-06-10 02:36:35,37276,16365,25.2
2026-06-10 02:36:37,37278,16366,36.1
2026-06-10 02:36:39,37280,16367,86.6
2026-06-10 02:36:42,37283,16368,20.0
2026-06-10 02:36:44,37285,16369,37.1
2026-06-10 02:36:46,37287,16370,72.5
2026-06-10 02:36:48,37289,16371,110
2026-06-10 02:36:50,37291,16372,24.6
2026-06-10 02:36:52,37293,16373,36.8
2026-06-10 02:36:54,37295,16374,47.0
2026-06-10 02:36:56,37297,16375,166
2026-06-10 02:36:58,37299,16376,26.4
2026-06-10 02:37:00,37301,16377,38.2
2026-06-10 02:37:02,37303,16378,31.5
2026-06-10 02:37:04,37305,16379,30.6
2026-06-10 02:37:06,37307,16380,48.2
2026-06-10 02:37:08,37309,16381,45.4
2026-06-10 02:37:10,37311,16382,35.2
2026-06-10 02:37:12,37313,16383,42.6
2026-06-10 02:37:14,37315,16384,19.0
2026-06-10 02:37:17,37318,16385,40.4
2026-06-10 02:37:19,37320,16386,43.6
2026-06-10 02:37:21,37322,16387,36.7
2026-06-10 02:37:23,37324,16388,22.6
2026-06-10 02:37:25,37326,16389,37.1
2026-06-10 02:37:27,37328,16390,47.0
2026-06-10 02:37:29,37330,16391,34.7
2026-06-10 02:37:31,37332,16392,39.0
2026-06-10 02:37:33,37334,16393,24.2
2026-06-10 02:37:35,37336,16394,173
2026-06-10 02:37:37,37338,16395,24.0
2026-06-10 02:37:39,37340,16396,33.5
2026-06-10 02:37:41,37342,16397,38.1
2026-06-10 02:37:43,37344,16398,49.7
2026-06-10 02:37:45,37346,16399,34.9
2026-06-10 02:37:48,37349,16400,54.6
2026-06-10 02:37:50,37351,16401,42.9
2026-06-10 02:37:52,37353,16402,40.7
2026-06-10 02:37:54,37355,16403,43.7
2026-06-10 02:37:56,37357,16404,32.5
2026-06-10 02:37:58,37359,16405,43.3
2026-06-10 02:38:00,37361,16406,35.8
2026-06-10 02:38:02,37363,16407,33.7
2026-06-10 02:38:04,37365,16408,28.9
2026-06-10 02:38:06,37367,16409,56.9
2026-06-10 02:38:08,37369,16410,27.1
2026-06-10 02:38:11,37372,16411,51.2
2026-06-10 02:38:13,37374,16412,48.2
2026-06-10 02:38:15,37376,16413,37.1
2026-06-10 02:38:17,37378,16414,131
2026-06-10 02:38:19,37380,16415,139
2026-06-10 02:38:22,37383,16416,109
2026-06-10 02:38:24,37385,16417,37.1
2026-06-10 02:38:26,37387,16418,33.4
2026-06-10 02:38:28,37389,16419,202
2026-06-10 02:38:31,37392,16420,180
2026-06-10 02:38:33,37394,16421,180
2026-06-10 02:38:36,37397,16422,161
2026-06-10 02:38:38,37399,16423,106
2026-06-10 02:38:41,37402,16424,22.5
2026-06-10 02:38:43,37404,16425,41.2
2026-06-10 02:38:45,37406,16426,32.0
2026-06-10 02:38:47,37408,16427,38.1
2026-06-10 02:38:49,37410,16428,33.9
2026-06-10 02:38:51,37412,16429,26.9
2026-06-10 02:38:53,37414,16430,28.9
2026-06-10 02:38:55,37416,16431,21.4
2026-06-10 02:38:57,37418,16432,22.5
2026-06-10 02:38:59,37420,16433,35.4
2026-06-10 02:39:01,37422,16434,60.8
2026-06-10 02:39:03,37424,16435,29.5
2026-06-10 02:39:05,37426,16436,30.4
2026-06-10 02:39:07,37428,16437,184
2026-06-10 02:39:09,37430,16438,153
2026-06-10 02:39:11,37432,16439,26.3
2026-06-10 02:39:14,37435,16440,169
2026-06-10 02:39:16,37437,16441,105
2026-06-10 02:39:18,37439,16442,30.3
2026-06-10 02:39:20,37441,16443,40.4
2026-06-10 02:39:22,37443,16444,63.8
2026-06-10 02:39:24,37445,16445,36.7
2026-06-10 02:39:26,37447,16446,38.7
2026-06-10 02:39:28,37449,16447,63.2
2026-06-10 02:39:30,37451,16448,141
2026-06-10 02:39:32,37453,16449,55.4
2026-06-10 02:39:35,37456,16450,34.7
2026-06-10 02:39:37,37458,16451,41.6
2026-06-10 02:39:39,37460,16452,34.3
2026-06-10 02:39:41,37462,16453,31.3
2026-06-10 02:39:43,37464,16454,32.4
2026-06-10 02:39:45,37466,16455,27.8
2026-06-10 02:39:47,37468,16456,30.4
2026-06-10 02:39:49,37470,16457,263
2026-06-10 02:39:51,37472,16458,102
2026-06-10 02:39:53,37474,16459,140
2026-06-10 02:39:55,37476,16460,48.6
2026-06-10 02:39:57,37478,16461,317
2026-06-10 02:39:59,37480,16462,29.9
2026-06-10 02:40:01,37482,16463,105
2026-06-10 02:40:04,37485,16464,111
2026-06-10 02:40:06,37487,16465,17.9
2026-06-10 02:40:08,37489,16466,218
2026-06-10 02:40:10,37491,16467,47.8
2026-06-10 02:40:12,37493,16468,41.7
2026-06-10 02:40:14,37495,16469,42.4
2026-06-10 02:40:16,37497,16470,37.1
2026-06-10 02:40:18,37499,16471,41.2
2026-06-10 02:40:20,37501,16472,18.5
2026-06-10 02:40:22,37503,16473,27.6
2026-06-10 02:40:24,37505,16474,30.2
2026-06-10 02:40:26,37507,16475,48.8
2026-06-10 02:40:29,37510,16476,153
2026-06-10 02:40:31,37512,16477,148
2026-06-10 02:40:33,37514,16478,132
2026-06-10 02:40:35,37516,16479,21.9
2026-06-10 02:40:37,37518,16480,62.8
2026-06-10 02:40:39,37520,16481,188
2026-06-10 02:40:42,37523,16482,223
2026-06-10 02:40:44,37525,16483,121
2026-06-10 02:40:47,37528,16484,184
2026-06-10 02:40:49,37530,16485,141
2026-06-10 02:40:51,37532,16486,24.8
2026-06-10 02:40:54,37535,16487,26.4
2026-06-10 02:40:56,37537,16488,28.9
2026-06-10 02:40:58,37539,16489,30.1
2026-06-10 02:41:00,37541,16490,30.1
2026-06-10 02:41:02,37543,16491,37.1
2026-06-10 02:41:04,37545,16492,28.2
2026-06-10 02:41:06,37547,16493,28.1
2026-06-10 02:41:08,37549,16494,25.7
2026-06-10 02:41:10,37551,16495,39.8
2026-06-10 02:41:12,37553,16496,144
2026-06-10 02:41:14,37555,16497,33.4
2026-06-10 02:41:16,37557,16498,32.1
2026-06-10 02:41:18,37559,16499,28.8
2026-06-10 02:41:20,37561,16500,40.3
2026-06-10 02:41:22,37563,16501,28.0
2026-06-10 02:41:24,37565,16502,9.29
2026-06-10 02:41:26,37567,16503,288
2026-06-10 02:41:28,37569,16504,195
2026-06-10 02:41:30,37571,16505,20.0
2026-06-10 02:41:33,37574,16506,171
2026-06-10 02:41:35,37576,16507,31.7
2026-06-10 02:41:37,37578,16508,32.3
2026-06-10 02:41:39,37580,16509,86.7
2026-06-10 02:41:41,37582,16510,213
2026-06-10 02:41:43,37584,16511,48.9
2026-06-10 02:41:46,37587,16512,39.3
2026-06-10 02:41:47,37588,16513,37.0
2026-06-10 02:41:49,37590,16514,65.2
2026-06-10 02:41:52,37593,16515,18.5
2026-06-10 02:41:54,37595,16516,32.1
2026-06-10 02:41:56,37597,16517,36.9
2026-06-10 02:41:58,37599,16518,30.2
2026-06-10 02:42:00,37601,16519,30.8
2026-06-10 02:42:02,37603,16520,39.7
2026-06-10 02:42:04,37605,16521,29.7
2026-06-10 02:42:06,37607,16522,25.5
2026-06-10 02:42:09,37610,16523,43.8
2026-06-10 02:42:11,37612,16524,29.1
2026-06-10 02:42:13,37614,16525,36.0
2026-06-10 02:42:15,37616,16526,25.6
2026-06-10 02:42:17,37618,16527,43.9
2026-06-10 02:42:19,37620,16528,34.2
2026-06-10 02:42:21,37622,16529,39.0
2026-06-10 02:42:23,37624,16530,36.3
2026-06-10 02:42:25,37626,16531,34.1
2026-06-10 02:42:27,37628,16532,27.4
2026-06-10 02:42:29,37630,16533,29.3
2026-06-10 02:42:31,37632,16534,39.2
2026-06-10 02:42:33,37634,16535,183
2026-06-10 02:42:35,37636,16536,110
2026-06-10 02:42:38,37639,16537,236
2026-06-10 02:42:40,37641,16538,55.0
2026-06-10 02:42:42,37643,16539,26.5
2026-06-10 02:42:44,37645,16540,33.5
2026-06-10 02:42:46,37647,16541,62.4
2026-06-10 02:42:48,37649,16542,31.7
2026-06-10 02:42:50,37651,16543,34.9
2026-06-10 02:42:52,37653,16544,41.6
2026-06-10 02:42:54,37655,16545,116
2026-06-10 02:42:57,37658,16546,33.2
2026-06-10 02:42:59,37660,16547,49.7
2026-06-10 02:43:01,37662,16548,27.8
2026-06-10 02:43:03,37664,16549,155
2026-06-10 02:43:05,37666,16550,40.8
2026-06-10 02:43:07,37668,16551,41.9
2026-06-10 02:43:09,37670,16552,45.7
2026-06-10 02:43:11,37672,16553,50.3
2026-06-10 02:43:13,37674,16554,116
2026-06-10 02:43:15,37676,16555,150
2026-06-10 02:43:17,37678,16556,92.2
2026-06-10 02:43:19,37680,16557,124
2026-06-10 02:43:22,37683,16558,9.91
2026-06-10 02:43:24,37685,16559,106
2026-06-10 02:43:26,37687,16560,152
2026-06-10 02:43:28,37689,16561,172
2026-06-10 02:43:31,37692,16562,175
2026-06-10 02:43:33,37694,16563,159
2026-06-10 02:43:36,37697,16564,131
2026-06-10 02:43:38,37699,16565,23.4
2026-06-10 02:43:40,37701,16566,31.4
2026-06-10 02:43:42,37703,16567,94.6
2026-06-10 02:43:44,37705,16568,30.4
2026-06-10 02:43:46,37707,16569,36.8
2026-06-10 02:43:48,37709,16570,30.1
2026-06-10 02:43:50,37711,16571,29.5
2026-06-10 02:43:52,37713,16572,28.9
2026-06-10 02:43:54,37715,16573,24.8
2026-06-10 02:43:56,37717,16574,51.1
2026-06-10 02:43:58,37719,16575,45.4
2026-06-10 02:44:00,37721,16576,47.3
2026-06-10 02:44:02,37723,16577,31.8
2026-06-10 02:44:05,37726,16578,35.3
2026-06-10 02:44:07,37728,16579,480
2026-06-10 02:44:09,37730,16580,86.4
2026-06-10 02:44:11,37732,16581,25.3
2026-06-10 02:44:13,37734,16582,23.0
2026-06-10 02:44:15,37736,16583,26.6
2026-06-10 02:44:17,37738,16584,50.3
2026-06-10 02:44:20,37741,16585,24.0
2026-06-10 02:44:22,37743,16586,40.2
2026-06-10 02:44:24,37745,16587,29.7
2026-06-10 02:44:26,37747,16588,86.6
2026-06-10 02:44:28,37749,16589,81.6
2026-06-10 02:44:30,37751,16590,31.6
2026-06-10 02:44:32,37753,16591,182
2026-06-10 02:44:34,37755,16592,44.4
2026-06-10 02:44:36,37757,16593,232
2026-06-10 02:44:38,37759,16594,257
2026-06-10 02:44:40,37761,16595,195
2026-06-10 02:44:42,37763,16596,25.1
2026-06-10 02:44:44,37765,16597,27.8
2026-06-10 02:44:46,37767,16598,30.7
2026-06-10 02:44:48,37769,16599,30.1
2026-06-10 02:44:50,37771,16600,36.1
2026-06-10 02:44:53,37774,16601,31.9
2026-06-10 02:44:55,37776,16602,14.4
2026-06-10 02:44:57,37778,16603,60.1
2026-06-10 02:44:59,37780,16604,49.4
2026-06-10 02:45:01,37782,16605,165
2026-06-10 02:45:03,37784,16606,47.6
2026-06-10 02:45:05,37786,16607,55.8
2026-06-10 02:45:07,37788,16608,192
2026-06-10 02:45:10,37791,16609,186
2026-06-10 02:45:12,37793,16610,142
2026-06-10 02:45:15,37796,16611,145
2026-06-10 02:45:17,37798,16612,141
2026-06-10 02:45:20,37801,16613,29.6
2026-06-10 02:45:22,37803,16614,27.0
2026-06-10 02:45:24,37805,16615,46.3
2026-06-10 02:45:26,37807,16616,26.0
2026-06-10 02:45:28,37809,16617,29.5
2026-06-10 02:45:30,37811,16618,34.0
2026-06-10 02:45:32,37813,16619,37.8
2026-06-10 02:45:34,37815,16620,28.2
2026-06-10 02:45:36,37817,16621,27.7
2026-06-10 02:45:38,37819,16622,26.5
2026-06-10 02:45:40,37821,16623,23.8
2026-06-10 02:45:42,37823,16624,27.1
2026-06-10 02:45:44,37825,16625,63.1
2026-06-10 02:45:46,37827,16626,50.6
2026-06-10 02:45:48,37829,16627,18.4
2026-06-10 02:45:50,37831,16628,137
2026-06-10 02:45:53,37834,16629,28.0
2026-06-10 02:45:55,37836,16630,36.4
2026-06-10 02:45:57,37838,16631,99.4
2026-06-10 02:45:59,37840,16632,24.4
2026-06-10 02:46:01,37842,16633,105
2026-06-10 02:46:03,37844,16634,34.4
2026-06-10 02:46:05,37846,16635,187
2026-06-10 02:46:07,37848,16636,18.6
2026-06-10 02:46:09,37850,16637,34.0
2026-06-10 02:46:12,37853,16638,42.0
2026-06-10 02:46:14,37855,16639,26.7
2026-06-10 02:46:16,37857,16640,33.4
2026-06-10 02:46:18,37859,16641,29.3
2026-06-10 02:46:20,37861,16642,93.4
2026-06-10 02:46:22,37863,16643,83.4
2026-06-10 02:46:24,37865,16644,27.7
2026-06-10 02:46:26,37867,16645,16.7
2026-06-10 02:46:28,37869,16646,45.4
2026-06-10 02:46:31,37872,16647,96.1
2026-06-10 02:46:33,37874,16648,40.6
2026-06-10 02:46:35,37876,16649,126
2026-06-10 02:46:37,37878,16650,32.8
2026-06-10 02:46:39,37880,16651,67.5
2026-06-10 02:46:41,37882,16652,47.7
2026-06-10 02:46:43,37884,16653,40.3
2026-06-10 02:46:45,37886,16654,57.7
2026-06-10 02:46:47,37888,16655,41.1
2026-06-10 02:46:49,37890,16656,35.3
2026-06-10 02:46:52,37893,16657,36.7
2026-06-10 02:46:54,37895,16658,24.0
2026-06-10 02:46:56,37897,16659,46.9
2026-06-10 02:46:58,37899,16660,38.9
2026-06-10 02:47:00,37901,16661,24.4
2026-06-10 02:47:02,37903,16662,46.4
2026-06-10 02:47:04,37905,16663,29.0
2026-06-10 02:47:07,37908,16664,61.7
2026-06-10 02:47:09,37910,16665,121
2026-06-10 02:47:11,37912,16666,187
2026-06-10 02:47:14,37915,16667,792
2026-06-10 02:47:16,37917,16668,159
2026-06-10 02:47:19,37920,16669,218
2026-06-10 02:47:21,37922,16670,53.6
2026-06-10 02:47:23,37924,16671,65.8
2026-06-10 02:47:25,37926,16672,47.0
2026-06-10 02:47:27,37928,16673,34.6
2026-06-10 02:47:29,37930,16674,19.2
2026-06-10 02:47:31,37932,16675,24.4
2026-06-10 02:47:33,37934,16676,47.9
2026-06-10 02:47:36,37937,16677,14.4
2026-06-10 02:47:38,37939,16678,15.8
2026-06-10 02:47:40,37941,16679,34.4
2026-06-10 02:47:42,37943,16680,30.9
2026-06-10 02:47:44,37945,16681,39.6
2026-06-10 02:47:46,37947,16682,30.2
2026-06-10 02:47:48,37949,16683,21.8
2026-06-10 02:47:50,37951,16684,35.2
2026-06-10 02:47:52,37953,16685,22.3
2026-06-10 02:47:54,37955,16686,33.8
2026-06-10 02:47:56,37957,16687,38.3
2026-06-10 02:47:58,37959,16688,77.3
2026-06-10 02:48:00,37961,16689,33.9
2026-06-10 02:48:02,37963,16690,26.2
2026-06-10 02:48:04,37965,16691,22.9
2026-06-10 02:48:06,37967,16692,34.8
2026-06-10 02:48:08,37969,16693,31.9
2026-06-10 02:48:10,37971,16694,90.2
2026-06-10 02:48:13,37974,16695,37.0
2026-06-10 02:48:15,37976,16696,25.7
2026-06-10 02:48:17,37978,16697,101
2026-06-10 02:48:19,37980,16698,304
2026-06-10 02:48:21,37982,16699,43.1
2026-06-10 02:48:23,37984,16700,47.0
2026-06-10 02:48:25,37986,16701,31.3
2026-06-10 02:48:27,37988,16702,20.9
2026-06-10 02:48:29,37990,16703,31.5
2026-06-10 02:48:31,37992,16704,41.6
2026-06-10 02:48:34,37995,16705,33.7
2026-06-10 02:48:36,37997,16706,39.5
2026-06-10 02:48:38,37999,16707,50.4
2026-06-10 02:48:40,38001,16708,40.3
2026-06-10 02:48:42,38003,16709,28.4
2026-06-10 02:48:44,38005,16710,32.6
2026-06-10 02:48:46,38007,16711,39.9
2026-06-10 02:48:48,38009,16712,75.2
2026-06-10 02:48:50,38011,16713,129
2026-06-10 02:48:52,38013,16714,34.1
2026-06-10 02:48:54,38015,16715,48.3
2026-06-10 02:48:56,38017,16716,131
2026-06-10 02:48:59,38020,16717,140
2026-06-10 02:49:01,38022,16718,34.6
2026-06-10 02:49:03,38024,16719,331
2026-06-10 02:49:05,38026,16720,260
2026-06-10 02:49:07,38028,16721,37.1
2026-06-10 02:49:09,38030,16722,56.8
2026-06-10 02:49:11,38032,16723,46.1
2026-06-10 02:49:13,38034,16724,42.0
2026-06-10 02:49:15,38036,16725,33.6
2026-06-10 02:49:17,38038,16726,32.7
2026-06-10 02:49:19,38040,16727,42.9
2026-06-10 02:49:21,38042,16728,64.2
2026-06-10 02:49:23,38044,16729,57.7
2026-06-10 02:49:25,38046,16730,59.4
2026-06-10 02:49:27,38048,16731,63.4
2026-06-10 02:49:29,38050,16732,36.7
2026-06-10 02:49:31,38052,16733,36.1
2026-06-10 02:49:33,38054,16734,61.3
2026-06-10 02:49:36,38057,16735,37.2
2026-06-10 02:49:38,38059,16736,37.8
2026-06-10 02:49:40,38061,16737,42.3
2026-06-10 02:49:42,38063,16738,49.2
2026-06-10 02:49:44,38065,16739,42.3
2026-06-10 02:49:46,38067,16740,36.8
2026-06-10 02:49:47,38068,16741,541
2026-06-10 02:49:50,38071,16742,534
2026-06-10 02:49:52,38073,16743,629
2026-06-10 02:49:55,38076,16744,562
2026-06-10 02:49:57,38078,16745,498
2026-06-10 02:49:59,38080,16746,459
2026-06-10 02:50:02,38083,16747,494
2026-06-10 02:50:04,38085,16748,484
2026-06-10 02:50:07,38088,16749,563
2026-06-10 02:50:09,38090,16750,620
2026-06-10 02:50:12,38093,16751,521
2026-06-10 02:50:14,38095,16752,34.4
2026-06-10 02:50:16,38097,16753,51.6
2026-06-10 02:50:18,38099,16754,42.6
2026-06-10 02:50:20,38101,16755,37.3
2026-06-10 02:50:22,38103,16756,28.8
2026-06-10 02:50:24,38105,16757,42.2
2026-06-10 02:50:26,38107,16758,73.5
2026-06-10 02:50:28,38109,16759,53.6
2026-06-10 02:50:30,38111,16760,33.4
2026-06-10 02:50:32,38113,16761,50.7
2026-06-10 02:50:34,38115,16762,38.2
2026-06-10 02:50:36,38117,16763,33.5
2026-06-10 02:50:38,38119,16764,31.6
2026-06-10 02:50:40,38121,16765,38.5
2026-06-10 02:50:42,38123,16766,190
2026-06-10 02:50:44,38125,16767,215
2026-06-10 02:50:47,38128,16768,117
2026-06-10 02:50:49,38130,16769,23.3
2026-06-10 02:50:51,38132,16770,32.3
2026-06-10 02:50:53,38134,16771,22.5
2026-06-10 02:50:56,38137,16772,47.2
2026-06-10 02:50:58,38139,16773,50.4
2026-06-10 02:51:00,38141,16774,84.5
2026-06-10 02:51:02,38143,16775,47.7
2026-06-10 02:51:04,38145,16776,31.5
2026-06-10 02:51:06,38147,16777,106
2026-06-10 02:51:08,38149,16778,50.8
2026-06-10 02:51:10,38151,16779,27.0
2026-06-10 02:51:12,38153,16780,115
2026-06-10 02:51:14,38155,16781,47.6
2026-06-10 02:51:16,38157,16782,32.5
2026-06-10 02:51:18,38159,16783,43.0
2026-06-10 02:51:20,38161,16784,131
2026-06-10 02:51:22,38163,16785,31.0
2026-06-10 02:51:24,38165,16786,38.4
2026-06-10 02:51:26,38167,16787,62.4
2026-06-10 02:51:28,38169,16788,34.8
2026-06-10 02:51:30,38171,16789,57.2
2026-06-10 02:51:32,38173,16790,36.5
2026-06-10 02:51:34,38175,16791,18.1
2026-06-10 02:51:37,38178,16792,39.0
2026-06-10 02:51:39,38180,16793,75.9
2026-06-10 02:51:41,38182,16794,13.5
2026-06-10 02:51:43,38184,16795,38.7
2026-06-10 02:51:45,38186,16796,47.2
2026-06-10 02:51:47,38188,16797,48.4
2026-06-10 02:51:49,38190,16798,31.7
2026-06-10 02:51:51,38192,16799,29.8
2026-06-10 02:51:53,38194,16800,58.0
2026-06-10 02:51:55,38196,16801,25.5
2026-06-10 02:51:57,38198,16802,295
2026-06-10 02:51:59,38200,16803,37.7
2026-06-10 02:52:01,38202,16804,193
2026-06-10 02:52:03,38204,16805,228
2026-06-10 02:52:06,38207,16806,79.4
2026-06-10 02:52:08,38209,16807,31.7
2026-06-10 02:52:10,38211,16808,32.4
2026-06-10 02:52:12,38213,16809,233
2026-06-10 02:52:15,38216,16810,311
2026-06-10 02:52:17,38218,16811,34.7
2026-06-10 02:52:19,38220,16812,27.6
2026-06-10 02:52:21,38222,16813,60.5
2026-06-10 02:52:23,38224,16814,136
2026-06-10 02:52:25,38226,16815,620
2026-06-10 02:52:28,38229,16816,219
2026-06-10 02:52:30,38231,16817,35.3
2026-06-10 02:52:32,38233,16818,275
2026-06-10 02:52:34,38235,16819,47.7
2026-06-10 02:52:36,38237,16820,32.9
2026-06-10 02:52:38,38239,16821,194
2026-06-10 02:52:41,38242,16822,20.6
2026-06-10 02:52:43,38244,16823,142
2026-06-10 02:52:45,38246,16824,52.4
2026-06-10 02:52:47,38248,16825,52.6
2026-06-10 02:52:49,38250,16826,158
2026-06-10 02:52:51,38252,16827,141
2026-06-10 02:52:54,38255,16828,160
2026-06-10 02:52:56,38257,16829,27.4
2026-06-10 02:52:58,38259,16830,26.6
2026-06-10 02:53:00,38261,16831,270
2026-06-10 02:53:03,38264,16832,120
2026-06-10 02:53:05,38266,16833,167
2026-06-10 02:53:07,38268,16834,209
2026-06-10 02:53:09,38270,16835,198
2026-06-10 02:53:11,38272,16836,37.9
2026-06-10 02:53:14,38275,16837,171
2026-06-10 02:53:16,38277,16838,27.8
2026-06-10 02:53:18,38279,16839,30.0
2026-06-10 02:53:20,38281,16840,179
2026-06-10 02:53:22,38283,16841,53.0
2026-06-10 02:53:24,38285,16842,106
2026-06-10 02:53:27,38288,16843,55.4
2026-06-10 02:53:29,38290,16844,54.2
2026-06-10 02:53:31,38292,16845,30.7
2026-06-10 02:53:33,38294,16846,90.2
2026-06-10 02:53:35,38296,16847,198
2026-06-10 02:53:38,38299,16848,40.0
2026-06-10 02:53:40,38301,16849,36.0
2026-06-10 02:53:42,38303,16850,74.2
2026-06-10 02:53:44,38305,16851,235
2026-06-10 02:53:46,38307,16852,296
2026-06-10 02:53:48,38309,16853,31.8
2026-06-10 02:53:50,38311,16854,940
2026-06-10 02:53:53,38314,16855,267
2026-06-10 02:53:55,38316,16856,33.2
2026-06-10 02:53:57,38318,16857,34.2
2026-06-10 02:53:59,38320,16858,59.2
2026-06-10 02:54:01,38322,16859,53.9
2026-06-10 02:54:03,38324,16860,43.4
2026-06-10 02:54:05,38326,16861,29.0
2026-06-10 02:54:07,38328,16862,40.9
2026-06-10 02:54:10,38331,16863,46.8
2026-06-10 02:54:12,38333,16864,177
2026-06-10 02:54:14,38335,16865,87.8
2026-06-10 02:54:16,38337,16866,87.3
2026-06-10 02:54:18,38339,16867,308
2026-06-10 02:54:21,38342,16868,230
2026-06-10 02:54:23,38344,16869,40.7
2026-06-10 02:54:25,38346,16870,118
2026-06-10 02:54:27,38348,16871,81.7
2026-06-10 02:54:29,38350,16872,58.9
2026-06-10 02:54:31,38352,16873,127
2026-06-10 02:54:33,38354,16874,34.4
2026-06-10 02:54:36,38357,16875,184
2026-06-10 02:54:38,38359,16876,32.9
2026-06-10 02:54:40,38361,16877,23.0
2026-06-10 02:54:42,38363,16878,30.1
2026-06-10 02:54:44,38365,16879,412
2026-06-10 02:54:47,38368,16880,39.6
2026-06-10 02:54:49,38370,16881,95.5
2026-06-10 02:54:51,38372,16882,122
2026-06-10 02:54:53,38374,16883,158
2026-06-10 02:54:55,38376,16884,90.9
2026-06-10 02:54:57,38378,16885,71.6
2026-06-10 02:54:59,38380,16886,129
2026-06-10 02:55:02,38383,16887,238
2026-06-10 02:55:04,38385,16888,307
2026-06-10 02:55:07,38388,16889,81.9
2026-06-10 02:55:09,38390,16890,31.1
2026-06-10 02:55:11,38392,16891,138
2026-06-10 02:55:13,38394,16892,48.5
2026-06-10 02:55:15,38396,16893,84.1
2026-06-10 02:55:18,38399,16894,22.7
2026-06-10 02:55:20,38401,16895,33.9
2026-06-10 02:55:22,38403,16896,79.1
2026-06-10 02:55:24,38405,16897,97.6
2026-06-10 02:55:26,38407,16898,79.0
2026-06-10 02:55:28,38409,16899,26.8
2026-06-10 02:55:30,38411,16900,23.1
2026-06-10 02:55:32,38413,16901,76.9
2026-06-10 02:55:34,38415,16902,36.7
2026-06-10 02:55:36,38417,16903,29.3
2026-06-10 02:55:38,38419,16904,32.4
2026-06-10 02:55:40,38421,16905,37.9
2026-06-10 02:55:42,38423,16906,44.7
2026-06-10 02:55:44,38425,16907,51.1
2026-06-10 02:55:46,38427,16908,36.6
2026-06-10 02:55:48,38429,16909,35.3
2026-06-10 02:55:50,38431,16910,57.6
2026-06-10 02:55:52,38433,16911,49.2
2026-06-10 02:55:54,38435,16912,32.1
2026-06-10 02:55:57,38438,16913,125
2026-06-10 02:55:59,38440,16914,46.1
2026-06-10 02:56:01,38442,16915,142
2026-06-10 02:56:03,38444,16916,78.9
2026-06-10 02:56:05,38446,16917,132
2026-06-10 02:56:07,38448,16918,163
2026-06-10 02:56:09,38450,16919,210
2026-06-10 02:56:12,38453,16920,25.4
2026-06-10 02:56:14,38455,16921,37.6
2026-06-10 02:56:16,38457,16922,33.7
2026-06-10 02:56:18,38459,16923,24.7
2026-06-10 02:56:20,38461,16924,57.0
2026-06-10 02:56:22,38463,16925,34.1
2026-06-10 02:56:25,38466,16926,85.3
2026-06-10 02:56:27,38468,16927,42.0
2026-06-10 02:56:29,38470,16928,50.0
2026-06-10 02:56:31,38472,16929,116
2026-06-10 02:56:33,38474,16930,95.9
2026-06-10 02:56:35,38476,16931,50.0
2026-06-10 02:56:37,38478,16932,61.6
2026-06-10 02:56:39,38480,16933,124
2026-06-10 02:56:42,38483,16934,179
2026-06-10 02:56:44,38485,16935,25.8
2026-06-10 02:56:46,38487,16936,26.0
2026-06-10 02:56:48,38489,16937,27.0
2026-06-10 02:56:50,38491,16938,38.1
2026-06-10 02:56:52,38493,16939,32.9
2026-06-10 02:56:54,38495,16940,39.8
2026-06-10 02:56:56,38497,16941,37.2
2026-06-10 02:56:58,38499,16942,27.3
2026-06-10 02:57:00,38501,16943,30.5
2026-06-10 02:57:02,38503,16944,31.1
2026-06-10 02:57:04,38505,16945,35.4
2026-06-10 02:57:07,38508,16946,35.0
2026-06-10 02:57:09,38510,16947,43.6
2026-06-10 02:57:11,38512,16948,107
2026-06-10 02:57:12,38513,16949,105
2026-06-10 02:57:15,38516,16950,30.3
2026-06-10 02:57:17,38518,16951,134
2026-06-10 02:57:19,38520,16952,38.0
2026-06-10 02:57:21,38522,16953,27.7
2026-06-10 02:57:23,38524,16954,61.7
2026-06-10 02:57:26,38527,16955,75.5
2026-06-10 02:57:28,38529,16956,47.4
2026-06-10 02:57:30,38531,16957,189
2026-06-10 02:57:32,38533,16958,66.1
2026-06-10 02:57:34,38535,16959,39.9
2026-06-10 02:57:36,38537,16960,41.5
2026-06-10 02:57:38,38539,16961,34.9
2026-06-10 02:57:40,38541,16962,24.5
2026-06-10 02:57:42,38543,16963,33.9
2026-06-10 02:57:44,38545,16964,27.4
2026-06-10 02:57:46,38547,16965,41.4
2026-06-10 02:57:48,38549,16966,45.6
2026-06-10 02:57:50,38551,16967,32.0
2026-06-10 02:57:52,38553,16968,29.7
2026-06-10 02:57:54,38555,16969,52.1
2026-06-10 02:57:56,38557,16970,36.7
2026-06-10 02:57:58,38559,16971,27.5
2026-06-10 02:58:00,38561,16972,34.0
2026-06-10 02:58:02,38563,16973,207
2026-06-10 02:58:05,38565,16974,172
2026-06-10 02:58:07,38568,16975,386
2026-06-10 02:58:09,38570,16976,47.2
2026-06-10 02:58:11,38572,16977,134
2026-06-10 02:58:13,38574,16978,154
2026-06-10 02:58:16,38577,16979,127
2026-06-10 02:58:18,38579,16980,186
2026-06-10 02:58:21,38582,16981,102
2026-06-10 02:58:23,38584,16982,31.4
2026-06-10 02:58:25,38586,16983,44.4
2026-06-10 02:58:27,38588,16984,50.0
2026-06-10 02:58:29,38590,16985,26.6
2026-06-10 02:58:31,38592,16986,20.5
2026-06-10 02:58:33,38594,16987,31.1
2026-06-10 02:58:35,38596,16988,41.1
2026-06-10 02:58:37,38598,16989,27.8
2026-06-10 02:58:40,38601,16990,24.7
2026-06-10 02:58:42,38603,16991,34.1
2026-06-10 02:58:44,38605,16992,28.9
2026-06-10 02:58:46,38607,16993,22.5
2026-06-10 02:58:48,38609,16994,34.7
2026-06-10 02:58:50,38611,16995,44.0
2026-06-10 02:58:52,38613,16996,125
2026-06-10 02:58:54,38615,16997,197
2026-06-10 02:58:56,38617,16998,57.8
2026-06-10 02:58:59,38620,16999,80.1
2026-06-10 02:59:01,38622,17000,37.9
2026-06-10 02:59:03,38624,17001,62.5
2026-06-10 02:59:05,38626,17002,128
2026-06-10 02:59:07,38628,17003,52.8
2026-06-10 02:59:10,38631,17004,40.7
2026-06-10 02:59:12,38633,17005,171
2026-06-10 02:59:14,38635,17006,158
2026-06-10 02:59:16,38637,17007,271
2026-06-10 02:59:18,38639,17008,34.7
2026-06-10 02:59:20,38641,17009,135
2026-06-10 02:59:23,38644,17010,136
2026-06-10 02:59:25,38646,17011,252
2026-06-10 02:59:27,38648,17012,40.2
2026-06-10 02:59:29,38650,17013,194
2026-06-10 02:59:31,38652,17014,37.0
2026-06-10 02:59:34,38655,17015,169
2026-06-10 02:59:36,38657,17016,33.0
2026-06-10 02:59:38,38659,17017,29.9
2026-06-10 02:59:40,38661,17018,34.5
2026-06-10 02:59:42,38663,17019,90.4
2026-06-10 02:59:44,38665,17020,29.7
2026-06-10 02:59:46,38667,17021,43.3
2026-06-10 02:59:48,38669,17022,41.1
2026-06-10 02:59:50,38671,17023,28.5
2026-06-10 02:59:52,38673,17024,39.8
2026-06-10 02:59:54,38675,17025,44.4
2026-06-10 02:59:56,38677,17026,26.4
2026-06-10 02:59:58,38679,17027,38.8
2026-06-10 03:00:00,38681,17028,26.4
2026-06-10 03:00:02,38683,17029,138
2026-06-10 03:00:04,38685,17030,27.6
2026-06-10 03:00:06,38687,17031,29.4
2026-06-10 03:00:08,38689,17032,41.2
2026-06-10 03:00:10,38691,17033,33.2
2026-06-10 03:00:12,38693,17034,35.6
2026-06-10 03:00:14,38695,17035,35.7
2026-06-10 03:00:16,38697,17036,38.8
2026-06-10 03:00:18,38699,17037,53.7
2026-06-10 03:00:20,38701,17038,47.2
2026-06-10 03:00:22,38703,17039,29.5
2026-06-10 03:00:24,38705,17040,27.8
2026-06-10 03:00:25,38706,17041,37.8
2026-06-10 03:00:27,38708,17042,24.8
2026-06-10 03:00:29,38710,17043,24.5
